Emplid,Admit Term Descrshort,Acad Prog.Acad Career,Exp Grad Term Descrshort,Completion Term Descrshort,Acad Prog,Acad Prog Descr,Acad Plan,Acad Plan Descr,Term,Term Descrshort,Stdnt Car Term.Acad Career,Crse ID,Subject,Catalog Nbr
00604051,FA 2023,GINF,WN 2025,WN 2025,02003,Information Mas,9445MSI,User Experience Design MSI,2460,FA 2023,GINF,017281,SI,588
00604051,FA 2023,GINF,WN 2025,WN 2025,02003,Information Mas,9445MSI,User Experience Design MSI,2460,FA 2023,GINF,042104,SI,501
00604051,FA 2023,GINF,WN 2025,WN 2025,02003,Information Mas,9445MSI,User Experience Design MSI,2460,FA 2023,GINF,044772,SI,582
00604051,FA 2023,GINF,WN 2025,WN 2025,02003,Information Mas,9445MSI,User Experience Design MSI,2460,FA 2023,GINF,047246,SI,506
00604051,FA 2023,GINF,WN 2025,WN 2025,02003,Information Mas,9445MSI,User Experience Design MSI,2460,FA 2023,GINF,048129,SI,505
00604051,FA 2023,GINF,WN 2025,WN 2025,02003,Information Mas,9445MSI,User Experience Design MSI,2470,WN 2024,GINF,020401,SI,622
00604051,FA 2023,GINF,WN 2025,WN 2025,02003,Information Mas,9445MSI,User Experience Design MSI,2470,WN 2024,GINF,021391,SI,511
00604051,FA 2023,GINF,WN 2025,WN 2025,02003,Information Mas,9445MSI,User Experience Design MSI,2470,WN 2024,GINF,021400,SI,520
00604051,FA 2023,GINF,WN 2025,WN 2025,02003,Information Mas,9445MSI,User Experience Design MSI,2470,WN 2024,GINF,039178,SI,539
00604051,FA 2023,GINF,WN 2025,WN 2025,02003,Information Mas,9445MSI,User Experience Design MSI,2470,WN 2024,GINF,040667,SI,681
00604051,FA 2023,GINF,WN 2025,WN 2025,02003,Information Mas,9445MSI,User Experience Design MSI,2510,FA 2024,GINF,021391,SI,511
00604051,FA 2023,GINF,WN 2025,WN 2025,02003,Information Mas,9445MSI,User Experience Design MSI,2510,FA 2024,GINF,043863,SI,612
00604051,FA 2023,GINF,WN 2025,WN 2025,02003,Information Mas,9445MSI,User Experience Design MSI,2510,FA 2024,GINF,045393,SI,552
00604051,FA 2023,GINF,WN 2025,WN 2025,02003,Information Mas,9445MSI,User Experience Design MSI,2510,FA 2024,GINF,045771,SI,684
00604051,FA 2023,GINF,WN 2025,WN 2025,02003,Information Mas,9445MSI,User Experience Design MSI,2520,WN 2025,GINF,047901,SI,699
00604051,FA 2023,GINF,WN 2025,WN 2025,02003,Information Mas,9445MSI,User Experience Design MSI,2520,WN 2025,GINF,051836,SI,611
00824476,FA 2023,GINF,WN 2025,WN 2025,02003,Information Mas,9445MSI,User Experience Design MSI,2460,FA 2023,GINF,017281,SI,588
00824476,FA 2023,GINF,WN 2025,WN 2025,02003,Information Mas,9445MSI,User Experience Design MSI,2460,FA 2023,GINF,039178,SI,539
00824476,FA 2023,GINF,WN 2025,WN 2025,02003,Information Mas,9445MSI,User Experience Design MSI,2460,FA 2023,GINF,042104,SI,501
00824476,FA 2023,GINF,WN 2025,WN 2025,02003,Information Mas,9445MSI,User Experience Design MSI,2460,FA 2023,GINF,047246,SI,506
00824476,FA 2023,GINF,WN 2025,WN 2025,02003,Information Mas,9445MSI,User Experience Design MSI,2470,WN 2024,GINF,020401,SI,622
00824476,FA 2023,GINF,WN 2025,WN 2025,02003,Information Mas,9445MSI,User Experience Design MSI,2470,WN 2024,GINF,021391,SI,511
00824476,FA 2023,GINF,WN 2025,WN 2025,02003,Information Mas,9445MSI,User Experience Design MSI,2470,WN 2024,GINF,022099,SI,658
00824476,FA 2023,GINF,WN 2025,WN 2025,02003,Information Mas,9445MSI,User Experience Design MSI,2470,WN 2024,GINF,039081,SI,529
00824476,FA 2023,GINF,WN 2025,WN 2025,02003,Information Mas,9445MSI,User Experience Design MSI,2470,WN 2024,GINF,044772,SI,582
00824476,FA 2023,GINF,WN 2025,WN 2025,02003,Information Mas,9445MSI,User Experience Design MSI,2470,WN 2024,GINF,048488,SI,559
00824476,FA 2023,GINF,WN 2025,WN 2025,02003,Information Mas,9445MSI,User Experience Design MSI,2510,FA 2024,GINF,021391,SI,511
00824476,FA 2023,GINF,WN 2025,WN 2025,02003,Information Mas,9445MSI,User Experience Design MSI,2510,FA 2024,GINF,021400,SI,520
00824476,FA 2023,GINF,WN 2025,WN 2025,02003,Information Mas,9445MSI,User Experience Design MSI,2510,FA 2024,GINF,045393,SI,552
00824476,FA 2023,GINF,WN 2025,WN 2025,02003,Information Mas,9445MSI,User Experience Design MSI,2510,FA 2024,GINF,045687,SI,538
00824476,FA 2023,GINF,WN 2025,WN 2025,02003,Information Mas,9445MSI,User Experience Design MSI,2510,FA 2024,GINF,049601,SI,564
00824476,FA 2023,GINF,WN 2025,WN 2025,02003,Information Mas,9445MSI,User Experience Design MSI,2520,WN 2025,GINF,047901,SI,699
00824476,FA 2023,GINF,WN 2025,WN 2025,02003,Information Mas,9445MSI,User Experience Design MSI,2520,WN 2025,GINF,051454,SI,594
00926406,FA 2023,GINF,WN 2025,WN 2025,02003,Information Mas,9445MSI,User Experience Design MSI,2460,FA 2023,GINF,017281,SI,588
00926406,FA 2023,GINF,WN 2025,WN 2025,02003,Information Mas,9445MSI,User Experience Design MSI,2460,FA 2023,GINF,042104,SI,501
00926406,FA 2023,GINF,WN 2025,WN 2025,02003,Information Mas,9445MSI,User Experience Design MSI,2460,FA 2023,GINF,044772,SI,582
00926406,FA 2023,GINF,WN 2025,WN 2025,02003,Information Mas,9445MSI,User Experience Design MSI,2460,FA 2023,GINF,047246,SI,506
00926406,FA 2023,GINF,WN 2025,WN 2025,02003,Information Mas,9445MSI,User Experience Design MSI,2460,FA 2023,GINF,048129,SI,505
00926406,FA 2023,GINF,WN 2025,WN 2025,02003,Information Mas,9445MSI,User Experience Design MSI,2470,WN 2024,GINF,020401,SI,622
00926406,FA 2023,GINF,WN 2025,WN 2025,02003,Information Mas,9445MSI,User Experience Design MSI,2470,WN 2024,GINF,021400,SI,520
00926406,FA 2023,GINF,WN 2025,WN 2025,02003,Information Mas,9445MSI,User Experience Design MSI,2470,WN 2024,GINF,022099,SI,658
00926406,FA 2023,GINF,WN 2025,WN 2025,02003,Information Mas,9445MSI,User Experience Design MSI,2470,WN 2024,GINF,039178,SI,539
00926406,FA 2023,GINF,WN 2025,WN 2025,02003,Information Mas,9445MSI,User Experience Design MSI,2510,FA 2024,GINF,041855,SI,631
00926406,FA 2023,GINF,WN 2025,WN 2025,02003,Information Mas,9445MSI,User Experience Design MSI,2510,FA 2024,GINF,045393,SI,552
00926406,FA 2023,GINF,WN 2025,WN 2025,02003,Information Mas,9445MSI,User Experience Design MSI,2510,FA 2024,GINF,045687,SI,538
00926406,FA 2023,GINF,WN 2025,WN 2025,02003,Information Mas,9445MSI,User Experience Design MSI,2510,FA 2024,GINF,045771,SI,684
00926406,FA 2023,GINF,WN 2025,WN 2025,02003,Information Mas,9445MSI,User Experience Design MSI,2510,FA 2024,GINF,048831,SI,547
00926406,FA 2023,GINF,WN 2025,WN 2025,02003,Information Mas,9445MSI,User Experience Design MSI,2520,WN 2025,GINF,047901,SI,699
00926406,FA 2023,GINF,WN 2025,WN 2025,02003,Information Mas,9445MSI,User Experience Design MSI,2520,WN 2025,GINF,048421,ENTR,560
00926406,FA 2023,GINF,WN 2025,WN 2025,02003,Information Mas,9445MSI,User Experience Design MSI,2520,WN 2025,GINF,049082,SI,682
00926406,FA 2023,GINF,WN 2025,WN 2025,02003,Information Mas,9445MSI,User Experience Design MSI,2520,WN 2025,GINF,051454,SI,594
00926406,FA 2023,GINF,WN 2025,WN 2025,02003,Information Mas,9445MSI,User Experience Design MSI,2520,WN 2025,GINF,051836,SI,611
01107152,FA 2023,GINF,WN 2025,WN 2025,02003,Information Mas,9445MSI,User Experience Design MSI,2460,FA 2023,GINF,017281,SI,588
01107152,FA 2023,GINF,WN 2025,WN 2025,02003,Information Mas,9445MSI,User Experience Design MSI,2460,FA 2023,GINF,042104,SI,501
01107152,FA 2023,GINF,WN 2025,WN 2025,02003,Information Mas,9445MSI,User Experience Design MSI,2460,FA 2023,GINF,044772,SI,582
01107152,FA 2023,GINF,WN 2025,WN 2025,02003,Information Mas,9445MSI,User Experience Design MSI,2460,FA 2023,GINF,047246,SI,506
01107152,FA 2023,GINF,WN 2025,WN 2025,02003,Information Mas,9445MSI,User Experience Design MSI,2460,FA 2023,GINF,048129,SI,505
01107152,FA 2023,GINF,WN 2025,WN 2025,02003,Information Mas,9445MSI,User Experience Design MSI,2470,WN 2024,GINF,020401,SI,622
01107152,FA 2023,GINF,WN 2025,WN 2025,02003,Information Mas,9445MSI,User Experience Design MSI,2470,WN 2024,GINF,039178,SI,539
01107152,FA 2023,GINF,WN 2025,WN 2025,02003,Information Mas,9445MSI,User Experience Design MSI,2470,WN 2024,GINF,039979,SI,623
01107152,FA 2023,GINF,WN 2025,WN 2025,02003,Information Mas,9445MSI,User Experience Design MSI,2470,WN 2024,GINF,040667,SI,681
01107152,FA 2023,GINF,WN 2025,WN 2025,02003,Information Mas,9445MSI,User Experience Design MSI,2470,WN 2024,GINF,048488,SI,559
01107152,FA 2023,GINF,WN 2025,WN 2025,02003,Information Mas,9445MSI,User Experience Design MSI,2510,FA 2024,GINF,021050,SI,691
01107152,FA 2023,GINF,WN 2025,WN 2025,02003,Information Mas,9445MSI,User Experience Design MSI,2510,FA 2024,GINF,045771,SI,684
01107152,FA 2023,GINF,WN 2025,WN 2025,02003,Information Mas,9445MSI,User Experience Design MSI,2510,FA 2024,GINF,046306,SI,616
01107152,FA 2023,GINF,WN 2025,WN 2025,02003,Information Mas,9445MSI,User Experience Design MSI,2520,WN 2025,GINF,047901,SI,699
01107152,FA 2023,GINF,WN 2025,WN 2025,02003,Information Mas,9445MSI,User Experience Design MSI,2520,WN 2025,GINF,051836,SI,611
01251524,FA 2023,GINF,WN 2025,WN 2025,02003,Information Mas,9445MSI,User Experience Design MSI,2460,FA 2023,GINF,017281,SI,588
01251524,FA 2023,GINF,WN 2025,WN 2025,02003,Information Mas,9445MSI,User Experience Design MSI,2460,FA 2023,GINF,021400,SI,520
01251524,FA 2023,GINF,WN 2025,WN 2025,02003,Information Mas,9445MSI,User Experience Design MSI,2460,FA 2023,GINF,042104,SI,501
01251524,FA 2023,GINF,WN 2025,WN 2025,02003,Information Mas,9445MSI,User Experience Design MSI,2460,FA 2023,GINF,044772,SI,582
01251524,FA 2023,GINF,WN 2025,WN 2025,02003,Information Mas,9445MSI,User Experience Design MSI,2460,FA 2023,GINF,047246,SI,506
01251524,FA 2023,GINF,WN 2025,WN 2025,02003,Information Mas,9445MSI,User Experience Design MSI,2470,WN 2024,GINF,012772,SI,548
01251524,FA 2023,GINF,WN 2025,WN 2025,02003,Information Mas,9445MSI,User Experience Design MSI,2470,WN 2024,GINF,020401,SI,622
01251524,FA 2023,GINF,WN 2025,WN 2025,02003,Information Mas,9445MSI,User Experience Design MSI,2470,WN 2024,GINF,021391,SI,511
01251524,FA 2023,GINF,WN 2025,WN 2025,02003,Information Mas,9445MSI,User Experience Design MSI,2470,WN 2024,GINF,022099,SI,658
01251524,FA 2023,GINF,WN 2025,WN 2025,02003,Information Mas,9445MSI,User Experience Design MSI,2470,WN 2024,GINF,039178,SI,539
01251524,FA 2023,GINF,WN 2025,WN 2025,02003,Information Mas,9445MSI,User Experience Design MSI,2470,WN 2024,GINF,040667,SI,681
01251524,FA 2023,GINF,WN 2025,WN 2025,02003,Information Mas,9445MSI,User Experience Design MSI,2470,WN 2024,GINF,048488,SI,559
01251524,FA 2023,GINF,WN 2025,WN 2025,02003,Information Mas,9445MSI,User Experience Design MSI,2510,FA 2024,GINF,021391,SI,511
01251524,FA 2023,GINF,WN 2025,WN 2025,02003,Information Mas,9445MSI,User Experience Design MSI,2510,FA 2024,GINF,045771,SI,684
01251524,FA 2023,GINF,WN 2025,WN 2025,02003,Information Mas,9445MSI,User Experience Design MSI,2510,FA 2024,GINF,047228,ENTR,500
01251524,FA 2023,GINF,WN 2025,WN 2025,02003,Information Mas,9445MSI,User Experience Design MSI,2510,FA 2024,GINF,047901,SI,699
01251524,FA 2023,GINF,WN 2025,WN 2025,02003,Information Mas,9445MSI,User Experience Design MSI,2510,FA 2024,GINF,048129,SI,505
01251524,FA 2023,GINF,WN 2025,WN 2025,02003,Information Mas,9445MSI,User Experience Design MSI,2520,WN 2025,GINF,049222,ELI,532
01296748,FA 2023,GINF,WN 2025,WN 2025,02003,Information Mas,9445MSI,User Experience Design MSI,2460,FA 2023,GINF,039081,SI,529
01296748,FA 2023,GINF,WN 2025,WN 2025,02003,Information Mas,9445MSI,User Experience Design MSI,2460,FA 2023,GINF,042104,SI,501
01296748,FA 2023,GINF,WN 2025,WN 2025,02003,Information Mas,9445MSI,User Experience Design MSI,2460,FA 2023,GINF,044772,SI,582
01296748,FA 2023,GINF,WN 2025,WN 2025,02003,Information Mas,9445MSI,User Experience Design MSI,2460,FA 2023,GINF,047246,SI,506
01296748,FA 2023,GINF,WN 2025,WN 2025,02003,Information Mas,9445MSI,User Experience Design MSI,2470,WN 2024,GINF,020401,SI,622
01296748,FA 2023,GINF,WN 2025,WN 2025,02003,Information Mas,9445MSI,User Experience Design MSI,2470,WN 2024,GINF,039178,SI,539
01296748,FA 2023,GINF,WN 2025,WN 2025,02003,Information Mas,9445MSI,User Experience Design MSI,2470,WN 2024,GINF,039979,SI,623
01296748,FA 2023,GINF,WN 2025,WN 2025,02003,Information Mas,9445MSI,User Experience Design MSI,2470,WN 2024,GINF,040667,SI,681
01296748,FA 2023,GINF,WN 2025,WN 2025,02003,Information Mas,9445MSI,User Experience Design MSI,2470,WN 2024,GINF,049601,SI,564
01296748,FA 2023,GINF,WN 2025,WN 2025,02003,Information Mas,9445MSI,User Experience Design MSI,2470,WN 2024,GINF,050164,SI,504
01296748,FA 2023,GINF,WN 2025,WN 2025,02003,Information Mas,9445MSI,User Experience Design MSI,2510,FA 2024,GINF,021391,SI,511
01296748,FA 2023,GINF,WN 2025,WN 2025,02003,Information Mas,9445MSI,User Experience Design MSI,2510,FA 2024,GINF,021400,SI,520
01296748,FA 2023,GINF,WN 2025,WN 2025,02003,Information Mas,9445MSI,User Experience Design MSI,2510,FA 2024,GINF,045393,SI,552
01296748,FA 2023,GINF,WN 2025,WN 2025,02003,Information Mas,9445MSI,User Experience Design MSI,2520,WN 2025,GINF,013044,EAS,538
01296748,FA 2023,GINF,WN 2025,WN 2025,02003,Information Mas,9445MSI,User Experience Design MSI,2520,WN 2025,GINF,021050,SI,691
01296748,FA 2023,GINF,WN 2025,WN 2025,02003,Information Mas,9445MSI,User Experience Design MSI,2520,WN 2025,GINF,047901,SI,699
01296748,FA 2023,GINF,WN 2025,WN 2025,02003,Information Mas,9445MSI,User Experience Design MSI,2520,WN 2025,GINF,049082,SI,682
01296748,FA 2023,GINF,WN 2025,WN 2025,02003,Information Mas,9445MSI,User Experience Design MSI,2520,WN 2025,GINF,051111,EAS,506
01490006,FA 2023,GINF,WN 2025,WN 2025,02003,Information Mas,9455MSI,User-Centered Agile Dev MSI,2460,FA 2023,GINF,005348,GERMAN,325
01490006,FA 2023,GINF,WN 2025,WN 2025,02003,Information Mas,9455MSI,User-Centered Agile Dev MSI,2460,FA 2023,GINF,017281,SI,588
01490006,FA 2023,GINF,WN 2025,WN 2025,02003,Information Mas,9455MSI,User-Centered Agile Dev MSI,2460,FA 2023,GINF,042104,SI,501
01490006,FA 2023,GINF,WN 2025,WN 2025,02003,Information Mas,9455MSI,User-Centered Agile Dev MSI,2460,FA 2023,GINF,044772,SI,582
01490006,FA 2023,GINF,WN 2025,WN 2025,02003,Information Mas,9455MSI,User-Centered Agile Dev MSI,2460,FA 2023,GINF,047246,SI,506
01490006,FA 2023,GINF,WN 2025,WN 2025,02003,Information Mas,9455MSI,User-Centered Agile Dev MSI,2470,WN 2024,GINF,020401,SI,622
01490006,FA 2023,GINF,WN 2025,WN 2025,02003,Information Mas,9455MSI,User-Centered Agile Dev MSI,2470,WN 2024,GINF,039178,SI,539
01490006,FA 2023,GINF,WN 2025,WN 2025,02003,Information Mas,9455MSI,User-Centered Agile Dev MSI,2470,WN 2024,GINF,040667,SI,681
01490006,FA 2023,GINF,WN 2025,WN 2025,02003,Information Mas,9455MSI,User-Centered Agile Dev MSI,2470,WN 2024,GINF,047641,SI,540
01490006,FA 2023,GINF,WN 2025,WN 2025,02003,Information Mas,9455MSI,User-Centered Agile Dev MSI,2470,WN 2024,GINF,050164,SI,504
01490006,FA 2023,GINF,WN 2025,WN 2025,02003,Information Mas,9455MSI,User-Centered Agile Dev MSI,2510,FA 2024,GINF,005355,GERMAN,425
01490006,FA 2023,GINF,WN 2025,WN 2025,02003,Information Mas,9455MSI,User-Centered Agile Dev MSI,2510,FA 2024,GINF,041626,SI,664
01490006,FA 2023,GINF,WN 2025,WN 2025,02003,Information Mas,9455MSI,User-Centered Agile Dev MSI,2510,FA 2024,GINF,050159,SI,579
01490006,FA 2023,GINF,WN 2025,WN 2025,02003,Information Mas,9455MSI,User-Centered Agile Dev MSI,2520,WN 2025,GINF,001459,SI,690
01490006,FA 2023,GINF,WN 2025,WN 2025,02003,Information Mas,9455MSI,User-Centered Agile Dev MSI,2520,WN 2025,GINF,041957,ENGR,599
01490006,FA 2023,GINF,WN 2025,WN 2025,02003,Information Mas,9455MSI,User-Centered Agile Dev MSI,2520,WN 2025,GINF,044799,ENTR,490
01490006,FA 2023,GINF,WN 2025,WN 2025,02003,Information Mas,9455MSI,User-Centered Agile Dev MSI,2520,WN 2025,GINF,047901,SI,699
01664949,FA 2023,GINF,WN 2027, ,02003,Information Mas,4470MSI9,Information MSI,2460,FA 2023,GINF,009731,SI,580
01664949,FA 2023,GINF,WN 2027, ,02003,Information Mas,4470MSI9,Information MSI,2460,FA 2023,GINF,021400,SI,520
01664949,FA 2023,GINF,WN 2027, ,02003,Information Mas,4470MSI9,Information MSI,2460,FA 2023,GINF,042104,SI,501
01664949,FA 2023,GINF,WN 2027, ,02003,Information Mas,4470MSI9,Information MSI,2460,FA 2023,GINF,047246,SI,506
01664949,FA 2023,GINF,WN 2027, ,02003,Information Mas,4470MSI9,Information MSI,2470,WN 2024,GINF,020803,SI,643
01664949,FA 2023,GINF,WN 2027, ,02003,Information Mas,4470MSI9,Information MSI,2470,WN 2024,GINF,039178,SI,539
01664949,FA 2023,GINF,WN 2027, ,02003,Information Mas,4470MSI9,Information MSI,2470,WN 2024,GINF,042324,SI,639
01664949,FA 2023,GINF,WN 2027, ,02003,Information Mas,4470MSI9,Information MSI,2470,WN 2024,GINF,048280,SI,667
01664949,FA 2023,GINF,WN 2027, ,02003,Information Mas,4470MSI9,Information MSI,2470,WN 2024,GINF,049601,SI,564
01664949,FA 2023,GINF,WN 2027, ,02003,Information Mas,4470MSI9,Information MSI,2470,WN 2024,GINF,050164,SI,504
01664949,FA 2023,GINF,WN 2027, ,02003,Information Mas,4470MSI9,Information MSI,2510,FA 2024,GINF,014793,ELI,521
01664949,FA 2023,GINF,WN 2027, ,02003,Information Mas,4470MSI9,Information MSI,2510,FA 2024,GINF,021045,SI,666
01664949,FA 2023,GINF,WN 2027, ,02003,Information Mas,4470MSI9,Information MSI,2510,FA 2024,GINF,047640,SI,507
01664949,FA 2023,GINF,WN 2027, ,02003,Information Mas,4470MSI9,Information MSI,2510,FA 2024,GINF,050161,SI,676
01664949,FA 2023,GINF,WN 2027, ,02003,Information Mas,4470MSI9,Information MSI,2510,FA 2024,GINF,050164,SI,504
01664949,FA 2023,GINF,WN 2027, ,02003,Information Mas,4470MSI9,Information MSI,2520,WN 2025,GINF,022099,SI,658
01664949,FA 2023,GINF,WN 2027, ,02003,Information Mas,4470MSI9,Information MSI,2520,WN 2025,GINF,041626,SI,664
01664949,FA 2023,GINF,WN 2027, ,02003,Information Mas,4470MSI9,Information MSI,2520,WN 2025,GINF,044042,UARTS,550
01664949,FA 2023,GINF,WN 2027, ,02003,Information Mas,4470MSI9,Information MSI,2520,WN 2025,GINF,050159,SI,579
01664949,FA 2023,GINF,WN 2027, ,02003,Information Mas,4470MSI9,Information MSI,2520,WN 2025,GINF,050164,SI,504
01970110,FA 2023,GINF,WN 2025,WN 2025,02003,Information Mas,9445MSI,User Experience Design MSI,2460,FA 2023,GINF,017281,SI,588
01970110,FA 2023,GINF,WN 2025,WN 2025,02003,Information Mas,9445MSI,User Experience Design MSI,2460,FA 2023,GINF,039178,SI,539
01970110,FA 2023,GINF,WN 2025,WN 2025,02003,Information Mas,9445MSI,User Experience Design MSI,2460,FA 2023,GINF,044772,SI,582
01970110,FA 2023,GINF,WN 2025,WN 2025,02003,Information Mas,9445MSI,User Experience Design MSI,2460,FA 2023,GINF,047246,SI,506
01970110,FA 2023,GINF,WN 2025,WN 2025,02003,Information Mas,9445MSI,User Experience Design MSI,2470,WN 2024,GINF,020401,SI,622
01970110,FA 2023,GINF,WN 2025,WN 2025,02003,Information Mas,9445MSI,User Experience Design MSI,2470,WN 2024,GINF,022099,SI,658
01970110,FA 2023,GINF,WN 2025,WN 2025,02003,Information Mas,9445MSI,User Experience Design MSI,2470,WN 2024,GINF,040667,SI,681
01970110,FA 2023,GINF,WN 2025,WN 2025,02003,Information Mas,9445MSI,User Experience Design MSI,2470,WN 2024,GINF,046790,EHS,603
01970110,FA 2023,GINF,WN 2025,WN 2025,02003,Information Mas,9445MSI,User Experience Design MSI,2470,WN 2024,GINF,048488,SI,559
01970110,FA 2023,GINF,WN 2025,WN 2025,02003,Information Mas,9445MSI,User Experience Design MSI,2470,WN 2024,GINF,048514,WELLNESS,512
01970110,FA 2023,GINF,WN 2025,WN 2025,02003,Information Mas,9445MSI,User Experience Design MSI,2510,FA 2024,GINF,021391,SI,511
01970110,FA 2023,GINF,WN 2025,WN 2025,02003,Information Mas,9445MSI,User Experience Design MSI,2510,FA 2024,GINF,044600,MO,620
01970110,FA 2023,GINF,WN 2025,WN 2025,02003,Information Mas,9445MSI,User Experience Design MSI,2510,FA 2024,GINF,045393,SI,552
01970110,FA 2023,GINF,WN 2025,WN 2025,02003,Information Mas,9445MSI,User Experience Design MSI,2510,FA 2024,GINF,045771,SI,684
01970110,FA 2023,GINF,WN 2025,WN 2025,02003,Information Mas,9445MSI,User Experience Design MSI,2510,FA 2024,GINF,047228,ENTR,500
01970110,FA 2023,GINF,WN 2025,WN 2025,02003,Information Mas,9445MSI,User Experience Design MSI,2520,WN 2025,GINF,047901,SI,699
02068614,FA 2023,GINF,WN 2025,WN 2025,02003,Information Mas,0775MSI,Big Data Analytics MSI,2460,FA 2023,GINF,009732,SI,650
02068614,FA 2023,GINF,WN 2025,WN 2025,02003,Information Mas,0775MSI,Big Data Analytics MSI,2460,FA 2023,GINF,039178,SI,539
02068614,FA 2023,GINF,WN 2025,WN 2025,02003,Information Mas,0775MSI,Big Data Analytics MSI,2460,FA 2023,GINF,041626,SI,664
02068614,FA 2023,GINF,WN 2025,WN 2025,02003,Information Mas,0775MSI,Big Data Analytics MSI,2460,FA 2023,GINF,042091,SI,618
02068614,FA 2023,GINF,WN 2025,WN 2025,02003,Information Mas,0775MSI,Big Data Analytics MSI,2460,FA 2023,GINF,042104,SI,501
02068614,FA 2023,GINF,WN 2025,WN 2025,02003,Information Mas,0775MSI,Big Data Analytics MSI,2460,FA 2023,GINF,049601,SI,564
02068614,FA 2023,GINF,WN 2025,WN 2025,02003,Information Mas,0775MSI,Big Data Analytics MSI,2470,WN 2024,GINF,021033,SI,652
02068614,FA 2023,GINF,WN 2025,WN 2025,02003,Information Mas,0775MSI,Big Data Analytics MSI,2470,WN 2024,GINF,040667,SI,681
02068614,FA 2023,GINF,WN 2025,WN 2025,02003,Information Mas,0775MSI,Big Data Analytics MSI,2470,WN 2024,GINF,042324,SI,639
02068614,FA 2023,GINF,WN 2025,WN 2025,02003,Information Mas,0775MSI,Big Data Analytics MSI,2470,WN 2024,GINF,048268,SI,630
02068614,FA 2023,GINF,WN 2025,WN 2025,02003,Information Mas,0775MSI,Big Data Analytics MSI,2470,WN 2024,GINF,050663,SI,568
02068614,FA 2023,GINF,WN 2025,WN 2025,02003,Information Mas,0775MSI,Big Data Analytics MSI,2470,WN 2024,GINF,050983,SI,602
02127576,FA 2023,GINF,WN 2025,WN 2025,02003,Information Mas,9445MSI,User Experience Design MSI,2460,FA 2023,GINF,017281,SI,588
02127576,FA 2023,GINF,WN 2025,WN 2025,02003,Information Mas,9445MSI,User Experience Design MSI,2460,FA 2023,GINF,021400,SI,520
02127576,FA 2023,GINF,WN 2025,WN 2025,02003,Information Mas,9445MSI,User Experience Design MSI,2460,FA 2023,GINF,042104,SI,501
02127576,FA 2023,GINF,WN 2025,WN 2025,02003,Information Mas,9445MSI,User Experience Design MSI,2460,FA 2023,GINF,044772,SI,582
02127576,FA 2023,GINF,WN 2025,WN 2025,02003,Information Mas,9445MSI,User Experience Design MSI,2460,FA 2023,GINF,048129,SI,505
02127576,FA 2023,GINF,WN 2025,WN 2025,02003,Information Mas,9445MSI,User Experience Design MSI,2470,WN 2024,GINF,020401,SI,622
02127576,FA 2023,GINF,WN 2025,WN 2025,02003,Information Mas,9445MSI,User Experience Design MSI,2470,WN 2024,GINF,021391,SI,511
02127576,FA 2023,GINF,WN 2025,WN 2025,02003,Information Mas,9445MSI,User Experience Design MSI,2470,WN 2024,GINF,039178,SI,539
02127576,FA 2023,GINF,WN 2025,WN 2025,02003,Information Mas,9445MSI,User Experience Design MSI,2470,WN 2024,GINF,040667,SI,681
02127576,FA 2023,GINF,WN 2025,WN 2025,02003,Information Mas,9445MSI,User Experience Design MSI,2470,WN 2024,GINF,043863,SI,612
02127576,FA 2023,GINF,WN 2025,WN 2025,02003,Information Mas,9445MSI,User Experience Design MSI,2470,WN 2024,GINF,047640,SI,507
02127576,FA 2023,GINF,WN 2025,WN 2025,02003,Information Mas,9445MSI,User Experience Design MSI,2510,FA 2024,GINF,016607,SI,544
02127576,FA 2023,GINF,WN 2025,WN 2025,02003,Information Mas,9445MSI,User Experience Design MSI,2510,FA 2024,GINF,045393,SI,552
02127576,FA 2023,GINF,WN 2025,WN 2025,02003,Information Mas,9445MSI,User Experience Design MSI,2510,FA 2024,GINF,045687,SI,538
02127576,FA 2023,GINF,WN 2025,WN 2025,02003,Information Mas,9445MSI,User Experience Design MSI,2510,FA 2024,GINF,046306,SI,616
02127576,FA 2023,GINF,WN 2025,WN 2025,02003,Information Mas,9445MSI,User Experience Design MSI,2520,WN 2025,GINF,047901,SI,699
02127576,FA 2023,GINF,WN 2025,WN 2025,02003,Information Mas,9445MSI,User Experience Design MSI,2520,WN 2025,GINF,049601,SI,564
02127576,FA 2023,GINF,WN 2025,WN 2025,02003,Information Mas,9445MSI,User Experience Design MSI,2520,WN 2025,GINF,051454,SI,594
02187039,FA 2023,GINF,WN 2025,WN 2025,02003,Information Mas,0775MSI,Big Data Analytics MSI,2470,WN 2024,GINF,020934,SI,649
02187039,FA 2023,GINF,WN 2025,WN 2025,02003,Information Mas,0775MSI,Big Data Analytics MSI,2470,WN 2024,GINF,050162,SI,510
02187039,FA 2023,GINF,WN 2025,WN 2025,02003,Information Mas,0775MSI,Big Data Analytics MSI,2470,WN 2024,GINF,050663,SI,568
02187039,FA 2023,GINF,WN 2025,WN 2025,02003,Information Mas,0775MSI,Big Data Analytics MSI,2470,WN 2024,GINF,050983,SI,602
02187039,FA 2023,GINF,WN 2025,WN 2025,02003,Information Mas,0775MSI,Big Data Analytics MSI,2510,FA 2024,GINF,041934,SI,608
02187039,FA 2023,GINF,WN 2025,WN 2025,02003,Information Mas,0775MSI,Big Data Analytics MSI,2510,FA 2024,GINF,045930,SI,671
02187039,FA 2023,GINF,WN 2025,WN 2025,02003,Information Mas,0775MSI,Big Data Analytics MSI,2510,FA 2024,GINF,048500,SI,670
02187039,FA 2023,GINF,WN 2025,WN 2025,02003,Information Mas,0775MSI,Big Data Analytics MSI,2510,FA 2024,GINF,051553,SI,500
02187039,FA 2023,GINF,WN 2025,WN 2025,02003,Information Mas,0775MSI,Big Data Analytics MSI,2520,WN 2025,GINF,021391,SI,511
02187039,FA 2023,GINF,WN 2025,WN 2025,02003,Information Mas,0775MSI,Big Data Analytics MSI,2520,WN 2025,GINF,047901,SI,699
02187039,FA 2023,GINF,WN 2025,WN 2025,02003,Information Mas,0775MSI,Big Data Analytics MSI,2520,WN 2025,GINF,048421,ENTR,560
02187039,FA 2023,GINF,WN 2025,WN 2025,02003,Information Mas,0775MSI,Big Data Analytics MSI,2520,WN 2025,GINF,050164,SI,504
02211462,FA 2023,GINF,WN 2025,WN 2025,02003,Information Mas,0775MSI,Big Data Analytics MSI,2460,FA 2023,GINF,009732,SI,650
02211462,FA 2023,GINF,WN 2025,WN 2025,02003,Information Mas,0775MSI,Big Data Analytics MSI,2460,FA 2023,GINF,016607,SI,544
02211462,FA 2023,GINF,WN 2025,WN 2025,02003,Information Mas,0775MSI,Big Data Analytics MSI,2460,FA 2023,GINF,041985,SI,542
02211462,FA 2023,GINF,WN 2025,WN 2025,02003,Information Mas,0775MSI,Big Data Analytics MSI,2460,FA 2023,GINF,047246,SI,506
02211462,FA 2023,GINF,WN 2025,WN 2025,02003,Information Mas,0775MSI,Big Data Analytics MSI,2460,FA 2023,GINF,048129,SI,505
02211462,FA 2023,GINF,WN 2025,WN 2025,02003,Information Mas,0775MSI,Big Data Analytics MSI,2460,FA 2023,GINF,050164,SI,504
02211462,FA 2023,GINF,WN 2025,WN 2025,02003,Information Mas,0775MSI,Big Data Analytics MSI,2470,WN 2024,GINF,020934,SI,649
02211462,FA 2023,GINF,WN 2025,WN 2025,02003,Information Mas,0775MSI,Big Data Analytics MSI,2470,WN 2024,GINF,040667,SI,681
02211462,FA 2023,GINF,WN 2025,WN 2025,02003,Information Mas,0775MSI,Big Data Analytics MSI,2470,WN 2024,GINF,042091,SI,618
02211462,FA 2023,GINF,WN 2025,WN 2025,02003,Information Mas,0775MSI,Big Data Analytics MSI,2470,WN 2024,GINF,042809,TO,618
02211462,FA 2023,GINF,WN 2025,WN 2025,02003,Information Mas,0775MSI,Big Data Analytics MSI,2470,WN 2024,GINF,047640,SI,507
02211462,FA 2023,GINF,WN 2025,WN 2025,02003,Information Mas,0775MSI,Big Data Analytics MSI,2470,WN 2024,GINF,050663,SI,568
02211462,FA 2023,GINF,WN 2025,WN 2025,02003,Information Mas,0775MSI,Big Data Analytics MSI,2470,WN 2024,GINF,050983,SI,602
02211462,FA 2023,GINF,WN 2025,WN 2025,02003,Information Mas,0775MSI,Big Data Analytics MSI,2510,FA 2024,GINF,003736,MKT,625
02211462,FA 2023,GINF,WN 2025,WN 2025,02003,Information Mas,0775MSI,Big Data Analytics MSI,2510,FA 2024,GINF,009732,SI,650
02211462,FA 2023,GINF,WN 2025,WN 2025,02003,Information Mas,0775MSI,Big Data Analytics MSI,2510,FA 2024,GINF,041934,SI,608
02211462,FA 2023,GINF,WN 2025,WN 2025,02003,Information Mas,0775MSI,Big Data Analytics MSI,2510,FA 2024,GINF,048500,SI,670
02211462,FA 2023,GINF,WN 2025,WN 2025,02003,Information Mas,0775MSI,Big Data Analytics MSI,2520,WN 2025,GINF,047901,SI,699
02861018,FA 2023,GINF,FA 2024,FA 2024,02003,Information Mas,9445MSI,User Experience Design MSI,2460,FA 2023,GINF,017281,SI,588
02861018,FA 2023,GINF,FA 2024,FA 2024,02003,Information Mas,9445MSI,User Experience Design MSI,2460,FA 2023,GINF,021400,SI,520
02861018,FA 2023,GINF,FA 2024,FA 2024,02003,Information Mas,9445MSI,User Experience Design MSI,2460,FA 2023,GINF,039178,SI,539
02861018,FA 2023,GINF,FA 2024,FA 2024,02003,Information Mas,9445MSI,User Experience Design MSI,2460,FA 2023,GINF,042104,SI,501
02861018,FA 2023,GINF,FA 2024,FA 2024,02003,Information Mas,9445MSI,User Experience Design MSI,2460,FA 2023,GINF,044772,SI,582
02861018,FA 2023,GINF,FA 2024,FA 2024,02003,Information Mas,9445MSI,User Experience Design MSI,2470,WN 2024,GINF,012772,SI,548
02861018,FA 2023,GINF,FA 2024,FA 2024,02003,Information Mas,9445MSI,User Experience Design MSI,2470,WN 2024,GINF,017244,KINESLGY,686
02861018,FA 2023,GINF,FA 2024,FA 2024,02003,Information Mas,9445MSI,User Experience Design MSI,2470,WN 2024,GINF,020401,SI,622
02861018,FA 2023,GINF,FA 2024,FA 2024,02003,Information Mas,9445MSI,User Experience Design MSI,2470,WN 2024,GINF,022099,SI,658
02861018,FA 2023,GINF,FA 2024,FA 2024,02003,Information Mas,9445MSI,User Experience Design MSI,2470,WN 2024,GINF,040667,SI,681
02861018,FA 2023,GINF,FA 2024,FA 2024,02003,Information Mas,9445MSI,User Experience Design MSI,2470,WN 2024,GINF,048488,SI,559
02861018,FA 2023,GINF,FA 2024,FA 2024,02003,Information Mas,9445MSI,User Experience Design MSI,2510,FA 2024,GINF,047901,SI,699
02949441,FA 2023,GINF,WN 2025,WN 2025,02003,Information Mas,9445MSI,User Experience Design MSI,2460,FA 2023,GINF,017281,SI,588
02949441,FA 2023,GINF,WN 2025,WN 2025,02003,Information Mas,9445MSI,User Experience Design MSI,2460,FA 2023,GINF,021400,SI,520
02949441,FA 2023,GINF,WN 2025,WN 2025,02003,Information Mas,9445MSI,User Experience Design MSI,2460,FA 2023,GINF,042104,SI,501
02949441,FA 2023,GINF,WN 2025,WN 2025,02003,Information Mas,9445MSI,User Experience Design MSI,2460,FA 2023,GINF,044772,SI,582
02949441,FA 2023,GINF,WN 2025,WN 2025,02003,Information Mas,9445MSI,User Experience Design MSI,2460,FA 2023,GINF,048488,SI,559
02949441,FA 2023,GINF,WN 2025,WN 2025,02003,Information Mas,9445MSI,User Experience Design MSI,2470,WN 2024,GINF,020401,SI,622
02949441,FA 2023,GINF,WN 2025,WN 2025,02003,Information Mas,9445MSI,User Experience Design MSI,2470,WN 2024,GINF,021391,SI,511
02949441,FA 2023,GINF,WN 2025,WN 2025,02003,Information Mas,9445MSI,User Experience Design MSI,2470,WN 2024,GINF,040667,SI,681
02949441,FA 2023,GINF,WN 2025,WN 2025,02003,Information Mas,9445MSI,User Experience Design MSI,2470,WN 2024,GINF,043863,SI,612
02949441,FA 2023,GINF,WN 2025,WN 2025,02003,Information Mas,9445MSI,User Experience Design MSI,2470,WN 2024,GINF,050136,UARTS,560
02949441,FA 2023,GINF,WN 2025,WN 2025,02003,Information Mas,9445MSI,User Experience Design MSI,2470,WN 2024,GINF,051454,SI,594
02949441,FA 2023,GINF,WN 2025,WN 2025,02003,Information Mas,9445MSI,User Experience Design MSI,2510,FA 2024,GINF,045393,SI,552
02949441,FA 2023,GINF,WN 2025,WN 2025,02003,Information Mas,9445MSI,User Experience Design MSI,2510,FA 2024,GINF,045687,SI,538
02949441,FA 2023,GINF,WN 2025,WN 2025,02003,Information Mas,9445MSI,User Experience Design MSI,2510,FA 2024,GINF,045771,SI,684
02949441,FA 2023,GINF,WN 2025,WN 2025,02003,Information Mas,9445MSI,User Experience Design MSI,2510,FA 2024,GINF,050136,UARTS,560
02949441,FA 2023,GINF,WN 2025,WN 2025,02003,Information Mas,9445MSI,User Experience Design MSI,2520,WN 2025,GINF,047901,SI,699
03055720,FA 2023,GINF,FA 2024,FA 2024,02003,Information Mas,9445MSI,User Experience Design MSI,2460,FA 2023,GINF,017281,SI,588
03055720,FA 2023,GINF,FA 2024,FA 2024,02003,Information Mas,9445MSI,User Experience Design MSI,2460,FA 2023,GINF,021400,SI,520
03055720,FA 2023,GINF,FA 2024,FA 2024,02003,Information Mas,9445MSI,User Experience Design MSI,2460,FA 2023,GINF,042104,SI,501
03055720,FA 2023,GINF,FA 2024,FA 2024,02003,Information Mas,9445MSI,User Experience Design MSI,2460,FA 2023,GINF,044772,SI,582
03055720,FA 2023,GINF,FA 2024,FA 2024,02003,Information Mas,9445MSI,User Experience Design MSI,2460,FA 2023,GINF,047246,SI,506
03055720,FA 2023,GINF,FA 2024,FA 2024,02003,Information Mas,9445MSI,User Experience Design MSI,2470,WN 2024,GINF,020401,SI,622
03055720,FA 2023,GINF,FA 2024,FA 2024,02003,Information Mas,9445MSI,User Experience Design MSI,2470,WN 2024,GINF,022099,SI,658
03055720,FA 2023,GINF,FA 2024,FA 2024,02003,Information Mas,9445MSI,User Experience Design MSI,2470,WN 2024,GINF,022326,SI,581
03055720,FA 2023,GINF,FA 2024,FA 2024,02003,Information Mas,9445MSI,User Experience Design MSI,2470,WN 2024,GINF,039178,SI,539
03055720,FA 2023,GINF,FA 2024,FA 2024,02003,Information Mas,9445MSI,User Experience Design MSI,2470,WN 2024,GINF,040667,SI,681
03055720,FA 2023,GINF,FA 2024,FA 2024,02003,Information Mas,9445MSI,User Experience Design MSI,2470,WN 2024,GINF,049834,SI,591
03055720,FA 2023,GINF,FA 2024,FA 2024,02003,Information Mas,9445MSI,User Experience Design MSI,2510,FA 2024,GINF,021391,SI,511
03055720,FA 2023,GINF,FA 2024,FA 2024,02003,Information Mas,9445MSI,User Experience Design MSI,2510,FA 2024,GINF,045771,SI,684
03055720,FA 2023,GINF,FA 2024,FA 2024,02003,Information Mas,9445MSI,User Experience Design MSI,2510,FA 2024,GINF,047901,SI,699
03055720,FA 2023,GINF,FA 2024,FA 2024,02003,Information Mas,9445MSI,User Experience Design MSI,2510,FA 2024,GINF,048129,SI,505
03055720,FA 2023,GINF,FA 2024,FA 2024,02003,Information Mas,9445MSI,User Experience Design MSI,2510,FA 2024,GINF,050159,SI,579
03055720,FA 2023,GINF,FA 2024,FA 2024,02003,Information Mas,9445MSI,User Experience Design MSI,2510,FA 2024,GINF,050164,SI,504
03166773,FA 2023,GINF,WN 2025,WN 2025,02003,Information Mas,9445MSI,User Experience Design MSI,2460,FA 2023,GINF,017281,SI,588
03166773,FA 2023,GINF,WN 2025,WN 2025,02003,Information Mas,9445MSI,User Experience Design MSI,2460,FA 2023,GINF,042104,SI,501
03166773,FA 2023,GINF,WN 2025,WN 2025,02003,Information Mas,9445MSI,User Experience Design MSI,2460,FA 2023,GINF,044772,SI,582
03166773,FA 2023,GINF,WN 2025,WN 2025,02003,Information Mas,9445MSI,User Experience Design MSI,2460,FA 2023,GINF,047246,SI,506
03166773,FA 2023,GINF,WN 2025,WN 2025,02003,Information Mas,9445MSI,User Experience Design MSI,2470,WN 2024,GINF,020401,SI,622
03166773,FA 2023,GINF,WN 2025,WN 2025,02003,Information Mas,9445MSI,User Experience Design MSI,2470,WN 2024,GINF,021400,SI,520
03166773,FA 2023,GINF,WN 2025,WN 2025,02003,Information Mas,9445MSI,User Experience Design MSI,2470,WN 2024,GINF,039178,SI,539
03166773,FA 2023,GINF,WN 2025,WN 2025,02003,Information Mas,9445MSI,User Experience Design MSI,2470,WN 2024,GINF,045393,SI,552
03166773,FA 2023,GINF,WN 2025,WN 2025,02003,Information Mas,9445MSI,User Experience Design MSI,2470,WN 2024,GINF,049601,SI,564
03166773,FA 2023,GINF,WN 2025,WN 2025,02003,Information Mas,9445MSI,User Experience Design MSI,2510,FA 2024,GINF,043210,SI,534
03166773,FA 2023,GINF,WN 2025,WN 2025,02003,Information Mas,9445MSI,User Experience Design MSI,2510,FA 2024,GINF,045687,SI,538
03166773,FA 2023,GINF,WN 2025,WN 2025,02003,Information Mas,9445MSI,User Experience Design MSI,2510,FA 2024,GINF,047901,SI,699
03166773,FA 2023,GINF,WN 2025,WN 2025,02003,Information Mas,9445MSI,User Experience Design MSI,2520,WN 2025,GINF,021391,SI,511
03166773,FA 2023,GINF,WN 2025,WN 2025,02003,Information Mas,9445MSI,User Experience Design MSI,2520,WN 2025,GINF,022099,SI,658
03166773,FA 2023,GINF,WN 2025,WN 2025,02003,Information Mas,9445MSI,User Experience Design MSI,2520,WN 2025,GINF,039081,SI,529
03166773,FA 2023,GINF,WN 2025,WN 2025,02003,Information Mas,9445MSI,User Experience Design MSI,2520,WN 2025,GINF,048129,SI,505
03166773,FA 2023,GINF,WN 2025,WN 2025,02003,Information Mas,9445MSI,User Experience Design MSI,2520,WN 2025,GINF,051836,SI,611
03168386,FA 2023,GINF,WN 2025,WN 2025,02003,Information Mas,9455MSI,User-Centered Agile Dev MSI,2460,FA 2023,GINF,014793,ELI,521
03168386,FA 2023,GINF,WN 2025,WN 2025,02003,Information Mas,9455MSI,User-Centered Agile Dev MSI,2460,FA 2023,GINF,017281,SI,588
03168386,FA 2023,GINF,WN 2025,WN 2025,02003,Information Mas,9455MSI,User-Centered Agile Dev MSI,2460,FA 2023,GINF,039178,SI,539
03168386,FA 2023,GINF,WN 2025,WN 2025,02003,Information Mas,9455MSI,User-Centered Agile Dev MSI,2460,FA 2023,GINF,042104,SI,501
03168386,FA 2023,GINF,WN 2025,WN 2025,02003,Information Mas,9455MSI,User-Centered Agile Dev MSI,2460,FA 2023,GINF,044772,SI,582
03168386,FA 2023,GINF,WN 2025,WN 2025,02003,Information Mas,9455MSI,User-Centered Agile Dev MSI,2460,FA 2023,GINF,048129,SI,505
03168386,FA 2023,GINF,WN 2025,WN 2025,02003,Information Mas,9455MSI,User-Centered Agile Dev MSI,2470,WN 2024,GINF,020401,SI,622
03168386,FA 2023,GINF,WN 2025,WN 2025,02003,Information Mas,9455MSI,User-Centered Agile Dev MSI,2470,WN 2024,GINF,021391,SI,511
03168386,FA 2023,GINF,WN 2025,WN 2025,02003,Information Mas,9455MSI,User-Centered Agile Dev MSI,2470,WN 2024,GINF,040667,SI,681
03168386,FA 2023,GINF,WN 2025,WN 2025,02003,Information Mas,9455MSI,User-Centered Agile Dev MSI,2470,WN 2024,GINF,048486,SI,659
03168386,FA 2023,GINF,WN 2025,WN 2025,02003,Information Mas,9455MSI,User-Centered Agile Dev MSI,2470,WN 2024,GINF,050136,UARTS,560
03168386,FA 2023,GINF,WN 2025,WN 2025,02003,Information Mas,9455MSI,User-Centered Agile Dev MSI,2470,WN 2024,GINF,050159,SI,579
03168386,FA 2023,GINF,WN 2025,WN 2025,02003,Information Mas,9455MSI,User-Centered Agile Dev MSI,2470,WN 2024,GINF,050164,SI,504
03168386,FA 2023,GINF,WN 2025,WN 2025,02003,Information Mas,9455MSI,User-Centered Agile Dev MSI,2510,FA 2024,GINF,021391,SI,511
03168386,FA 2023,GINF,WN 2025,WN 2025,02003,Information Mas,9455MSI,User-Centered Agile Dev MSI,2510,FA 2024,GINF,041855,SI,631
03168386,FA 2023,GINF,WN 2025,WN 2025,02003,Information Mas,9455MSI,User-Centered Agile Dev MSI,2510,FA 2024,GINF,044798,ENTR,599
03168386,FA 2023,GINF,WN 2025,WN 2025,02003,Information Mas,9455MSI,User-Centered Agile Dev MSI,2510,FA 2024,GINF,048487,SI,669
03168386,FA 2023,GINF,WN 2025,WN 2025,02003,Information Mas,9455MSI,User-Centered Agile Dev MSI,2510,FA 2024,GINF,048488,SI,559
03168386,FA 2023,GINF,WN 2025,WN 2025,02003,Information Mas,9455MSI,User-Centered Agile Dev MSI,2510,FA 2024,GINF,050136,UARTS,560
03168386,FA 2023,GINF,WN 2025,WN 2025,02003,Information Mas,9455MSI,User-Centered Agile Dev MSI,2520,WN 2025,GINF,022099,SI,658
03168386,FA 2023,GINF,WN 2025,WN 2025,02003,Information Mas,9455MSI,User-Centered Agile Dev MSI,2520,WN 2025,GINF,047901,SI,699
03168386,FA 2023,GINF,WN 2025,WN 2025,02003,Information Mas,9455MSI,User-Centered Agile Dev MSI,2520,WN 2025,GINF,050650,EDUC,618
03168386,FA 2023,GINF,WN 2025,WN 2025,02003,Information Mas,9455MSI,User-Centered Agile Dev MSI,2520,WN 2025,GINF,051455,SI,569
03372826,FA 2023,GINF,WN 2025,WN 2025,02003,Information Mas,9445MSI,User Experience Design MSI,2460,FA 2023,GINF,017281,SI,588
03372826,FA 2023,GINF,WN 2025,WN 2025,02003,Information Mas,9445MSI,User Experience Design MSI,2460,FA 2023,GINF,040369,SI,515
03372826,FA 2023,GINF,WN 2025,WN 2025,02003,Information Mas,9445MSI,User Experience Design MSI,2460,FA 2023,GINF,042104,SI,501
03372826,FA 2023,GINF,WN 2025,WN 2025,02003,Information Mas,9445MSI,User Experience Design MSI,2460,FA 2023,GINF,044772,SI,582
03372826,FA 2023,GINF,WN 2025,WN 2025,02003,Information Mas,9445MSI,User Experience Design MSI,2470,WN 2024,GINF,020401,SI,622
03372826,FA 2023,GINF,WN 2025,WN 2025,02003,Information Mas,9445MSI,User Experience Design MSI,2470,WN 2024,GINF,021400,SI,520
03372826,FA 2023,GINF,WN 2025,WN 2025,02003,Information Mas,9445MSI,User Experience Design MSI,2470,WN 2024,GINF,040667,SI,681
03372826,FA 2023,GINF,WN 2025,WN 2025,02003,Information Mas,9445MSI,User Experience Design MSI,2470,WN 2024,GINF,043863,SI,612
03372826,FA 2023,GINF,WN 2025,WN 2025,02003,Information Mas,9445MSI,User Experience Design MSI,2470,WN 2024,GINF,048488,SI,559
03372826,FA 2023,GINF,WN 2025,WN 2025,02003,Information Mas,9445MSI,User Experience Design MSI,2510,FA 2024,GINF,019903,TO,548
03372826,FA 2023,GINF,WN 2025,WN 2025,02003,Information Mas,9445MSI,User Experience Design MSI,2510,FA 2024,GINF,020379,IOE,548
03372826,FA 2023,GINF,WN 2025,WN 2025,02003,Information Mas,9445MSI,User Experience Design MSI,2510,FA 2024,GINF,045771,SI,684
03372826,FA 2023,GINF,WN 2025,WN 2025,02003,Information Mas,9445MSI,User Experience Design MSI,2520,WN 2025,GINF,021391,SI,511
03372826,FA 2023,GINF,WN 2025,WN 2025,02003,Information Mas,9445MSI,User Experience Design MSI,2520,WN 2025,GINF,044798,ENTR,599
03372826,FA 2023,GINF,WN 2025,WN 2025,02003,Information Mas,9445MSI,User Experience Design MSI,2520,WN 2025,GINF,047901,SI,699
04490471,FA 2023,GINF,WN 2025,WN 2025,02003,Information Mas,9445MSI,User Experience Design MSI,2460,FA 2023,GINF,017281,SI,588
04490471,FA 2023,GINF,WN 2025,WN 2025,02003,Information Mas,9445MSI,User Experience Design MSI,2460,FA 2023,GINF,042104,SI,501
04490471,FA 2023,GINF,WN 2025,WN 2025,02003,Information Mas,9445MSI,User Experience Design MSI,2460,FA 2023,GINF,044772,SI,582
04490471,FA 2023,GINF,WN 2025,WN 2025,02003,Information Mas,9445MSI,User Experience Design MSI,2460,FA 2023,GINF,047246,SI,506
04490471,FA 2023,GINF,WN 2025,WN 2025,02003,Information Mas,9445MSI,User Experience Design MSI,2470,WN 2024,GINF,020401,SI,622
04490471,FA 2023,GINF,WN 2025,WN 2025,02003,Information Mas,9445MSI,User Experience Design MSI,2470,WN 2024,GINF,021400,SI,520
04490471,FA 2023,GINF,WN 2025,WN 2025,02003,Information Mas,9445MSI,User Experience Design MSI,2470,WN 2024,GINF,022326,SI,581
04490471,FA 2023,GINF,WN 2025,WN 2025,02003,Information Mas,9445MSI,User Experience Design MSI,2470,WN 2024,GINF,039178,SI,539
04490471,FA 2023,GINF,WN 2025,WN 2025,02003,Information Mas,9445MSI,User Experience Design MSI,2510,FA 2024,GINF,038659,SI,519
04490471,FA 2023,GINF,WN 2025,WN 2025,02003,Information Mas,9445MSI,User Experience Design MSI,2510,FA 2024,GINF,043210,SI,534
04490471,FA 2023,GINF,WN 2025,WN 2025,02003,Information Mas,9445MSI,User Experience Design MSI,2510,FA 2024,GINF,043241,SI,657
04490471,FA 2023,GINF,WN 2025,WN 2025,02003,Information Mas,9445MSI,User Experience Design MSI,2510,FA 2024,GINF,048877,SI,610
04490471,FA 2023,GINF,WN 2025,WN 2025,02003,Information Mas,9445MSI,User Experience Design MSI,2520,WN 2025,GINF,022099,SI,658
04490471,FA 2023,GINF,WN 2025,WN 2025,02003,Information Mas,9445MSI,User Experience Design MSI,2520,WN 2025,GINF,045393,SI,552
04490471,FA 2023,GINF,WN 2025,WN 2025,02003,Information Mas,9445MSI,User Experience Design MSI,2520,WN 2025,GINF,047901,SI,699
04490471,FA 2023,GINF,WN 2025,WN 2025,02003,Information Mas,9445MSI,User Experience Design MSI,2520,WN 2025,GINF,051836,SI,611
05122197,FA 2023,GINF,WN 2025,WN 2025,02003,Information Mas,0775MSI,Big Data Analytics MSI,2460,FA 2023,GINF,041626,SI,664
05122197,FA 2023,GINF,WN 2025,WN 2025,02003,Information Mas,0775MSI,Big Data Analytics MSI,2460,FA 2023,GINF,042091,SI,618
05122197,FA 2023,GINF,WN 2025,WN 2025,02003,Information Mas,0775MSI,Big Data Analytics MSI,2460,FA 2023,GINF,042104,SI,501
05122197,FA 2023,GINF,WN 2025,WN 2025,02003,Information Mas,0775MSI,Big Data Analytics MSI,2460,FA 2023,GINF,047640,SI,507
05122197,FA 2023,GINF,WN 2025,WN 2025,02003,Information Mas,0775MSI,Big Data Analytics MSI,2460,FA 2023,GINF,048129,SI,505
05122197,FA 2023,GINF,WN 2025,WN 2025,02003,Information Mas,0775MSI,Big Data Analytics MSI,2460,FA 2023,GINF,049601,SI,564
05122197,FA 2023,GINF,WN 2025,WN 2025,02003,Information Mas,0775MSI,Big Data Analytics MSI,2460,FA 2023,GINF,050164,SI,504
05122197,FA 2023,GINF,WN 2025,WN 2025,02003,Information Mas,0775MSI,Big Data Analytics MSI,2470,WN 2024,GINF,039178,SI,539
05122197,FA 2023,GINF,WN 2025,WN 2025,02003,Information Mas,0775MSI,Big Data Analytics MSI,2470,WN 2024,GINF,050159,SI,579
05122197,FA 2023,GINF,WN 2025,WN 2025,02003,Information Mas,0775MSI,Big Data Analytics MSI,2470,WN 2024,GINF,050663,SI,568
05122197,FA 2023,GINF,WN 2025,WN 2025,02003,Information Mas,0775MSI,Big Data Analytics MSI,2470,WN 2024,GINF,050983,SI,602
05122197,FA 2023,GINF,WN 2025,WN 2025,02003,Information Mas,0775MSI,Big Data Analytics MSI,2510,FA 2024,GINF,009732,SI,650
05122197,FA 2023,GINF,WN 2025,WN 2025,02003,Information Mas,0775MSI,Big Data Analytics MSI,2510,FA 2024,GINF,016607,SI,544
05122197,FA 2023,GINF,WN 2025,WN 2025,02003,Information Mas,0775MSI,Big Data Analytics MSI,2510,FA 2024,GINF,041934,SI,608
05122197,FA 2023,GINF,WN 2025,WN 2025,02003,Information Mas,0775MSI,Big Data Analytics MSI,2510,FA 2024,GINF,045930,SI,671
05122197,FA 2023,GINF,WN 2025,WN 2025,02003,Information Mas,0775MSI,Big Data Analytics MSI,2510,FA 2024,GINF,047246,SI,506
05122197,FA 2023,GINF,WN 2025,WN 2025,02003,Information Mas,0775MSI,Big Data Analytics MSI,2510,FA 2024,GINF,048487,SI,669
05122197,FA 2023,GINF,WN 2025,WN 2025,02003,Information Mas,0775MSI,Big Data Analytics MSI,2510,FA 2024,GINF,051285,PUBHLTH,555
05122197,FA 2023,GINF,WN 2025,WN 2025,02003,Information Mas,0775MSI,Big Data Analytics MSI,2520,WN 2025,GINF,020934,SI,649
05122197,FA 2023,GINF,WN 2025,WN 2025,02003,Information Mas,0775MSI,Big Data Analytics MSI,2520,WN 2025,GINF,047901,SI,699
05296552,FA 2023,GINF,WN 2025,WN 2025,02003,Information Mas,0775MSI,Big Data Analytics MSI,2460,FA 2023,GINF,009732,SI,650
05296552,FA 2023,GINF,WN 2025,WN 2025,02003,Information Mas,0775MSI,Big Data Analytics MSI,2460,FA 2023,GINF,039178,SI,539
05296552,FA 2023,GINF,WN 2025,WN 2025,02003,Information Mas,0775MSI,Big Data Analytics MSI,2460,FA 2023,GINF,041626,SI,664
05296552,FA 2023,GINF,WN 2025,WN 2025,02003,Information Mas,0775MSI,Big Data Analytics MSI,2460,FA 2023,GINF,042091,SI,618
05296552,FA 2023,GINF,WN 2025,WN 2025,02003,Information Mas,0775MSI,Big Data Analytics MSI,2460,FA 2023,GINF,042104,SI,501
05296552,FA 2023,GINF,WN 2025,WN 2025,02003,Information Mas,0775MSI,Big Data Analytics MSI,2460,FA 2023,GINF,049601,SI,564
05296552,FA 2023,GINF,WN 2025,WN 2025,02003,Information Mas,0775MSI,Big Data Analytics MSI,2470,WN 2024,GINF,040667,SI,681
05296552,FA 2023,GINF,WN 2025,WN 2025,02003,Information Mas,0775MSI,Big Data Analytics MSI,2470,WN 2024,GINF,048147,BA,657
05296552,FA 2023,GINF,WN 2025,WN 2025,02003,Information Mas,0775MSI,Big Data Analytics MSI,2470,WN 2024,GINF,048268,SI,630
05296552,FA 2023,GINF,WN 2025,WN 2025,02003,Information Mas,0775MSI,Big Data Analytics MSI,2470,WN 2024,GINF,048488,SI,559
05296552,FA 2023,GINF,WN 2025,WN 2025,02003,Information Mas,0775MSI,Big Data Analytics MSI,2470,WN 2024,GINF,050663,SI,568
05296552,FA 2023,GINF,WN 2025,WN 2025,02003,Information Mas,0775MSI,Big Data Analytics MSI,2470,WN 2024,GINF,050983,SI,602
05296552,FA 2023,GINF,WN 2025,WN 2025,02003,Information Mas,0775MSI,Big Data Analytics MSI,2510,FA 2024,GINF,021391,SI,511
05296552,FA 2023,GINF,WN 2025,WN 2025,02003,Information Mas,0775MSI,Big Data Analytics MSI,2510,FA 2024,GINF,021629,MKT,608
05296552,FA 2023,GINF,WN 2025,WN 2025,02003,Information Mas,0775MSI,Big Data Analytics MSI,2510,FA 2024,GINF,045930,SI,671
05296552,FA 2023,GINF,WN 2025,WN 2025,02003,Information Mas,0775MSI,Big Data Analytics MSI,2510,FA 2024,GINF,048435,ROB,535
05296552,FA 2023,GINF,WN 2025,WN 2025,02003,Information Mas,0775MSI,Big Data Analytics MSI,2510,FA 2024,GINF,051462,SI,644
05296552,FA 2023,GINF,WN 2025,WN 2025,02003,Information Mas,0775MSI,Big Data Analytics MSI,2520,WN 2025,GINF,047901,SI,699
05382323,FA 2023,GINF,WN 2025,WN 2025,02003,Information Mas,0775MSI,Big Data Analytics MSI,2460,FA 2023,GINF,016607,SI,544
05382323,FA 2023,GINF,WN 2025,WN 2025,02003,Information Mas,0775MSI,Big Data Analytics MSI,2460,FA 2023,GINF,042104,SI,501
05382323,FA 2023,GINF,WN 2025,WN 2025,02003,Information Mas,0775MSI,Big Data Analytics MSI,2460,FA 2023,GINF,047246,SI,506
05382323,FA 2023,GINF,WN 2025,WN 2025,02003,Information Mas,0775MSI,Big Data Analytics MSI,2460,FA 2023,GINF,050164,SI,504
05382323,FA 2023,GINF,WN 2025,WN 2025,02003,Information Mas,0775MSI,Big Data Analytics MSI,2470,WN 2024,GINF,042091,SI,618
05382323,FA 2023,GINF,WN 2025,WN 2025,02003,Information Mas,0775MSI,Big Data Analytics MSI,2470,WN 2024,GINF,047640,SI,507
05382323,FA 2023,GINF,WN 2025,WN 2025,02003,Information Mas,0775MSI,Big Data Analytics MSI,2470,WN 2024,GINF,050663,SI,568
05382323,FA 2023,GINF,WN 2025,WN 2025,02003,Information Mas,0775MSI,Big Data Analytics MSI,2470,WN 2024,GINF,050983,SI,602
05382323,FA 2023,GINF,WN 2025,WN 2025,02003,Information Mas,0775MSI,Big Data Analytics MSI,2510,FA 2024,GINF,020934,SI,649
05382323,FA 2023,GINF,WN 2025,WN 2025,02003,Information Mas,0775MSI,Big Data Analytics MSI,2510,FA 2024,GINF,041626,SI,664
05382323,FA 2023,GINF,WN 2025,WN 2025,02003,Information Mas,0775MSI,Big Data Analytics MSI,2510,FA 2024,GINF,041855,SI,631
05382323,FA 2023,GINF,WN 2025,WN 2025,02003,Information Mas,0775MSI,Big Data Analytics MSI,2510,FA 2024,GINF,041934,SI,608
05382323,FA 2023,GINF,WN 2025,WN 2025,02003,Information Mas,0775MSI,Big Data Analytics MSI,2510,FA 2024,GINF,045930,SI,671
05382323,FA 2023,GINF,WN 2025,WN 2025,02003,Information Mas,0775MSI,Big Data Analytics MSI,2510,FA 2024,GINF,049601,SI,564
05382323,FA 2023,GINF,WN 2025,WN 2025,02003,Information Mas,0775MSI,Big Data Analytics MSI,2520,WN 2025,GINF,020803,SI,643
05382323,FA 2023,GINF,WN 2025,WN 2025,02003,Information Mas,0775MSI,Big Data Analytics MSI,2520,WN 2025,GINF,042809,TO,618
05382323,FA 2023,GINF,WN 2025,WN 2025,02003,Information Mas,0775MSI,Big Data Analytics MSI,2520,WN 2025,GINF,047901,SI,699
05382323,FA 2023,GINF,WN 2025,WN 2025,02003,Information Mas,0775MSI,Big Data Analytics MSI,2520,WN 2025,GINF,049070,TO,638
05486082,FA 2023,GINF,FA 2024,FA 2024,02003,Information Mas,9445MSI,User Experience Design MSI,2460,FA 2023,GINF,017281,SI,588
05486082,FA 2023,GINF,FA 2024,FA 2024,02003,Information Mas,9445MSI,User Experience Design MSI,2460,FA 2023,GINF,021400,SI,520
05486082,FA 2023,GINF,FA 2024,FA 2024,02003,Information Mas,9445MSI,User Experience Design MSI,2460,FA 2023,GINF,039178,SI,539
05486082,FA 2023,GINF,FA 2024,FA 2024,02003,Information Mas,9445MSI,User Experience Design MSI,2460,FA 2023,GINF,044772,SI,582
05486082,FA 2023,GINF,FA 2024,FA 2024,02003,Information Mas,9445MSI,User Experience Design MSI,2460,FA 2023,GINF,047246,SI,506
05486082,FA 2023,GINF,FA 2024,FA 2024,02003,Information Mas,9445MSI,User Experience Design MSI,2470,WN 2024,GINF,020401,SI,622
05486082,FA 2023,GINF,FA 2024,FA 2024,02003,Information Mas,9445MSI,User Experience Design MSI,2470,WN 2024,GINF,021391,SI,511
05486082,FA 2023,GINF,FA 2024,FA 2024,02003,Information Mas,9445MSI,User Experience Design MSI,2470,WN 2024,GINF,043863,SI,612
05486082,FA 2023,GINF,FA 2024,FA 2024,02003,Information Mas,9445MSI,User Experience Design MSI,2470,WN 2024,GINF,047641,SI,540
05486082,FA 2023,GINF,FA 2024,FA 2024,02003,Information Mas,9445MSI,User Experience Design MSI,2470,WN 2024,GINF,048486,SI,659
05486082,FA 2023,GINF,FA 2024,FA 2024,02003,Information Mas,9445MSI,User Experience Design MSI,2470,WN 2024,GINF,048488,SI,559
05486082,FA 2023,GINF,FA 2024,FA 2024,02003,Information Mas,9445MSI,User Experience Design MSI,2510,FA 2024,GINF,041626,SI,664
05486082,FA 2023,GINF,FA 2024,FA 2024,02003,Information Mas,9445MSI,User Experience Design MSI,2510,FA 2024,GINF,041855,SI,631
05486082,FA 2023,GINF,FA 2024,FA 2024,02003,Information Mas,9445MSI,User Experience Design MSI,2510,FA 2024,GINF,042071,SI,563
05486082,FA 2023,GINF,FA 2024,FA 2024,02003,Information Mas,9445MSI,User Experience Design MSI,2510,FA 2024,GINF,043241,SI,657
05486082,FA 2023,GINF,FA 2024,FA 2024,02003,Information Mas,9445MSI,User Experience Design MSI,2510,FA 2024,GINF,047901,SI,699
05486082,FA 2023,GINF,FA 2024,FA 2024,02003,Information Mas,9445MSI,User Experience Design MSI,2510,FA 2024,GINF,048421,ENTR,560
05904579,FA 2023,GINF,WN 2025,WN 2025,02003,Information Mas,0775MSI,Big Data Analytics MSI,2460,FA 2023,GINF,017281,SI,588
05904579,FA 2023,GINF,WN 2025,WN 2025,02003,Information Mas,0775MSI,Big Data Analytics MSI,2460,FA 2023,GINF,042104,SI,501
05904579,FA 2023,GINF,WN 2025,WN 2025,02003,Information Mas,0775MSI,Big Data Analytics MSI,2460,FA 2023,GINF,044772,SI,582
05904579,FA 2023,GINF,WN 2025,WN 2025,02003,Information Mas,0775MSI,Big Data Analytics MSI,2460,FA 2023,GINF,047246,SI,506
05904579,FA 2023,GINF,WN 2025,WN 2025,02003,Information Mas,0775MSI,Big Data Analytics MSI,2460,FA 2023,GINF,048129,SI,505
05904579,FA 2023,GINF,WN 2025,WN 2025,02003,Information Mas,0775MSI,Big Data Analytics MSI,2460,FA 2023,GINF,050164,SI,504
05904579,FA 2023,GINF,WN 2025,WN 2025,02003,Information Mas,0775MSI,Big Data Analytics MSI,2470,WN 2024,GINF,039178,SI,539
05904579,FA 2023,GINF,WN 2025,WN 2025,02003,Information Mas,0775MSI,Big Data Analytics MSI,2470,WN 2024,GINF,042091,SI,618
05904579,FA 2023,GINF,WN 2025,WN 2025,02003,Information Mas,0775MSI,Big Data Analytics MSI,2470,WN 2024,GINF,047640,SI,507
05904579,FA 2023,GINF,WN 2025,WN 2025,02003,Information Mas,0775MSI,Big Data Analytics MSI,2470,WN 2024,GINF,049601,SI,564
05904579,FA 2023,GINF,WN 2025,WN 2025,02003,Information Mas,0775MSI,Big Data Analytics MSI,2470,WN 2024,GINF,050663,SI,568
05904579,FA 2023,GINF,WN 2025,WN 2025,02003,Information Mas,0775MSI,Big Data Analytics MSI,2510,FA 2024,GINF,020934,SI,649
05904579,FA 2023,GINF,WN 2025,WN 2025,02003,Information Mas,0775MSI,Big Data Analytics MSI,2510,FA 2024,GINF,021391,SI,511
05904579,FA 2023,GINF,WN 2025,WN 2025,02003,Information Mas,0775MSI,Big Data Analytics MSI,2510,FA 2024,GINF,041855,SI,631
05904579,FA 2023,GINF,WN 2025,WN 2025,02003,Information Mas,0775MSI,Big Data Analytics MSI,2510,FA 2024,GINF,041934,SI,608
05904579,FA 2023,GINF,WN 2025,WN 2025,02003,Information Mas,0775MSI,Big Data Analytics MSI,2510,FA 2024,GINF,042071,SI,563
05904579,FA 2023,GINF,WN 2025,WN 2025,02003,Information Mas,0775MSI,Big Data Analytics MSI,2510,FA 2024,GINF,045930,SI,671
05904579,FA 2023,GINF,WN 2025,WN 2025,02003,Information Mas,0775MSI,Big Data Analytics MSI,2510,FA 2024,GINF,047071,PUBHLTH,626
05904579,FA 2023,GINF,WN 2025,WN 2025,02003,Information Mas,0775MSI,Big Data Analytics MSI,2520,WN 2025,GINF,047356,LHS,611
05904579,FA 2023,GINF,WN 2025,WN 2025,02003,Information Mas,0775MSI,Big Data Analytics MSI,2520,WN 2025,GINF,047901,SI,699
05904579,FA 2023,GINF,WN 2025,WN 2025,02003,Information Mas,0775MSI,Big Data Analytics MSI,2520,WN 2025,GINF,050659,BE,708
05904579,FA 2023,GINF,WN 2025,WN 2025,02003,Information Mas,0775MSI,Big Data Analytics MSI,2520,WN 2025,GINF,051111,EAS,506
06194995,FA 2023,GINF,WN 2025,WN 2025,02003,Information Mas,9445MSI,User Experience Design MSI,2460,FA 2023,GINF,021400,SI,520
06194995,FA 2023,GINF,WN 2025,WN 2025,02003,Information Mas,9445MSI,User Experience Design MSI,2460,FA 2023,GINF,039178,SI,539
06194995,FA 2023,GINF,WN 2025,WN 2025,02003,Information Mas,9445MSI,User Experience Design MSI,2460,FA 2023,GINF,042104,SI,501
06194995,FA 2023,GINF,WN 2025,WN 2025,02003,Information Mas,9445MSI,User Experience Design MSI,2460,FA 2023,GINF,044772,SI,582
06194995,FA 2023,GINF,WN 2025,WN 2025,02003,Information Mas,9445MSI,User Experience Design MSI,2460,FA 2023,GINF,048129,SI,505
06194995,FA 2023,GINF,WN 2025,WN 2025,02003,Information Mas,9445MSI,User Experience Design MSI,2460,FA 2023,GINF,050164,SI,504
06194995,FA 2023,GINF,WN 2025,WN 2025,02003,Information Mas,9445MSI,User Experience Design MSI,2470,WN 2024,GINF,020401,SI,622
06194995,FA 2023,GINF,WN 2025,WN 2025,02003,Information Mas,9445MSI,User Experience Design MSI,2470,WN 2024,GINF,040667,SI,681
06194995,FA 2023,GINF,WN 2025,WN 2025,02003,Information Mas,9445MSI,User Experience Design MSI,2470,WN 2024,GINF,041957,ENGR,599
06194995,FA 2023,GINF,WN 2025,WN 2025,02003,Information Mas,9445MSI,User Experience Design MSI,2470,WN 2024,GINF,043863,SI,612
06194995,FA 2023,GINF,WN 2025,WN 2025,02003,Information Mas,9445MSI,User Experience Design MSI,2470,WN 2024,GINF,050159,SI,579
06194995,FA 2023,GINF,WN 2025,WN 2025,02003,Information Mas,9445MSI,User Experience Design MSI,2510,FA 2024,GINF,017533,MO,512
06194995,FA 2023,GINF,WN 2025,WN 2025,02003,Information Mas,9445MSI,User Experience Design MSI,2510,FA 2024,GINF,041855,SI,631
06194995,FA 2023,GINF,WN 2025,WN 2025,02003,Information Mas,9445MSI,User Experience Design MSI,2510,FA 2024,GINF,041957,ENGR,599
06194995,FA 2023,GINF,WN 2025,WN 2025,02003,Information Mas,9445MSI,User Experience Design MSI,2510,FA 2024,GINF,046306,SI,616
06194995,FA 2023,GINF,WN 2025,WN 2025,02003,Information Mas,9445MSI,User Experience Design MSI,2510,FA 2024,GINF,048487,SI,669
06194995,FA 2023,GINF,WN 2025,WN 2025,02003,Information Mas,9445MSI,User Experience Design MSI,2520,WN 2025,GINF,047901,SI,699
06194995,FA 2023,GINF,WN 2025,WN 2025,02003,Information Mas,9445MSI,User Experience Design MSI,2520,WN 2025,GINF,051836,SI,611
06415334,FA 2023,GINF,WN 2024,WN 2024,02003,Information Mas,4470MSI9,Information MSI,2460,FA 2023,GINF,001459,SI,690
06415334,FA 2023,GINF,WN 2024,WN 2024,02003,Information Mas,4470MSI9,Information MSI,2460,FA 2023,GINF,042104,SI,501
06415334,FA 2023,GINF,WN 2024,WN 2024,02003,Information Mas,4470MSI9,Information MSI,2460,FA 2023,GINF,043863,SI,612
06415334,FA 2023,GINF,WN 2024,WN 2024,02003,Information Mas,4470MSI9,Information MSI,2460,FA 2023,GINF,045771,SI,684
06415334,FA 2023,GINF,WN 2024,WN 2024,02003,Information Mas,4470MSI9,Information MSI,2460,FA 2023,GINF,046306,SI,616
06415334,FA 2023,GINF,WN 2024,WN 2024,02003,Information Mas,4470MSI9,Information MSI,2460,FA 2023,GINF,048488,SI,559
06415334,FA 2023,GINF,WN 2024,WN 2024,02003,Information Mas,4470MSI9,Information MSI,2470,WN 2024,GINF,020803,SI,643
06415334,FA 2023,GINF,WN 2024,WN 2024,02003,Information Mas,4470MSI9,Information MSI,2470,WN 2024,GINF,047228,ENTR,500
06415334,FA 2023,GINF,WN 2024,WN 2024,02003,Information Mas,4470MSI9,Information MSI,2470,WN 2024,GINF,047234,ENTR,510
06415334,FA 2023,GINF,WN 2024,WN 2024,02003,Information Mas,4470MSI9,Information MSI,2470,WN 2024,GINF,047304,ENTR,550
06415334,FA 2023,GINF,WN 2024,WN 2024,02003,Information Mas,4470MSI9,Information MSI,2470,WN 2024,GINF,047901,SI,699
07913489,FA 2023,GINF,WN 2025,WN 2025,02003,Information Mas,0775MSI,Big Data Analytics MSI,2470,WN 2024,GINF,040667,SI,681
07913489,FA 2023,GINF,WN 2025,WN 2025,02003,Information Mas,0775MSI,Big Data Analytics MSI,2470,WN 2024,GINF,042091,SI,618
07913489,FA 2023,GINF,WN 2025,WN 2025,02003,Information Mas,0775MSI,Big Data Analytics MSI,2470,WN 2024,GINF,050663,SI,568
07913489,FA 2023,GINF,WN 2025,WN 2025,02003,Information Mas,0775MSI,Big Data Analytics MSI,2470,WN 2024,GINF,050983,SI,602
07913489,FA 2023,GINF,WN 2025,WN 2025,02003,Information Mas,0775MSI,Big Data Analytics MSI,2510,FA 2024,GINF,001459,SI,690
07913489,FA 2023,GINF,WN 2025,WN 2025,02003,Information Mas,0775MSI,Big Data Analytics MSI,2510,FA 2024,GINF,020934,SI,649
07913489,FA 2023,GINF,WN 2025,WN 2025,02003,Information Mas,0775MSI,Big Data Analytics MSI,2510,FA 2024,GINF,041934,SI,608
07913489,FA 2023,GINF,WN 2025,WN 2025,02003,Information Mas,0775MSI,Big Data Analytics MSI,2510,FA 2024,GINF,045930,SI,671
07913489,FA 2023,GINF,WN 2025,WN 2025,02003,Information Mas,0775MSI,Big Data Analytics MSI,2510,FA 2024,GINF,050447,SI,624
07913489,FA 2023,GINF,WN 2025,WN 2025,02003,Information Mas,0775MSI,Big Data Analytics MSI,2510,FA 2024,GINF,051462,SI,644
07913489,FA 2023,GINF,WN 2025,WN 2025,02003,Information Mas,0775MSI,Big Data Analytics MSI,2520,WN 2025,GINF,047901,SI,699
08435017,FA 2023,GINF,WN 2025,WN 2025,02003,Information Mas,9445MSI,User Experience Design MSI,2460,FA 2023,GINF,016607,SI,544
08435017,FA 2023,GINF,WN 2025,WN 2025,02003,Information Mas,9445MSI,User Experience Design MSI,2460,FA 2023,GINF,042104,SI,501
08435017,FA 2023,GINF,WN 2025,WN 2025,02003,Information Mas,9445MSI,User Experience Design MSI,2460,FA 2023,GINF,043210,SI,534
08435017,FA 2023,GINF,WN 2025,WN 2025,02003,Information Mas,9445MSI,User Experience Design MSI,2460,FA 2023,GINF,047246,SI,506
08435017,FA 2023,GINF,WN 2025,WN 2025,02003,Information Mas,9445MSI,User Experience Design MSI,2470,WN 2024,GINF,020401,SI,622
08435017,FA 2023,GINF,WN 2025,WN 2025,02003,Information Mas,9445MSI,User Experience Design MSI,2470,WN 2024,GINF,040667,SI,681
08435017,FA 2023,GINF,WN 2025,WN 2025,02003,Information Mas,9445MSI,User Experience Design MSI,2470,WN 2024,GINF,044772,SI,582
08435017,FA 2023,GINF,WN 2025,WN 2025,02003,Information Mas,9445MSI,User Experience Design MSI,2470,WN 2024,GINF,049417,BA,670
08435017,FA 2023,GINF,WN 2025,WN 2025,02003,Information Mas,9445MSI,User Experience Design MSI,2510,FA 2024,GINF,017281,SI,588
08435017,FA 2023,GINF,WN 2025,WN 2025,02003,Information Mas,9445MSI,User Experience Design MSI,2510,FA 2024,GINF,039178,SI,539
08435017,FA 2023,GINF,WN 2025,WN 2025,02003,Information Mas,9445MSI,User Experience Design MSI,2510,FA 2024,GINF,045393,SI,552
08435017,FA 2023,GINF,WN 2025,WN 2025,02003,Information Mas,9445MSI,User Experience Design MSI,2510,FA 2024,GINF,048488,SI,559
08435017,FA 2023,GINF,WN 2025,WN 2025,02003,Information Mas,9445MSI,User Experience Design MSI,2520,WN 2025,GINF,047228,ENTR,500
08435017,FA 2023,GINF,WN 2025,WN 2025,02003,Information Mas,9445MSI,User Experience Design MSI,2520,WN 2025,GINF,047304,ENTR,550
08435017,FA 2023,GINF,WN 2025,WN 2025,02003,Information Mas,9445MSI,User Experience Design MSI,2520,WN 2025,GINF,047901,SI,699
08785112,FA 2023,GINF,WN 2025,WN 2025,02003,Information Mas,9455MSI,User-Centered Agile Dev MSI,2460,FA 2023,GINF,017281,SI,588
08785112,FA 2023,GINF,WN 2025,WN 2025,02003,Information Mas,9455MSI,User-Centered Agile Dev MSI,2460,FA 2023,GINF,040369,PAT,515
08785112,FA 2023,GINF,WN 2025,WN 2025,02003,Information Mas,9455MSI,User-Centered Agile Dev MSI,2460,FA 2023,GINF,042104,SI,501
08785112,FA 2023,GINF,WN 2025,WN 2025,02003,Information Mas,9455MSI,User-Centered Agile Dev MSI,2460,FA 2023,GINF,044772,SI,582
08785112,FA 2023,GINF,WN 2025,WN 2025,02003,Information Mas,9455MSI,User-Centered Agile Dev MSI,2460,FA 2023,GINF,047246,SI,506
08785112,FA 2023,GINF,WN 2025,WN 2025,02003,Information Mas,9455MSI,User-Centered Agile Dev MSI,2470,WN 2024,GINF,007395,ARCH,509
08785112,FA 2023,GINF,WN 2025,WN 2025,02003,Information Mas,9455MSI,User-Centered Agile Dev MSI,2470,WN 2024,GINF,020401,SI,622
08785112,FA 2023,GINF,WN 2025,WN 2025,02003,Information Mas,9455MSI,User-Centered Agile Dev MSI,2470,WN 2024,GINF,021391,SI,511
08785112,FA 2023,GINF,WN 2025,WN 2025,02003,Information Mas,9455MSI,User-Centered Agile Dev MSI,2470,WN 2024,GINF,040667,SI,681
08785112,FA 2023,GINF,WN 2025,WN 2025,02003,Information Mas,9455MSI,User-Centered Agile Dev MSI,2470,WN 2024,GINF,048486,SI,659
08785112,FA 2023,GINF,WN 2025,WN 2025,02003,Information Mas,9455MSI,User-Centered Agile Dev MSI,2470,WN 2024,GINF,051455,SI,569
08785112,FA 2023,GINF,WN 2025,WN 2025,02003,Information Mas,9455MSI,User-Centered Agile Dev MSI,2510,FA 2024,GINF,039178,SI,539
08785112,FA 2023,GINF,WN 2025,WN 2025,02003,Information Mas,9455MSI,User-Centered Agile Dev MSI,2510,FA 2024,GINF,048487,SI,669
08785112,FA 2023,GINF,WN 2025,WN 2025,02003,Information Mas,9455MSI,User-Centered Agile Dev MSI,2510,FA 2024,GINF,048488,SI,559
08785112,FA 2023,GINF,WN 2025,WN 2025,02003,Information Mas,9455MSI,User-Centered Agile Dev MSI,2510,FA 2024,GINF,050159,SI,579
08785112,FA 2023,GINF,WN 2025,WN 2025,02003,Information Mas,9455MSI,User-Centered Agile Dev MSI,2520,WN 2025,GINF,047901,SI,699
09185308,FA 2023,GINF,WN 2025,WN 2025,02003,Information Mas,4470MSI9,Information MSI,2460,FA 2023,GINF,009731,SI,580
09185308,FA 2023,GINF,WN 2025,WN 2025,02003,Information Mas,4470MSI9,Information MSI,2460,FA 2023,GINF,042104,SI,501
09185308,FA 2023,GINF,WN 2025,WN 2025,02003,Information Mas,4470MSI9,Information MSI,2460,FA 2023,GINF,047246,SI,506
09185308,FA 2023,GINF,WN 2025,WN 2025,02003,Information Mas,4470MSI9,Information MSI,2460,FA 2023,GINF,048831,SI,547
09185308,FA 2023,GINF,WN 2025,WN 2025,02003,Information Mas,4470MSI9,Information MSI,2470,WN 2024,GINF,020803,SI,643
09185308,FA 2023,GINF,WN 2025,WN 2025,02003,Information Mas,4470MSI9,Information MSI,2470,WN 2024,GINF,039979,SI,623
09185308,FA 2023,GINF,WN 2025,WN 2025,02003,Information Mas,4470MSI9,Information MSI,2470,WN 2024,GINF,040667,SI,681
09185308,FA 2023,GINF,WN 2025,WN 2025,02003,Information Mas,4470MSI9,Information MSI,2470,WN 2024,GINF,050162,SI,510
09185308,FA 2023,GINF,WN 2025,WN 2025,02003,Information Mas,4470MSI9,Information MSI,2470,WN 2024,GINF,050165,SI,585
09185308,FA 2023,GINF,WN 2025,WN 2025,02003,Information Mas,4470MSI9,Information MSI,2510,FA 2024,GINF,021042,SI,647
09185308,FA 2023,GINF,WN 2025,WN 2025,02003,Information Mas,4470MSI9,Information MSI,2510,FA 2024,GINF,021045,SI,666
09185308,FA 2023,GINF,WN 2025,WN 2025,02003,Information Mas,4470MSI9,Information MSI,2510,FA 2024,GINF,038948,SI,632
09185308,FA 2023,GINF,WN 2025,WN 2025,02003,Information Mas,4470MSI9,Information MSI,2510,FA 2024,GINF,050028,SI,583
09185308,FA 2023,GINF,WN 2025,WN 2025,02003,Information Mas,4470MSI9,Information MSI,2520,WN 2025,GINF,047901,SI,699
09185308,FA 2023,GINF,WN 2025,WN 2025,02003,Information Mas,4470MSI9,Information MSI,2520,WN 2025,GINF,048280,SI,667
09185308,FA 2023,GINF,WN 2025,WN 2025,02003,Information Mas,4470MSI9,Information MSI,2520,WN 2025,GINF,051074,SI,626
10146333,FA 2023,GINF,WN 2025,WN 2025,02003,Information Mas,0775MSI,Big Data Analytics MSI,2460,FA 2023,GINF,039178,SI,539
10146333,FA 2023,GINF,WN 2025,WN 2025,02003,Information Mas,0775MSI,Big Data Analytics MSI,2460,FA 2023,GINF,042091,SI,618
10146333,FA 2023,GINF,WN 2025,WN 2025,02003,Information Mas,0775MSI,Big Data Analytics MSI,2460,FA 2023,GINF,042104,SI,501
10146333,FA 2023,GINF,WN 2025,WN 2025,02003,Information Mas,0775MSI,Big Data Analytics MSI,2460,FA 2023,GINF,047640,SI,507
10146333,FA 2023,GINF,WN 2025,WN 2025,02003,Information Mas,0775MSI,Big Data Analytics MSI,2460,FA 2023,GINF,050164,SI,504
10146333,FA 2023,GINF,WN 2025,WN 2025,02003,Information Mas,0775MSI,Big Data Analytics MSI,2470,WN 2024,GINF,020934,SI,649
10146333,FA 2023,GINF,WN 2025,WN 2025,02003,Information Mas,0775MSI,Big Data Analytics MSI,2470,WN 2024,GINF,040667,SI,681
10146333,FA 2023,GINF,WN 2025,WN 2025,02003,Information Mas,0775MSI,Big Data Analytics MSI,2470,WN 2024,GINF,041626,SI,664
10146333,FA 2023,GINF,WN 2025,WN 2025,02003,Information Mas,0775MSI,Big Data Analytics MSI,2470,WN 2024,GINF,048268,SI,630
10146333,FA 2023,GINF,WN 2025,WN 2025,02003,Information Mas,0775MSI,Big Data Analytics MSI,2470,WN 2024,GINF,049601,SI,564
10146333,FA 2023,GINF,WN 2025,WN 2025,02003,Information Mas,0775MSI,Big Data Analytics MSI,2470,WN 2024,GINF,050663,SI,568
10146333,FA 2023,GINF,WN 2025,WN 2025,02003,Information Mas,0775MSI,Big Data Analytics MSI,2470,WN 2024,GINF,050983,SI,602
10146333,FA 2023,GINF,WN 2025,WN 2025,02003,Information Mas,0775MSI,Big Data Analytics MSI,2510,FA 2024,GINF,009732,SI,650
10146333,FA 2023,GINF,WN 2025,WN 2025,02003,Information Mas,0775MSI,Big Data Analytics MSI,2510,FA 2024,GINF,045930,SI,671
10146333,FA 2023,GINF,WN 2025,WN 2025,02003,Information Mas,0775MSI,Big Data Analytics MSI,2510,FA 2024,GINF,048500,SI,670
10146333,FA 2023,GINF,WN 2025,WN 2025,02003,Information Mas,0775MSI,Big Data Analytics MSI,2510,FA 2024,GINF,051462,SI,644
10146333,FA 2023,GINF,WN 2025,WN 2025,02003,Information Mas,0775MSI,Big Data Analytics MSI,2520,WN 2025,GINF,047246,SI,506
10146333,FA 2023,GINF,WN 2025,WN 2025,02003,Information Mas,0775MSI,Big Data Analytics MSI,2520,WN 2025,GINF,047901,SI,699
10146333,FA 2023,GINF,WN 2025,WN 2025,02003,Information Mas,0775MSI,Big Data Analytics MSI,2520,WN 2025,GINF,048141,DATASCI,513
10498259,FA 2023,GINF,WN 2025,WN 2025,02003,Information Mas,9445MSI,User Experience Design MSI,2460,FA 2023,GINF,039081,SI,529
10498259,FA 2023,GINF,WN 2025,WN 2025,02003,Information Mas,9445MSI,User Experience Design MSI,2460,FA 2023,GINF,042104,SI,501
10498259,FA 2023,GINF,WN 2025,WN 2025,02003,Information Mas,9445MSI,User Experience Design MSI,2460,FA 2023,GINF,044772,SI,582
10498259,FA 2023,GINF,WN 2025,WN 2025,02003,Information Mas,9445MSI,User Experience Design MSI,2460,FA 2023,GINF,047246,SI,506
10498259,FA 2023,GINF,WN 2025,WN 2025,02003,Information Mas,9445MSI,User Experience Design MSI,2470,WN 2024,GINF,020401,SI,622
10498259,FA 2023,GINF,WN 2025,WN 2025,02003,Information Mas,9445MSI,User Experience Design MSI,2470,WN 2024,GINF,021391,SI,511
10498259,FA 2023,GINF,WN 2025,WN 2025,02003,Information Mas,9445MSI,User Experience Design MSI,2470,WN 2024,GINF,039178,SI,539
10498259,FA 2023,GINF,WN 2025,WN 2025,02003,Information Mas,9445MSI,User Experience Design MSI,2470,WN 2024,GINF,047641,SI,540
10498259,FA 2023,GINF,WN 2025,WN 2025,02003,Information Mas,9445MSI,User Experience Design MSI,2470,WN 2024,GINF,050162,SI,510
10498259,FA 2023,GINF,WN 2025,WN 2025,02003,Information Mas,9445MSI,User Experience Design MSI,2510,FA 2024,GINF,017281,SI,588
10498259,FA 2023,GINF,WN 2025,WN 2025,02003,Information Mas,9445MSI,User Experience Design MSI,2510,FA 2024,GINF,021400,SI,520
10498259,FA 2023,GINF,WN 2025,WN 2025,02003,Information Mas,9445MSI,User Experience Design MSI,2510,FA 2024,GINF,043210,SI,534
10498259,FA 2023,GINF,WN 2025,WN 2025,02003,Information Mas,9445MSI,User Experience Design MSI,2510,FA 2024,GINF,045393,SI,552
10498259,FA 2023,GINF,WN 2025,WN 2025,02003,Information Mas,9445MSI,User Experience Design MSI,2510,FA 2024,GINF,047892,SI,605
10498259,FA 2023,GINF,WN 2025,WN 2025,02003,Information Mas,9445MSI,User Experience Design MSI,2520,WN 2025,GINF,019169,MKT,603
10498259,FA 2023,GINF,WN 2025,WN 2025,02003,Information Mas,9445MSI,User Experience Design MSI,2520,WN 2025,GINF,046306,SI,616
10498259,FA 2023,GINF,WN 2025,WN 2025,02003,Information Mas,9445MSI,User Experience Design MSI,2520,WN 2025,GINF,047901,SI,699
10498259,FA 2023,GINF,WN 2025,WN 2025,02003,Information Mas,9445MSI,User Experience Design MSI,2520,WN 2025,GINF,049082,SI,682
10498259,FA 2023,GINF,WN 2025,WN 2025,02003,Information Mas,9445MSI,User Experience Design MSI,2520,WN 2025,GINF,051836,SI,611
10810569,FA 2023,GINF,WN 2025,WN 2025,02003,Information Mas,9445MSI,User Experience Design MSI,2460,FA 2023,GINF,017281,SI,588
10810569,FA 2023,GINF,WN 2025,WN 2025,02003,Information Mas,9445MSI,User Experience Design MSI,2460,FA 2023,GINF,042104,SI,501
10810569,FA 2023,GINF,WN 2025,WN 2025,02003,Information Mas,9445MSI,User Experience Design MSI,2460,FA 2023,GINF,044772,SI,582
10810569,FA 2023,GINF,WN 2025,WN 2025,02003,Information Mas,9445MSI,User Experience Design MSI,2460,FA 2023,GINF,047246,SI,506
10810569,FA 2023,GINF,WN 2025,WN 2025,02003,Information Mas,9445MSI,User Experience Design MSI,2470,WN 2024,GINF,020401,SI,622
10810569,FA 2023,GINF,WN 2025,WN 2025,02003,Information Mas,9445MSI,User Experience Design MSI,2470,WN 2024,GINF,039178,SI,539
10810569,FA 2023,GINF,WN 2025,WN 2025,02003,Information Mas,9445MSI,User Experience Design MSI,2470,WN 2024,GINF,047640,SI,507
10810569,FA 2023,GINF,WN 2025,WN 2025,02003,Information Mas,9445MSI,User Experience Design MSI,2470,WN 2024,GINF,049417,BA,670
10810569,FA 2023,GINF,WN 2025,WN 2025,02003,Information Mas,9445MSI,User Experience Design MSI,2470,WN 2024,GINF,051454,SI,594
10810569,FA 2023,GINF,WN 2025,WN 2025,02003,Information Mas,9445MSI,User Experience Design MSI,2510,FA 2024,GINF,021400,SI,520
10810569,FA 2023,GINF,WN 2025,WN 2025,02003,Information Mas,9445MSI,User Experience Design MSI,2510,FA 2024,GINF,042071,SI,563
10810569,FA 2023,GINF,WN 2025,WN 2025,02003,Information Mas,9445MSI,User Experience Design MSI,2510,FA 2024,GINF,043863,SI,612
10810569,FA 2023,GINF,WN 2025,WN 2025,02003,Information Mas,9445MSI,User Experience Design MSI,2510,FA 2024,GINF,048488,SI,559
10810569,FA 2023,GINF,WN 2025,WN 2025,02003,Information Mas,9445MSI,User Experience Design MSI,2520,WN 2025,GINF,001459,SI,690
10810569,FA 2023,GINF,WN 2025,WN 2025,02003,Information Mas,9445MSI,User Experience Design MSI,2520,WN 2025,GINF,046306,SI,616
10810569,FA 2023,GINF,WN 2025,WN 2025,02003,Information Mas,9445MSI,User Experience Design MSI,2520,WN 2025,GINF,047901,SI,699
10810569,FA 2023,GINF,WN 2025,WN 2025,02003,Information Mas,9445MSI,User Experience Design MSI,2520,WN 2025,GINF,048486,SI,659
10810569,FA 2023,GINF,WN 2025,WN 2025,02003,Information Mas,9445MSI,User Experience Design MSI,2520,WN 2025,GINF,051836,SI,611
12185279,FA 2023,GINF,WN 2025,WN 2025,02003,Information Mas,0775MSI,Big Data Analytics MSI,2460,FA 2023,GINF,009732,SI,650
12185279,FA 2023,GINF,WN 2025,WN 2025,02003,Information Mas,0775MSI,Big Data Analytics MSI,2460,FA 2023,GINF,042071,SI,563
12185279,FA 2023,GINF,WN 2025,WN 2025,02003,Information Mas,0775MSI,Big Data Analytics MSI,2460,FA 2023,GINF,042091,SI,618
12185279,FA 2023,GINF,WN 2025,WN 2025,02003,Information Mas,0775MSI,Big Data Analytics MSI,2460,FA 2023,GINF,042104,SI,501
12185279,FA 2023,GINF,WN 2025,WN 2025,02003,Information Mas,0775MSI,Big Data Analytics MSI,2460,FA 2023,GINF,049601,SI,564
12185279,FA 2023,GINF,WN 2025,WN 2025,02003,Information Mas,0775MSI,Big Data Analytics MSI,2460,FA 2023,GINF,050164,SI,504
12185279,FA 2023,GINF,WN 2025,WN 2025,02003,Information Mas,0775MSI,Big Data Analytics MSI,2470,WN 2024,GINF,020934,SI,649
12185279,FA 2023,GINF,WN 2025,WN 2025,02003,Information Mas,0775MSI,Big Data Analytics MSI,2470,WN 2024,GINF,039178,SI,539
12185279,FA 2023,GINF,WN 2025,WN 2025,02003,Information Mas,0775MSI,Big Data Analytics MSI,2470,WN 2024,GINF,040667,SI,681
12185279,FA 2023,GINF,WN 2025,WN 2025,02003,Information Mas,0775MSI,Big Data Analytics MSI,2470,WN 2024,GINF,041626,SI,664
12185279,FA 2023,GINF,WN 2025,WN 2025,02003,Information Mas,0775MSI,Big Data Analytics MSI,2470,WN 2024,GINF,048141,STATS,513
12185279,FA 2023,GINF,WN 2025,WN 2025,02003,Information Mas,0775MSI,Big Data Analytics MSI,2470,WN 2024,GINF,050663,SI,568
12185279,FA 2023,GINF,WN 2025,WN 2025,02003,Information Mas,0775MSI,Big Data Analytics MSI,2470,WN 2024,GINF,050983,SI,602
12185279,FA 2023,GINF,WN 2025,WN 2025,02003,Information Mas,0775MSI,Big Data Analytics MSI,2510,FA 2024,GINF,038659,SI,519
12185279,FA 2023,GINF,WN 2025,WN 2025,02003,Information Mas,0775MSI,Big Data Analytics MSI,2510,FA 2024,GINF,045930,SI,671
12185279,FA 2023,GINF,WN 2025,WN 2025,02003,Information Mas,0775MSI,Big Data Analytics MSI,2510,FA 2024,GINF,048500,SI,670
12185279,FA 2023,GINF,WN 2025,WN 2025,02003,Information Mas,0775MSI,Big Data Analytics MSI,2510,FA 2024,GINF,051462,SI,644
12185279,FA 2023,GINF,WN 2025,WN 2025,02003,Information Mas,0775MSI,Big Data Analytics MSI,2520,WN 2025,GINF,047901,SI,699
12391528,FA 2023,GINF,WN 2025,WN 2025,02003,Information Mas,9445MSI,User Experience Design MSI,2460,FA 2023,GINF,017281,SI,588
12391528,FA 2023,GINF,WN 2025,WN 2025,02003,Information Mas,9445MSI,User Experience Design MSI,2460,FA 2023,GINF,039178,SI,539
12391528,FA 2023,GINF,WN 2025,WN 2025,02003,Information Mas,9445MSI,User Experience Design MSI,2460,FA 2023,GINF,042104,SI,501
12391528,FA 2023,GINF,WN 2025,WN 2025,02003,Information Mas,9445MSI,User Experience Design MSI,2460,FA 2023,GINF,044772,SI,582
12391528,FA 2023,GINF,WN 2025,WN 2025,02003,Information Mas,9445MSI,User Experience Design MSI,2470,WN 2024,GINF,020401,SI,622
12391528,FA 2023,GINF,WN 2025,WN 2025,02003,Information Mas,9445MSI,User Experience Design MSI,2470,WN 2024,GINF,021391,SI,511
12391528,FA 2023,GINF,WN 2025,WN 2025,02003,Information Mas,9445MSI,User Experience Design MSI,2470,WN 2024,GINF,039081,SI,529
12391528,FA 2023,GINF,WN 2025,WN 2025,02003,Information Mas,9445MSI,User Experience Design MSI,2470,WN 2024,GINF,040667,SI,681
12391528,FA 2023,GINF,WN 2025,WN 2025,02003,Information Mas,9445MSI,User Experience Design MSI,2470,WN 2024,GINF,043863,SI,612
12391528,FA 2023,GINF,WN 2025,WN 2025,02003,Information Mas,9445MSI,User Experience Design MSI,2470,WN 2024,GINF,050164,SI,504
12391528,FA 2023,GINF,WN 2025,WN 2025,02003,Information Mas,9445MSI,User Experience Design MSI,2510,FA 2024,GINF,021391,SI,511
12391528,FA 2023,GINF,WN 2025,WN 2025,02003,Information Mas,9445MSI,User Experience Design MSI,2510,FA 2024,GINF,021400,SI,520
12391528,FA 2023,GINF,WN 2025,WN 2025,02003,Information Mas,9445MSI,User Experience Design MSI,2510,FA 2024,GINF,048488,SI,559
12391528,FA 2023,GINF,WN 2025,WN 2025,02003,Information Mas,9445MSI,User Experience Design MSI,2520,WN 2025,GINF,022099,SI,658
12391528,FA 2023,GINF,WN 2025,WN 2025,02003,Information Mas,9445MSI,User Experience Design MSI,2520,WN 2025,GINF,047901,SI,699
12391528,FA 2023,GINF,WN 2025,WN 2025,02003,Information Mas,9445MSI,User Experience Design MSI,2520,WN 2025,GINF,051836,SI,611
12400690,FA 2023,GINF,WN 2025,WN 2025,02003,Information Mas,9445MSI,User Experience Design MSI,2460,FA 2023,GINF,042104,SI,501
12400690,FA 2023,GINF,WN 2025,WN 2025,02003,Information Mas,9445MSI,User Experience Design MSI,2460,FA 2023,GINF,044772,SI,582
12400690,FA 2023,GINF,WN 2025,WN 2025,02003,Information Mas,9445MSI,User Experience Design MSI,2460,FA 2023,GINF,047246,SI,506
12400690,FA 2023,GINF,WN 2025,WN 2025,02003,Information Mas,9445MSI,User Experience Design MSI,2460,FA 2023,GINF,048488,SI,559
12400690,FA 2023,GINF,WN 2025,WN 2025,02003,Information Mas,9445MSI,User Experience Design MSI,2470,WN 2024,GINF,020401,SI,622
12400690,FA 2023,GINF,WN 2025,WN 2025,02003,Information Mas,9445MSI,User Experience Design MSI,2470,WN 2024,GINF,021400,SI,520
12400690,FA 2023,GINF,WN 2025,WN 2025,02003,Information Mas,9445MSI,User Experience Design MSI,2470,WN 2024,GINF,022099,SI,658
12400690,FA 2023,GINF,WN 2025,WN 2025,02003,Information Mas,9445MSI,User Experience Design MSI,2470,WN 2024,GINF,039178,SI,539
12400690,FA 2023,GINF,WN 2025,WN 2025,02003,Information Mas,9445MSI,User Experience Design MSI,2470,WN 2024,GINF,040667,SI,681
12400690,FA 2023,GINF,WN 2025,WN 2025,02003,Information Mas,9445MSI,User Experience Design MSI,2510,FA 2024,GINF,017281,SI,588
12400690,FA 2023,GINF,WN 2025,WN 2025,02003,Information Mas,9445MSI,User Experience Design MSI,2510,FA 2024,GINF,021391,SI,511
12400690,FA 2023,GINF,WN 2025,WN 2025,02003,Information Mas,9445MSI,User Experience Design MSI,2510,FA 2024,GINF,041855,SI,631
12400690,FA 2023,GINF,WN 2025,WN 2025,02003,Information Mas,9445MSI,User Experience Design MSI,2510,FA 2024,GINF,045393,SI,552
12400690,FA 2023,GINF,WN 2025,WN 2025,02003,Information Mas,9445MSI,User Experience Design MSI,2520,WN 2025,GINF,021391,SI,511
12400690,FA 2023,GINF,WN 2025,WN 2025,02003,Information Mas,9445MSI,User Experience Design MSI,2520,WN 2025,GINF,047228,ENTR,500
12400690,FA 2023,GINF,WN 2025,WN 2025,02003,Information Mas,9445MSI,User Experience Design MSI,2520,WN 2025,GINF,047901,SI,699
12400690,FA 2023,GINF,WN 2025,WN 2025,02003,Information Mas,9445MSI,User Experience Design MSI,2520,WN 2025,GINF,048129,SI,505
12400690,FA 2023,GINF,WN 2025,WN 2025,02003,Information Mas,9445MSI,User Experience Design MSI,2520,WN 2025,GINF,049070,TO,638
12400690,FA 2023,GINF,WN 2025,WN 2025,02003,Information Mas,9445MSI,User Experience Design MSI,2520,WN 2025,GINF,051836,SI,611
12400690,FA 2023,GINF,WN 2025,WN 2025,02003,Information Mas,9445MSI,User Experience Design MSI,2520,WN 2025,GINF,051902,PAT,505
12796894,FA 2023,GINF,WN 2025,WN 2025,02003,Information Mas,9445MSI,User Experience Design MSI,2460,FA 2023,GINF,017281,SI,588
12796894,FA 2023,GINF,WN 2025,WN 2025,02003,Information Mas,9445MSI,User Experience Design MSI,2460,FA 2023,GINF,042104,SI,501
12796894,FA 2023,GINF,WN 2025,WN 2025,02003,Information Mas,9445MSI,User Experience Design MSI,2460,FA 2023,GINF,044772,SI,582
12796894,FA 2023,GINF,WN 2025,WN 2025,02003,Information Mas,9445MSI,User Experience Design MSI,2460,FA 2023,GINF,047246,SI,506
12796894,FA 2023,GINF,WN 2025,WN 2025,02003,Information Mas,9445MSI,User Experience Design MSI,2470,WN 2024,GINF,012772,SI,548
12796894,FA 2023,GINF,WN 2025,WN 2025,02003,Information Mas,9445MSI,User Experience Design MSI,2470,WN 2024,GINF,020401,SI,622
12796894,FA 2023,GINF,WN 2025,WN 2025,02003,Information Mas,9445MSI,User Experience Design MSI,2470,WN 2024,GINF,021400,SI,520
12796894,FA 2023,GINF,WN 2025,WN 2025,02003,Information Mas,9445MSI,User Experience Design MSI,2470,WN 2024,GINF,039178,SI,539
12796894,FA 2023,GINF,WN 2025,WN 2025,02003,Information Mas,9445MSI,User Experience Design MSI,2470,WN 2024,GINF,040667,SI,681
12796894,FA 2023,GINF,WN 2025,WN 2025,02003,Information Mas,9445MSI,User Experience Design MSI,2470,WN 2024,GINF,050136,UARTS,560
12796894,FA 2023,GINF,WN 2025,WN 2025,02003,Information Mas,9445MSI,User Experience Design MSI,2510,FA 2024,GINF,001459,SI,690
12796894,FA 2023,GINF,WN 2025,WN 2025,02003,Information Mas,9445MSI,User Experience Design MSI,2510,FA 2024,GINF,043863,SI,612
12796894,FA 2023,GINF,WN 2025,WN 2025,02003,Information Mas,9445MSI,User Experience Design MSI,2510,FA 2024,GINF,048488,SI,559
12796894,FA 2023,GINF,WN 2025,WN 2025,02003,Information Mas,9445MSI,User Experience Design MSI,2520,WN 2025,GINF,001459,SI,690
12796894,FA 2023,GINF,WN 2025,WN 2025,02003,Information Mas,9445MSI,User Experience Design MSI,2520,WN 2025,GINF,047901,SI,699
12796894,FA 2023,GINF,WN 2025,WN 2025,02003,Information Mas,9445MSI,User Experience Design MSI,2520,WN 2025,GINF,051454,SI,594
13132097,FA 2023,GINF,WN 2025,WN 2025,02003,Information Mas,0775MSI,Big Data Analytics MSI,2460,FA 2023,GINF,016607,SI,544
13132097,FA 2023,GINF,WN 2025,WN 2025,02003,Information Mas,0775MSI,Big Data Analytics MSI,2460,FA 2023,GINF,042104,SI,501
13132097,FA 2023,GINF,WN 2025,WN 2025,02003,Information Mas,0775MSI,Big Data Analytics MSI,2460,FA 2023,GINF,047246,SI,506
13132097,FA 2023,GINF,WN 2025,WN 2025,02003,Information Mas,0775MSI,Big Data Analytics MSI,2460,FA 2023,GINF,050164,SI,504
13132097,FA 2023,GINF,WN 2025,WN 2025,02003,Information Mas,0775MSI,Big Data Analytics MSI,2470,WN 2024,GINF,042091,SI,618
13132097,FA 2023,GINF,WN 2025,WN 2025,02003,Information Mas,0775MSI,Big Data Analytics MSI,2470,WN 2024,GINF,047640,SI,507
13132097,FA 2023,GINF,WN 2025,WN 2025,02003,Information Mas,0775MSI,Big Data Analytics MSI,2470,WN 2024,GINF,050663,SI,568
13132097,FA 2023,GINF,WN 2025,WN 2025,02003,Information Mas,0775MSI,Big Data Analytics MSI,2470,WN 2024,GINF,050983,SI,602
13132097,FA 2023,GINF,WN 2025,WN 2025,02003,Information Mas,0775MSI,Big Data Analytics MSI,2510,FA 2024,GINF,018217,POLSCI,598
13132097,FA 2023,GINF,WN 2025,WN 2025,02003,Information Mas,0775MSI,Big Data Analytics MSI,2510,FA 2024,GINF,045930,SI,671
13132097,FA 2023,GINF,WN 2025,WN 2025,02003,Information Mas,0775MSI,Big Data Analytics MSI,2520,WN 2025,GINF,020934,SI,649
13132097,FA 2023,GINF,WN 2025,WN 2025,02003,Information Mas,0775MSI,Big Data Analytics MSI,2520,WN 2025,GINF,021033,SI,652
13132097,FA 2023,GINF,WN 2025,WN 2025,02003,Information Mas,0775MSI,Big Data Analytics MSI,2520,WN 2025,GINF,022099,SI,658
13132097,FA 2023,GINF,WN 2025,WN 2025,02003,Information Mas,0775MSI,Big Data Analytics MSI,2520,WN 2025,GINF,047901,SI,699
13132097,FA 2023,GINF,WN 2025,WN 2025,02003,Information Mas,0775MSI,Big Data Analytics MSI,2520,WN 2025,GINF,048268,SI,630
13266228,FA 2023,GINF,WN 2025,WN 2025,02003,Information Mas,9445MSI,User Experience Design MSI,2460,FA 2023,GINF,017281,SI,588
13266228,FA 2023,GINF,WN 2025,WN 2025,02003,Information Mas,9445MSI,User Experience Design MSI,2460,FA 2023,GINF,039178,SI,539
13266228,FA 2023,GINF,WN 2025,WN 2025,02003,Information Mas,9445MSI,User Experience Design MSI,2460,FA 2023,GINF,042104,SI,501
13266228,FA 2023,GINF,WN 2025,WN 2025,02003,Information Mas,9445MSI,User Experience Design MSI,2460,FA 2023,GINF,044772,SI,582
13266228,FA 2023,GINF,WN 2025,WN 2025,02003,Information Mas,9445MSI,User Experience Design MSI,2460,FA 2023,GINF,047246,SI,506
13266228,FA 2023,GINF,WN 2025,WN 2025,02003,Information Mas,9445MSI,User Experience Design MSI,2470,WN 2024,GINF,012472,PIANO,110
13266228,FA 2023,GINF,WN 2025,WN 2025,02003,Information Mas,9445MSI,User Experience Design MSI,2470,WN 2024,GINF,020401,SI,622
13266228,FA 2023,GINF,WN 2025,WN 2025,02003,Information Mas,9445MSI,User Experience Design MSI,2470,WN 2024,GINF,021400,SI,520
13266228,FA 2023,GINF,WN 2025,WN 2025,02003,Information Mas,9445MSI,User Experience Design MSI,2470,WN 2024,GINF,039979,SI,623
13266228,FA 2023,GINF,WN 2025,WN 2025,02003,Information Mas,9445MSI,User Experience Design MSI,2470,WN 2024,GINF,040667,SI,681
13266228,FA 2023,GINF,WN 2025,WN 2025,02003,Information Mas,9445MSI,User Experience Design MSI,2470,WN 2024,GINF,041957,ENGR,599
13266228,FA 2023,GINF,WN 2025,WN 2025,02003,Information Mas,9445MSI,User Experience Design MSI,2510,FA 2024,GINF,017281,SI,588
13266228,FA 2023,GINF,WN 2025,WN 2025,02003,Information Mas,9445MSI,User Experience Design MSI,2510,FA 2024,GINF,041957,ENGR,599
13266228,FA 2023,GINF,WN 2025,WN 2025,02003,Information Mas,9445MSI,User Experience Design MSI,2510,FA 2024,GINF,047640,SI,507
13266228,FA 2023,GINF,WN 2025,WN 2025,02003,Information Mas,9445MSI,User Experience Design MSI,2510,FA 2024,GINF,050159,SI,579
13266228,FA 2023,GINF,WN 2025,WN 2025,02003,Information Mas,9445MSI,User Experience Design MSI,2510,FA 2024,GINF,050164,SI,504
13266228,FA 2023,GINF,WN 2025,WN 2025,02003,Information Mas,9445MSI,User Experience Design MSI,2520,WN 2025,GINF,022099,SI,658
13266228,FA 2023,GINF,WN 2025,WN 2025,02003,Information Mas,9445MSI,User Experience Design MSI,2520,WN 2025,GINF,045393,SI,552
13266228,FA 2023,GINF,WN 2025,WN 2025,02003,Information Mas,9445MSI,User Experience Design MSI,2520,WN 2025,GINF,047901,SI,699
13266228,FA 2023,GINF,WN 2025,WN 2025,02003,Information Mas,9445MSI,User Experience Design MSI,2520,WN 2025,GINF,051836,SI,611
13514570,FA 2023,GINF,WN 2025,WN 2025,02003,Information Mas,9445MSI,User Experience Design MSI,2460,FA 2023,GINF,039178,SI,539
13514570,FA 2023,GINF,WN 2025,WN 2025,02003,Information Mas,9445MSI,User Experience Design MSI,2460,FA 2023,GINF,042104,SI,501
13514570,FA 2023,GINF,WN 2025,WN 2025,02003,Information Mas,9445MSI,User Experience Design MSI,2460,FA 2023,GINF,044772,SI,582
13514570,FA 2023,GINF,WN 2025,WN 2025,02003,Information Mas,9445MSI,User Experience Design MSI,2460,FA 2023,GINF,050159,SI,579
13514570,FA 2023,GINF,WN 2025,WN 2025,02003,Information Mas,9445MSI,User Experience Design MSI,2470,WN 2024,GINF,021400,SI,520
13514570,FA 2023,GINF,WN 2025,WN 2025,02003,Information Mas,9445MSI,User Experience Design MSI,2470,WN 2024,GINF,022099,SI,658
13514570,FA 2023,GINF,WN 2025,WN 2025,02003,Information Mas,9445MSI,User Experience Design MSI,2470,WN 2024,GINF,040667,SI,681
13514570,FA 2023,GINF,WN 2025,WN 2025,02003,Information Mas,9445MSI,User Experience Design MSI,2470,WN 2024,GINF,043863,SI,612
13514570,FA 2023,GINF,WN 2025,WN 2025,02003,Information Mas,9445MSI,User Experience Design MSI,2510,FA 2024,GINF,045393,SI,552
13514570,FA 2023,GINF,WN 2025,WN 2025,02003,Information Mas,9445MSI,User Experience Design MSI,2510,FA 2024,GINF,047901,SI,699
13514570,FA 2023,GINF,WN 2025,WN 2025,02003,Information Mas,9445MSI,User Experience Design MSI,2510,FA 2024,GINF,048487,SI,669
13514570,FA 2023,GINF,WN 2025,WN 2025,02003,Information Mas,9445MSI,User Experience Design MSI,2510,FA 2024,GINF,048488,SI,559
13514570,FA 2023,GINF,WN 2025,WN 2025,02003,Information Mas,9445MSI,User Experience Design MSI,2520,WN 2025,GINF,001459,SI,690
13514570,FA 2023,GINF,WN 2025,WN 2025,02003,Information Mas,9445MSI,User Experience Design MSI,2520,WN 2025,GINF,021050,SI,691
13514570,FA 2023,GINF,WN 2025,WN 2025,02003,Information Mas,9445MSI,User Experience Design MSI,2520,WN 2025,GINF,051454,SI,594
14390965,FA 2023,GINF,SU 2025,SU 2025,02003,Information Mas,5005MSI,Master's ThesisOption Prog MSI,2460,FA 2023,GINF,017281,SI,588
14390965,FA 2023,GINF,SU 2025,SU 2025,02003,Information Mas,5005MSI,Master's ThesisOption Prog MSI,2460,FA 2023,GINF,042104,SI,501
14390965,FA 2023,GINF,SU 2025,SU 2025,02003,Information Mas,5005MSI,Master's ThesisOption Prog MSI,2460,FA 2023,GINF,044772,SI,582
14390965,FA 2023,GINF,SU 2025,SU 2025,02003,Information Mas,5005MSI,Master's ThesisOption Prog MSI,2460,FA 2023,GINF,047246,SI,506
14390965,FA 2023,GINF,SU 2025,SU 2025,02003,Information Mas,5005MSI,Master's ThesisOption Prog MSI,2470,WN 2024,GINF,020401,SI,622
14390965,FA 2023,GINF,SU 2025,SU 2025,02003,Information Mas,5005MSI,Master's ThesisOption Prog MSI,2470,WN 2024,GINF,021391,SI,511
14390965,FA 2023,GINF,SU 2025,SU 2025,02003,Information Mas,5005MSI,Master's ThesisOption Prog MSI,2470,WN 2024,GINF,039178,SI,539
14390965,FA 2023,GINF,SU 2025,SU 2025,02003,Information Mas,5005MSI,Master's ThesisOption Prog MSI,2470,WN 2024,GINF,045732,SI,554
14390965,FA 2023,GINF,SU 2025,SU 2025,02003,Information Mas,5005MSI,Master's ThesisOption Prog MSI,2470,WN 2024,GINF,048488,SI,559
14390965,FA 2023,GINF,SU 2025,SU 2025,02003,Information Mas,5005MSI,Master's ThesisOption Prog MSI,2510,FA 2024,GINF,021391,SI,511
14390965,FA 2023,GINF,SU 2025,SU 2025,02003,Information Mas,5005MSI,Master's ThesisOption Prog MSI,2510,FA 2024,GINF,045393,SI,552
14390965,FA 2023,GINF,SU 2025,SU 2025,02003,Information Mas,5005MSI,Master's ThesisOption Prog MSI,2510,FA 2024,GINF,047892,SI,605
14390965,FA 2023,GINF,SU 2025,SU 2025,02003,Information Mas,5005MSI,Master's ThesisOption Prog MSI,2510,FA 2024,GINF,049365,SI,697
14390965,FA 2023,GINF,SU 2025,SU 2025,02003,Information Mas,5005MSI,Master's ThesisOption Prog MSI,2520,WN 2025,GINF,041626,SI,664
14390965,FA 2023,GINF,SU 2025,SU 2025,02003,Information Mas,5005MSI,Master's ThesisOption Prog MSI,2520,WN 2025,GINF,047641,SI,540
14390965,FA 2023,GINF,SU 2025,SU 2025,02003,Information Mas,5005MSI,Master's ThesisOption Prog MSI,2520,WN 2025,GINF,049040,SI,698
14390965,FA 2023,GINF,SU 2025,SU 2025,02003,Information Mas,5005MSI,Master's ThesisOption Prog MSI,2520,WN 2025,GINF,050164,SI,504
15683829,FA 2023,GINF,WN 2025,WN 2025,02003,Information Mas,4470MSI9,Information MSI,2460,FA 2023,GINF,021045,SI,666
15683829,FA 2023,GINF,WN 2025,WN 2025,02003,Information Mas,4470MSI9,Information MSI,2460,FA 2023,GINF,039178,SI,539
15683829,FA 2023,GINF,WN 2025,WN 2025,02003,Information Mas,4470MSI9,Information MSI,2460,FA 2023,GINF,042104,SI,501
15683829,FA 2023,GINF,WN 2025,WN 2025,02003,Information Mas,4470MSI9,Information MSI,2460,FA 2023,GINF,047246,SI,506
15683829,FA 2023,GINF,WN 2025,WN 2025,02003,Information Mas,4470MSI9,Information MSI,2470,WN 2024,GINF,042324,SI,639
15683829,FA 2023,GINF,WN 2025,WN 2025,02003,Information Mas,4470MSI9,Information MSI,2470,WN 2024,GINF,047640,SI,507
15683829,FA 2023,GINF,WN 2025,WN 2025,02003,Information Mas,4470MSI9,Information MSI,2470,WN 2024,GINF,048280,SI,667
15683829,FA 2023,GINF,WN 2025,WN 2025,02003,Information Mas,4470MSI9,Information MSI,2470,WN 2024,GINF,049601,SI,564
15683829,FA 2023,GINF,WN 2025,WN 2025,02003,Information Mas,4470MSI9,Information MSI,2470,WN 2024,GINF,050164,SI,504
15683829,FA 2023,GINF,WN 2025,WN 2025,02003,Information Mas,4470MSI9,Information MSI,2510,FA 2024,GINF,009731,SI,580
15683829,FA 2023,GINF,WN 2025,WN 2025,02003,Information Mas,4470MSI9,Information MSI,2510,FA 2024,GINF,041626,SI,664
15683829,FA 2023,GINF,WN 2025,WN 2025,02003,Information Mas,4470MSI9,Information MSI,2510,FA 2024,GINF,050159,SI,579
15683829,FA 2023,GINF,WN 2025,WN 2025,02003,Information Mas,4470MSI9,Information MSI,2510,FA 2024,GINF,050161,SI,676
15683829,FA 2023,GINF,WN 2025,WN 2025,02003,Information Mas,4470MSI9,Information MSI,2520,WN 2025,GINF,047901,SI,699
15683829,FA 2023,GINF,WN 2025,WN 2025,02003,Information Mas,4470MSI9,Information MSI,2520,WN 2025,GINF,048488,SI,559
15683829,FA 2023,GINF,WN 2025,WN 2025,02003,Information Mas,4470MSI9,Information MSI,2520,WN 2025,GINF,048870,DATASCI,507
15683829,FA 2023,GINF,WN 2025,WN 2025,02003,Information Mas,4470MSI9,Information MSI,2520,WN 2025,GINF,050162,SI,510
15683829,FA 2023,GINF,WN 2025,WN 2025,02003,Information Mas,4470MSI9,Information MSI,2520,WN 2025,GINF,051462,SI,644
16313702,FA 2023,GINF,WN 2025,WN 2025,02003,Information Mas,9445MSI,User Experience Design MSI,2460,FA 2023,GINF,021400,SI,520
16313702,FA 2023,GINF,WN 2025,WN 2025,02003,Information Mas,9445MSI,User Experience Design MSI,2460,FA 2023,GINF,039081,SI,529
16313702,FA 2023,GINF,WN 2025,WN 2025,02003,Information Mas,9445MSI,User Experience Design MSI,2460,FA 2023,GINF,044772,SI,582
16313702,FA 2023,GINF,WN 2025,WN 2025,02003,Information Mas,9445MSI,User Experience Design MSI,2460,FA 2023,GINF,047246,SI,506
16313702,FA 2023,GINF,WN 2025,WN 2025,02003,Information Mas,9445MSI,User Experience Design MSI,2470,WN 2024,GINF,012472,PIANO,110
16313702,FA 2023,GINF,WN 2025,WN 2025,02003,Information Mas,9445MSI,User Experience Design MSI,2470,WN 2024,GINF,020401,SI,622
16313702,FA 2023,GINF,WN 2025,WN 2025,02003,Information Mas,9445MSI,User Experience Design MSI,2470,WN 2024,GINF,021391,SI,511
16313702,FA 2023,GINF,WN 2025,WN 2025,02003,Information Mas,9445MSI,User Experience Design MSI,2470,WN 2024,GINF,022099,SI,658
16313702,FA 2023,GINF,WN 2025,WN 2025,02003,Information Mas,9445MSI,User Experience Design MSI,2470,WN 2024,GINF,039178,SI,539
16313702,FA 2023,GINF,WN 2025,WN 2025,02003,Information Mas,9445MSI,User Experience Design MSI,2470,WN 2024,GINF,040667,SI,681
16313702,FA 2023,GINF,WN 2025,WN 2025,02003,Information Mas,9445MSI,User Experience Design MSI,2510,FA 2024,GINF,003736,MKT,625
16313702,FA 2023,GINF,WN 2025,WN 2025,02003,Information Mas,9445MSI,User Experience Design MSI,2510,FA 2024,GINF,017281,SI,588
16313702,FA 2023,GINF,WN 2025,WN 2025,02003,Information Mas,9445MSI,User Experience Design MSI,2510,FA 2024,GINF,047232,ENTR,530
16313702,FA 2023,GINF,WN 2025,WN 2025,02003,Information Mas,9445MSI,User Experience Design MSI,2510,FA 2024,GINF,048129,SI,505
16313702,FA 2023,GINF,WN 2025,WN 2025,02003,Information Mas,9445MSI,User Experience Design MSI,2520,WN 2025,GINF,047901,SI,699
16313702,FA 2023,GINF,WN 2025,WN 2025,02003,Information Mas,9445MSI,User Experience Design MSI,2520,WN 2025,GINF,048514,WELLNESS,512
16313702,FA 2023,GINF,WN 2025,WN 2025,02003,Information Mas,9445MSI,User Experience Design MSI,2520,WN 2025,GINF,051454,SI,594
16313702,FA 2023,GINF,WN 2025,WN 2025,02003,Information Mas,9445MSI,User Experience Design MSI,2520,WN 2025,GINF,051836,SI,611
16336938,FA 2023,GINF,WN 2025,WN 2025,02003,Information Mas,4470MSI9,Information MSI,2460,FA 2023,GINF,009731,SI,580
16336938,FA 2023,GINF,WN 2025,WN 2025,02003,Information Mas,4470MSI9,Information MSI,2460,FA 2023,GINF,039178,SI,539
16336938,FA 2023,GINF,WN 2025,WN 2025,02003,Information Mas,4470MSI9,Information MSI,2460,FA 2023,GINF,042104,SI,501
16336938,FA 2023,GINF,WN 2025,WN 2025,02003,Information Mas,4470MSI9,Information MSI,2460,FA 2023,GINF,048129,SI,505
16336938,FA 2023,GINF,WN 2025,WN 2025,02003,Information Mas,4470MSI9,Information MSI,2460,FA 2023,GINF,048831,SI,547
16336938,FA 2023,GINF,WN 2025,WN 2025,02003,Information Mas,4470MSI9,Information MSI,2470,WN 2024,GINF,020803,SI,643
16336938,FA 2023,GINF,WN 2025,WN 2025,02003,Information Mas,4470MSI9,Information MSI,2470,WN 2024,GINF,040667,SI,681
16336938,FA 2023,GINF,WN 2025,WN 2025,02003,Information Mas,4470MSI9,Information MSI,2470,WN 2024,GINF,042324,SI,639
16336938,FA 2023,GINF,WN 2025,WN 2025,02003,Information Mas,4470MSI9,Information MSI,2470,WN 2024,GINF,048280,SI,667
16336938,FA 2023,GINF,WN 2025,WN 2025,02003,Information Mas,4470MSI9,Information MSI,2470,WN 2024,GINF,049601,SI,564
16336938,FA 2023,GINF,WN 2025,WN 2025,02003,Information Mas,4470MSI9,Information MSI,2470,WN 2024,GINF,050162,SI,510
16336938,FA 2023,GINF,WN 2025,WN 2025,02003,Information Mas,4470MSI9,Information MSI,2470,WN 2024,GINF,050164,SI,504
16336938,FA 2023,GINF,WN 2025,WN 2025,02003,Information Mas,4470MSI9,Information MSI,2510,FA 2024,GINF,021045,SI,666
16336938,FA 2023,GINF,WN 2025,WN 2025,02003,Information Mas,4470MSI9,Information MSI,2510,FA 2024,GINF,043241,SI,657
16336938,FA 2023,GINF,WN 2025,WN 2025,02003,Information Mas,4470MSI9,Information MSI,2510,FA 2024,GINF,050161,SI,676
16336938,FA 2023,GINF,WN 2025,WN 2025,02003,Information Mas,4470MSI9,Information MSI,2510,FA 2024,GINF,051462,SI,644
16336938,FA 2023,GINF,WN 2025,WN 2025,02003,Information Mas,4470MSI9,Information MSI,2520,WN 2025,GINF,047641,SI,540
16336938,FA 2023,GINF,WN 2025,WN 2025,02003,Information Mas,4470MSI9,Information MSI,2520,WN 2025,GINF,047901,SI,699
16336938,FA 2023,GINF,WN 2025,WN 2025,02003,Information Mas,4470MSI9,Information MSI,2520,WN 2025,GINF,051074,SI,626
16524330,FA 2023,GINF,WN 2025,WN 2025,02003,Information Mas,5005MSI,Master's ThesisOption Prog MSI,2460,FA 2023,GINF,017281,SI,588
16524330,FA 2023,GINF,WN 2025,WN 2025,02003,Information Mas,5005MSI,Master's ThesisOption Prog MSI,2460,FA 2023,GINF,042104,SI,501
16524330,FA 2023,GINF,WN 2025,WN 2025,02003,Information Mas,5005MSI,Master's ThesisOption Prog MSI,2460,FA 2023,GINF,043574,SW,503
16524330,FA 2023,GINF,WN 2025,WN 2025,02003,Information Mas,5005MSI,Master's ThesisOption Prog MSI,2460,FA 2023,GINF,044772,SI,582
16524330,FA 2023,GINF,WN 2025,WN 2025,02003,Information Mas,5005MSI,Master's ThesisOption Prog MSI,2460,FA 2023,GINF,047246,SI,506
16524330,FA 2023,GINF,WN 2025,WN 2025,02003,Information Mas,5005MSI,Master's ThesisOption Prog MSI,2460,FA 2023,GINF,048129,SI,505
16524330,FA 2023,GINF,WN 2025,WN 2025,02003,Information Mas,5005MSI,Master's ThesisOption Prog MSI,2470,WN 2024,GINF,020401,SI,622
16524330,FA 2023,GINF,WN 2025,WN 2025,02003,Information Mas,5005MSI,Master's ThesisOption Prog MSI,2470,WN 2024,GINF,021400,SI,520
16524330,FA 2023,GINF,WN 2025,WN 2025,02003,Information Mas,5005MSI,Master's ThesisOption Prog MSI,2470,WN 2024,GINF,039178,SI,539
16524330,FA 2023,GINF,WN 2025,WN 2025,02003,Information Mas,5005MSI,Master's ThesisOption Prog MSI,2470,WN 2024,GINF,049417,BA,670
16524330,FA 2023,GINF,WN 2025,WN 2025,02003,Information Mas,5005MSI,Master's ThesisOption Prog MSI,2510,FA 2024,GINF,021050,SI,691
16524330,FA 2023,GINF,WN 2025,WN 2025,02003,Information Mas,5005MSI,Master's ThesisOption Prog MSI,2510,FA 2024,GINF,021391,SI,511
16524330,FA 2023,GINF,WN 2025,WN 2025,02003,Information Mas,5005MSI,Master's ThesisOption Prog MSI,2510,FA 2024,GINF,045687,SI,538
16524330,FA 2023,GINF,WN 2025,WN 2025,02003,Information Mas,5005MSI,Master's ThesisOption Prog MSI,2510,FA 2024,GINF,049365,SI,697
16524330,FA 2023,GINF,WN 2025,WN 2025,02003,Information Mas,5005MSI,Master's ThesisOption Prog MSI,2520,WN 2025,GINF,039543,PUBPOL,750
16524330,FA 2023,GINF,WN 2025,WN 2025,02003,Information Mas,5005MSI,Master's ThesisOption Prog MSI,2520,WN 2025,GINF,040408,WRITING,630
16524330,FA 2023,GINF,WN 2025,WN 2025,02003,Information Mas,5005MSI,Master's ThesisOption Prog MSI,2520,WN 2025,GINF,049040,SI,698
16524330,FA 2023,GINF,WN 2025,WN 2025,02003,Information Mas,5005MSI,Master's ThesisOption Prog MSI,2520,WN 2025,GINF,049082,SI,682
16772641,FA 2023,GINF,WN 2024,WN 2024,02003,Information Mas,4470MSI9,Information MSI,2460,FA 2023,GINF,001459,SI,690
16772641,FA 2023,GINF,WN 2024,WN 2024,02003,Information Mas,4470MSI9,Information MSI,2460,FA 2023,GINF,009732,SI,650
16772641,FA 2023,GINF,WN 2024,WN 2024,02003,Information Mas,4470MSI9,Information MSI,2460,FA 2023,GINF,020934,SI,649
16772641,FA 2023,GINF,WN 2024,WN 2024,02003,Information Mas,4470MSI9,Information MSI,2460,FA 2023,GINF,048488,SI,559
16772641,FA 2023,GINF,WN 2024,WN 2024,02003,Information Mas,4470MSI9,Information MSI,2460,FA 2023,GINF,048500,SI,670
16772641,FA 2023,GINF,WN 2024,WN 2024,02003,Information Mas,4470MSI9,Information MSI,2470,WN 2024,GINF,001459,SI,690
16772641,FA 2023,GINF,WN 2024,WN 2024,02003,Information Mas,4470MSI9,Information MSI,2470,WN 2024,GINF,020803,SI,643
16772641,FA 2023,GINF,WN 2024,WN 2024,02003,Information Mas,4470MSI9,Information MSI,2470,WN 2024,GINF,022326,SI,581
16772641,FA 2023,GINF,WN 2024,WN 2024,02003,Information Mas,4470MSI9,Information MSI,2470,WN 2024,GINF,039081,SI,529
16772641,FA 2023,GINF,WN 2024,WN 2024,02003,Information Mas,4470MSI9,Information MSI,2470,WN 2024,GINF,047901,SI,699
16772641,FA 2023,GINF,WN 2024,WN 2024,02003,Information Mas,4470MSI9,Information MSI,2470,WN 2024,GINF,050663,SI,568
16895612,FA 2023,GINF,WN 2025,WN 2025,02003,Information Mas,4470MSI9,Information MSI,2460,FA 2023,GINF,017281,SI,588
16895612,FA 2023,GINF,WN 2025,WN 2025,02003,Information Mas,4470MSI9,Information MSI,2460,FA 2023,GINF,021045,SI,666
16895612,FA 2023,GINF,WN 2025,WN 2025,02003,Information Mas,4470MSI9,Information MSI,2460,FA 2023,GINF,042104,SI,501
16895612,FA 2023,GINF,WN 2025,WN 2025,02003,Information Mas,4470MSI9,Information MSI,2460,FA 2023,GINF,044772,SI,582
16895612,FA 2023,GINF,WN 2025,WN 2025,02003,Information Mas,4470MSI9,Information MSI,2460,FA 2023,GINF,047246,SI,506
16895612,FA 2023,GINF,WN 2025,WN 2025,02003,Information Mas,4470MSI9,Information MSI,2470,WN 2024,GINF,020401,SI,622
16895612,FA 2023,GINF,WN 2025,WN 2025,02003,Information Mas,4470MSI9,Information MSI,2470,WN 2024,GINF,039178,SI,539
16895612,FA 2023,GINF,WN 2025,WN 2025,02003,Information Mas,4470MSI9,Information MSI,2470,WN 2024,GINF,047640,SI,507
16895612,FA 2023,GINF,WN 2025,WN 2025,02003,Information Mas,4470MSI9,Information MSI,2470,WN 2024,GINF,050159,SI,579
16895612,FA 2023,GINF,WN 2025,WN 2025,02003,Information Mas,4470MSI9,Information MSI,2470,WN 2024,GINF,050164,SI,504
16895612,FA 2023,GINF,WN 2025,WN 2025,02003,Information Mas,4470MSI9,Information MSI,2510,FA 2024,GINF,009731,SI,580
16895612,FA 2023,GINF,WN 2025,WN 2025,02003,Information Mas,4470MSI9,Information MSI,2510,FA 2024,GINF,041626,SI,664
16895612,FA 2023,GINF,WN 2025,WN 2025,02003,Information Mas,4470MSI9,Information MSI,2510,FA 2024,GINF,050161,SI,676
16895612,FA 2023,GINF,WN 2025,WN 2025,02003,Information Mas,4470MSI9,Information MSI,2510,FA 2024,GINF,050163,SI,633
16895612,FA 2023,GINF,WN 2025,WN 2025,02003,Information Mas,4470MSI9,Information MSI,2520,WN 2025,GINF,047901,SI,699
16895612,FA 2023,GINF,WN 2025,WN 2025,02003,Information Mas,4470MSI9,Information MSI,2520,WN 2025,GINF,048280,SI,667
16895612,FA 2023,GINF,WN 2025,WN 2025,02003,Information Mas,4470MSI9,Information MSI,2520,WN 2025,GINF,050162,SI,510
17030482,FA 2023,GINF,WN 2025,WN 2025,02003,Information Mas,9455MSI,User-Centered Agile Dev MSI,2460,FA 2023,GINF,042091,SI,618
17030482,FA 2023,GINF,WN 2025,WN 2025,02003,Information Mas,9455MSI,User-Centered Agile Dev MSI,2460,FA 2023,GINF,042104,SI,501
17030482,FA 2023,GINF,WN 2025,WN 2025,02003,Information Mas,9455MSI,User-Centered Agile Dev MSI,2460,FA 2023,GINF,044772,SI,582
17030482,FA 2023,GINF,WN 2025,WN 2025,02003,Information Mas,9455MSI,User-Centered Agile Dev MSI,2460,FA 2023,GINF,046369,TO,640
17030482,FA 2023,GINF,WN 2025,WN 2025,02003,Information Mas,9455MSI,User-Centered Agile Dev MSI,2460,FA 2023,GINF,047246,SI,506
17030482,FA 2023,GINF,WN 2025,WN 2025,02003,Information Mas,9455MSI,User-Centered Agile Dev MSI,2460,FA 2023,GINF,049601,SI,564
17030482,FA 2023,GINF,WN 2025,WN 2025,02003,Information Mas,9455MSI,User-Centered Agile Dev MSI,2470,WN 2024,GINF,020401,SI,622
17030482,FA 2023,GINF,WN 2025,WN 2025,02003,Information Mas,9455MSI,User-Centered Agile Dev MSI,2470,WN 2024,GINF,020934,EECS,548
17030482,FA 2023,GINF,WN 2025,WN 2025,02003,Information Mas,9455MSI,User-Centered Agile Dev MSI,2470,WN 2024,GINF,040667,SI,681
17030482,FA 2023,GINF,WN 2025,WN 2025,02003,Information Mas,9455MSI,User-Centered Agile Dev MSI,2470,WN 2024,GINF,041626,SI,664
17030482,FA 2023,GINF,WN 2025,WN 2025,02003,Information Mas,9455MSI,User-Centered Agile Dev MSI,2470,WN 2024,GINF,050159,SI,579
17030482,FA 2023,GINF,WN 2025,WN 2025,02003,Information Mas,9455MSI,User-Centered Agile Dev MSI,2470,WN 2024,GINF,050164,SI,504
17030482,FA 2023,GINF,WN 2025,WN 2025,02003,Information Mas,9455MSI,User-Centered Agile Dev MSI,2470,WN 2024,GINF,051469,TO,538
17030482,FA 2023,GINF,WN 2025,WN 2025,02003,Information Mas,9455MSI,User-Centered Agile Dev MSI,2510,FA 2024,GINF,003736,ES,605
17030482,FA 2023,GINF,WN 2025,WN 2025,02003,Information Mas,9455MSI,User-Centered Agile Dev MSI,2510,FA 2024,GINF,017281,SI,588
17030482,FA 2023,GINF,WN 2025,WN 2025,02003,Information Mas,9455MSI,User-Centered Agile Dev MSI,2510,FA 2024,GINF,021391,SI,511
17030482,FA 2023,GINF,WN 2025,WN 2025,02003,Information Mas,9455MSI,User-Centered Agile Dev MSI,2510,FA 2024,GINF,041855,SI,631
17030482,FA 2023,GINF,WN 2025,WN 2025,02003,Information Mas,9455MSI,User-Centered Agile Dev MSI,2510,FA 2024,GINF,044600,MO,620
17030482,FA 2023,GINF,WN 2025,WN 2025,02003,Information Mas,9455MSI,User-Centered Agile Dev MSI,2510,FA 2024,GINF,048129,SI,505
17030482,FA 2023,GINF,WN 2025,WN 2025,02003,Information Mas,9455MSI,User-Centered Agile Dev MSI,2510,FA 2024,GINF,048500,SI,670
17030482,FA 2023,GINF,WN 2025,WN 2025,02003,Information Mas,9455MSI,User-Centered Agile Dev MSI,2520,WN 2025,GINF,047901,SI,699
17954447,FA 2023,GINF,WN 2025,WN 2025,02003,Information Mas,4470MSI9,Information MSI,2460,FA 2023,GINF,009731,SI,580
17954447,FA 2023,GINF,WN 2025,WN 2025,02003,Information Mas,4470MSI9,Information MSI,2460,FA 2023,GINF,021045,SI,666
17954447,FA 2023,GINF,WN 2025,WN 2025,02003,Information Mas,4470MSI9,Information MSI,2460,FA 2023,GINF,042104,SI,501
17954447,FA 2023,GINF,WN 2025,WN 2025,02003,Information Mas,4470MSI9,Information MSI,2460,FA 2023,GINF,047246,SI,506
17954447,FA 2023,GINF,WN 2025,WN 2025,02003,Information Mas,4470MSI9,Information MSI,2470,WN 2024,GINF,039979,SI,623
17954447,FA 2023,GINF,WN 2025,WN 2025,02003,Information Mas,4470MSI9,Information MSI,2470,WN 2024,GINF,040667,SI,681
17954447,FA 2023,GINF,WN 2025,WN 2025,02003,Information Mas,4470MSI9,Information MSI,2470,WN 2024,GINF,048280,SI,667
17954447,FA 2023,GINF,WN 2025,WN 2025,02003,Information Mas,4470MSI9,Information MSI,2470,WN 2024,GINF,050162,SI,510
17954447,FA 2023,GINF,WN 2025,WN 2025,02003,Information Mas,4470MSI9,Information MSI,2470,WN 2024,GINF,050165,SI,585
17954447,FA 2023,GINF,WN 2025,WN 2025,02003,Information Mas,4470MSI9,Information MSI,2510,FA 2024,GINF,038948,SI,632
17954447,FA 2023,GINF,WN 2025,WN 2025,02003,Information Mas,4470MSI9,Information MSI,2510,FA 2024,GINF,049601,SI,564
17954447,FA 2023,GINF,WN 2025,WN 2025,02003,Information Mas,4470MSI9,Information MSI,2510,FA 2024,GINF,050028,SI,583
17954447,FA 2023,GINF,WN 2025,WN 2025,02003,Information Mas,4470MSI9,Information MSI,2510,FA 2024,GINF,050163,SI,633
17954447,FA 2023,GINF,WN 2025,WN 2025,02003,Information Mas,4470MSI9,Information MSI,2520,WN 2025,GINF,020803,SI,643
17954447,FA 2023,GINF,WN 2025,WN 2025,02003,Information Mas,4470MSI9,Information MSI,2520,WN 2025,GINF,022326,SI,581
17954447,FA 2023,GINF,WN 2025,WN 2025,02003,Information Mas,4470MSI9,Information MSI,2520,WN 2025,GINF,042324,SI,639
17954447,FA 2023,GINF,WN 2025,WN 2025,02003,Information Mas,4470MSI9,Information MSI,2520,WN 2025,GINF,047901,SI,699
18453834,FA 2023,GINF,WN 2025,WN 2025,02003,Information Mas,9445MSI,User Experience Design MSI,2460,FA 2023,GINF,017281,SI,588
18453834,FA 2023,GINF,WN 2025,WN 2025,02003,Information Mas,9445MSI,User Experience Design MSI,2460,FA 2023,GINF,042104,SI,501
18453834,FA 2023,GINF,WN 2025,WN 2025,02003,Information Mas,9445MSI,User Experience Design MSI,2460,FA 2023,GINF,044772,SI,582
18453834,FA 2023,GINF,WN 2025,WN 2025,02003,Information Mas,9445MSI,User Experience Design MSI,2460,FA 2023,GINF,047246,SI,506
18453834,FA 2023,GINF,WN 2025,WN 2025,02003,Information Mas,9445MSI,User Experience Design MSI,2470,WN 2024,GINF,020401,SI,622
18453834,FA 2023,GINF,WN 2025,WN 2025,02003,Information Mas,9445MSI,User Experience Design MSI,2470,WN 2024,GINF,021400,SI,520
18453834,FA 2023,GINF,WN 2025,WN 2025,02003,Information Mas,9445MSI,User Experience Design MSI,2470,WN 2024,GINF,022099,SI,658
18453834,FA 2023,GINF,WN 2025,WN 2025,02003,Information Mas,9445MSI,User Experience Design MSI,2470,WN 2024,GINF,039178,SI,539
18453834,FA 2023,GINF,WN 2025,WN 2025,02003,Information Mas,9445MSI,User Experience Design MSI,2470,WN 2024,GINF,040667,SI,681
18453834,FA 2023,GINF,WN 2025,WN 2025,02003,Information Mas,9445MSI,User Experience Design MSI,2510,FA 2024,GINF,041626,SI,664
18453834,FA 2023,GINF,WN 2025,WN 2025,02003,Information Mas,9445MSI,User Experience Design MSI,2510,FA 2024,GINF,045393,SI,552
18453834,FA 2023,GINF,WN 2025,WN 2025,02003,Information Mas,9445MSI,User Experience Design MSI,2510,FA 2024,GINF,045771,SI,684
18453834,FA 2023,GINF,WN 2025,WN 2025,02003,Information Mas,9445MSI,User Experience Design MSI,2510,FA 2024,GINF,046306,SI,616
18453834,FA 2023,GINF,WN 2025,WN 2025,02003,Information Mas,9445MSI,User Experience Design MSI,2520,WN 2025,GINF,041044,ELI,510
18453834,FA 2023,GINF,WN 2025,WN 2025,02003,Information Mas,9445MSI,User Experience Design MSI,2520,WN 2025,GINF,047901,SI,699
19097863,FA 2023,GINF,WN 2027, ,02003,Information Mas,9445MSI,User Experience Design MSI,2460,FA 2023,GINF,017281,SI,588
19097863,FA 2023,GINF,WN 2027, ,02003,Information Mas,9445MSI,User Experience Design MSI,2460,FA 2023,GINF,042104,SI,501
19097863,FA 2023,GINF,WN 2027, ,02003,Information Mas,9445MSI,User Experience Design MSI,2460,FA 2023,GINF,044772,SI,582
19097863,FA 2023,GINF,WN 2027, ,02003,Information Mas,9445MSI,User Experience Design MSI,2460,FA 2023,GINF,047246,SI,506
19097863,FA 2023,GINF,WN 2027, ,02003,Information Mas,9445MSI,User Experience Design MSI,2470,WN 2024,GINF,020401,SI,622
19097863,FA 2023,GINF,WN 2027, ,02003,Information Mas,9445MSI,User Experience Design MSI,2470,WN 2024,GINF,021400,SI,520
19097863,FA 2023,GINF,WN 2027, ,02003,Information Mas,9445MSI,User Experience Design MSI,2470,WN 2024,GINF,039178,SI,539
19097863,FA 2023,GINF,WN 2027, ,02003,Information Mas,9445MSI,User Experience Design MSI,2470,WN 2024,GINF,051454,SI,594
19097863,FA 2023,GINF,WN 2027, ,02003,Information Mas,9445MSI,User Experience Design MSI,2510,FA 2024,GINF,019903,TO,548
19097863,FA 2023,GINF,WN 2027, ,02003,Information Mas,9445MSI,User Experience Design MSI,2510,FA 2024,GINF,020379,IOE,548
19097863,FA 2023,GINF,WN 2027, ,02003,Information Mas,9445MSI,User Experience Design MSI,2510,FA 2024,GINF,021391,SI,511
19097863,FA 2023,GINF,WN 2027, ,02003,Information Mas,9445MSI,User Experience Design MSI,2510,FA 2024,GINF,045771,SI,684
19097863,FA 2023,GINF,WN 2027, ,02003,Information Mas,9445MSI,User Experience Design MSI,2510,FA 2024,GINF,048129,SI,505
19097863,FA 2023,GINF,WN 2027, ,02003,Information Mas,9445MSI,User Experience Design MSI,2520,WN 2025,GINF,017533,MO,512
19097863,FA 2023,GINF,WN 2027, ,02003,Information Mas,9445MSI,User Experience Design MSI,2520,WN 2025,GINF,047901,SI,699
19097863,FA 2023,GINF,WN 2027, ,02003,Information Mas,9445MSI,User Experience Design MSI,2520,WN 2025,GINF,051836,SI,611
19150618,FA 2023,GINF,WN 2025,WN 2025,02003,Information Mas,4470MSI9,Information MSI,2460,FA 2023,GINF,009731,SI,580
19150618,FA 2023,GINF,WN 2025,WN 2025,02003,Information Mas,4470MSI9,Information MSI,2460,FA 2023,GINF,021045,SI,666
19150618,FA 2023,GINF,WN 2025,WN 2025,02003,Information Mas,4470MSI9,Information MSI,2460,FA 2023,GINF,042104,SI,501
19150618,FA 2023,GINF,WN 2025,WN 2025,02003,Information Mas,4470MSI9,Information MSI,2460,FA 2023,GINF,047246,SI,506
19150618,FA 2023,GINF,WN 2025,WN 2025,02003,Information Mas,4470MSI9,Information MSI,2470,WN 2024,GINF,022326,SI,581
19150618,FA 2023,GINF,WN 2025,WN 2025,02003,Information Mas,4470MSI9,Information MSI,2470,WN 2024,GINF,039979,SI,623
19150618,FA 2023,GINF,WN 2025,WN 2025,02003,Information Mas,4470MSI9,Information MSI,2470,WN 2024,GINF,040667,SI,681
19150618,FA 2023,GINF,WN 2025,WN 2025,02003,Information Mas,4470MSI9,Information MSI,2470,WN 2024,GINF,048280,SI,667
19150618,FA 2023,GINF,WN 2025,WN 2025,02003,Information Mas,4470MSI9,Information MSI,2470,WN 2024,GINF,050165,SI,585
19150618,FA 2023,GINF,WN 2025,WN 2025,02003,Information Mas,4470MSI9,Information MSI,2510,FA 2024,GINF,005160,GERMAN,501
19150618,FA 2023,GINF,WN 2025,WN 2025,02003,Information Mas,4470MSI9,Information MSI,2510,FA 2024,GINF,038948,SI,632
19150618,FA 2023,GINF,WN 2025,WN 2025,02003,Information Mas,4470MSI9,Information MSI,2510,FA 2024,GINF,045393,SI,552
19150618,FA 2023,GINF,WN 2025,WN 2025,02003,Information Mas,4470MSI9,Information MSI,2510,FA 2024,GINF,050028,SI,583
19150618,FA 2023,GINF,WN 2025,WN 2025,02003,Information Mas,4470MSI9,Information MSI,2520,WN 2025,GINF,020803,SI,643
19150618,FA 2023,GINF,WN 2025,WN 2025,02003,Information Mas,4470MSI9,Information MSI,2520,WN 2025,GINF,047901,SI,699
19150618,FA 2023,GINF,WN 2025,WN 2025,02003,Information Mas,4470MSI9,Information MSI,2520,WN 2025,GINF,050162,SI,510
19550046,FA 2023,GINF,WN 2025,WN 2025,02003,Information Mas,9445MSI,User Experience Design MSI,2460,FA 2023,GINF,017281,SI,588
19550046,FA 2023,GINF,WN 2025,WN 2025,02003,Information Mas,9445MSI,User Experience Design MSI,2460,FA 2023,GINF,042104,SI,501
19550046,FA 2023,GINF,WN 2025,WN 2025,02003,Information Mas,9445MSI,User Experience Design MSI,2460,FA 2023,GINF,044772,SI,582
19550046,FA 2023,GINF,WN 2025,WN 2025,02003,Information Mas,9445MSI,User Experience Design MSI,2460,FA 2023,GINF,047246,SI,506
19550046,FA 2023,GINF,WN 2025,WN 2025,02003,Information Mas,9445MSI,User Experience Design MSI,2470,WN 2024,GINF,020401,SI,622
19550046,FA 2023,GINF,WN 2025,WN 2025,02003,Information Mas,9445MSI,User Experience Design MSI,2470,WN 2024,GINF,021391,SI,511
19550046,FA 2023,GINF,WN 2025,WN 2025,02003,Information Mas,9445MSI,User Experience Design MSI,2470,WN 2024,GINF,039178,SI,539
19550046,FA 2023,GINF,WN 2025,WN 2025,02003,Information Mas,9445MSI,User Experience Design MSI,2470,WN 2024,GINF,040667,SI,681
19550046,FA 2023,GINF,WN 2025,WN 2025,02003,Information Mas,9445MSI,User Experience Design MSI,2470,WN 2024,GINF,049834,SI,591
19550046,FA 2023,GINF,WN 2025,WN 2025,02003,Information Mas,9445MSI,User Experience Design MSI,2510,FA 2024,GINF,021400,SI,520
19550046,FA 2023,GINF,WN 2025,WN 2025,02003,Information Mas,9445MSI,User Experience Design MSI,2510,FA 2024,GINF,045687,SI,538
19550046,FA 2023,GINF,WN 2025,WN 2025,02003,Information Mas,9445MSI,User Experience Design MSI,2510,FA 2024,GINF,045771,SI,684
19550046,FA 2023,GINF,WN 2025,WN 2025,02003,Information Mas,9445MSI,User Experience Design MSI,2520,WN 2025,GINF,045393,SI,552
19550046,FA 2023,GINF,WN 2025,WN 2025,02003,Information Mas,9445MSI,User Experience Design MSI,2520,WN 2025,GINF,047901,SI,699
19550046,FA 2023,GINF,WN 2025,WN 2025,02003,Information Mas,9445MSI,User Experience Design MSI,2520,WN 2025,GINF,051836,SI,611
19759229,FA 2023,GINF,WN 2025,WN 2025,02003,Information Mas,9445MSI,User Experience Design MSI,2460,FA 2023,GINF,017281,SI,588
19759229,FA 2023,GINF,WN 2025,WN 2025,02003,Information Mas,9445MSI,User Experience Design MSI,2460,FA 2023,GINF,042104,SI,501
19759229,FA 2023,GINF,WN 2025,WN 2025,02003,Information Mas,9445MSI,User Experience Design MSI,2460,FA 2023,GINF,044772,SI,582
19759229,FA 2023,GINF,WN 2025,WN 2025,02003,Information Mas,9445MSI,User Experience Design MSI,2460,FA 2023,GINF,047246,SI,506
19759229,FA 2023,GINF,WN 2025,WN 2025,02003,Information Mas,9445MSI,User Experience Design MSI,2470,WN 2024,GINF,020401,SI,622
19759229,FA 2023,GINF,WN 2025,WN 2025,02003,Information Mas,9445MSI,User Experience Design MSI,2470,WN 2024,GINF,021400,SI,520
19759229,FA 2023,GINF,WN 2025,WN 2025,02003,Information Mas,9445MSI,User Experience Design MSI,2470,WN 2024,GINF,022099,SI,658
19759229,FA 2023,GINF,WN 2025,WN 2025,02003,Information Mas,9445MSI,User Experience Design MSI,2470,WN 2024,GINF,039178,SI,539
19759229,FA 2023,GINF,WN 2025,WN 2025,02003,Information Mas,9445MSI,User Experience Design MSI,2510,FA 2024,GINF,021391,SI,511
19759229,FA 2023,GINF,WN 2025,WN 2025,02003,Information Mas,9445MSI,User Experience Design MSI,2510,FA 2024,GINF,045393,SI,552
19759229,FA 2023,GINF,WN 2025,WN 2025,02003,Information Mas,9445MSI,User Experience Design MSI,2510,FA 2024,GINF,045771,SI,684
19759229,FA 2023,GINF,WN 2025,WN 2025,02003,Information Mas,9445MSI,User Experience Design MSI,2510,FA 2024,GINF,046306,SI,616
19759229,FA 2023,GINF,WN 2025,WN 2025,02003,Information Mas,9445MSI,User Experience Design MSI,2520,WN 2025,GINF,044798,ENTR,599
19759229,FA 2023,GINF,WN 2025,WN 2025,02003,Information Mas,9445MSI,User Experience Design MSI,2520,WN 2025,GINF,047901,SI,699
19759229,FA 2023,GINF,WN 2025,WN 2025,02003,Information Mas,9445MSI,User Experience Design MSI,2520,WN 2025,GINF,048129,SI,505
19759229,FA 2023,GINF,WN 2025,WN 2025,02003,Information Mas,9445MSI,User Experience Design MSI,2520,WN 2025,GINF,051454,SI,594
19759229,FA 2023,GINF,WN 2025,WN 2025,02003,Information Mas,9445MSI,User Experience Design MSI,2520,WN 2025,GINF,051836,SI,611
19845927,FA 2023,GINF,WN 2025,WN 2025,02003,Information Mas,9445MSI,User Experience Design MSI,2460,FA 2023,GINF,017281,SI,588
19845927,FA 2023,GINF,WN 2025,WN 2025,02003,Information Mas,9445MSI,User Experience Design MSI,2460,FA 2023,GINF,042104,SI,501
19845927,FA 2023,GINF,WN 2025,WN 2025,02003,Information Mas,9445MSI,User Experience Design MSI,2460,FA 2023,GINF,044772,SI,582
19845927,FA 2023,GINF,WN 2025,WN 2025,02003,Information Mas,9445MSI,User Experience Design MSI,2460,FA 2023,GINF,047246,SI,506
19845927,FA 2023,GINF,WN 2025,WN 2025,02003,Information Mas,9445MSI,User Experience Design MSI,2460,FA 2023,GINF,048129,SI,505
19845927,FA 2023,GINF,WN 2025,WN 2025,02003,Information Mas,9445MSI,User Experience Design MSI,2470,WN 2024,GINF,020401,SI,622
19845927,FA 2023,GINF,WN 2025,WN 2025,02003,Information Mas,9445MSI,User Experience Design MSI,2470,WN 2024,GINF,021391,SI,511
19845927,FA 2023,GINF,WN 2025,WN 2025,02003,Information Mas,9445MSI,User Experience Design MSI,2470,WN 2024,GINF,021400,SI,520
19845927,FA 2023,GINF,WN 2025,WN 2025,02003,Information Mas,9445MSI,User Experience Design MSI,2470,WN 2024,GINF,039178,SI,539
19845927,FA 2023,GINF,WN 2025,WN 2025,02003,Information Mas,9445MSI,User Experience Design MSI,2470,WN 2024,GINF,040667,SI,681
19845927,FA 2023,GINF,WN 2025,WN 2025,02003,Information Mas,9445MSI,User Experience Design MSI,2470,WN 2024,GINF,043863,SI,612
19845927,FA 2023,GINF,WN 2025,WN 2025,02003,Information Mas,9445MSI,User Experience Design MSI,2510,FA 2024,GINF,019903,TO,548
19845927,FA 2023,GINF,WN 2025,WN 2025,02003,Information Mas,9445MSI,User Experience Design MSI,2510,FA 2024,GINF,020379,IOE,548
19845927,FA 2023,GINF,WN 2025,WN 2025,02003,Information Mas,9445MSI,User Experience Design MSI,2510,FA 2024,GINF,046306,SI,616
19845927,FA 2023,GINF,WN 2025,WN 2025,02003,Information Mas,9445MSI,User Experience Design MSI,2510,FA 2024,GINF,050136,UARTS,560
19845927,FA 2023,GINF,WN 2025,WN 2025,02003,Information Mas,9445MSI,User Experience Design MSI,2520,WN 2025,GINF,021391,SI,511
19845927,FA 2023,GINF,WN 2025,WN 2025,02003,Information Mas,9445MSI,User Experience Design MSI,2520,WN 2025,GINF,044799,ENTR,490
19845927,FA 2023,GINF,WN 2025,WN 2025,02003,Information Mas,9445MSI,User Experience Design MSI,2520,WN 2025,GINF,047901,SI,699
19845927,FA 2023,GINF,WN 2025,WN 2025,02003,Information Mas,9445MSI,User Experience Design MSI,2520,WN 2025,GINF,051836,SI,611
20536421,FA 2023,GINF,WN 2025,WN 2025,02003,Information Mas,9445MSI,User Experience Design MSI,2460,FA 2023,GINF,017281,SI,588
20536421,FA 2023,GINF,WN 2025,WN 2025,02003,Information Mas,9445MSI,User Experience Design MSI,2460,FA 2023,GINF,021400,SI,520
20536421,FA 2023,GINF,WN 2025,WN 2025,02003,Information Mas,9445MSI,User Experience Design MSI,2460,FA 2023,GINF,042104,SI,501
20536421,FA 2023,GINF,WN 2025,WN 2025,02003,Information Mas,9445MSI,User Experience Design MSI,2460,FA 2023,GINF,044772,SI,582
20536421,FA 2023,GINF,WN 2025,WN 2025,02003,Information Mas,9445MSI,User Experience Design MSI,2460,FA 2023,GINF,047246,SI,506
20536421,FA 2023,GINF,WN 2025,WN 2025,02003,Information Mas,9445MSI,User Experience Design MSI,2470,WN 2024,GINF,020401,SI,622
20536421,FA 2023,GINF,WN 2025,WN 2025,02003,Information Mas,9445MSI,User Experience Design MSI,2470,WN 2024,GINF,039178,SI,539
20536421,FA 2023,GINF,WN 2025,WN 2025,02003,Information Mas,9445MSI,User Experience Design MSI,2470,WN 2024,GINF,040667,SI,681
20536421,FA 2023,GINF,WN 2025,WN 2025,02003,Information Mas,9445MSI,User Experience Design MSI,2470,WN 2024,GINF,043863,SI,612
20536421,FA 2023,GINF,WN 2025,WN 2025,02003,Information Mas,9445MSI,User Experience Design MSI,2470,WN 2024,GINF,046306,SI,616
20536421,FA 2023,GINF,WN 2025,WN 2025,02003,Information Mas,9445MSI,User Experience Design MSI,2510,FA 2024,GINF,045687,SI,538
20536421,FA 2023,GINF,WN 2025,WN 2025,02003,Information Mas,9445MSI,User Experience Design MSI,2510,FA 2024,GINF,047901,SI,699
20536421,FA 2023,GINF,WN 2025,WN 2025,02003,Information Mas,9445MSI,User Experience Design MSI,2510,FA 2024,GINF,048129,SI,505
20536421,FA 2023,GINF,WN 2025,WN 2025,02003,Information Mas,9445MSI,User Experience Design MSI,2510,FA 2024,GINF,048488,SI,559
20536421,FA 2023,GINF,WN 2025,WN 2025,02003,Information Mas,9445MSI,User Experience Design MSI,2520,WN 2025,GINF,047901,SI,699
20536421,FA 2023,GINF,WN 2025,WN 2025,02003,Information Mas,9445MSI,User Experience Design MSI,2520,WN 2025,GINF,051454,SI,594
20536421,FA 2023,GINF,WN 2025,WN 2025,02003,Information Mas,9445MSI,User Experience Design MSI,2520,WN 2025,GINF,051836,SI,611
21257670,FA 2023,GINF,WN 2024,WN 2024,02003,Information Mas,4470MSI9,Information MSI,2460,FA 2023,GINF,001459,SI,690
21257670,FA 2023,GINF,WN 2024,WN 2024,02003,Information Mas,4470MSI9,Information MSI,2460,FA 2023,GINF,021400,SI,520
21257670,FA 2023,GINF,WN 2024,WN 2024,02003,Information Mas,4470MSI9,Information MSI,2460,FA 2023,GINF,042104,SI,501
21257670,FA 2023,GINF,WN 2024,WN 2024,02003,Information Mas,4470MSI9,Information MSI,2460,FA 2023,GINF,045393,SI,552
21257670,FA 2023,GINF,WN 2024,WN 2024,02003,Information Mas,4470MSI9,Information MSI,2460,FA 2023,GINF,048831,SI,547
21257670,FA 2023,GINF,WN 2024,WN 2024,02003,Information Mas,4470MSI9,Information MSI,2470,WN 2024,GINF,020803,SI,643
21257670,FA 2023,GINF,WN 2024,WN 2024,02003,Information Mas,4470MSI9,Information MSI,2470,WN 2024,GINF,047641,SI,540
21257670,FA 2023,GINF,WN 2024,WN 2024,02003,Information Mas,4470MSI9,Information MSI,2470,WN 2024,GINF,047901,SI,699
21257670,FA 2023,GINF,WN 2024,WN 2024,02003,Information Mas,4470MSI9,Information MSI,2470,WN 2024,GINF,048488,SI,559
22705742,FA 2023,GINF,FA 2024,FA 2024,02003,Information Mas,0775MSI,Big Data Analytics MSI,2460,FA 2023,GINF,009732,SI,650
22705742,FA 2023,GINF,FA 2024,FA 2024,02003,Information Mas,0775MSI,Big Data Analytics MSI,2460,FA 2023,GINF,041934,SI,608
22705742,FA 2023,GINF,FA 2024,FA 2024,02003,Information Mas,0775MSI,Big Data Analytics MSI,2460,FA 2023,GINF,042071,SI,563
22705742,FA 2023,GINF,FA 2024,FA 2024,02003,Information Mas,0775MSI,Big Data Analytics MSI,2460,FA 2023,GINF,042104,SI,501
22705742,FA 2023,GINF,FA 2024,FA 2024,02003,Information Mas,0775MSI,Big Data Analytics MSI,2460,FA 2023,GINF,048500,SI,670
22705742,FA 2023,GINF,FA 2024,FA 2024,02003,Information Mas,0775MSI,Big Data Analytics MSI,2470,WN 2024,GINF,017508,TO,512
22705742,FA 2023,GINF,FA 2024,FA 2024,02003,Information Mas,0775MSI,Big Data Analytics MSI,2470,WN 2024,GINF,020934,SI,649
22705742,FA 2023,GINF,FA 2024,FA 2024,02003,Information Mas,0775MSI,Big Data Analytics MSI,2470,WN 2024,GINF,040667,SI,681
22705742,FA 2023,GINF,FA 2024,FA 2024,02003,Information Mas,0775MSI,Big Data Analytics MSI,2470,WN 2024,GINF,047228,ENTR,500
22705742,FA 2023,GINF,FA 2024,FA 2024,02003,Information Mas,0775MSI,Big Data Analytics MSI,2470,WN 2024,GINF,050663,SI,568
22705742,FA 2023,GINF,FA 2024,FA 2024,02003,Information Mas,0775MSI,Big Data Analytics MSI,2470,WN 2024,GINF,050983,SI,602
22705742,FA 2023,GINF,FA 2024,FA 2024,02003,Information Mas,0775MSI,Big Data Analytics MSI,2510,FA 2024,GINF,001459,SI,690
22705742,FA 2023,GINF,FA 2024,FA 2024,02003,Information Mas,0775MSI,Big Data Analytics MSI,2510,FA 2024,GINF,047901,SI,699
22718930,FA 2023,GINF,WN 2025,WN 2025,02003,Information Mas,0775MSI,Big Data Analytics MSI,2460,FA 2023,GINF,009732,SI,650
22718930,FA 2023,GINF,WN 2025,WN 2025,02003,Information Mas,0775MSI,Big Data Analytics MSI,2460,FA 2023,GINF,016607,SI,544
22718930,FA 2023,GINF,WN 2025,WN 2025,02003,Information Mas,0775MSI,Big Data Analytics MSI,2460,FA 2023,GINF,039178,SI,539
22718930,FA 2023,GINF,WN 2025,WN 2025,02003,Information Mas,0775MSI,Big Data Analytics MSI,2460,FA 2023,GINF,041626,SI,664
22718930,FA 2023,GINF,WN 2025,WN 2025,02003,Information Mas,0775MSI,Big Data Analytics MSI,2460,FA 2023,GINF,042104,SI,501
22718930,FA 2023,GINF,WN 2025,WN 2025,02003,Information Mas,0775MSI,Big Data Analytics MSI,2460,FA 2023,GINF,047640,SI,507
22718930,FA 2023,GINF,WN 2025,WN 2025,02003,Information Mas,0775MSI,Big Data Analytics MSI,2460,FA 2023,GINF,050164,SI,504
22718930,FA 2023,GINF,WN 2025,WN 2025,02003,Information Mas,0775MSI,Big Data Analytics MSI,2470,WN 2024,GINF,016321,STATS,503
22718930,FA 2023,GINF,WN 2025,WN 2025,02003,Information Mas,0775MSI,Big Data Analytics MSI,2470,WN 2024,GINF,020934,SI,649
22718930,FA 2023,GINF,WN 2025,WN 2025,02003,Information Mas,0775MSI,Big Data Analytics MSI,2470,WN 2024,GINF,040667,SI,681
22718930,FA 2023,GINF,WN 2025,WN 2025,02003,Information Mas,0775MSI,Big Data Analytics MSI,2470,WN 2024,GINF,042091,SI,618
22718930,FA 2023,GINF,WN 2025,WN 2025,02003,Information Mas,0775MSI,Big Data Analytics MSI,2470,WN 2024,GINF,048268,SI,630
22718930,FA 2023,GINF,WN 2025,WN 2025,02003,Information Mas,0775MSI,Big Data Analytics MSI,2470,WN 2024,GINF,049601,SI,564
22718930,FA 2023,GINF,WN 2025,WN 2025,02003,Information Mas,0775MSI,Big Data Analytics MSI,2470,WN 2024,GINF,050983,SI,602
22718930,FA 2023,GINF,WN 2025,WN 2025,02003,Information Mas,0775MSI,Big Data Analytics MSI,2510,FA 2024,GINF,009732,SI,650
22718930,FA 2023,GINF,WN 2025,WN 2025,02003,Information Mas,0775MSI,Big Data Analytics MSI,2510,FA 2024,GINF,041626,SI,664
22718930,FA 2023,GINF,WN 2025,WN 2025,02003,Information Mas,0775MSI,Big Data Analytics MSI,2510,FA 2024,GINF,045930,SI,671
22718930,FA 2023,GINF,WN 2025,WN 2025,02003,Information Mas,0775MSI,Big Data Analytics MSI,2520,WN 2025,GINF,047901,SI,699
22718930,FA 2023,GINF,WN 2025,WN 2025,02003,Information Mas,0775MSI,Big Data Analytics MSI,2520,WN 2025,GINF,050663,SI,568
23505102,FA 2023,GINF,WN 2027, ,02003,Information Mas,9445MSI,User Experience Design MSI,2460,FA 2023,GINF,016607,SI,544
23505102,FA 2023,GINF,WN 2027, ,02003,Information Mas,9445MSI,User Experience Design MSI,2460,FA 2023,GINF,042091,SI,618
23505102,FA 2023,GINF,WN 2027, ,02003,Information Mas,9445MSI,User Experience Design MSI,2460,FA 2023,GINF,047640,SI,507
23505102,FA 2023,GINF,WN 2027, ,02003,Information Mas,9445MSI,User Experience Design MSI,2510,FA 2024,GINF,001393,CSE,598
23505102,FA 2023,GINF,WN 2027, ,02003,Information Mas,9445MSI,User Experience Design MSI,2510,FA 2024,GINF,044772,SI,582
23505102,FA 2023,GINF,WN 2027, ,02003,Information Mas,9445MSI,User Experience Design MSI,2510,FA 2024,GINF,051519,ECE,598
23505102,FA 2023,GINF,WN 2027, ,02003,Information Mas,9445MSI,User Experience Design MSI,2520,WN 2025,GINF,021050,SI,691
23505102,FA 2023,GINF,WN 2027, ,02003,Information Mas,9445MSI,User Experience Design MSI,2520,WN 2025,GINF,039372,SI,565
23505102,FA 2023,GINF,WN 2027, ,02003,Information Mas,9445MSI,User Experience Design MSI,2520,WN 2025,GINF,047304,ENTR,550
25431079,FA 2023,GINF,WN 2024,WN 2024,02003,Information Mas,4470MSI9,Information MSI,2460,FA 2023,GINF,001459,SI,690
25431079,FA 2023,GINF,WN 2024,WN 2024,02003,Information Mas,4470MSI9,Information MSI,2460,FA 2023,GINF,021400,SI,520
25431079,FA 2023,GINF,WN 2024,WN 2024,02003,Information Mas,4470MSI9,Information MSI,2460,FA 2023,GINF,042104,SI,501
25431079,FA 2023,GINF,WN 2024,WN 2024,02003,Information Mas,4470MSI9,Information MSI,2460,FA 2023,GINF,045393,SI,552
25431079,FA 2023,GINF,WN 2024,WN 2024,02003,Information Mas,4470MSI9,Information MSI,2460,FA 2023,GINF,048488,SI,559
25431079,FA 2023,GINF,WN 2024,WN 2024,02003,Information Mas,4470MSI9,Information MSI,2470,WN 2024,GINF,009876,SURVMETH,630
25431079,FA 2023,GINF,WN 2024,WN 2024,02003,Information Mas,4470MSI9,Information MSI,2470,WN 2024,GINF,022099,SI,658
25431079,FA 2023,GINF,WN 2024,WN 2024,02003,Information Mas,4470MSI9,Information MSI,2470,WN 2024,GINF,047901,SI,699
25431079,FA 2023,GINF,WN 2024,WN 2024,02003,Information Mas,4470MSI9,Information MSI,2470,WN 2024,GINF,048280,SI,667
26572160,FA 2023,GINF,WN 2025,WN 2025,02003,Information Mas,4470MSI9,Information MSI,2460,FA 2023,GINF,009731,SI,580
26572160,FA 2023,GINF,WN 2025,WN 2025,02003,Information Mas,4470MSI9,Information MSI,2460,FA 2023,GINF,038659,SI,519
26572160,FA 2023,GINF,WN 2025,WN 2025,02003,Information Mas,4470MSI9,Information MSI,2460,FA 2023,GINF,042104,SI,501
26572160,FA 2023,GINF,WN 2025,WN 2025,02003,Information Mas,4470MSI9,Information MSI,2460,FA 2023,GINF,047246,SI,506
26572160,FA 2023,GINF,WN 2025,WN 2025,02003,Information Mas,4470MSI9,Information MSI,2470,WN 2024,GINF,022326,SI,581
26572160,FA 2023,GINF,WN 2025,WN 2025,02003,Information Mas,4470MSI9,Information MSI,2470,WN 2024,GINF,039979,SI,623
26572160,FA 2023,GINF,WN 2025,WN 2025,02003,Information Mas,4470MSI9,Information MSI,2470,WN 2024,GINF,040667,SI,681
26572160,FA 2023,GINF,WN 2025,WN 2025,02003,Information Mas,4470MSI9,Information MSI,2470,WN 2024,GINF,048280,SI,667
26572160,FA 2023,GINF,WN 2025,WN 2025,02003,Information Mas,4470MSI9,Information MSI,2470,WN 2024,GINF,050165,SI,585
26572160,FA 2023,GINF,WN 2025,WN 2025,02003,Information Mas,4470MSI9,Information MSI,2510,FA 2024,GINF,021045,SI,666
26572160,FA 2023,GINF,WN 2025,WN 2025,02003,Information Mas,4470MSI9,Information MSI,2510,FA 2024,GINF,038948,SI,632
26572160,FA 2023,GINF,WN 2025,WN 2025,02003,Information Mas,4470MSI9,Information MSI,2510,FA 2024,GINF,048129,SI,505
26572160,FA 2023,GINF,WN 2025,WN 2025,02003,Information Mas,4470MSI9,Information MSI,2510,FA 2024,GINF,050028,SI,583
26572160,FA 2023,GINF,WN 2025,WN 2025,02003,Information Mas,4470MSI9,Information MSI,2520,WN 2025,GINF,020803,SI,643
26572160,FA 2023,GINF,WN 2025,WN 2025,02003,Information Mas,4470MSI9,Information MSI,2520,WN 2025,GINF,047901,SI,699
26572160,FA 2023,GINF,WN 2025,WN 2025,02003,Information Mas,4470MSI9,Information MSI,2520,WN 2025,GINF,050162,SI,510
26622579,FA 2023,GINF,WN 2025,WN 2025,02003,Information Mas,9445MSI,User Experience Design MSI,2460,FA 2023,GINF,017281,SI,588
26622579,FA 2023,GINF,WN 2025,WN 2025,02003,Information Mas,9445MSI,User Experience Design MSI,2460,FA 2023,GINF,021400,SI,520
26622579,FA 2023,GINF,WN 2025,WN 2025,02003,Information Mas,9445MSI,User Experience Design MSI,2460,FA 2023,GINF,042104,SI,501
26622579,FA 2023,GINF,WN 2025,WN 2025,02003,Information Mas,9445MSI,User Experience Design MSI,2460,FA 2023,GINF,044772,SI,582
26622579,FA 2023,GINF,WN 2025,WN 2025,02003,Information Mas,9445MSI,User Experience Design MSI,2470,WN 2024,GINF,012085,MKT,613
26622579,FA 2023,GINF,WN 2025,WN 2025,02003,Information Mas,9445MSI,User Experience Design MSI,2470,WN 2024,GINF,020401,SI,622
26622579,FA 2023,GINF,WN 2025,WN 2025,02003,Information Mas,9445MSI,User Experience Design MSI,2470,WN 2024,GINF,039081,SI,529
26622579,FA 2023,GINF,WN 2025,WN 2025,02003,Information Mas,9445MSI,User Experience Design MSI,2470,WN 2024,GINF,040667,SI,681
26622579,FA 2023,GINF,WN 2025,WN 2025,02003,Information Mas,9445MSI,User Experience Design MSI,2470,WN 2024,GINF,046306,SI,616
26622579,FA 2023,GINF,WN 2025,WN 2025,02003,Information Mas,9445MSI,User Experience Design MSI,2470,WN 2024,GINF,047640,SI,507
26622579,FA 2023,GINF,WN 2025,WN 2025,02003,Information Mas,9445MSI,User Experience Design MSI,2470,WN 2024,GINF,048486,SI,659
26622579,FA 2023,GINF,WN 2025,WN 2025,02003,Information Mas,9445MSI,User Experience Design MSI,2510,FA 2024,GINF,001459,SI,690
26622579,FA 2023,GINF,WN 2025,WN 2025,02003,Information Mas,9445MSI,User Experience Design MSI,2510,FA 2024,GINF,019903,TO,548
26622579,FA 2023,GINF,WN 2025,WN 2025,02003,Information Mas,9445MSI,User Experience Design MSI,2510,FA 2024,GINF,020206,FTVM,601
26622579,FA 2023,GINF,WN 2025,WN 2025,02003,Information Mas,9445MSI,User Experience Design MSI,2510,FA 2024,GINF,020379,IOE,548
26622579,FA 2023,GINF,WN 2025,WN 2025,02003,Information Mas,9445MSI,User Experience Design MSI,2510,FA 2024,GINF,021391,SI,511
26622579,FA 2023,GINF,WN 2025,WN 2025,02003,Information Mas,9445MSI,User Experience Design MSI,2510,FA 2024,GINF,043515,DANCE,100
26622579,FA 2023,GINF,WN 2025,WN 2025,02003,Information Mas,9445MSI,User Experience Design MSI,2510,FA 2024,GINF,048129,SI,505
26622579,FA 2023,GINF,WN 2025,WN 2025,02003,Information Mas,9445MSI,User Experience Design MSI,2520,WN 2025,GINF,021050,SI,691
26622579,FA 2023,GINF,WN 2025,WN 2025,02003,Information Mas,9445MSI,User Experience Design MSI,2520,WN 2025,GINF,047901,SI,699
26946938,FA 2023,GINF,WN 2024,WN 2024,02003,Information Mas,4470MSI9,Information MSI,2460,FA 2023,GINF,009732,SI,650
26946938,FA 2023,GINF,WN 2024,WN 2024,02003,Information Mas,4470MSI9,Information MSI,2460,FA 2023,GINF,041934,SI,608
26946938,FA 2023,GINF,WN 2024,WN 2024,02003,Information Mas,4470MSI9,Information MSI,2460,FA 2023,GINF,042104,SI,501
26946938,FA 2023,GINF,WN 2024,WN 2024,02003,Information Mas,4470MSI9,Information MSI,2460,FA 2023,GINF,048500,SI,670
26946938,FA 2023,GINF,WN 2024,WN 2024,02003,Information Mas,4470MSI9,Information MSI,2470,WN 2024,GINF,012195,EECS,592
26946938,FA 2023,GINF,WN 2024,WN 2024,02003,Information Mas,4470MSI9,Information MSI,2470,WN 2024,GINF,012198,EECS,595
26946938,FA 2023,GINF,WN 2024,WN 2024,02003,Information Mas,4470MSI9,Information MSI,2470,WN 2024,GINF,047901,SI,699
26946938,FA 2023,GINF,WN 2024,WN 2024,02003,Information Mas,4470MSI9,Information MSI,2470,WN 2024,GINF,050663,SI,568
26946938,FA 2023,GINF,WN 2024,WN 2024,02003,Information Mas,4470MSI9,Information MSI,2470,WN 2024,GINF,050983,SI,602
27257243,FA 2023,GINF,WN 2025,WN 2025,02003,Information Mas,9455MSI,User-Centered Agile Dev MSI,2460,FA 2023,GINF,017281,SI,588
27257243,FA 2023,GINF,WN 2025,WN 2025,02003,Information Mas,9455MSI,User-Centered Agile Dev MSI,2460,FA 2023,GINF,021400,SI,520
27257243,FA 2023,GINF,WN 2025,WN 2025,02003,Information Mas,9455MSI,User-Centered Agile Dev MSI,2460,FA 2023,GINF,042104,SI,501
27257243,FA 2023,GINF,WN 2025,WN 2025,02003,Information Mas,9455MSI,User-Centered Agile Dev MSI,2460,FA 2023,GINF,044772,SI,582
27257243,FA 2023,GINF,WN 2025,WN 2025,02003,Information Mas,9455MSI,User-Centered Agile Dev MSI,2460,FA 2023,GINF,048129,SI,505
27257243,FA 2023,GINF,WN 2025,WN 2025,02003,Information Mas,9455MSI,User-Centered Agile Dev MSI,2470,WN 2024,GINF,020401,SI,622
27257243,FA 2023,GINF,WN 2025,WN 2025,02003,Information Mas,9455MSI,User-Centered Agile Dev MSI,2470,WN 2024,GINF,039178,SI,539
27257243,FA 2023,GINF,WN 2025,WN 2025,02003,Information Mas,9455MSI,User-Centered Agile Dev MSI,2470,WN 2024,GINF,041626,SI,664
27257243,FA 2023,GINF,WN 2025,WN 2025,02003,Information Mas,9455MSI,User-Centered Agile Dev MSI,2470,WN 2024,GINF,049601,SI,564
27257243,FA 2023,GINF,WN 2025,WN 2025,02003,Information Mas,9455MSI,User-Centered Agile Dev MSI,2470,WN 2024,GINF,050159,SI,579
27257243,FA 2023,GINF,WN 2025,WN 2025,02003,Information Mas,9455MSI,User-Centered Agile Dev MSI,2510,FA 2024,GINF,041855,SI,631
27257243,FA 2023,GINF,WN 2025,WN 2025,02003,Information Mas,9455MSI,User-Centered Agile Dev MSI,2510,FA 2024,GINF,043863,SI,612
27257243,FA 2023,GINF,WN 2025,WN 2025,02003,Information Mas,9455MSI,User-Centered Agile Dev MSI,2510,FA 2024,GINF,045393,SI,552
27257243,FA 2023,GINF,WN 2025,WN 2025,02003,Information Mas,9455MSI,User-Centered Agile Dev MSI,2510,FA 2024,GINF,047892,SI,605
27257243,FA 2023,GINF,WN 2025,WN 2025,02003,Information Mas,9455MSI,User-Centered Agile Dev MSI,2510,FA 2024,GINF,048488,SI,559
27257243,FA 2023,GINF,WN 2025,WN 2025,02003,Information Mas,9455MSI,User-Centered Agile Dev MSI,2510,FA 2024,GINF,051462,SI,644
27257243,FA 2023,GINF,WN 2025,WN 2025,02003,Information Mas,9455MSI,User-Centered Agile Dev MSI,2520,WN 2025,GINF,047901,SI,699
27257243,FA 2023,GINF,WN 2025,WN 2025,02003,Information Mas,9455MSI,User-Centered Agile Dev MSI,2520,WN 2025,GINF,050083,ECE,559
27276002,FA 2023,GINF,WN 2025,WN 2025,02003,Information Mas,9445MSI,User Experience Design MSI,2460,FA 2023,GINF,017281,SI,588
27276002,FA 2023,GINF,WN 2025,WN 2025,02003,Information Mas,9445MSI,User Experience Design MSI,2460,FA 2023,GINF,021400,SI,520
27276002,FA 2023,GINF,WN 2025,WN 2025,02003,Information Mas,9445MSI,User Experience Design MSI,2460,FA 2023,GINF,039081,SI,529
27276002,FA 2023,GINF,WN 2025,WN 2025,02003,Information Mas,9445MSI,User Experience Design MSI,2460,FA 2023,GINF,039178,SI,539
27276002,FA 2023,GINF,WN 2025,WN 2025,02003,Information Mas,9445MSI,User Experience Design MSI,2460,FA 2023,GINF,042104,SI,501
27276002,FA 2023,GINF,WN 2025,WN 2025,02003,Information Mas,9445MSI,User Experience Design MSI,2460,FA 2023,GINF,044772,SI,582
27276002,FA 2023,GINF,WN 2025,WN 2025,02003,Information Mas,9445MSI,User Experience Design MSI,2470,WN 2024,GINF,020401,SI,622
27276002,FA 2023,GINF,WN 2025,WN 2025,02003,Information Mas,9445MSI,User Experience Design MSI,2470,WN 2024,GINF,040667,SI,681
27276002,FA 2023,GINF,WN 2025,WN 2025,02003,Information Mas,9445MSI,User Experience Design MSI,2470,WN 2024,GINF,043863,SI,612
27276002,FA 2023,GINF,WN 2025,WN 2025,02003,Information Mas,9445MSI,User Experience Design MSI,2470,WN 2024,GINF,047228,ENTR,500
27276002,FA 2023,GINF,WN 2025,WN 2025,02003,Information Mas,9445MSI,User Experience Design MSI,2470,WN 2024,GINF,048488,SI,559
27276002,FA 2023,GINF,WN 2025,WN 2025,02003,Information Mas,9445MSI,User Experience Design MSI,2510,FA 2024,GINF,001459,SI,690
27276002,FA 2023,GINF,WN 2025,WN 2025,02003,Information Mas,9445MSI,User Experience Design MSI,2510,FA 2024,GINF,021391,SI,511
27276002,FA 2023,GINF,WN 2025,WN 2025,02003,Information Mas,9445MSI,User Experience Design MSI,2510,FA 2024,GINF,045393,SI,552
27276002,FA 2023,GINF,WN 2025,WN 2025,02003,Information Mas,9445MSI,User Experience Design MSI,2520,WN 2025,GINF,001459,SI,690
27276002,FA 2023,GINF,WN 2025,WN 2025,02003,Information Mas,9445MSI,User Experience Design MSI,2520,WN 2025,GINF,047901,SI,699
27593354,FA 2023,GINF,WN 2025,WN 2025,02003,Information Mas,0775MSI,Big Data Analytics MSI,2460,FA 2023,GINF,016607,SI,544
27593354,FA 2023,GINF,WN 2025,WN 2025,02003,Information Mas,0775MSI,Big Data Analytics MSI,2460,FA 2023,GINF,042104,SI,501
27593354,FA 2023,GINF,WN 2025,WN 2025,02003,Information Mas,0775MSI,Big Data Analytics MSI,2460,FA 2023,GINF,047246,SI,506
27593354,FA 2023,GINF,WN 2025,WN 2025,02003,Information Mas,0775MSI,Big Data Analytics MSI,2460,FA 2023,GINF,048129,SI,505
27593354,FA 2023,GINF,WN 2025,WN 2025,02003,Information Mas,0775MSI,Big Data Analytics MSI,2460,FA 2023,GINF,049601,SI,564
27593354,FA 2023,GINF,WN 2025,WN 2025,02003,Information Mas,0775MSI,Big Data Analytics MSI,2460,FA 2023,GINF,050164,SI,504
27593354,FA 2023,GINF,WN 2025,WN 2025,02003,Information Mas,0775MSI,Big Data Analytics MSI,2470,WN 2024,GINF,040667,SI,681
27593354,FA 2023,GINF,WN 2025,WN 2025,02003,Information Mas,0775MSI,Big Data Analytics MSI,2470,WN 2024,GINF,042091,SI,618
27593354,FA 2023,GINF,WN 2025,WN 2025,02003,Information Mas,0775MSI,Big Data Analytics MSI,2470,WN 2024,GINF,047640,SI,507
27593354,FA 2023,GINF,WN 2025,WN 2025,02003,Information Mas,0775MSI,Big Data Analytics MSI,2470,WN 2024,GINF,050663,SI,568
27593354,FA 2023,GINF,WN 2025,WN 2025,02003,Information Mas,0775MSI,Big Data Analytics MSI,2470,WN 2024,GINF,050983,SI,602
27593354,FA 2023,GINF,WN 2025,WN 2025,02003,Information Mas,0775MSI,Big Data Analytics MSI,2510,FA 2024,GINF,020934,SI,649
27593354,FA 2023,GINF,WN 2025,WN 2025,02003,Information Mas,0775MSI,Big Data Analytics MSI,2510,FA 2024,GINF,041934,SI,608
27593354,FA 2023,GINF,WN 2025,WN 2025,02003,Information Mas,0775MSI,Big Data Analytics MSI,2510,FA 2024,GINF,042071,SI,563
27593354,FA 2023,GINF,WN 2025,WN 2025,02003,Information Mas,0775MSI,Big Data Analytics MSI,2510,FA 2024,GINF,045930,SI,671
27593354,FA 2023,GINF,WN 2025,WN 2025,02003,Information Mas,0775MSI,Big Data Analytics MSI,2520,WN 2025,GINF,039081,SI,529
27593354,FA 2023,GINF,WN 2025,WN 2025,02003,Information Mas,0775MSI,Big Data Analytics MSI,2520,WN 2025,GINF,047901,SI,699
27593354,FA 2023,GINF,WN 2025,WN 2025,02003,Information Mas,0775MSI,Big Data Analytics MSI,2520,WN 2025,GINF,048268,SI,630
27989093,FA 2023,GINF,WN 2026, ,02003,Information Mas,9445MSI,User Experience Design MSI,2460,FA 2023,GINF,042104,SI,501
27989093,FA 2023,GINF,WN 2026, ,02003,Information Mas,9445MSI,User Experience Design MSI,2460,FA 2023,GINF,047246,SI,506
27989093,FA 2023,GINF,WN 2026, ,02003,Information Mas,9445MSI,User Experience Design MSI,2470,WN 2024,GINF,039178,SI,539
27989093,FA 2023,GINF,WN 2026, ,02003,Information Mas,9445MSI,User Experience Design MSI,2470,WN 2024,GINF,048514,WELLNESS,512
27989093,FA 2023,GINF,WN 2026, ,02003,Information Mas,9445MSI,User Experience Design MSI,2510,FA 2024,GINF,017281,SI,588
27989093,FA 2023,GINF,WN 2026, ,02003,Information Mas,9445MSI,User Experience Design MSI,2510,FA 2024,GINF,021400,SI,520
27989093,FA 2023,GINF,WN 2026, ,02003,Information Mas,9445MSI,User Experience Design MSI,2510,FA 2024,GINF,038659,SI,519
27989093,FA 2023,GINF,WN 2026, ,02003,Information Mas,9445MSI,User Experience Design MSI,2510,FA 2024,GINF,044772,SI,582
27989093,FA 2023,GINF,WN 2026, ,02003,Information Mas,9445MSI,User Experience Design MSI,2510,FA 2024,GINF,048514,WELLNESS,512
27989093,FA 2023,GINF,WN 2026, ,02003,Information Mas,9445MSI,User Experience Design MSI,2510,FA 2024,GINF,051524,ECE,599
27989093,FA 2023,GINF,WN 2026, ,02003,Information Mas,9445MSI,User Experience Design MSI,2520,WN 2025,GINF,020401,SI,622
27989093,FA 2023,GINF,WN 2026, ,02003,Information Mas,9445MSI,User Experience Design MSI,2520,WN 2025,GINF,039081,SI,529
27989093,FA 2023,GINF,WN 2026, ,02003,Information Mas,9445MSI,User Experience Design MSI,2520,WN 2025,GINF,040667,SI,681
27989093,FA 2023,GINF,WN 2026, ,02003,Information Mas,9445MSI,User Experience Design MSI,2520,WN 2025,GINF,043863,SI,612
27989093,FA 2023,GINF,WN 2026, ,02003,Information Mas,9445MSI,User Experience Design MSI,2520,WN 2025,GINF,048129,SI,505
27989093,FA 2023,GINF,WN 2026, ,02003,Information Mas,9445MSI,User Experience Design MSI,2520,WN 2025,GINF,051454,SI,594
27989093,FA 2023,GINF,WN 2026, ,02003,Information Mas,9445MSI,User Experience Design MSI,2560,FA 2025,GINF,021391,SI,511
27989093,FA 2023,GINF,WN 2026, ,02003,Information Mas,9445MSI,User Experience Design MSI,2560,FA 2025,GINF,045393,SI,552
27989093,FA 2023,GINF,WN 2026, ,02003,Information Mas,9445MSI,User Experience Design MSI,2560,FA 2025,GINF,047901,SI,699
27989093,FA 2023,GINF,WN 2026, ,02003,Information Mas,9445MSI,User Experience Design MSI,2560,FA 2025,GINF,050163,SI,633
27989093,FA 2023,GINF,WN 2026, ,02003,Information Mas,9445MSI,User Experience Design MSI,2570,WN 2026,GINF,039979,SI,623
27989093,FA 2023,GINF,WN 2026, ,02003,Information Mas,9445MSI,User Experience Design MSI,2570,WN 2026,GINF,048513,WELLNESS,520
28381537,FA 2023,GINF,FA 2024,FA 2024,02003,Information Mas,9445MSI,User Experience Design MSI,2460,FA 2023,GINF,017281,SI,588
28381537,FA 2023,GINF,FA 2024,FA 2024,02003,Information Mas,9445MSI,User Experience Design MSI,2460,FA 2023,GINF,021400,SI,520
28381537,FA 2023,GINF,FA 2024,FA 2024,02003,Information Mas,9445MSI,User Experience Design MSI,2460,FA 2023,GINF,042104,SI,501
28381537,FA 2023,GINF,FA 2024,FA 2024,02003,Information Mas,9445MSI,User Experience Design MSI,2460,FA 2023,GINF,044772,SI,582
28381537,FA 2023,GINF,FA 2024,FA 2024,02003,Information Mas,9445MSI,User Experience Design MSI,2460,FA 2023,GINF,047246,SI,506
28381537,FA 2023,GINF,FA 2024,FA 2024,02003,Information Mas,9445MSI,User Experience Design MSI,2470,WN 2024,GINF,020401,SI,622
28381537,FA 2023,GINF,FA 2024,FA 2024,02003,Information Mas,9445MSI,User Experience Design MSI,2470,WN 2024,GINF,022099,SI,658
28381537,FA 2023,GINF,FA 2024,FA 2024,02003,Information Mas,9445MSI,User Experience Design MSI,2470,WN 2024,GINF,039178,SI,539
28381537,FA 2023,GINF,FA 2024,FA 2024,02003,Information Mas,9445MSI,User Experience Design MSI,2470,WN 2024,GINF,040667,SI,681
28381537,FA 2023,GINF,FA 2024,FA 2024,02003,Information Mas,9445MSI,User Experience Design MSI,2470,WN 2024,GINF,041957,ENGR,599
28381537,FA 2023,GINF,FA 2024,FA 2024,02003,Information Mas,9445MSI,User Experience Design MSI,2470,WN 2024,GINF,045732,SI,554
28381537,FA 2023,GINF,FA 2024,FA 2024,02003,Information Mas,9445MSI,User Experience Design MSI,2510,FA 2024,GINF,021391,SI,511
28381537,FA 2023,GINF,FA 2024,FA 2024,02003,Information Mas,9445MSI,User Experience Design MSI,2510,FA 2024,GINF,041957,ENGR,599
28381537,FA 2023,GINF,FA 2024,FA 2024,02003,Information Mas,9445MSI,User Experience Design MSI,2510,FA 2024,GINF,045687,SI,538
28381537,FA 2023,GINF,FA 2024,FA 2024,02003,Information Mas,9445MSI,User Experience Design MSI,2510,FA 2024,GINF,045771,SI,684
28381537,FA 2023,GINF,FA 2024,FA 2024,02003,Information Mas,9445MSI,User Experience Design MSI,2510,FA 2024,GINF,047901,SI,699
28781972,FA 2023,GINF,WN 2025,WN 2025,02003,Information Mas,4470MSI9,Information MSI,2460,FA 2023,GINF,021045,SI,666
28781972,FA 2023,GINF,WN 2025,WN 2025,02003,Information Mas,4470MSI9,Information MSI,2460,FA 2023,GINF,042104,SI,501
28781972,FA 2023,GINF,WN 2025,WN 2025,02003,Information Mas,4470MSI9,Information MSI,2460,FA 2023,GINF,047246,SI,506
28781972,FA 2023,GINF,WN 2025,WN 2025,02003,Information Mas,4470MSI9,Information MSI,2460,FA 2023,GINF,049601,SI,564
28781972,FA 2023,GINF,WN 2025,WN 2025,02003,Information Mas,4470MSI9,Information MSI,2470,WN 2024,GINF,039979,SI,623
28781972,FA 2023,GINF,WN 2025,WN 2025,02003,Information Mas,4470MSI9,Information MSI,2470,WN 2024,GINF,048280,SI,667
28781972,FA 2023,GINF,WN 2025,WN 2025,02003,Information Mas,4470MSI9,Information MSI,2470,WN 2024,GINF,050162,SI,510
28781972,FA 2023,GINF,WN 2025,WN 2025,02003,Information Mas,4470MSI9,Information MSI,2470,WN 2024,GINF,050164,SI,504
28781972,FA 2023,GINF,WN 2025,WN 2025,02003,Information Mas,4470MSI9,Information MSI,2510,FA 2024,GINF,009731,SI,580
28781972,FA 2023,GINF,WN 2025,WN 2025,02003,Information Mas,4470MSI9,Information MSI,2510,FA 2024,GINF,043241,SI,657
28781972,FA 2023,GINF,WN 2025,WN 2025,02003,Information Mas,4470MSI9,Information MSI,2510,FA 2024,GINF,050028,SI,583
28781972,FA 2023,GINF,WN 2025,WN 2025,02003,Information Mas,4470MSI9,Information MSI,2510,FA 2024,GINF,050161,SI,676
28781972,FA 2023,GINF,WN 2025,WN 2025,02003,Information Mas,4470MSI9,Information MSI,2510,FA 2024,GINF,050163,SI,633
28781972,FA 2023,GINF,WN 2025,WN 2025,02003,Information Mas,4470MSI9,Information MSI,2520,WN 2025,GINF,021050,SI,691
28781972,FA 2023,GINF,WN 2025,WN 2025,02003,Information Mas,4470MSI9,Information MSI,2520,WN 2025,GINF,022326,SI,581
28781972,FA 2023,GINF,WN 2025,WN 2025,02003,Information Mas,4470MSI9,Information MSI,2520,WN 2025,GINF,047901,SI,699
28781972,FA 2023,GINF,WN 2025,WN 2025,02003,Information Mas,4470MSI9,Information MSI,2520,WN 2025,GINF,048129,SI,505
28781972,FA 2023,GINF,WN 2025,WN 2025,02003,Information Mas,4470MSI9,Information MSI,2520,WN 2025,GINF,050165,SI,585
28781972,FA 2023,GINF,WN 2025,WN 2025,02003,Information Mas,4470MSI9,Information MSI,2520,WN 2025,GINF,051074,SI,626
30032792,FA 2023,GINF,WN 2026, ,02003,Information Mas,4470MSI9,Information MSI,2460,FA 2023,GINF,009731,SI,580
30032792,FA 2023,GINF,WN 2026, ,02003,Information Mas,4470MSI9,Information MSI,2460,FA 2023,GINF,042104,SI,501
30032792,FA 2023,GINF,WN 2026, ,02003,Information Mas,4470MSI9,Information MSI,2460,FA 2023,GINF,047246,SI,506
30032792,FA 2023,GINF,WN 2026, ,02003,Information Mas,4470MSI9,Information MSI,2470,WN 2024,GINF,040667,SI,681
30032792,FA 2023,GINF,WN 2026, ,02003,Information Mas,4470MSI9,Information MSI,2470,WN 2024,GINF,046544,ARTSADMN,506
30032792,FA 2023,GINF,WN 2026, ,02003,Information Mas,4470MSI9,Information MSI,2470,WN 2024,GINF,048280,SI,667
30032792,FA 2023,GINF,WN 2026, ,02003,Information Mas,4470MSI9,Information MSI,2470,WN 2024,GINF,050162,SI,510
30032792,FA 2023,GINF,WN 2026, ,02003,Information Mas,4470MSI9,Information MSI,2470,WN 2024,GINF,050165,SI,585
30032792,FA 2023,GINF,WN 2026, ,02003,Information Mas,4470MSI9,Information MSI,2510,FA 2024,GINF,001459,SI,690
30032792,FA 2023,GINF,WN 2026, ,02003,Information Mas,4470MSI9,Information MSI,2510,FA 2024,GINF,021045,SI,666
30032792,FA 2023,GINF,WN 2026, ,02003,Information Mas,4470MSI9,Information MSI,2510,FA 2024,GINF,038948,SI,632
30032792,FA 2023,GINF,WN 2026, ,02003,Information Mas,4470MSI9,Information MSI,2510,FA 2024,GINF,045784,JAZZ,550
30032792,FA 2023,GINF,WN 2026, ,02003,Information Mas,4470MSI9,Information MSI,2520,WN 2025,GINF,001459,SI,690
30032792,FA 2023,GINF,WN 2026, ,02003,Information Mas,4470MSI9,Information MSI,2520,WN 2025,GINF,045016,JAZZ,554
30032792,FA 2023,GINF,WN 2026, ,02003,Information Mas,4470MSI9,Information MSI,2520,WN 2025,GINF,051074,SI,626
30032792,FA 2023,GINF,WN 2026, ,02003,Information Mas,4470MSI9,Information MSI,2560,FA 2025,GINF,001459,SI,690
30032792,FA 2023,GINF,WN 2026, ,02003,Information Mas,4470MSI9,Information MSI,2560,FA 2025,GINF,012456,SI,549
30032792,FA 2023,GINF,WN 2026, ,02003,Information Mas,4470MSI9,Information MSI,2560,FA 2025,GINF,045785,JAZZ,555
30032792,FA 2023,GINF,WN 2026, ,02003,Information Mas,4470MSI9,Information MSI,2570,WN 2026,GINF,045784,JAZZ,550
30032792,FA 2023,GINF,WN 2026, ,02003,Information Mas,4470MSI9,Information MSI,2570,WN 2026,GINF,047901,SI,699
30032792,FA 2023,GINF,WN 2026, ,02003,Information Mas,4470MSI9,Information MSI,2570,WN 2026,GINF,052450,ARTSADMN,585
30233662,FA 2023,GINF,WN 2025,WN 2025,02003,Information Mas,0775MSI,Big Data Analytics MSI,2460,FA 2023,GINF,016607,SI,544
30233662,FA 2023,GINF,WN 2025,WN 2025,02003,Information Mas,0775MSI,Big Data Analytics MSI,2460,FA 2023,GINF,042104,SI,501
30233662,FA 2023,GINF,WN 2025,WN 2025,02003,Information Mas,0775MSI,Big Data Analytics MSI,2460,FA 2023,GINF,047640,SI,507
30233662,FA 2023,GINF,WN 2025,WN 2025,02003,Information Mas,0775MSI,Big Data Analytics MSI,2460,FA 2023,GINF,049601,SI,564
30233662,FA 2023,GINF,WN 2025,WN 2025,02003,Information Mas,0775MSI,Big Data Analytics MSI,2460,FA 2023,GINF,050164,SI,504
30233662,FA 2023,GINF,WN 2025,WN 2025,02003,Information Mas,0775MSI,Big Data Analytics MSI,2470,WN 2024,GINF,040667,SI,681
30233662,FA 2023,GINF,WN 2025,WN 2025,02003,Information Mas,0775MSI,Big Data Analytics MSI,2470,WN 2024,GINF,041626,SI,664
30233662,FA 2023,GINF,WN 2025,WN 2025,02003,Information Mas,0775MSI,Big Data Analytics MSI,2470,WN 2024,GINF,042091,SI,618
30233662,FA 2023,GINF,WN 2025,WN 2025,02003,Information Mas,0775MSI,Big Data Analytics MSI,2470,WN 2024,GINF,043396,EECS,402
30233662,FA 2023,GINF,WN 2025,WN 2025,02003,Information Mas,0775MSI,Big Data Analytics MSI,2470,WN 2024,GINF,048887,EECS,403
30233662,FA 2023,GINF,WN 2025,WN 2025,02003,Information Mas,0775MSI,Big Data Analytics MSI,2470,WN 2024,GINF,050663,SI,568
30233662,FA 2023,GINF,WN 2025,WN 2025,02003,Information Mas,0775MSI,Big Data Analytics MSI,2470,WN 2024,GINF,050983,SI,602
30233662,FA 2023,GINF,WN 2025,WN 2025,02003,Information Mas,0775MSI,Big Data Analytics MSI,2510,FA 2024,GINF,009732,SI,650
30233662,FA 2023,GINF,WN 2025,WN 2025,02003,Information Mas,0775MSI,Big Data Analytics MSI,2510,FA 2024,GINF,011598,PIANO,500
30233662,FA 2023,GINF,WN 2025,WN 2025,02003,Information Mas,0775MSI,Big Data Analytics MSI,2510,FA 2024,GINF,045930,SI,671
30233662,FA 2023,GINF,WN 2025,WN 2025,02003,Information Mas,0775MSI,Big Data Analytics MSI,2510,FA 2024,GINF,048887,EECS,403
30233662,FA 2023,GINF,WN 2025,WN 2025,02003,Information Mas,0775MSI,Big Data Analytics MSI,2520,WN 2025,GINF,004327,EECS,484
30233662,FA 2023,GINF,WN 2025,WN 2025,02003,Information Mas,0775MSI,Big Data Analytics MSI,2520,WN 2025,GINF,011598,PIANO,500
30233662,FA 2023,GINF,WN 2025,WN 2025,02003,Information Mas,0775MSI,Big Data Analytics MSI,2520,WN 2025,GINF,015869,EECS,489
30233662,FA 2023,GINF,WN 2025,WN 2025,02003,Information Mas,0775MSI,Big Data Analytics MSI,2520,WN 2025,GINF,047901,SI,699
30233662,FA 2023,GINF,WN 2025,WN 2025,02003,Information Mas,0775MSI,Big Data Analytics MSI,2520,WN 2025,GINF,048268,SI,630
30673201,FA 2023,GINF,WN 2025,WN 2025,02003,Information Mas,4470MSI9,Information MSI,2460,FA 2023,GINF,009731,SI,580
30673201,FA 2023,GINF,WN 2025,WN 2025,02003,Information Mas,4470MSI9,Information MSI,2460,FA 2023,GINF,021045,SI,666
30673201,FA 2023,GINF,WN 2025,WN 2025,02003,Information Mas,4470MSI9,Information MSI,2460,FA 2023,GINF,042104,SI,501
30673201,FA 2023,GINF,WN 2025,WN 2025,02003,Information Mas,4470MSI9,Information MSI,2460,FA 2023,GINF,047246,SI,506
30673201,FA 2023,GINF,WN 2025,WN 2025,02003,Information Mas,4470MSI9,Information MSI,2470,WN 2024,GINF,040667,SI,681
30673201,FA 2023,GINF,WN 2025,WN 2025,02003,Information Mas,4470MSI9,Information MSI,2470,WN 2024,GINF,042324,SI,639
30673201,FA 2023,GINF,WN 2025,WN 2025,02003,Information Mas,4470MSI9,Information MSI,2470,WN 2024,GINF,047641,SI,540
30673201,FA 2023,GINF,WN 2025,WN 2025,02003,Information Mas,4470MSI9,Information MSI,2470,WN 2024,GINF,048280,SI,667
30673201,FA 2023,GINF,WN 2025,WN 2025,02003,Information Mas,4470MSI9,Information MSI,2470,WN 2024,GINF,050164,SI,504
30673201,FA 2023,GINF,WN 2025,WN 2025,02003,Information Mas,4470MSI9,Information MSI,2470,WN 2024,GINF,050165,SI,585
30673201,FA 2023,GINF,WN 2025,WN 2025,02003,Information Mas,4470MSI9,Information MSI,2510,FA 2024,GINF,038659,SI,519
30673201,FA 2023,GINF,WN 2025,WN 2025,02003,Information Mas,4470MSI9,Information MSI,2510,FA 2024,GINF,049601,SI,564
30673201,FA 2023,GINF,WN 2025,WN 2025,02003,Information Mas,4470MSI9,Information MSI,2510,FA 2024,GINF,050028,SI,583
30673201,FA 2023,GINF,WN 2025,WN 2025,02003,Information Mas,4470MSI9,Information MSI,2510,FA 2024,GINF,050161,SI,676
30673201,FA 2023,GINF,WN 2025,WN 2025,02003,Information Mas,4470MSI9,Information MSI,2520,WN 2025,GINF,020803,SI,643
30673201,FA 2023,GINF,WN 2025,WN 2025,02003,Information Mas,4470MSI9,Information MSI,2520,WN 2025,GINF,047901,SI,699
30673201,FA 2023,GINF,WN 2025,WN 2025,02003,Information Mas,4470MSI9,Information MSI,2520,WN 2025,GINF,050162,SI,510
30707684,FA 2023,GINF,WN 2025,WN 2025,02003,Information Mas,4470MSI9,Information MSI,2460,FA 2023,GINF,009731,SI,580
30707684,FA 2023,GINF,WN 2025,WN 2025,02003,Information Mas,4470MSI9,Information MSI,2460,FA 2023,GINF,021045,SI,666
30707684,FA 2023,GINF,WN 2025,WN 2025,02003,Information Mas,4470MSI9,Information MSI,2460,FA 2023,GINF,042104,SI,501
30707684,FA 2023,GINF,WN 2025,WN 2025,02003,Information Mas,4470MSI9,Information MSI,2460,FA 2023,GINF,047246,SI,506
30707684,FA 2023,GINF,WN 2025,WN 2025,02003,Information Mas,4470MSI9,Information MSI,2470,WN 2024,GINF,005218,FRENCH,350
30707684,FA 2023,GINF,WN 2025,WN 2025,02003,Information Mas,4470MSI9,Information MSI,2470,WN 2024,GINF,039979,SI,623
30707684,FA 2023,GINF,WN 2025,WN 2025,02003,Information Mas,4470MSI9,Information MSI,2470,WN 2024,GINF,040667,SI,681
30707684,FA 2023,GINF,WN 2025,WN 2025,02003,Information Mas,4470MSI9,Information MSI,2470,WN 2024,GINF,048280,SI,667
30707684,FA 2023,GINF,WN 2025,WN 2025,02003,Information Mas,4470MSI9,Information MSI,2470,WN 2024,GINF,050164,SI,504
30707684,FA 2023,GINF,WN 2025,WN 2025,02003,Information Mas,4470MSI9,Information MSI,2470,WN 2024,GINF,050165,SI,585
30707684,FA 2023,GINF,WN 2025,WN 2025,02003,Information Mas,4470MSI9,Information MSI,2510,FA 2024,GINF,042402,COMPLIT,580
30707684,FA 2023,GINF,WN 2025,WN 2025,02003,Information Mas,4470MSI9,Information MSI,2510,FA 2024,GINF,047202,LACS,461
30707684,FA 2023,GINF,WN 2025,WN 2025,02003,Information Mas,4470MSI9,Information MSI,2510,FA 2024,GINF,050161,SI,676
30707684,FA 2023,GINF,WN 2025,WN 2025,02003,Information Mas,4470MSI9,Information MSI,2510,FA 2024,GINF,050163,SI,633
30707684,FA 2023,GINF,WN 2025,WN 2025,02003,Information Mas,4470MSI9,Information MSI,2520,WN 2025,GINF,022326,SI,581
30707684,FA 2023,GINF,WN 2025,WN 2025,02003,Information Mas,4470MSI9,Information MSI,2520,WN 2025,GINF,047203,LACS,462
30707684,FA 2023,GINF,WN 2025,WN 2025,02003,Information Mas,4470MSI9,Information MSI,2520,WN 2025,GINF,047901,SI,699
30707684,FA 2023,GINF,WN 2025,WN 2025,02003,Information Mas,4470MSI9,Information MSI,2520,WN 2025,GINF,050162,SI,510
31290280,FA 2023,GINF,WN 2025,WN 2025,02003,Information Mas,9445MSI,User Experience Design MSI,2460,FA 2023,GINF,017281,SI,588
31290280,FA 2023,GINF,WN 2025,WN 2025,02003,Information Mas,9445MSI,User Experience Design MSI,2460,FA 2023,GINF,042104,SI,501
31290280,FA 2023,GINF,WN 2025,WN 2025,02003,Information Mas,9445MSI,User Experience Design MSI,2460,FA 2023,GINF,044772,SI,582
31290280,FA 2023,GINF,WN 2025,WN 2025,02003,Information Mas,9445MSI,User Experience Design MSI,2460,FA 2023,GINF,047246,SI,506
31290280,FA 2023,GINF,WN 2025,WN 2025,02003,Information Mas,9445MSI,User Experience Design MSI,2470,WN 2024,GINF,015902,ELI,601
31290280,FA 2023,GINF,WN 2025,WN 2025,02003,Information Mas,9445MSI,User Experience Design MSI,2470,WN 2024,GINF,020401,SI,622
31290280,FA 2023,GINF,WN 2025,WN 2025,02003,Information Mas,9445MSI,User Experience Design MSI,2470,WN 2024,GINF,022099,SI,658
31290280,FA 2023,GINF,WN 2025,WN 2025,02003,Information Mas,9445MSI,User Experience Design MSI,2470,WN 2024,GINF,039178,SI,539
31290280,FA 2023,GINF,WN 2025,WN 2025,02003,Information Mas,9445MSI,User Experience Design MSI,2470,WN 2024,GINF,040667,SI,681
31290280,FA 2023,GINF,WN 2025,WN 2025,02003,Information Mas,9445MSI,User Experience Design MSI,2510,FA 2024,GINF,021391,SI,511
31290280,FA 2023,GINF,WN 2025,WN 2025,02003,Information Mas,9445MSI,User Experience Design MSI,2510,FA 2024,GINF,021400,SI,520
31290280,FA 2023,GINF,WN 2025,WN 2025,02003,Information Mas,9445MSI,User Experience Design MSI,2510,FA 2024,GINF,041044,ELI,510
31290280,FA 2023,GINF,WN 2025,WN 2025,02003,Information Mas,9445MSI,User Experience Design MSI,2510,FA 2024,GINF,045771,SI,684
31290280,FA 2023,GINF,WN 2025,WN 2025,02003,Information Mas,9445MSI,User Experience Design MSI,2510,FA 2024,GINF,047228,ENTR,500
31290280,FA 2023,GINF,WN 2025,WN 2025,02003,Information Mas,9445MSI,User Experience Design MSI,2510,FA 2024,GINF,048129,SI,505
31290280,FA 2023,GINF,WN 2025,WN 2025,02003,Information Mas,9445MSI,User Experience Design MSI,2520,WN 2025,GINF,047901,SI,699
31290280,FA 2023,GINF,WN 2025,WN 2025,02003,Information Mas,9445MSI,User Experience Design MSI,2520,WN 2025,GINF,051454,SI,594
31641295,FA 2023,GINF,WN 2024,WN 2024,02003,Information Mas,4470MSI9,Information MSI,2460,FA 2023,GINF,001459,SI,690
31641295,FA 2023,GINF,WN 2024,WN 2024,02003,Information Mas,4470MSI9,Information MSI,2460,FA 2023,GINF,043863,SI,612
31641295,FA 2023,GINF,WN 2024,WN 2024,02003,Information Mas,4470MSI9,Information MSI,2460,FA 2023,GINF,046306,SI,616
31641295,FA 2023,GINF,WN 2024,WN 2024,02003,Information Mas,4470MSI9,Information MSI,2460,FA 2023,GINF,047228,ENTR,500
31641295,FA 2023,GINF,WN 2024,WN 2024,02003,Information Mas,4470MSI9,Information MSI,2460,FA 2023,GINF,051111,EAS,506
31641295,FA 2023,GINF,WN 2024,WN 2024,02003,Information Mas,4470MSI9,Information MSI,2470,WN 2024,GINF,022099,SI,658
31641295,FA 2023,GINF,WN 2024,WN 2024,02003,Information Mas,4470MSI9,Information MSI,2470,WN 2024,GINF,047304,ENTR,550
31641295,FA 2023,GINF,WN 2024,WN 2024,02003,Information Mas,4470MSI9,Information MSI,2470,WN 2024,GINF,047901,SI,699
31641295,FA 2023,GINF,WN 2024,WN 2024,02003,Information Mas,4470MSI9,Information MSI,2470,WN 2024,GINF,048421,ENTR,560
31785542,FA 2023,GINF,WN 2025,WN 2025,02003,Information Mas,0775MSI,Big Data Analytics MSI,2460,FA 2023,GINF,016607,SI,544
31785542,FA 2023,GINF,WN 2025,WN 2025,02003,Information Mas,0775MSI,Big Data Analytics MSI,2460,FA 2023,GINF,042104,SI,501
31785542,FA 2023,GINF,WN 2025,WN 2025,02003,Information Mas,0775MSI,Big Data Analytics MSI,2460,FA 2023,GINF,047246,SI,506
31785542,FA 2023,GINF,WN 2025,WN 2025,02003,Information Mas,0775MSI,Big Data Analytics MSI,2460,FA 2023,GINF,048129,SI,505
31785542,FA 2023,GINF,WN 2025,WN 2025,02003,Information Mas,0775MSI,Big Data Analytics MSI,2460,FA 2023,GINF,050164,SI,504
31785542,FA 2023,GINF,WN 2025,WN 2025,02003,Information Mas,0775MSI,Big Data Analytics MSI,2470,WN 2024,GINF,020934,SI,649
31785542,FA 2023,GINF,WN 2025,WN 2025,02003,Information Mas,0775MSI,Big Data Analytics MSI,2470,WN 2024,GINF,039979,SI,623
31785542,FA 2023,GINF,WN 2025,WN 2025,02003,Information Mas,0775MSI,Big Data Analytics MSI,2470,WN 2024,GINF,042091,SI,618
31785542,FA 2023,GINF,WN 2025,WN 2025,02003,Information Mas,0775MSI,Big Data Analytics MSI,2470,WN 2024,GINF,047640,SI,507
31785542,FA 2023,GINF,WN 2025,WN 2025,02003,Information Mas,0775MSI,Big Data Analytics MSI,2470,WN 2024,GINF,049601,SI,564
31785542,FA 2023,GINF,WN 2025,WN 2025,02003,Information Mas,0775MSI,Big Data Analytics MSI,2470,WN 2024,GINF,050663,SI,568
31785542,FA 2023,GINF,WN 2025,WN 2025,02003,Information Mas,0775MSI,Big Data Analytics MSI,2470,WN 2024,GINF,050983,SI,602
31785542,FA 2023,GINF,WN 2025,WN 2025,02003,Information Mas,0775MSI,Big Data Analytics MSI,2510,FA 2024,GINF,009732,SI,650
31785542,FA 2023,GINF,WN 2025,WN 2025,02003,Information Mas,0775MSI,Big Data Analytics MSI,2510,FA 2024,GINF,041934,SI,608
31785542,FA 2023,GINF,WN 2025,WN 2025,02003,Information Mas,0775MSI,Big Data Analytics MSI,2510,FA 2024,GINF,045930,SI,671
31785542,FA 2023,GINF,WN 2025,WN 2025,02003,Information Mas,0775MSI,Big Data Analytics MSI,2510,FA 2024,GINF,048500,SI,670
31785542,FA 2023,GINF,WN 2025,WN 2025,02003,Information Mas,0775MSI,Big Data Analytics MSI,2510,FA 2024,GINF,051462,SI,644
31785542,FA 2023,GINF,WN 2025,WN 2025,02003,Information Mas,0775MSI,Big Data Analytics MSI,2520,WN 2025,GINF,047901,SI,699
31785542,FA 2023,GINF,WN 2025,WN 2025,02003,Information Mas,0775MSI,Big Data Analytics MSI,2520,WN 2025,GINF,048268,SI,630
31891593,FA 2023,GINF,WN 2025,WN 2025,02003,Information Mas,9445MSI,User Experience Design MSI,2460,FA 2023,GINF,016607,SI,544
31891593,FA 2023,GINF,WN 2025,WN 2025,02003,Information Mas,9445MSI,User Experience Design MSI,2460,FA 2023,GINF,042104,SI,501
31891593,FA 2023,GINF,WN 2025,WN 2025,02003,Information Mas,9445MSI,User Experience Design MSI,2460,FA 2023,GINF,047246,SI,506
31891593,FA 2023,GINF,WN 2025,WN 2025,02003,Information Mas,9445MSI,User Experience Design MSI,2460,FA 2023,GINF,048129,SI,505
31891593,FA 2023,GINF,WN 2025,WN 2025,02003,Information Mas,9445MSI,User Experience Design MSI,2460,FA 2023,GINF,050164,SI,504
31891593,FA 2023,GINF,WN 2025,WN 2025,02003,Information Mas,9445MSI,User Experience Design MSI,2470,WN 2024,GINF,020401,SI,622
31891593,FA 2023,GINF,WN 2025,WN 2025,02003,Information Mas,9445MSI,User Experience Design MSI,2470,WN 2024,GINF,044772,SI,582
31891593,FA 2023,GINF,WN 2025,WN 2025,02003,Information Mas,9445MSI,User Experience Design MSI,2470,WN 2024,GINF,047246,SI,506
31891593,FA 2023,GINF,WN 2025,WN 2025,02003,Information Mas,9445MSI,User Experience Design MSI,2510,FA 2024,GINF,017281,SI,588
31891593,FA 2023,GINF,WN 2025,WN 2025,02003,Information Mas,9445MSI,User Experience Design MSI,2510,FA 2024,GINF,021400,SI,520
31891593,FA 2023,GINF,WN 2025,WN 2025,02003,Information Mas,9445MSI,User Experience Design MSI,2510,FA 2024,GINF,039178,SI,539
31891593,FA 2023,GINF,WN 2025,WN 2025,02003,Information Mas,9445MSI,User Experience Design MSI,2510,FA 2024,GINF,045393,SI,552
31891593,FA 2023,GINF,WN 2025,WN 2025,02003,Information Mas,9445MSI,User Experience Design MSI,2510,FA 2024,GINF,048488,SI,559
31891593,FA 2023,GINF,WN 2025,WN 2025,02003,Information Mas,9445MSI,User Experience Design MSI,2520,WN 2025,GINF,021391,SI,511
31891593,FA 2023,GINF,WN 2025,WN 2025,02003,Information Mas,9445MSI,User Experience Design MSI,2520,WN 2025,GINF,047234,ENTR,510
31891593,FA 2023,GINF,WN 2025,WN 2025,02003,Information Mas,9445MSI,User Experience Design MSI,2520,WN 2025,GINF,047901,SI,699
31891593,FA 2023,GINF,WN 2025,WN 2025,02003,Information Mas,9445MSI,User Experience Design MSI,2520,WN 2025,GINF,049082,SI,682
31891593,FA 2023,GINF,WN 2025,WN 2025,02003,Information Mas,9445MSI,User Experience Design MSI,2520,WN 2025,GINF,051111,EAS,506
31891593,FA 2023,GINF,WN 2025,WN 2025,02003,Information Mas,9445MSI,User Experience Design MSI,2520,WN 2025,GINF,051454,SI,594
32636557,FA 2023,GINF,WN 2024,WN 2024,02003,Information Mas,4470MSI9,Information MSI,2460,FA 2023,GINF,001459,SI,690
32636557,FA 2023,GINF,WN 2024,WN 2024,02003,Information Mas,4470MSI9,Information MSI,2460,FA 2023,GINF,042104,SI,501
32636557,FA 2023,GINF,WN 2024,WN 2024,02003,Information Mas,4470MSI9,Information MSI,2460,FA 2023,GINF,043210,SI,534
32636557,FA 2023,GINF,WN 2024,WN 2024,02003,Information Mas,4470MSI9,Information MSI,2460,FA 2023,GINF,045771,SI,684
32636557,FA 2023,GINF,WN 2024,WN 2024,02003,Information Mas,4470MSI9,Information MSI,2460,FA 2023,GINF,048488,SI,559
32636557,FA 2023,GINF,WN 2024,WN 2024,02003,Information Mas,4470MSI9,Information MSI,2470,WN 2024,GINF,001459,SI,690
32636557,FA 2023,GINF,WN 2024,WN 2024,02003,Information Mas,4470MSI9,Information MSI,2470,WN 2024,GINF,021391,SI,511
32636557,FA 2023,GINF,WN 2024,WN 2024,02003,Information Mas,4470MSI9,Information MSI,2470,WN 2024,GINF,044798,ENTR,599
32636557,FA 2023,GINF,WN 2024,WN 2024,02003,Information Mas,4470MSI9,Information MSI,2470,WN 2024,GINF,047901,SI,699
32648660,FA 2023,GINF,WN 2025,WN 2025,02003,Information Mas,9445MSI,User Experience Design MSI,2460,FA 2023,GINF,016607,SI,544
32648660,FA 2023,GINF,WN 2025,WN 2025,02003,Information Mas,9445MSI,User Experience Design MSI,2460,FA 2023,GINF,042104,SI,501
32648660,FA 2023,GINF,WN 2025,WN 2025,02003,Information Mas,9445MSI,User Experience Design MSI,2460,FA 2023,GINF,044772,SI,582
32648660,FA 2023,GINF,WN 2025,WN 2025,02003,Information Mas,9445MSI,User Experience Design MSI,2460,FA 2023,GINF,047246,SI,506
32648660,FA 2023,GINF,WN 2025,WN 2025,02003,Information Mas,9445MSI,User Experience Design MSI,2460,FA 2023,GINF,048129,SI,505
32648660,FA 2023,GINF,WN 2025,WN 2025,02003,Information Mas,9445MSI,User Experience Design MSI,2460,FA 2023,GINF,050164,SI,504
32648660,FA 2023,GINF,WN 2025,WN 2025,02003,Information Mas,9445MSI,User Experience Design MSI,2470,WN 2024,GINF,020401,SI,622
32648660,FA 2023,GINF,WN 2025,WN 2025,02003,Information Mas,9445MSI,User Experience Design MSI,2470,WN 2024,GINF,021400,SI,520
32648660,FA 2023,GINF,WN 2025,WN 2025,02003,Information Mas,9445MSI,User Experience Design MSI,2470,WN 2024,GINF,022099,SI,658
32648660,FA 2023,GINF,WN 2025,WN 2025,02003,Information Mas,9445MSI,User Experience Design MSI,2470,WN 2024,GINF,039178,SI,539
32648660,FA 2023,GINF,WN 2025,WN 2025,02003,Information Mas,9445MSI,User Experience Design MSI,2510,FA 2024,GINF,001459,SI,690
32648660,FA 2023,GINF,WN 2025,WN 2025,02003,Information Mas,9445MSI,User Experience Design MSI,2510,FA 2024,GINF,017281,SI,588
32648660,FA 2023,GINF,WN 2025,WN 2025,02003,Information Mas,9445MSI,User Experience Design MSI,2510,FA 2024,GINF,041855,SI,631
32648660,FA 2023,GINF,WN 2025,WN 2025,02003,Information Mas,9445MSI,User Experience Design MSI,2510,FA 2024,GINF,045393,SI,552
32648660,FA 2023,GINF,WN 2025,WN 2025,02003,Information Mas,9445MSI,User Experience Design MSI,2510,FA 2024,GINF,047228,ENTR,500
32648660,FA 2023,GINF,WN 2025,WN 2025,02003,Information Mas,9445MSI,User Experience Design MSI,2520,WN 2025,GINF,047901,SI,699
32648660,FA 2023,GINF,WN 2025,WN 2025,02003,Information Mas,9445MSI,User Experience Design MSI,2520,WN 2025,GINF,051454,SI,594
32648660,FA 2023,GINF,WN 2025,WN 2025,02003,Information Mas,9445MSI,User Experience Design MSI,2520,WN 2025,GINF,051836,SI,611
33054711,FA 2023,GINF,WN 2025,WN 2025,02003,Information Mas,9445MSI,User Experience Design MSI,2460,FA 2023,GINF,017281,SI,588
33054711,FA 2023,GINF,WN 2025,WN 2025,02003,Information Mas,9445MSI,User Experience Design MSI,2460,FA 2023,GINF,039178,SI,539
33054711,FA 2023,GINF,WN 2025,WN 2025,02003,Information Mas,9445MSI,User Experience Design MSI,2460,FA 2023,GINF,042104,SI,501
33054711,FA 2023,GINF,WN 2025,WN 2025,02003,Information Mas,9445MSI,User Experience Design MSI,2460,FA 2023,GINF,047246,SI,506
33054711,FA 2023,GINF,WN 2025,WN 2025,02003,Information Mas,9445MSI,User Experience Design MSI,2460,FA 2023,GINF,048488,SI,559
33054711,FA 2023,GINF,WN 2025,WN 2025,02003,Information Mas,9445MSI,User Experience Design MSI,2470,WN 2024,GINF,007811,IOE,539
33054711,FA 2023,GINF,WN 2025,WN 2025,02003,Information Mas,9445MSI,User Experience Design MSI,2470,WN 2024,GINF,020401,SI,622
33054711,FA 2023,GINF,WN 2025,WN 2025,02003,Information Mas,9445MSI,User Experience Design MSI,2470,WN 2024,GINF,021391,SI,511
33054711,FA 2023,GINF,WN 2025,WN 2025,02003,Information Mas,9445MSI,User Experience Design MSI,2470,WN 2024,GINF,022099,SI,658
33054711,FA 2023,GINF,WN 2025,WN 2025,02003,Information Mas,9445MSI,User Experience Design MSI,2470,WN 2024,GINF,039081,SI,529
33054711,FA 2023,GINF,WN 2025,WN 2025,02003,Information Mas,9445MSI,User Experience Design MSI,2470,WN 2024,GINF,040667,SI,681
33054711,FA 2023,GINF,WN 2025,WN 2025,02003,Information Mas,9445MSI,User Experience Design MSI,2470,WN 2024,GINF,044772,SI,582
33054711,FA 2023,GINF,WN 2025,WN 2025,02003,Information Mas,9445MSI,User Experience Design MSI,2520,WN 2025,GINF,021391,SI,511
33054711,FA 2023,GINF,WN 2025,WN 2025,02003,Information Mas,9445MSI,User Experience Design MSI,2520,WN 2025,GINF,045393,SI,552
33054711,FA 2023,GINF,WN 2025,WN 2025,02003,Information Mas,9445MSI,User Experience Design MSI,2520,WN 2025,GINF,047228,ENTR,500
33054711,FA 2023,GINF,WN 2025,WN 2025,02003,Information Mas,9445MSI,User Experience Design MSI,2520,WN 2025,GINF,047901,SI,699
33054711,FA 2023,GINF,WN 2025,WN 2025,02003,Information Mas,9445MSI,User Experience Design MSI,2520,WN 2025,GINF,048421,ENTR,560
33122215,FA 2023,GINF,WN 2025,WN 2025,02003,Information Mas,9445MSI,User Experience Design MSI,2460,FA 2023,GINF,017281,SI,588
33122215,FA 2023,GINF,WN 2025,WN 2025,02003,Information Mas,9445MSI,User Experience Design MSI,2460,FA 2023,GINF,021400,SI,520
33122215,FA 2023,GINF,WN 2025,WN 2025,02003,Information Mas,9445MSI,User Experience Design MSI,2460,FA 2023,GINF,042104,SI,501
33122215,FA 2023,GINF,WN 2025,WN 2025,02003,Information Mas,9445MSI,User Experience Design MSI,2460,FA 2023,GINF,044772,SI,582
33122215,FA 2023,GINF,WN 2025,WN 2025,02003,Information Mas,9445MSI,User Experience Design MSI,2460,FA 2023,GINF,047246,SI,506
33122215,FA 2023,GINF,WN 2025,WN 2025,02003,Information Mas,9445MSI,User Experience Design MSI,2470,WN 2024,GINF,020401,SI,622
33122215,FA 2023,GINF,WN 2025,WN 2025,02003,Information Mas,9445MSI,User Experience Design MSI,2470,WN 2024,GINF,039178,SI,539
33122215,FA 2023,GINF,WN 2025,WN 2025,02003,Information Mas,9445MSI,User Experience Design MSI,2470,WN 2024,GINF,043863,SI,612
33122215,FA 2023,GINF,WN 2025,WN 2025,02003,Information Mas,9445MSI,User Experience Design MSI,2470,WN 2024,GINF,047228,ENTR,500
33122215,FA 2023,GINF,WN 2025,WN 2025,02003,Information Mas,9445MSI,User Experience Design MSI,2470,WN 2024,GINF,048488,SI,559
33122215,FA 2023,GINF,WN 2025,WN 2025,02003,Information Mas,9445MSI,User Experience Design MSI,2510,FA 2024,GINF,003736,MKT,625
33122215,FA 2023,GINF,WN 2025,WN 2025,02003,Information Mas,9445MSI,User Experience Design MSI,2510,FA 2024,GINF,019903,TO,548
33122215,FA 2023,GINF,WN 2025,WN 2025,02003,Information Mas,9445MSI,User Experience Design MSI,2510,FA 2024,GINF,020379,IOE,548
33122215,FA 2023,GINF,WN 2025,WN 2025,02003,Information Mas,9445MSI,User Experience Design MSI,2510,FA 2024,GINF,041336,STRATEGY,675
33122215,FA 2023,GINF,WN 2025,WN 2025,02003,Information Mas,9445MSI,User Experience Design MSI,2510,FA 2024,GINF,041985,SI,542
33122215,FA 2023,GINF,WN 2025,WN 2025,02003,Information Mas,9445MSI,User Experience Design MSI,2510,FA 2024,GINF,045771,SI,684
33122215,FA 2023,GINF,WN 2025,WN 2025,02003,Information Mas,9445MSI,User Experience Design MSI,2510,FA 2024,GINF,048421,ENTR,560
33122215,FA 2023,GINF,WN 2025,WN 2025,02003,Information Mas,9445MSI,User Experience Design MSI,2520,WN 2025,GINF,020991,ES,623
33122215,FA 2023,GINF,WN 2025,WN 2025,02003,Information Mas,9445MSI,User Experience Design MSI,2520,WN 2025,GINF,047901,SI,699
33122215,FA 2023,GINF,WN 2025,WN 2025,02003,Information Mas,9445MSI,User Experience Design MSI,2520,WN 2025,GINF,051836,SI,611
33718610,FA 2023,GINF,WN 2025,WN 2025,02003,Information Mas,0775MSI,Big Data Analytics MSI,2460,FA 2023,GINF,009732,SI,650
33718610,FA 2023,GINF,WN 2025,WN 2025,02003,Information Mas,0775MSI,Big Data Analytics MSI,2460,FA 2023,GINF,042071,SI,563
33718610,FA 2023,GINF,WN 2025,WN 2025,02003,Information Mas,0775MSI,Big Data Analytics MSI,2460,FA 2023,GINF,042091,SI,618
33718610,FA 2023,GINF,WN 2025,WN 2025,02003,Information Mas,0775MSI,Big Data Analytics MSI,2460,FA 2023,GINF,042104,SI,501
33718610,FA 2023,GINF,WN 2025,WN 2025,02003,Information Mas,0775MSI,Big Data Analytics MSI,2460,FA 2023,GINF,049601,SI,564
33718610,FA 2023,GINF,WN 2025,WN 2025,02003,Information Mas,0775MSI,Big Data Analytics MSI,2460,FA 2023,GINF,050164,SI,504
33718610,FA 2023,GINF,WN 2025,WN 2025,02003,Information Mas,0775MSI,Big Data Analytics MSI,2470,WN 2024,GINF,020934,SI,649
33718610,FA 2023,GINF,WN 2025,WN 2025,02003,Information Mas,0775MSI,Big Data Analytics MSI,2470,WN 2024,GINF,039178,SI,539
33718610,FA 2023,GINF,WN 2025,WN 2025,02003,Information Mas,0775MSI,Big Data Analytics MSI,2470,WN 2024,GINF,040667,SI,681
33718610,FA 2023,GINF,WN 2025,WN 2025,02003,Information Mas,0775MSI,Big Data Analytics MSI,2470,WN 2024,GINF,041626,SI,664
33718610,FA 2023,GINF,WN 2025,WN 2025,02003,Information Mas,0775MSI,Big Data Analytics MSI,2470,WN 2024,GINF,050663,SI,568
33718610,FA 2023,GINF,WN 2025,WN 2025,02003,Information Mas,0775MSI,Big Data Analytics MSI,2470,WN 2024,GINF,050983,SI,602
33718610,FA 2023,GINF,WN 2025,WN 2025,02003,Information Mas,0775MSI,Big Data Analytics MSI,2510,FA 2024,GINF,045930,SI,671
33718610,FA 2023,GINF,WN 2025,WN 2025,02003,Information Mas,0775MSI,Big Data Analytics MSI,2510,FA 2024,GINF,048487,SI,669
33718610,FA 2023,GINF,WN 2025,WN 2025,02003,Information Mas,0775MSI,Big Data Analytics MSI,2510,FA 2024,GINF,048500,SI,670
33718610,FA 2023,GINF,WN 2025,WN 2025,02003,Information Mas,0775MSI,Big Data Analytics MSI,2510,FA 2024,GINF,050159,SI,579
33718610,FA 2023,GINF,WN 2025,WN 2025,02003,Information Mas,0775MSI,Big Data Analytics MSI,2510,FA 2024,GINF,051462,SI,644
33718610,FA 2023,GINF,WN 2025,WN 2025,02003,Information Mas,0775MSI,Big Data Analytics MSI,2520,WN 2025,GINF,047901,SI,699
33826728,FA 2023,GINF,WN 2025,WN 2025,02003,Information Mas,9445MSI,User Experience Design MSI,2460,FA 2023,GINF,017281,SI,588
33826728,FA 2023,GINF,WN 2025,WN 2025,02003,Information Mas,9445MSI,User Experience Design MSI,2460,FA 2023,GINF,042104,SI,501
33826728,FA 2023,GINF,WN 2025,WN 2025,02003,Information Mas,9445MSI,User Experience Design MSI,2460,FA 2023,GINF,044772,SI,582
33826728,FA 2023,GINF,WN 2025,WN 2025,02003,Information Mas,9445MSI,User Experience Design MSI,2460,FA 2023,GINF,047246,SI,506
33826728,FA 2023,GINF,WN 2025,WN 2025,02003,Information Mas,9445MSI,User Experience Design MSI,2460,FA 2023,GINF,048129,SI,505
33826728,FA 2023,GINF,WN 2025,WN 2025,02003,Information Mas,9445MSI,User Experience Design MSI,2460,FA 2023,GINF,048965,ARMENIAN,401
33826728,FA 2023,GINF,WN 2025,WN 2025,02003,Information Mas,9445MSI,User Experience Design MSI,2470,WN 2024,GINF,012772,SI,548
33826728,FA 2023,GINF,WN 2025,WN 2025,02003,Information Mas,9445MSI,User Experience Design MSI,2470,WN 2024,GINF,020401,SI,622
33826728,FA 2023,GINF,WN 2025,WN 2025,02003,Information Mas,9445MSI,User Experience Design MSI,2470,WN 2024,GINF,039178,SI,539
33826728,FA 2023,GINF,WN 2025,WN 2025,02003,Information Mas,9445MSI,User Experience Design MSI,2470,WN 2024,GINF,040667,SI,681
33826728,FA 2023,GINF,WN 2025,WN 2025,02003,Information Mas,9445MSI,User Experience Design MSI,2470,WN 2024,GINF,048488,SI,559
33826728,FA 2023,GINF,WN 2025,WN 2025,02003,Information Mas,9445MSI,User Experience Design MSI,2470,WN 2024,GINF,051454,SI,594
33826728,FA 2023,GINF,WN 2025,WN 2025,02003,Information Mas,9445MSI,User Experience Design MSI,2510,FA 2024,GINF,021045,SI,666
33826728,FA 2023,GINF,WN 2025,WN 2025,02003,Information Mas,9445MSI,User Experience Design MSI,2510,FA 2024,GINF,043863,SI,612
33826728,FA 2023,GINF,WN 2025,WN 2025,02003,Information Mas,9445MSI,User Experience Design MSI,2510,FA 2024,GINF,045771,SI,684
33826728,FA 2023,GINF,WN 2025,WN 2025,02003,Information Mas,9445MSI,User Experience Design MSI,2520,WN 2025,GINF,047901,SI,699
33826728,FA 2023,GINF,WN 2025,WN 2025,02003,Information Mas,9445MSI,User Experience Design MSI,2520,WN 2025,GINF,051836,SI,611
34467992,FA 2023,GINF,WN 2025,WN 2025,02003,Information Mas,9445MSI,User Experience Design MSI,2460,FA 2023,GINF,017281,SI,588
34467992,FA 2023,GINF,WN 2025,WN 2025,02003,Information Mas,9445MSI,User Experience Design MSI,2460,FA 2023,GINF,021400,SI,520
34467992,FA 2023,GINF,WN 2025,WN 2025,02003,Information Mas,9445MSI,User Experience Design MSI,2460,FA 2023,GINF,042104,SI,501
34467992,FA 2023,GINF,WN 2025,WN 2025,02003,Information Mas,9445MSI,User Experience Design MSI,2460,FA 2023,GINF,044772,SI,582
34467992,FA 2023,GINF,WN 2025,WN 2025,02003,Information Mas,9445MSI,User Experience Design MSI,2470,WN 2024,GINF,020401,SI,622
34467992,FA 2023,GINF,WN 2025,WN 2025,02003,Information Mas,9445MSI,User Experience Design MSI,2470,WN 2024,GINF,021391,SI,511
34467992,FA 2023,GINF,WN 2025,WN 2025,02003,Information Mas,9445MSI,User Experience Design MSI,2470,WN 2024,GINF,022099,SI,658
34467992,FA 2023,GINF,WN 2025,WN 2025,02003,Information Mas,9445MSI,User Experience Design MSI,2470,WN 2024,GINF,040667,SI,681
34467992,FA 2023,GINF,WN 2025,WN 2025,02003,Information Mas,9445MSI,User Experience Design MSI,2470,WN 2024,GINF,043863,SI,612
34467992,FA 2023,GINF,WN 2025,WN 2025,02003,Information Mas,9445MSI,User Experience Design MSI,2470,WN 2024,GINF,051111,EAS,506
34467992,FA 2023,GINF,WN 2025,WN 2025,02003,Information Mas,9445MSI,User Experience Design MSI,2510,FA 2024,GINF,001459,SI,690
34467992,FA 2023,GINF,WN 2025,WN 2025,02003,Information Mas,9445MSI,User Experience Design MSI,2510,FA 2024,GINF,016655,ELI,538
34467992,FA 2023,GINF,WN 2025,WN 2025,02003,Information Mas,9445MSI,User Experience Design MSI,2510,FA 2024,GINF,017075,ELI,534
34467992,FA 2023,GINF,WN 2025,WN 2025,02003,Information Mas,9445MSI,User Experience Design MSI,2510,FA 2024,GINF,039178,SI,539
34467992,FA 2023,GINF,WN 2025,WN 2025,02003,Information Mas,9445MSI,User Experience Design MSI,2510,FA 2024,GINF,041855,SI,631
34467992,FA 2023,GINF,WN 2025,WN 2025,02003,Information Mas,9445MSI,User Experience Design MSI,2510,FA 2024,GINF,042925,ENTR,407
34467992,FA 2023,GINF,WN 2025,WN 2025,02003,Information Mas,9445MSI,User Experience Design MSI,2510,FA 2024,GINF,045771,SI,684
34467992,FA 2023,GINF,WN 2025,WN 2025,02003,Information Mas,9445MSI,User Experience Design MSI,2510,FA 2024,GINF,047304,ENTR,550
34467992,FA 2023,GINF,WN 2025,WN 2025,02003,Information Mas,9445MSI,User Experience Design MSI,2510,FA 2024,GINF,048129,SI,505
34467992,FA 2023,GINF,WN 2025,WN 2025,02003,Information Mas,9445MSI,User Experience Design MSI,2510,FA 2024,GINF,049222,ELI,532
34467992,FA 2023,GINF,WN 2025,WN 2025,02003,Information Mas,9445MSI,User Experience Design MSI,2520,WN 2025,GINF,001459,SI,690
34467992,FA 2023,GINF,WN 2025,WN 2025,02003,Information Mas,9445MSI,User Experience Design MSI,2520,WN 2025,GINF,047901,SI,699
34467992,FA 2023,GINF,WN 2025,WN 2025,02003,Information Mas,9445MSI,User Experience Design MSI,2520,WN 2025,GINF,048514,WELLNESS,512
34753423,FA 2023,GINF,WN 2025,WN 2025,02003,Information Mas,0775MSI,Big Data Analytics MSI,2460,FA 2023,GINF,042104,SI,501
34753423,FA 2023,GINF,WN 2025,WN 2025,02003,Information Mas,0775MSI,Big Data Analytics MSI,2460,FA 2023,GINF,047640,SI,507
34753423,FA 2023,GINF,WN 2025,WN 2025,02003,Information Mas,0775MSI,Big Data Analytics MSI,2460,FA 2023,GINF,048129,SI,505
34753423,FA 2023,GINF,WN 2025,WN 2025,02003,Information Mas,0775MSI,Big Data Analytics MSI,2460,FA 2023,GINF,049601,SI,564
34753423,FA 2023,GINF,WN 2025,WN 2025,02003,Information Mas,0775MSI,Big Data Analytics MSI,2470,WN 2024,GINF,040667,SI,681
34753423,FA 2023,GINF,WN 2025,WN 2025,02003,Information Mas,0775MSI,Big Data Analytics MSI,2470,WN 2024,GINF,042091,SI,618
34753423,FA 2023,GINF,WN 2025,WN 2025,02003,Information Mas,0775MSI,Big Data Analytics MSI,2470,WN 2024,GINF,050663,SI,568
34753423,FA 2023,GINF,WN 2025,WN 2025,02003,Information Mas,0775MSI,Big Data Analytics MSI,2470,WN 2024,GINF,050983,SI,602
34753423,FA 2023,GINF,WN 2025,WN 2025,02003,Information Mas,0775MSI,Big Data Analytics MSI,2510,FA 2024,GINF,001459,SI,690
34753423,FA 2023,GINF,WN 2025,WN 2025,02003,Information Mas,0775MSI,Big Data Analytics MSI,2510,FA 2024,GINF,020934,SI,649
34753423,FA 2023,GINF,WN 2025,WN 2025,02003,Information Mas,0775MSI,Big Data Analytics MSI,2510,FA 2024,GINF,021391,SI,511
34753423,FA 2023,GINF,WN 2025,WN 2025,02003,Information Mas,0775MSI,Big Data Analytics MSI,2510,FA 2024,GINF,041934,SI,608
34753423,FA 2023,GINF,WN 2025,WN 2025,02003,Information Mas,0775MSI,Big Data Analytics MSI,2510,FA 2024,GINF,045930,SI,671
34753423,FA 2023,GINF,WN 2025,WN 2025,02003,Information Mas,0775MSI,Big Data Analytics MSI,2510,FA 2024,GINF,051462,SI,644
34753423,FA 2023,GINF,WN 2025,WN 2025,02003,Information Mas,0775MSI,Big Data Analytics MSI,2520,WN 2025,GINF,047901,SI,699
34900858,FA 2023,GINF,WN 2025,WN 2025,02003,Information Mas,9445MSI,User Experience Design MSI,2460,FA 2023,GINF,017281,SI,588
34900858,FA 2023,GINF,WN 2025,WN 2025,02003,Information Mas,9445MSI,User Experience Design MSI,2460,FA 2023,GINF,042104,SI,501
34900858,FA 2023,GINF,WN 2025,WN 2025,02003,Information Mas,9445MSI,User Experience Design MSI,2460,FA 2023,GINF,044772,SI,582
34900858,FA 2023,GINF,WN 2025,WN 2025,02003,Information Mas,9445MSI,User Experience Design MSI,2460,FA 2023,GINF,047246,SI,506
34900858,FA 2023,GINF,WN 2025,WN 2025,02003,Information Mas,9445MSI,User Experience Design MSI,2470,WN 2024,GINF,020401,SI,622
34900858,FA 2023,GINF,WN 2025,WN 2025,02003,Information Mas,9445MSI,User Experience Design MSI,2470,WN 2024,GINF,039178,SI,539
34900858,FA 2023,GINF,WN 2025,WN 2025,02003,Information Mas,9445MSI,User Experience Design MSI,2470,WN 2024,GINF,049601,SI,564
34900858,FA 2023,GINF,WN 2025,WN 2025,02003,Information Mas,9445MSI,User Experience Design MSI,2470,WN 2024,GINF,050159,SI,579
34900858,FA 2023,GINF,WN 2025,WN 2025,02003,Information Mas,9445MSI,User Experience Design MSI,2470,WN 2024,GINF,050164,SI,504
34900858,FA 2023,GINF,WN 2025,WN 2025,02003,Information Mas,9445MSI,User Experience Design MSI,2510,FA 2024,GINF,021400,SI,520
34900858,FA 2023,GINF,WN 2025,WN 2025,02003,Information Mas,9445MSI,User Experience Design MSI,2510,FA 2024,GINF,038659,SI,519
34900858,FA 2023,GINF,WN 2025,WN 2025,02003,Information Mas,9445MSI,User Experience Design MSI,2510,FA 2024,GINF,043210,SI,534
34900858,FA 2023,GINF,WN 2025,WN 2025,02003,Information Mas,9445MSI,User Experience Design MSI,2510,FA 2024,GINF,045393,SI,552
34900858,FA 2023,GINF,WN 2025,WN 2025,02003,Information Mas,9445MSI,User Experience Design MSI,2510,FA 2024,GINF,045771,SI,684
34900858,FA 2023,GINF,WN 2025,WN 2025,02003,Information Mas,9445MSI,User Experience Design MSI,2520,WN 2025,GINF,012772,SI,548
34900858,FA 2023,GINF,WN 2025,WN 2025,02003,Information Mas,9445MSI,User Experience Design MSI,2520,WN 2025,GINF,021391,SI,511
34900858,FA 2023,GINF,WN 2025,WN 2025,02003,Information Mas,9445MSI,User Experience Design MSI,2520,WN 2025,GINF,047901,SI,699
34900858,FA 2023,GINF,WN 2025,WN 2025,02003,Information Mas,9445MSI,User Experience Design MSI,2520,WN 2025,GINF,051836,SI,611
35469275,FA 2023,GINF,WN 2025,WN 2025,02003,Information Mas,9445MSI,User Experience Design MSI,2460,FA 2023,GINF,017281,SI,588
35469275,FA 2023,GINF,WN 2025,WN 2025,02003,Information Mas,9445MSI,User Experience Design MSI,2460,FA 2023,GINF,042104,SI,501
35469275,FA 2023,GINF,WN 2025,WN 2025,02003,Information Mas,9445MSI,User Experience Design MSI,2460,FA 2023,GINF,044772,SI,582
35469275,FA 2023,GINF,WN 2025,WN 2025,02003,Information Mas,9445MSI,User Experience Design MSI,2460,FA 2023,GINF,047246,SI,506
35469275,FA 2023,GINF,WN 2025,WN 2025,02003,Information Mas,9445MSI,User Experience Design MSI,2470,WN 2024,GINF,020401,SI,622
35469275,FA 2023,GINF,WN 2025,WN 2025,02003,Information Mas,9445MSI,User Experience Design MSI,2470,WN 2024,GINF,021391,SI,511
35469275,FA 2023,GINF,WN 2025,WN 2025,02003,Information Mas,9445MSI,User Experience Design MSI,2470,WN 2024,GINF,022099,SI,658
35469275,FA 2023,GINF,WN 2025,WN 2025,02003,Information Mas,9445MSI,User Experience Design MSI,2470,WN 2024,GINF,039178,SI,539
35469275,FA 2023,GINF,WN 2025,WN 2025,02003,Information Mas,9445MSI,User Experience Design MSI,2470,WN 2024,GINF,040667,SI,681
35469275,FA 2023,GINF,WN 2025,WN 2025,02003,Information Mas,9445MSI,User Experience Design MSI,2510,FA 2024,GINF,021391,SI,511
35469275,FA 2023,GINF,WN 2025,WN 2025,02003,Information Mas,9445MSI,User Experience Design MSI,2510,FA 2024,GINF,045687,SI,538
35469275,FA 2023,GINF,WN 2025,WN 2025,02003,Information Mas,9445MSI,User Experience Design MSI,2510,FA 2024,GINF,045771,SI,684
35469275,FA 2023,GINF,WN 2025,WN 2025,02003,Information Mas,9445MSI,User Experience Design MSI,2520,WN 2025,GINF,047901,SI,699
35469275,FA 2023,GINF,WN 2025,WN 2025,02003,Information Mas,9445MSI,User Experience Design MSI,2520,WN 2025,GINF,051454,SI,594
35469275,FA 2023,GINF,WN 2025,WN 2025,02003,Information Mas,9445MSI,User Experience Design MSI,2520,WN 2025,GINF,051836,SI,611
35633939,FA 2023,GINF,WN 2025,WN 2025,02003,Information Mas,9445MSI,User Experience Design MSI,2460,FA 2023,GINF,017281,SI,588
35633939,FA 2023,GINF,WN 2025,WN 2025,02003,Information Mas,9445MSI,User Experience Design MSI,2460,FA 2023,GINF,021400,SI,520
35633939,FA 2023,GINF,WN 2025,WN 2025,02003,Information Mas,9445MSI,User Experience Design MSI,2460,FA 2023,GINF,039178,SI,539
35633939,FA 2023,GINF,WN 2025,WN 2025,02003,Information Mas,9445MSI,User Experience Design MSI,2460,FA 2023,GINF,042104,SI,501
35633939,FA 2023,GINF,WN 2025,WN 2025,02003,Information Mas,9445MSI,User Experience Design MSI,2460,FA 2023,GINF,044772,SI,582
35633939,FA 2023,GINF,WN 2025,WN 2025,02003,Information Mas,9445MSI,User Experience Design MSI,2460,FA 2023,GINF,048129,SI,505
35633939,FA 2023,GINF,WN 2025,WN 2025,02003,Information Mas,9445MSI,User Experience Design MSI,2470,WN 2024,GINF,020401,SI,622
35633939,FA 2023,GINF,WN 2025,WN 2025,02003,Information Mas,9445MSI,User Experience Design MSI,2470,WN 2024,GINF,040667,SI,681
35633939,FA 2023,GINF,WN 2025,WN 2025,02003,Information Mas,9445MSI,User Experience Design MSI,2470,WN 2024,GINF,046306,SI,616
35633939,FA 2023,GINF,WN 2025,WN 2025,02003,Information Mas,9445MSI,User Experience Design MSI,2470,WN 2024,GINF,048486,SI,659
35633939,FA 2023,GINF,WN 2025,WN 2025,02003,Information Mas,9445MSI,User Experience Design MSI,2470,WN 2024,GINF,051454,SI,594
35633939,FA 2023,GINF,WN 2025,WN 2025,02003,Information Mas,9445MSI,User Experience Design MSI,2510,FA 2024,GINF,001459,SI,690
35633939,FA 2023,GINF,WN 2025,WN 2025,02003,Information Mas,9445MSI,User Experience Design MSI,2510,FA 2024,GINF,043863,SI,612
35633939,FA 2023,GINF,WN 2025,WN 2025,02003,Information Mas,9445MSI,User Experience Design MSI,2510,FA 2024,GINF,045687,SI,538
35633939,FA 2023,GINF,WN 2025,WN 2025,02003,Information Mas,9445MSI,User Experience Design MSI,2510,FA 2024,GINF,047901,SI,699
35633939,FA 2023,GINF,WN 2025,WN 2025,02003,Information Mas,9445MSI,User Experience Design MSI,2520,WN 2025,GINF,050650,EDUC,618
35658174,FA 2023,GINF,WN 2025,WN 2025,02003,Information Mas,0775MSI,Big Data Analytics MSI,2460,FA 2023,GINF,009732,SI,650
35658174,FA 2023,GINF,WN 2025,WN 2025,02003,Information Mas,0775MSI,Big Data Analytics MSI,2460,FA 2023,GINF,021400,SI,520
35658174,FA 2023,GINF,WN 2025,WN 2025,02003,Information Mas,0775MSI,Big Data Analytics MSI,2460,FA 2023,GINF,042091,SI,618
35658174,FA 2023,GINF,WN 2025,WN 2025,02003,Information Mas,0775MSI,Big Data Analytics MSI,2460,FA 2023,GINF,042104,SI,501
35658174,FA 2023,GINF,WN 2025,WN 2025,02003,Information Mas,0775MSI,Big Data Analytics MSI,2460,FA 2023,GINF,047640,SI,507
35658174,FA 2023,GINF,WN 2025,WN 2025,02003,Information Mas,0775MSI,Big Data Analytics MSI,2460,FA 2023,GINF,048129,SI,505
35658174,FA 2023,GINF,WN 2025,WN 2025,02003,Information Mas,0775MSI,Big Data Analytics MSI,2460,FA 2023,GINF,050164,SI,504
35658174,FA 2023,GINF,WN 2025,WN 2025,02003,Information Mas,0775MSI,Big Data Analytics MSI,2470,WN 2024,GINF,020934,SI,649
35658174,FA 2023,GINF,WN 2025,WN 2025,02003,Information Mas,0775MSI,Big Data Analytics MSI,2470,WN 2024,GINF,039178,SI,539
35658174,FA 2023,GINF,WN 2025,WN 2025,02003,Information Mas,0775MSI,Big Data Analytics MSI,2470,WN 2024,GINF,041626,SI,664
35658174,FA 2023,GINF,WN 2025,WN 2025,02003,Information Mas,0775MSI,Big Data Analytics MSI,2470,WN 2024,GINF,049601,SI,564
35658174,FA 2023,GINF,WN 2025,WN 2025,02003,Information Mas,0775MSI,Big Data Analytics MSI,2470,WN 2024,GINF,050663,SI,568
35658174,FA 2023,GINF,WN 2025,WN 2025,02003,Information Mas,0775MSI,Big Data Analytics MSI,2470,WN 2024,GINF,050983,SI,602
35658174,FA 2023,GINF,WN 2025,WN 2025,02003,Information Mas,0775MSI,Big Data Analytics MSI,2510,FA 2024,GINF,042071,SI,563
35658174,FA 2023,GINF,WN 2025,WN 2025,02003,Information Mas,0775MSI,Big Data Analytics MSI,2510,FA 2024,GINF,045930,SI,671
35658174,FA 2023,GINF,WN 2025,WN 2025,02003,Information Mas,0775MSI,Big Data Analytics MSI,2510,FA 2024,GINF,048500,SI,670
35658174,FA 2023,GINF,WN 2025,WN 2025,02003,Information Mas,0775MSI,Big Data Analytics MSI,2510,FA 2024,GINF,051462,SI,644
35658174,FA 2023,GINF,WN 2025,WN 2025,02003,Information Mas,0775MSI,Big Data Analytics MSI,2520,WN 2025,GINF,047901,SI,699
35658174,FA 2023,GINF,WN 2025,WN 2025,02003,Information Mas,0775MSI,Big Data Analytics MSI,2520,WN 2025,GINF,048268,SI,630
36376658,FA 2023,GINF,WN 2025,WN 2025,02003,Information Mas,0775MSI,Big Data Analytics MSI,2460,FA 2023,GINF,016607,SI,544
36376658,FA 2023,GINF,WN 2025,WN 2025,02003,Information Mas,0775MSI,Big Data Analytics MSI,2460,FA 2023,GINF,017281,SI,588
36376658,FA 2023,GINF,WN 2025,WN 2025,02003,Information Mas,0775MSI,Big Data Analytics MSI,2460,FA 2023,GINF,042104,SI,501
36376658,FA 2023,GINF,WN 2025,WN 2025,02003,Information Mas,0775MSI,Big Data Analytics MSI,2460,FA 2023,GINF,047246,SI,506
36376658,FA 2023,GINF,WN 2025,WN 2025,02003,Information Mas,0775MSI,Big Data Analytics MSI,2460,FA 2023,GINF,050164,SI,504
36376658,FA 2023,GINF,WN 2025,WN 2025,02003,Information Mas,0775MSI,Big Data Analytics MSI,2470,WN 2024,GINF,042091,SI,618
36376658,FA 2023,GINF,WN 2025,WN 2025,02003,Information Mas,0775MSI,Big Data Analytics MSI,2470,WN 2024,GINF,047640,SI,507
36376658,FA 2023,GINF,WN 2025,WN 2025,02003,Information Mas,0775MSI,Big Data Analytics MSI,2470,WN 2024,GINF,049601,SI,564
36376658,FA 2023,GINF,WN 2025,WN 2025,02003,Information Mas,0775MSI,Big Data Analytics MSI,2470,WN 2024,GINF,050663,SI,568
36376658,FA 2023,GINF,WN 2025,WN 2025,02003,Information Mas,0775MSI,Big Data Analytics MSI,2470,WN 2024,GINF,050983,SI,602
36376658,FA 2023,GINF,WN 2025,WN 2025,02003,Information Mas,0775MSI,Big Data Analytics MSI,2510,FA 2024,GINF,009732,SI,650
36376658,FA 2023,GINF,WN 2025,WN 2025,02003,Information Mas,0775MSI,Big Data Analytics MSI,2510,FA 2024,GINF,020934,SI,649
36376658,FA 2023,GINF,WN 2025,WN 2025,02003,Information Mas,0775MSI,Big Data Analytics MSI,2510,FA 2024,GINF,041934,SI,608
36376658,FA 2023,GINF,WN 2025,WN 2025,02003,Information Mas,0775MSI,Big Data Analytics MSI,2510,FA 2024,GINF,045930,SI,671
36376658,FA 2023,GINF,WN 2025,WN 2025,02003,Information Mas,0775MSI,Big Data Analytics MSI,2520,WN 2025,GINF,016349,EAS,517
36376658,FA 2023,GINF,WN 2025,WN 2025,02003,Information Mas,0775MSI,Big Data Analytics MSI,2520,WN 2025,GINF,047901,SI,699
36376658,FA 2023,GINF,WN 2025,WN 2025,02003,Information Mas,0775MSI,Big Data Analytics MSI,2520,WN 2025,GINF,049834,SI,591
36376658,FA 2023,GINF,WN 2025,WN 2025,02003,Information Mas,0775MSI,Big Data Analytics MSI,2520,WN 2025,GINF,051246,EAS,514
36472025,FA 2023,GINF,WN 2025,WN 2025,02003,Information Mas,9445MSI,User Experience Design MSI,2460,FA 2023,GINF,017281,SI,588
36472025,FA 2023,GINF,WN 2025,WN 2025,02003,Information Mas,9445MSI,User Experience Design MSI,2460,FA 2023,GINF,039178,SI,539
36472025,FA 2023,GINF,WN 2025,WN 2025,02003,Information Mas,9445MSI,User Experience Design MSI,2460,FA 2023,GINF,042104,SI,501
36472025,FA 2023,GINF,WN 2025,WN 2025,02003,Information Mas,9445MSI,User Experience Design MSI,2460,FA 2023,GINF,047246,SI,506
36472025,FA 2023,GINF,WN 2025,WN 2025,02003,Information Mas,9445MSI,User Experience Design MSI,2470,WN 2024,GINF,020401,SI,622
36472025,FA 2023,GINF,WN 2025,WN 2025,02003,Information Mas,9445MSI,User Experience Design MSI,2470,WN 2024,GINF,021391,SI,511
36472025,FA 2023,GINF,WN 2025,WN 2025,02003,Information Mas,9445MSI,User Experience Design MSI,2470,WN 2024,GINF,022099,SI,658
36472025,FA 2023,GINF,WN 2025,WN 2025,02003,Information Mas,9445MSI,User Experience Design MSI,2470,WN 2024,GINF,040667,SI,681
36472025,FA 2023,GINF,WN 2025,WN 2025,02003,Information Mas,9445MSI,User Experience Design MSI,2470,WN 2024,GINF,044772,SI,582
36472025,FA 2023,GINF,WN 2025,WN 2025,02003,Information Mas,9445MSI,User Experience Design MSI,2470,WN 2024,GINF,047850,ARTSADMN,550
36472025,FA 2023,GINF,WN 2025,WN 2025,02003,Information Mas,9445MSI,User Experience Design MSI,2470,WN 2024,GINF,048488,SI,559
36472025,FA 2023,GINF,WN 2025,WN 2025,02003,Information Mas,9445MSI,User Experience Design MSI,2510,FA 2024,GINF,021400,SI,520
36472025,FA 2023,GINF,WN 2025,WN 2025,02003,Information Mas,9445MSI,User Experience Design MSI,2510,FA 2024,GINF,045393,SI,552
36472025,FA 2023,GINF,WN 2025,WN 2025,02003,Information Mas,9445MSI,User Experience Design MSI,2510,FA 2024,GINF,045687,SI,538
36472025,FA 2023,GINF,WN 2025,WN 2025,02003,Information Mas,9445MSI,User Experience Design MSI,2510,FA 2024,GINF,045771,SI,684
36472025,FA 2023,GINF,WN 2025,WN 2025,02003,Information Mas,9445MSI,User Experience Design MSI,2520,WN 2025,GINF,047901,SI,699
36739281,FA 2023,GINF,WN 2025,WN 2025,02003,Information Mas,9445MSI,User Experience Design MSI,2460,FA 2023,GINF,017281,SI,588
36739281,FA 2023,GINF,WN 2025,WN 2025,02003,Information Mas,9445MSI,User Experience Design MSI,2460,FA 2023,GINF,021400,SI,520
36739281,FA 2023,GINF,WN 2025,WN 2025,02003,Information Mas,9445MSI,User Experience Design MSI,2460,FA 2023,GINF,039178,SI,539
36739281,FA 2023,GINF,WN 2025,WN 2025,02003,Information Mas,9445MSI,User Experience Design MSI,2460,FA 2023,GINF,042104,SI,501
36739281,FA 2023,GINF,WN 2025,WN 2025,02003,Information Mas,9445MSI,User Experience Design MSI,2460,FA 2023,GINF,044772,SI,582
36739281,FA 2023,GINF,WN 2025,WN 2025,02003,Information Mas,9445MSI,User Experience Design MSI,2460,FA 2023,GINF,047246,SI,506
36739281,FA 2023,GINF,WN 2025,WN 2025,02003,Information Mas,9445MSI,User Experience Design MSI,2470,WN 2024,GINF,020401,SI,622
36739281,FA 2023,GINF,WN 2025,WN 2025,02003,Information Mas,9445MSI,User Experience Design MSI,2470,WN 2024,GINF,021391,SI,511
36739281,FA 2023,GINF,WN 2025,WN 2025,02003,Information Mas,9445MSI,User Experience Design MSI,2470,WN 2024,GINF,022099,SI,658
36739281,FA 2023,GINF,WN 2025,WN 2025,02003,Information Mas,9445MSI,User Experience Design MSI,2470,WN 2024,GINF,040667,SI,681
36739281,FA 2023,GINF,WN 2025,WN 2025,02003,Information Mas,9445MSI,User Experience Design MSI,2470,WN 2024,GINF,041626,SI,664
36739281,FA 2023,GINF,WN 2025,WN 2025,02003,Information Mas,9445MSI,User Experience Design MSI,2510,FA 2024,GINF,014793,ELI,521
36739281,FA 2023,GINF,WN 2025,WN 2025,02003,Information Mas,9445MSI,User Experience Design MSI,2510,FA 2024,GINF,041855,SI,631
36739281,FA 2023,GINF,WN 2025,WN 2025,02003,Information Mas,9445MSI,User Experience Design MSI,2510,FA 2024,GINF,045393,SI,552
36739281,FA 2023,GINF,WN 2025,WN 2025,02003,Information Mas,9445MSI,User Experience Design MSI,2510,FA 2024,GINF,045771,SI,684
36739281,FA 2023,GINF,WN 2025,WN 2025,02003,Information Mas,9445MSI,User Experience Design MSI,2520,WN 2025,GINF,047901,SI,699
36923554,FA 2023,GINF,WN 2025,WN 2025,02003,Information Mas,9455MSI,User-Centered Agile Dev MSI,2460,FA 2023,GINF,017281,SI,588
36923554,FA 2023,GINF,WN 2025,WN 2025,02003,Information Mas,9455MSI,User-Centered Agile Dev MSI,2460,FA 2023,GINF,044772,SI,582
36923554,FA 2023,GINF,WN 2025,WN 2025,02003,Information Mas,9455MSI,User-Centered Agile Dev MSI,2460,FA 2023,GINF,047228,ENTR,500
36923554,FA 2023,GINF,WN 2025,WN 2025,02003,Information Mas,9455MSI,User-Centered Agile Dev MSI,2460,FA 2023,GINF,047246,SI,506
36923554,FA 2023,GINF,WN 2025,WN 2025,02003,Information Mas,9455MSI,User-Centered Agile Dev MSI,2460,FA 2023,GINF,050164,SI,504
36923554,FA 2023,GINF,WN 2025,WN 2025,02003,Information Mas,9455MSI,User-Centered Agile Dev MSI,2470,WN 2024,GINF,020401,SI,622
36923554,FA 2023,GINF,WN 2025,WN 2025,02003,Information Mas,9455MSI,User-Centered Agile Dev MSI,2470,WN 2024,GINF,039178,SI,539
36923554,FA 2023,GINF,WN 2025,WN 2025,02003,Information Mas,9455MSI,User-Centered Agile Dev MSI,2470,WN 2024,GINF,040667,SI,681
36923554,FA 2023,GINF,WN 2025,WN 2025,02003,Information Mas,9455MSI,User-Centered Agile Dev MSI,2470,WN 2024,GINF,049601,SI,564
36923554,FA 2023,GINF,WN 2025,WN 2025,02003,Information Mas,9455MSI,User-Centered Agile Dev MSI,2470,WN 2024,GINF,050159,SI,579
36923554,FA 2023,GINF,WN 2025,WN 2025,02003,Information Mas,9455MSI,User-Centered Agile Dev MSI,2510,FA 2024,GINF,041626,SI,664
36923554,FA 2023,GINF,WN 2025,WN 2025,02003,Information Mas,9455MSI,User-Centered Agile Dev MSI,2510,FA 2024,GINF,044798,ENTR,599
36923554,FA 2023,GINF,WN 2025,WN 2025,02003,Information Mas,9455MSI,User-Centered Agile Dev MSI,2510,FA 2024,GINF,045771,SI,684
36923554,FA 2023,GINF,WN 2025,WN 2025,02003,Information Mas,9455MSI,User-Centered Agile Dev MSI,2510,FA 2024,GINF,047640,SI,507
36923554,FA 2023,GINF,WN 2025,WN 2025,02003,Information Mas,9455MSI,User-Centered Agile Dev MSI,2510,FA 2024,GINF,048487,SI,669
36923554,FA 2023,GINF,WN 2025,WN 2025,02003,Information Mas,9455MSI,User-Centered Agile Dev MSI,2520,WN 2025,GINF,047901,SI,699
36929849,FA 2023,GINF,WN 2025,WN 2025,02003,Information Mas,9445MSI,User Experience Design MSI,2460,FA 2023,GINF,021400,SI,520
36929849,FA 2023,GINF,WN 2025,WN 2025,02003,Information Mas,9445MSI,User Experience Design MSI,2460,FA 2023,GINF,042104,SI,501
36929849,FA 2023,GINF,WN 2025,WN 2025,02003,Information Mas,9445MSI,User Experience Design MSI,2460,FA 2023,GINF,044772,SI,582
36929849,FA 2023,GINF,WN 2025,WN 2025,02003,Information Mas,9445MSI,User Experience Design MSI,2460,FA 2023,GINF,047246,SI,506
36929849,FA 2023,GINF,WN 2025,WN 2025,02003,Information Mas,9445MSI,User Experience Design MSI,2460,FA 2023,GINF,048129,SI,505
36929849,FA 2023,GINF,WN 2025,WN 2025,02003,Information Mas,9445MSI,User Experience Design MSI,2470,WN 2024,GINF,020401,SI,622
36929849,FA 2023,GINF,WN 2025,WN 2025,02003,Information Mas,9445MSI,User Experience Design MSI,2470,WN 2024,GINF,021391,SI,511
36929849,FA 2023,GINF,WN 2025,WN 2025,02003,Information Mas,9445MSI,User Experience Design MSI,2470,WN 2024,GINF,039178,SI,539
36929849,FA 2023,GINF,WN 2025,WN 2025,02003,Information Mas,9445MSI,User Experience Design MSI,2470,WN 2024,GINF,040667,SI,681
36929849,FA 2023,GINF,WN 2025,WN 2025,02003,Information Mas,9445MSI,User Experience Design MSI,2470,WN 2024,GINF,046306,SI,616
36929849,FA 2023,GINF,WN 2025,WN 2025,02003,Information Mas,9445MSI,User Experience Design MSI,2470,WN 2024,GINF,048421,ENTR,560
36929849,FA 2023,GINF,WN 2025,WN 2025,02003,Information Mas,9445MSI,User Experience Design MSI,2470,WN 2024,GINF,050136,UARTS,560
36929849,FA 2023,GINF,WN 2025,WN 2025,02003,Information Mas,9445MSI,User Experience Design MSI,2510,FA 2024,GINF,017281,SI,588
36929849,FA 2023,GINF,WN 2025,WN 2025,02003,Information Mas,9445MSI,User Experience Design MSI,2510,FA 2024,GINF,019169,MKT,603
36929849,FA 2023,GINF,WN 2025,WN 2025,02003,Information Mas,9445MSI,User Experience Design MSI,2510,FA 2024,GINF,045393,SI,552
36929849,FA 2023,GINF,WN 2025,WN 2025,02003,Information Mas,9445MSI,User Experience Design MSI,2510,FA 2024,GINF,049112,PAT,500
36929849,FA 2023,GINF,WN 2025,WN 2025,02003,Information Mas,9445MSI,User Experience Design MSI,2520,WN 2025,GINF,047901,SI,699
36929849,FA 2023,GINF,WN 2025,WN 2025,02003,Information Mas,9445MSI,User Experience Design MSI,2520,WN 2025,GINF,051836,SI,611
37122969,FA 2023,GINF,WN 2025,WN 2025,02003,Information Mas,4470MSI9,Information MSI,2460,FA 2023,GINF,006651,ENS,344
37122969,FA 2023,GINF,WN 2025,WN 2025,02003,Information Mas,4470MSI9,Information MSI,2460,FA 2023,GINF,009731,SI,580
37122969,FA 2023,GINF,WN 2025,WN 2025,02003,Information Mas,4470MSI9,Information MSI,2460,FA 2023,GINF,021045,SI,666
37122969,FA 2023,GINF,WN 2025,WN 2025,02003,Information Mas,4470MSI9,Information MSI,2460,FA 2023,GINF,042104,SI,501
37122969,FA 2023,GINF,WN 2025,WN 2025,02003,Information Mas,4470MSI9,Information MSI,2460,FA 2023,GINF,047246,SI,506
37122969,FA 2023,GINF,WN 2025,WN 2025,02003,Information Mas,4470MSI9,Information MSI,2470,WN 2024,GINF,006651,ENS,344
37122969,FA 2023,GINF,WN 2025,WN 2025,02003,Information Mas,4470MSI9,Information MSI,2470,WN 2024,GINF,039979,SI,623
37122969,FA 2023,GINF,WN 2025,WN 2025,02003,Information Mas,4470MSI9,Information MSI,2470,WN 2024,GINF,040667,SI,681
37122969,FA 2023,GINF,WN 2025,WN 2025,02003,Information Mas,4470MSI9,Information MSI,2470,WN 2024,GINF,045980,LATIN,840
37122969,FA 2023,GINF,WN 2025,WN 2025,02003,Information Mas,4470MSI9,Information MSI,2470,WN 2024,GINF,048280,SI,667
37122969,FA 2023,GINF,WN 2025,WN 2025,02003,Information Mas,4470MSI9,Information MSI,2470,WN 2024,GINF,050164,SI,504
37122969,FA 2023,GINF,WN 2025,WN 2025,02003,Information Mas,4470MSI9,Information MSI,2470,WN 2024,GINF,050165,SI,585
37122969,FA 2023,GINF,WN 2025,WN 2025,02003,Information Mas,4470MSI9,Information MSI,2510,FA 2024,GINF,001459,SI,690
37122969,FA 2023,GINF,WN 2025,WN 2025,02003,Information Mas,4470MSI9,Information MSI,2510,FA 2024,GINF,010884,LING,792
37122969,FA 2023,GINF,WN 2025,WN 2025,02003,Information Mas,4470MSI9,Information MSI,2510,FA 2024,GINF,038659,SI,519
37122969,FA 2023,GINF,WN 2025,WN 2025,02003,Information Mas,4470MSI9,Information MSI,2510,FA 2024,GINF,038948,SI,632
37122969,FA 2023,GINF,WN 2025,WN 2025,02003,Information Mas,4470MSI9,Information MSI,2510,FA 2024,GINF,048129,SI,505
37122969,FA 2023,GINF,WN 2025,WN 2025,02003,Information Mas,4470MSI9,Information MSI,2510,FA 2024,GINF,049601,SI,564
37122969,FA 2023,GINF,WN 2025,WN 2025,02003,Information Mas,4470MSI9,Information MSI,2510,FA 2024,GINF,050161,SI,676
37122969,FA 2023,GINF,WN 2025,WN 2025,02003,Information Mas,4470MSI9,Information MSI,2520,WN 2025,GINF,006651,ENS,344
37122969,FA 2023,GINF,WN 2025,WN 2025,02003,Information Mas,4470MSI9,Information MSI,2520,WN 2025,GINF,014837,LING,516
37122969,FA 2023,GINF,WN 2025,WN 2025,02003,Information Mas,4470MSI9,Information MSI,2520,WN 2025,GINF,042324,SI,639
37122969,FA 2023,GINF,WN 2025,WN 2025,02003,Information Mas,4470MSI9,Information MSI,2520,WN 2025,GINF,047901,SI,699
37122969,FA 2023,GINF,WN 2025,WN 2025,02003,Information Mas,4470MSI9,Information MSI,2520,WN 2025,GINF,050162,SI,510
37191969,FA 2023,GINF,WN 2025,WN 2025,02003,Information Mas,0775MSI,Big Data Analytics MSI,2460,FA 2023,GINF,009732,SI,650
37191969,FA 2023,GINF,WN 2025,WN 2025,02003,Information Mas,0775MSI,Big Data Analytics MSI,2460,FA 2023,GINF,016607,SI,544
37191969,FA 2023,GINF,WN 2025,WN 2025,02003,Information Mas,0775MSI,Big Data Analytics MSI,2460,FA 2023,GINF,042104,SI,501
37191969,FA 2023,GINF,WN 2025,WN 2025,02003,Information Mas,0775MSI,Big Data Analytics MSI,2460,FA 2023,GINF,047640,SI,507
37191969,FA 2023,GINF,WN 2025,WN 2025,02003,Information Mas,0775MSI,Big Data Analytics MSI,2460,FA 2023,GINF,049601,SI,564
37191969,FA 2023,GINF,WN 2025,WN 2025,02003,Information Mas,0775MSI,Big Data Analytics MSI,2460,FA 2023,GINF,050164,SI,504
37191969,FA 2023,GINF,WN 2025,WN 2025,02003,Information Mas,0775MSI,Big Data Analytics MSI,2470,WN 2024,GINF,020934,SI,649
37191969,FA 2023,GINF,WN 2025,WN 2025,02003,Information Mas,0775MSI,Big Data Analytics MSI,2470,WN 2024,GINF,039178,SI,539
37191969,FA 2023,GINF,WN 2025,WN 2025,02003,Information Mas,0775MSI,Big Data Analytics MSI,2470,WN 2024,GINF,042091,SI,618
37191969,FA 2023,GINF,WN 2025,WN 2025,02003,Information Mas,0775MSI,Big Data Analytics MSI,2470,WN 2024,GINF,049222,ELI,532
37191969,FA 2023,GINF,WN 2025,WN 2025,02003,Information Mas,0775MSI,Big Data Analytics MSI,2470,WN 2024,GINF,050663,SI,568
37191969,FA 2023,GINF,WN 2025,WN 2025,02003,Information Mas,0775MSI,Big Data Analytics MSI,2470,WN 2024,GINF,050983,SI,602
37191969,FA 2023,GINF,WN 2025,WN 2025,02003,Information Mas,0775MSI,Big Data Analytics MSI,2510,FA 2024,GINF,042071,SI,563
37191969,FA 2023,GINF,WN 2025,WN 2025,02003,Information Mas,0775MSI,Big Data Analytics MSI,2510,FA 2024,GINF,045930,SI,671
37191969,FA 2023,GINF,WN 2025,WN 2025,02003,Information Mas,0775MSI,Big Data Analytics MSI,2510,FA 2024,GINF,048500,SI,670
37191969,FA 2023,GINF,WN 2025,WN 2025,02003,Information Mas,0775MSI,Big Data Analytics MSI,2510,FA 2024,GINF,051462,SI,644
37191969,FA 2023,GINF,WN 2025,WN 2025,02003,Information Mas,0775MSI,Big Data Analytics MSI,2520,WN 2025,GINF,041626,SI,664
37191969,FA 2023,GINF,WN 2025,WN 2025,02003,Information Mas,0775MSI,Big Data Analytics MSI,2520,WN 2025,GINF,043366,SI,617
37191969,FA 2023,GINF,WN 2025,WN 2025,02003,Information Mas,0775MSI,Big Data Analytics MSI,2520,WN 2025,GINF,047228,ENTR,500
37191969,FA 2023,GINF,WN 2025,WN 2025,02003,Information Mas,0775MSI,Big Data Analytics MSI,2520,WN 2025,GINF,047901,SI,699
37191969,FA 2023,GINF,WN 2025,WN 2025,02003,Information Mas,0775MSI,Big Data Analytics MSI,2520,WN 2025,GINF,051647,ELI,541
37515050,FA 2023,GINF,WN 2025,WN 2025,02003,Information Mas,9445MSI,User Experience Design MSI,2460,FA 2023,GINF,021400,SI,520
37515050,FA 2023,GINF,WN 2025,WN 2025,02003,Information Mas,9445MSI,User Experience Design MSI,2460,FA 2023,GINF,042104,SI,501
37515050,FA 2023,GINF,WN 2025,WN 2025,02003,Information Mas,9445MSI,User Experience Design MSI,2460,FA 2023,GINF,044772,SI,582
37515050,FA 2023,GINF,WN 2025,WN 2025,02003,Information Mas,9445MSI,User Experience Design MSI,2460,FA 2023,GINF,048831,SI,547
37515050,FA 2023,GINF,WN 2025,WN 2025,02003,Information Mas,9445MSI,User Experience Design MSI,2470,WN 2024,GINF,020401,SI,622
37515050,FA 2023,GINF,WN 2025,WN 2025,02003,Information Mas,9445MSI,User Experience Design MSI,2470,WN 2024,GINF,039081,SI,529
37515050,FA 2023,GINF,WN 2025,WN 2025,02003,Information Mas,9445MSI,User Experience Design MSI,2470,WN 2024,GINF,040191,SI,724
37515050,FA 2023,GINF,WN 2025,WN 2025,02003,Information Mas,9445MSI,User Experience Design MSI,2470,WN 2024,GINF,040667,SI,681
37515050,FA 2023,GINF,WN 2025,WN 2025,02003,Information Mas,9445MSI,User Experience Design MSI,2510,FA 2024,GINF,001459,SI,690
37515050,FA 2023,GINF,WN 2025,WN 2025,02003,Information Mas,9445MSI,User Experience Design MSI,2510,FA 2024,GINF,003735,MKT,618
37515050,FA 2023,GINF,WN 2025,WN 2025,02003,Information Mas,9445MSI,User Experience Design MSI,2510,FA 2024,GINF,017281,SI,588
37515050,FA 2023,GINF,WN 2025,WN 2025,02003,Information Mas,9445MSI,User Experience Design MSI,2510,FA 2024,GINF,039178,SI,539
37515050,FA 2023,GINF,WN 2025,WN 2025,02003,Information Mas,9445MSI,User Experience Design MSI,2520,WN 2025,GINF,001459,SI,690
37515050,FA 2023,GINF,WN 2025,WN 2025,02003,Information Mas,9445MSI,User Experience Design MSI,2520,WN 2025,GINF,022099,SI,658
37515050,FA 2023,GINF,WN 2025,WN 2025,02003,Information Mas,9445MSI,User Experience Design MSI,2520,WN 2025,GINF,047304,ENTR,550
37515050,FA 2023,GINF,WN 2025,WN 2025,02003,Information Mas,9445MSI,User Experience Design MSI,2520,WN 2025,GINF,047901,SI,699
38132522,FA 2023,GINF,SU 2025,SU 2025,02003,Information Mas,5005MSI,Master's ThesisOption Prog MSI,2460,FA 2023,GINF,021400,SI,520
38132522,FA 2023,GINF,SU 2025,SU 2025,02003,Information Mas,5005MSI,Master's ThesisOption Prog MSI,2460,FA 2023,GINF,042104,SI,501
38132522,FA 2023,GINF,SU 2025,SU 2025,02003,Information Mas,5005MSI,Master's ThesisOption Prog MSI,2460,FA 2023,GINF,047246,SI,506
38132522,FA 2023,GINF,SU 2025,SU 2025,02003,Information Mas,5005MSI,Master's ThesisOption Prog MSI,2470,WN 2024,GINF,020401,SI,622
38132522,FA 2023,GINF,SU 2025,SU 2025,02003,Information Mas,5005MSI,Master's ThesisOption Prog MSI,2470,WN 2024,GINF,022099,SI,658
38132522,FA 2023,GINF,SU 2025,SU 2025,02003,Information Mas,5005MSI,Master's ThesisOption Prog MSI,2470,WN 2024,GINF,040667,SI,681
38132522,FA 2023,GINF,SU 2025,SU 2025,02003,Information Mas,5005MSI,Master's ThesisOption Prog MSI,2470,WN 2024,GINF,047641,SI,540
38132522,FA 2023,GINF,SU 2025,SU 2025,02003,Information Mas,5005MSI,Master's ThesisOption Prog MSI,2510,FA 2024,GINF,017281,SI,588
38132522,FA 2023,GINF,SU 2025,SU 2025,02003,Information Mas,5005MSI,Master's ThesisOption Prog MSI,2510,FA 2024,GINF,021391,SI,511
38132522,FA 2023,GINF,SU 2025,SU 2025,02003,Information Mas,5005MSI,Master's ThesisOption Prog MSI,2510,FA 2024,GINF,044600,MO,620
38132522,FA 2023,GINF,SU 2025,SU 2025,02003,Information Mas,5005MSI,Master's ThesisOption Prog MSI,2510,FA 2024,GINF,045393,SI,552
38132522,FA 2023,GINF,SU 2025,SU 2025,02003,Information Mas,5005MSI,Master's ThesisOption Prog MSI,2510,FA 2024,GINF,047228,ENTR,500
38132522,FA 2023,GINF,SU 2025,SU 2025,02003,Information Mas,5005MSI,Master's ThesisOption Prog MSI,2510,FA 2024,GINF,049365,SI,697
38132522,FA 2023,GINF,SU 2025,SU 2025,02003,Information Mas,5005MSI,Master's ThesisOption Prog MSI,2520,WN 2025,GINF,001459,SI,690
38132522,FA 2023,GINF,SU 2025,SU 2025,02003,Information Mas,5005MSI,Master's ThesisOption Prog MSI,2520,WN 2025,GINF,044749,PUBPOL,521
38132522,FA 2023,GINF,SU 2025,SU 2025,02003,Information Mas,5005MSI,Master's ThesisOption Prog MSI,2520,WN 2025,GINF,049040,SI,698
38132522,FA 2023,GINF,SU 2025,SU 2025,02003,Information Mas,5005MSI,Master's ThesisOption Prog MSI,2520,WN 2025,GINF,050650,EDUC,618
38736763,FA 2023,GINF,WN 2025,WN 2025,02003,Information Mas,4470MSI9,Information MSI,2460,FA 2023,GINF,009731,SI,580
38736763,FA 2023,GINF,WN 2025,WN 2025,02003,Information Mas,4470MSI9,Information MSI,2460,FA 2023,GINF,021045,SI,666
38736763,FA 2023,GINF,WN 2025,WN 2025,02003,Information Mas,4470MSI9,Information MSI,2460,FA 2023,GINF,042104,SI,501
38736763,FA 2023,GINF,WN 2025,WN 2025,02003,Information Mas,4470MSI9,Information MSI,2460,FA 2023,GINF,047246,SI,506
38736763,FA 2023,GINF,WN 2025,WN 2025,02003,Information Mas,4470MSI9,Information MSI,2470,WN 2024,GINF,022326,SI,581
38736763,FA 2023,GINF,WN 2025,WN 2025,02003,Information Mas,4470MSI9,Information MSI,2470,WN 2024,GINF,039979,SI,623
38736763,FA 2023,GINF,WN 2025,WN 2025,02003,Information Mas,4470MSI9,Information MSI,2470,WN 2024,GINF,040667,SI,681
38736763,FA 2023,GINF,WN 2025,WN 2025,02003,Information Mas,4470MSI9,Information MSI,2470,WN 2024,GINF,048280,SI,667
38736763,FA 2023,GINF,WN 2025,WN 2025,02003,Information Mas,4470MSI9,Information MSI,2470,WN 2024,GINF,050164,SI,504
38736763,FA 2023,GINF,WN 2025,WN 2025,02003,Information Mas,4470MSI9,Information MSI,2470,WN 2024,GINF,050165,SI,585
38736763,FA 2023,GINF,WN 2025,WN 2025,02003,Information Mas,4470MSI9,Information MSI,2510,FA 2024,GINF,038659,SI,519
38736763,FA 2023,GINF,WN 2025,WN 2025,02003,Information Mas,4470MSI9,Information MSI,2510,FA 2024,GINF,048129,SI,505
38736763,FA 2023,GINF,WN 2025,WN 2025,02003,Information Mas,4470MSI9,Information MSI,2510,FA 2024,GINF,050161,SI,676
38736763,FA 2023,GINF,WN 2025,WN 2025,02003,Information Mas,4470MSI9,Information MSI,2510,FA 2024,GINF,050163,SI,633
38736763,FA 2023,GINF,WN 2025,WN 2025,02003,Information Mas,4470MSI9,Information MSI,2520,WN 2025,GINF,045393,SI,552
38736763,FA 2023,GINF,WN 2025,WN 2025,02003,Information Mas,4470MSI9,Information MSI,2520,WN 2025,GINF,047901,SI,699
38736763,FA 2023,GINF,WN 2025,WN 2025,02003,Information Mas,4470MSI9,Information MSI,2520,WN 2025,GINF,050162,SI,510
39360886,FA 2023,GINF,WN 2025,WN 2025,02003,Information Mas,5005MSI,Master's ThesisOption Prog MSI,2460,FA 2023,GINF,005606,PERSIAN,101
39360886,FA 2023,GINF,WN 2025,WN 2025,02003,Information Mas,5005MSI,Master's ThesisOption Prog MSI,2460,FA 2023,GINF,009731,SI,580
39360886,FA 2023,GINF,WN 2025,WN 2025,02003,Information Mas,5005MSI,Master's ThesisOption Prog MSI,2460,FA 2023,GINF,021045,SI,666
39360886,FA 2023,GINF,WN 2025,WN 2025,02003,Information Mas,5005MSI,Master's ThesisOption Prog MSI,2460,FA 2023,GINF,042104,SI,501
39360886,FA 2023,GINF,WN 2025,WN 2025,02003,Information Mas,5005MSI,Master's ThesisOption Prog MSI,2460,FA 2023,GINF,047246,SI,506
39360886,FA 2023,GINF,WN 2025,WN 2025,02003,Information Mas,5005MSI,Master's ThesisOption Prog MSI,2470,WN 2024,GINF,008577,PERSIAN,102
39360886,FA 2023,GINF,WN 2025,WN 2025,02003,Information Mas,5005MSI,Master's ThesisOption Prog MSI,2470,WN 2024,GINF,039979,SI,623
39360886,FA 2023,GINF,WN 2025,WN 2025,02003,Information Mas,5005MSI,Master's ThesisOption Prog MSI,2470,WN 2024,GINF,040667,SI,681
39360886,FA 2023,GINF,WN 2025,WN 2025,02003,Information Mas,5005MSI,Master's ThesisOption Prog MSI,2470,WN 2024,GINF,048280,SI,667
39360886,FA 2023,GINF,WN 2025,WN 2025,02003,Information Mas,5005MSI,Master's ThesisOption Prog MSI,2470,WN 2024,GINF,049601,SI,564
39360886,FA 2023,GINF,WN 2025,WN 2025,02003,Information Mas,5005MSI,Master's ThesisOption Prog MSI,2470,WN 2024,GINF,050162,SI,510
39360886,FA 2023,GINF,WN 2025,WN 2025,02003,Information Mas,5005MSI,Master's ThesisOption Prog MSI,2470,WN 2024,GINF,050165,SI,585
39360886,FA 2023,GINF,WN 2025,WN 2025,02003,Information Mas,5005MSI,Master's ThesisOption Prog MSI,2510,FA 2024,GINF,005607,PERSIAN,201
39360886,FA 2023,GINF,WN 2025,WN 2025,02003,Information Mas,5005MSI,Master's ThesisOption Prog MSI,2510,FA 2024,GINF,021391,SI,511
39360886,FA 2023,GINF,WN 2025,WN 2025,02003,Information Mas,5005MSI,Master's ThesisOption Prog MSI,2510,FA 2024,GINF,038948,SI,632
39360886,FA 2023,GINF,WN 2025,WN 2025,02003,Information Mas,5005MSI,Master's ThesisOption Prog MSI,2510,FA 2024,GINF,049365,SI,697
39360886,FA 2023,GINF,WN 2025,WN 2025,02003,Information Mas,5005MSI,Master's ThesisOption Prog MSI,2510,FA 2024,GINF,051462,SI,644
39360886,FA 2023,GINF,WN 2025,WN 2025,02003,Information Mas,5005MSI,Master's ThesisOption Prog MSI,2520,WN 2025,GINF,008578,PERSIAN,202
39360886,FA 2023,GINF,WN 2025,WN 2025,02003,Information Mas,5005MSI,Master's ThesisOption Prog MSI,2520,WN 2025,GINF,039081,SI,529
39360886,FA 2023,GINF,WN 2025,WN 2025,02003,Information Mas,5005MSI,Master's ThesisOption Prog MSI,2520,WN 2025,GINF,040408,WRITING,630
39360886,FA 2023,GINF,WN 2025,WN 2025,02003,Information Mas,5005MSI,Master's ThesisOption Prog MSI,2520,WN 2025,GINF,047142,MIDEAST,331
39360886,FA 2023,GINF,WN 2025,WN 2025,02003,Information Mas,5005MSI,Master's ThesisOption Prog MSI,2520,WN 2025,GINF,049040,SI,698
39691800,FA 2023,GINF,FA 2024,FA 2024,02003,Information Mas,9445MSI,User Experience Design MSI,2460,FA 2023,GINF,017281,SI,588
39691800,FA 2023,GINF,FA 2024,FA 2024,02003,Information Mas,9445MSI,User Experience Design MSI,2460,FA 2023,GINF,021400,SI,520
39691800,FA 2023,GINF,FA 2024,FA 2024,02003,Information Mas,9445MSI,User Experience Design MSI,2460,FA 2023,GINF,039178,SI,539
39691800,FA 2023,GINF,FA 2024,FA 2024,02003,Information Mas,9445MSI,User Experience Design MSI,2460,FA 2023,GINF,042104,SI,501
39691800,FA 2023,GINF,FA 2024,FA 2024,02003,Information Mas,9445MSI,User Experience Design MSI,2460,FA 2023,GINF,044772,SI,582
39691800,FA 2023,GINF,FA 2024,FA 2024,02003,Information Mas,9445MSI,User Experience Design MSI,2460,FA 2023,GINF,047246,SI,506
39691800,FA 2023,GINF,FA 2024,FA 2024,02003,Information Mas,9445MSI,User Experience Design MSI,2470,WN 2024,GINF,012772,SI,548
39691800,FA 2023,GINF,FA 2024,FA 2024,02003,Information Mas,9445MSI,User Experience Design MSI,2470,WN 2024,GINF,014793,ELI,521
39691800,FA 2023,GINF,FA 2024,FA 2024,02003,Information Mas,9445MSI,User Experience Design MSI,2470,WN 2024,GINF,020401,SI,622
39691800,FA 2023,GINF,FA 2024,FA 2024,02003,Information Mas,9445MSI,User Experience Design MSI,2470,WN 2024,GINF,022099,SI,658
39691800,FA 2023,GINF,FA 2024,FA 2024,02003,Information Mas,9445MSI,User Experience Design MSI,2470,WN 2024,GINF,040667,SI,681
39691800,FA 2023,GINF,FA 2024,FA 2024,02003,Information Mas,9445MSI,User Experience Design MSI,2470,WN 2024,GINF,048280,SI,667
39691800,FA 2023,GINF,FA 2024,FA 2024,02003,Information Mas,9445MSI,User Experience Design MSI,2470,WN 2024,GINF,050162,SI,510
39691800,FA 2023,GINF,FA 2024,FA 2024,02003,Information Mas,9445MSI,User Experience Design MSI,2510,FA 2024,GINF,045771,SI,684
39691800,FA 2023,GINF,FA 2024,FA 2024,02003,Information Mas,9445MSI,User Experience Design MSI,2510,FA 2024,GINF,047901,SI,699
39902576,FA 2023,GINF,WN 2027, ,02003,Information Mas,0775MSI,Big Data Analytics MSI,2460,FA 2023,GINF,016607,SI,544
39902576,FA 2023,GINF,WN 2027, ,02003,Information Mas,0775MSI,Big Data Analytics MSI,2460,FA 2023,GINF,042104,SI,501
39902576,FA 2023,GINF,WN 2027, ,02003,Information Mas,0775MSI,Big Data Analytics MSI,2460,FA 2023,GINF,047246,SI,506
39902576,FA 2023,GINF,WN 2027, ,02003,Information Mas,0775MSI,Big Data Analytics MSI,2460,FA 2023,GINF,050164,SI,504
39902576,FA 2023,GINF,WN 2027, ,02003,Information Mas,0775MSI,Big Data Analytics MSI,2470,WN 2024,GINF,040667,SI,681
39902576,FA 2023,GINF,WN 2027, ,02003,Information Mas,0775MSI,Big Data Analytics MSI,2470,WN 2024,GINF,042091,SI,618
39902576,FA 2023,GINF,WN 2027, ,02003,Information Mas,0775MSI,Big Data Analytics MSI,2470,WN 2024,GINF,047640,SI,507
39902576,FA 2023,GINF,WN 2027, ,02003,Information Mas,0775MSI,Big Data Analytics MSI,2470,WN 2024,GINF,050663,SI,568
39902576,FA 2023,GINF,WN 2027, ,02003,Information Mas,0775MSI,Big Data Analytics MSI,2470,WN 2024,GINF,050983,SI,602
39902576,FA 2023,GINF,WN 2027, ,02003,Information Mas,0775MSI,Big Data Analytics MSI,2510,FA 2024,GINF,001459,SI,690
39902576,FA 2023,GINF,WN 2027, ,02003,Information Mas,0775MSI,Big Data Analytics MSI,2510,FA 2024,GINF,007400,URP,581
39902576,FA 2023,GINF,WN 2027, ,02003,Information Mas,0775MSI,Big Data Analytics MSI,2510,FA 2024,GINF,041934,SI,608
39902576,FA 2023,GINF,WN 2027, ,02003,Information Mas,0775MSI,Big Data Analytics MSI,2510,FA 2024,GINF,045930,SI,671
39902576,FA 2023,GINF,WN 2027, ,02003,Information Mas,0775MSI,Big Data Analytics MSI,2510,FA 2024,GINF,050687,PUBPOL,582
39902576,FA 2023,GINF,WN 2027, ,02003,Information Mas,0775MSI,Big Data Analytics MSI,2520,WN 2025,GINF,020934,SI,649
39902576,FA 2023,GINF,WN 2027, ,02003,Information Mas,0775MSI,Big Data Analytics MSI,2520,WN 2025,GINF,047901,SI,699
39902576,FA 2023,GINF,WN 2027, ,02003,Information Mas,0775MSI,Big Data Analytics MSI,2520,WN 2025,GINF,048421,ENTR,560
39902576,FA 2023,GINF,WN 2027, ,02003,Information Mas,0775MSI,Big Data Analytics MSI,2520,WN 2025,GINF,050983,SI,602
39902576,FA 2023,GINF,WN 2027, ,02003,Information Mas,0775MSI,Big Data Analytics MSI,2570,WN 2026,GINF,050983,SI,602
40088033,FA 2023,GINF,WN 2025,WN 2025,02003,Information Mas,9445MSI,User Experience Design MSI,2460,FA 2023,GINF,017281,SI,588
40088033,FA 2023,GINF,WN 2025,WN 2025,02003,Information Mas,9445MSI,User Experience Design MSI,2460,FA 2023,GINF,039178,SI,539
40088033,FA 2023,GINF,WN 2025,WN 2025,02003,Information Mas,9445MSI,User Experience Design MSI,2460,FA 2023,GINF,042104,SI,501
40088033,FA 2023,GINF,WN 2025,WN 2025,02003,Information Mas,9445MSI,User Experience Design MSI,2460,FA 2023,GINF,044772,SI,582
40088033,FA 2023,GINF,WN 2025,WN 2025,02003,Information Mas,9445MSI,User Experience Design MSI,2470,WN 2024,GINF,012772,SI,548
40088033,FA 2023,GINF,WN 2025,WN 2025,02003,Information Mas,9445MSI,User Experience Design MSI,2470,WN 2024,GINF,020401,SI,622
40088033,FA 2023,GINF,WN 2025,WN 2025,02003,Information Mas,9445MSI,User Experience Design MSI,2470,WN 2024,GINF,021400,SI,520
40088033,FA 2023,GINF,WN 2025,WN 2025,02003,Information Mas,9445MSI,User Experience Design MSI,2470,WN 2024,GINF,040667,SI,681
40088033,FA 2023,GINF,WN 2025,WN 2025,02003,Information Mas,9445MSI,User Experience Design MSI,2470,WN 2024,GINF,041626,SI,664
40088033,FA 2023,GINF,WN 2025,WN 2025,02003,Information Mas,9445MSI,User Experience Design MSI,2510,FA 2024,GINF,001459,SI,690
40088033,FA 2023,GINF,WN 2025,WN 2025,02003,Information Mas,9445MSI,User Experience Design MSI,2510,FA 2024,GINF,021050,SI,691
40088033,FA 2023,GINF,WN 2025,WN 2025,02003,Information Mas,9445MSI,User Experience Design MSI,2510,FA 2024,GINF,045771,SI,684
40088033,FA 2023,GINF,WN 2025,WN 2025,02003,Information Mas,9445MSI,User Experience Design MSI,2510,FA 2024,GINF,048129,SI,505
40088033,FA 2023,GINF,WN 2025,WN 2025,02003,Information Mas,9445MSI,User Experience Design MSI,2520,WN 2025,GINF,001459,SI,690
40088033,FA 2023,GINF,WN 2025,WN 2025,02003,Information Mas,9445MSI,User Experience Design MSI,2520,WN 2025,GINF,045393,SI,552
40088033,FA 2023,GINF,WN 2025,WN 2025,02003,Information Mas,9445MSI,User Experience Design MSI,2520,WN 2025,GINF,047901,SI,699
40088033,FA 2023,GINF,WN 2025,WN 2025,02003,Information Mas,9445MSI,User Experience Design MSI,2520,WN 2025,GINF,051836,SI,611
40199355,FA 2023,GINF,WN 2025,WN 2025,02003,Information Mas,0775MSI,Big Data Analytics MSI,2460,FA 2023,GINF,016607,SI,544
40199355,FA 2023,GINF,WN 2025,WN 2025,02003,Information Mas,0775MSI,Big Data Analytics MSI,2460,FA 2023,GINF,020934,SI,649
40199355,FA 2023,GINF,WN 2025,WN 2025,02003,Information Mas,0775MSI,Big Data Analytics MSI,2460,FA 2023,GINF,047640,SI,507
40199355,FA 2023,GINF,WN 2025,WN 2025,02003,Information Mas,0775MSI,Big Data Analytics MSI,2460,FA 2023,GINF,048129,SI,505
40199355,FA 2023,GINF,WN 2025,WN 2025,02003,Information Mas,0775MSI,Big Data Analytics MSI,2460,FA 2023,GINF,050164,SI,504
40199355,FA 2023,GINF,WN 2025,WN 2025,02003,Information Mas,0775MSI,Big Data Analytics MSI,2470,WN 2024,GINF,039979,SI,623
40199355,FA 2023,GINF,WN 2025,WN 2025,02003,Information Mas,0775MSI,Big Data Analytics MSI,2470,WN 2024,GINF,040667,SI,681
40199355,FA 2023,GINF,WN 2025,WN 2025,02003,Information Mas,0775MSI,Big Data Analytics MSI,2470,WN 2024,GINF,042091,SI,618
40199355,FA 2023,GINF,WN 2025,WN 2025,02003,Information Mas,0775MSI,Big Data Analytics MSI,2470,WN 2024,GINF,048268,SI,630
40199355,FA 2023,GINF,WN 2025,WN 2025,02003,Information Mas,0775MSI,Big Data Analytics MSI,2470,WN 2024,GINF,050663,SI,568
40199355,FA 2023,GINF,WN 2025,WN 2025,02003,Information Mas,0775MSI,Big Data Analytics MSI,2510,FA 2024,GINF,041934,SI,608
40199355,FA 2023,GINF,WN 2025,WN 2025,02003,Information Mas,0775MSI,Big Data Analytics MSI,2510,FA 2024,GINF,045393,SI,552
40199355,FA 2023,GINF,WN 2025,WN 2025,02003,Information Mas,0775MSI,Big Data Analytics MSI,2510,FA 2024,GINF,045930,SI,671
40199355,FA 2023,GINF,WN 2025,WN 2025,02003,Information Mas,0775MSI,Big Data Analytics MSI,2510,FA 2024,GINF,050028,SI,583
40199355,FA 2023,GINF,WN 2025,WN 2025,02003,Information Mas,0775MSI,Big Data Analytics MSI,2520,WN 2025,GINF,021391,SI,511
40199355,FA 2023,GINF,WN 2025,WN 2025,02003,Information Mas,0775MSI,Big Data Analytics MSI,2520,WN 2025,GINF,041626,SI,664
40199355,FA 2023,GINF,WN 2025,WN 2025,02003,Information Mas,0775MSI,Big Data Analytics MSI,2520,WN 2025,GINF,047901,SI,699
40499566,FA 2023,GINF,WN 2025,WN 2025,02003,Information Mas,0775MSI,Big Data Analytics MSI,2460,FA 2023,GINF,016607,SI,544
40499566,FA 2023,GINF,WN 2025,WN 2025,02003,Information Mas,0775MSI,Big Data Analytics MSI,2460,FA 2023,GINF,042104,SI,501
40499566,FA 2023,GINF,WN 2025,WN 2025,02003,Information Mas,0775MSI,Big Data Analytics MSI,2460,FA 2023,GINF,047640,SI,507
40499566,FA 2023,GINF,WN 2025,WN 2025,02003,Information Mas,0775MSI,Big Data Analytics MSI,2460,FA 2023,GINF,048129,SI,505
40499566,FA 2023,GINF,WN 2025,WN 2025,02003,Information Mas,0775MSI,Big Data Analytics MSI,2460,FA 2023,GINF,049601,SI,564
40499566,FA 2023,GINF,WN 2025,WN 2025,02003,Information Mas,0775MSI,Big Data Analytics MSI,2460,FA 2023,GINF,050164,SI,504
40499566,FA 2023,GINF,WN 2025,WN 2025,02003,Information Mas,0775MSI,Big Data Analytics MSI,2470,WN 2024,GINF,020934,SI,649
40499566,FA 2023,GINF,WN 2025,WN 2025,02003,Information Mas,0775MSI,Big Data Analytics MSI,2470,WN 2024,GINF,040667,SI,681
40499566,FA 2023,GINF,WN 2025,WN 2025,02003,Information Mas,0775MSI,Big Data Analytics MSI,2470,WN 2024,GINF,042091,SI,618
40499566,FA 2023,GINF,WN 2025,WN 2025,02003,Information Mas,0775MSI,Big Data Analytics MSI,2470,WN 2024,GINF,050663,SI,568
40499566,FA 2023,GINF,WN 2025,WN 2025,02003,Information Mas,0775MSI,Big Data Analytics MSI,2470,WN 2024,GINF,050983,SI,602
40499566,FA 2023,GINF,WN 2025,WN 2025,02003,Information Mas,0775MSI,Big Data Analytics MSI,2510,FA 2024,GINF,001459,SI,690
40499566,FA 2023,GINF,WN 2025,WN 2025,02003,Information Mas,0775MSI,Big Data Analytics MSI,2510,FA 2024,GINF,041934,SI,608
40499566,FA 2023,GINF,WN 2025,WN 2025,02003,Information Mas,0775MSI,Big Data Analytics MSI,2510,FA 2024,GINF,045930,SI,671
40499566,FA 2023,GINF,WN 2025,WN 2025,02003,Information Mas,0775MSI,Big Data Analytics MSI,2510,FA 2024,GINF,047228,ENTR,500
40499566,FA 2023,GINF,WN 2025,WN 2025,02003,Information Mas,0775MSI,Big Data Analytics MSI,2510,FA 2024,GINF,047233,ENTR,520
40499566,FA 2023,GINF,WN 2025,WN 2025,02003,Information Mas,0775MSI,Big Data Analytics MSI,2520,WN 2025,GINF,042809,TO,618
40499566,FA 2023,GINF,WN 2025,WN 2025,02003,Information Mas,0775MSI,Big Data Analytics MSI,2520,WN 2025,GINF,047901,SI,699
40499566,FA 2023,GINF,WN 2025,WN 2025,02003,Information Mas,0775MSI,Big Data Analytics MSI,2520,WN 2025,GINF,049070,TO,638
40829360,FA 2023,GINF,WN 2026, ,02003,Information Mas,4470MSI9,Information MSI,2460,FA 2023,GINF,042104,SI,501
40829360,FA 2023,GINF,WN 2026, ,02003,Information Mas,4470MSI9,Information MSI,2460,FA 2023,GINF,047246,SI,506
40829360,FA 2023,GINF,WN 2026, ,02003,Information Mas,4470MSI9,Information MSI,2470,WN 2024,GINF,039979,SI,623
40829360,FA 2023,GINF,WN 2026, ,02003,Information Mas,4470MSI9,Information MSI,2470,WN 2024,GINF,040667,SI,681
40829360,FA 2023,GINF,WN 2026, ,02003,Information Mas,4470MSI9,Information MSI,2470,WN 2024,GINF,050162,SI,510
40829360,FA 2023,GINF,WN 2026, ,02003,Information Mas,4470MSI9,Information MSI,2510,FA 2024,GINF,009731,SI,580
40829360,FA 2023,GINF,WN 2026, ,02003,Information Mas,4470MSI9,Information MSI,2510,FA 2024,GINF,050163,SI,633
40829360,FA 2023,GINF,WN 2026, ,02003,Information Mas,4470MSI9,Information MSI,2520,WN 2025,GINF,048280,SI,667
40829360,FA 2023,GINF,WN 2026, ,02003,Information Mas,4470MSI9,Information MSI,2520,WN 2025,GINF,051074,SI,626
40829360,FA 2023,GINF,WN 2026, ,02003,Information Mas,4470MSI9,Information MSI,2560,FA 2025,GINF,038659,SI,519
40829360,FA 2023,GINF,WN 2026, ,02003,Information Mas,4470MSI9,Information MSI,2560,FA 2025,GINF,038948,SI,632
40829360,FA 2023,GINF,WN 2026, ,02003,Information Mas,4470MSI9,Information MSI,2570,WN 2026,GINF,047901,SI,699
40829360,FA 2023,GINF,WN 2026, ,02003,Information Mas,4470MSI9,Information MSI,2570,WN 2026,GINF,048129,SI,505
41093836,FA 2023,GINF,WN 2025,WN 2025,02003,Information Mas,9445MSI,User Experience Design MSI,2460,FA 2023,GINF,017281,SI,588
41093836,FA 2023,GINF,WN 2025,WN 2025,02003,Information Mas,9445MSI,User Experience Design MSI,2460,FA 2023,GINF,042104,SI,501
41093836,FA 2023,GINF,WN 2025,WN 2025,02003,Information Mas,9445MSI,User Experience Design MSI,2460,FA 2023,GINF,044772,SI,582
41093836,FA 2023,GINF,WN 2025,WN 2025,02003,Information Mas,9445MSI,User Experience Design MSI,2460,FA 2023,GINF,047246,SI,506
41093836,FA 2023,GINF,WN 2025,WN 2025,02003,Information Mas,9445MSI,User Experience Design MSI,2470,WN 2024,GINF,020401,SI,622
41093836,FA 2023,GINF,WN 2025,WN 2025,02003,Information Mas,9445MSI,User Experience Design MSI,2470,WN 2024,GINF,021391,SI,511
41093836,FA 2023,GINF,WN 2025,WN 2025,02003,Information Mas,9445MSI,User Experience Design MSI,2470,WN 2024,GINF,021400,SI,520
41093836,FA 2023,GINF,WN 2025,WN 2025,02003,Information Mas,9445MSI,User Experience Design MSI,2470,WN 2024,GINF,039178,SI,539
41093836,FA 2023,GINF,WN 2025,WN 2025,02003,Information Mas,9445MSI,User Experience Design MSI,2510,FA 2024,GINF,021391,SI,511
41093836,FA 2023,GINF,WN 2025,WN 2025,02003,Information Mas,9445MSI,User Experience Design MSI,2510,FA 2024,GINF,039081,SI,529
41093836,FA 2023,GINF,WN 2025,WN 2025,02003,Information Mas,9445MSI,User Experience Design MSI,2510,FA 2024,GINF,043210,SI,534
41093836,FA 2023,GINF,WN 2025,WN 2025,02003,Information Mas,9445MSI,User Experience Design MSI,2510,FA 2024,GINF,046306,SI,616
41093836,FA 2023,GINF,WN 2025,WN 2025,02003,Information Mas,9445MSI,User Experience Design MSI,2520,WN 2025,GINF,012772,SI,548
41093836,FA 2023,GINF,WN 2025,WN 2025,02003,Information Mas,9445MSI,User Experience Design MSI,2520,WN 2025,GINF,047901,SI,699
41093836,FA 2023,GINF,WN 2025,WN 2025,02003,Information Mas,9445MSI,User Experience Design MSI,2520,WN 2025,GINF,051836,SI,611
41132884,FA 2023,GINF,WN 2025,WN 2025,02003,Information Mas,0775MSI,Big Data Analytics MSI,2460,FA 2023,GINF,009732,SI,650
41132884,FA 2023,GINF,WN 2025,WN 2025,02003,Information Mas,0775MSI,Big Data Analytics MSI,2460,FA 2023,GINF,039178,SI,539
41132884,FA 2023,GINF,WN 2025,WN 2025,02003,Information Mas,0775MSI,Big Data Analytics MSI,2460,FA 2023,GINF,042091,SI,618
41132884,FA 2023,GINF,WN 2025,WN 2025,02003,Information Mas,0775MSI,Big Data Analytics MSI,2460,FA 2023,GINF,042104,SI,501
41132884,FA 2023,GINF,WN 2025,WN 2025,02003,Information Mas,0775MSI,Big Data Analytics MSI,2460,FA 2023,GINF,049601,SI,564
41132884,FA 2023,GINF,WN 2025,WN 2025,02003,Information Mas,0775MSI,Big Data Analytics MSI,2460,FA 2023,GINF,050164,SI,504
41132884,FA 2023,GINF,WN 2025,WN 2025,02003,Information Mas,0775MSI,Big Data Analytics MSI,2470,WN 2024,GINF,020934,SI,649
41132884,FA 2023,GINF,WN 2025,WN 2025,02003,Information Mas,0775MSI,Big Data Analytics MSI,2470,WN 2024,GINF,040667,SI,681
41132884,FA 2023,GINF,WN 2025,WN 2025,02003,Information Mas,0775MSI,Big Data Analytics MSI,2470,WN 2024,GINF,041626,SI,664
41132884,FA 2023,GINF,WN 2025,WN 2025,02003,Information Mas,0775MSI,Big Data Analytics MSI,2470,WN 2024,GINF,048268,SI,630
41132884,FA 2023,GINF,WN 2025,WN 2025,02003,Information Mas,0775MSI,Big Data Analytics MSI,2470,WN 2024,GINF,050663,SI,568
41132884,FA 2023,GINF,WN 2025,WN 2025,02003,Information Mas,0775MSI,Big Data Analytics MSI,2470,WN 2024,GINF,050983,SI,602
41132884,FA 2023,GINF,WN 2025,WN 2025,02003,Information Mas,0775MSI,Big Data Analytics MSI,2510,FA 2024,GINF,009732,SI,650
41132884,FA 2023,GINF,WN 2025,WN 2025,02003,Information Mas,0775MSI,Big Data Analytics MSI,2510,FA 2024,GINF,042071,SI,563
41132884,FA 2023,GINF,WN 2025,WN 2025,02003,Information Mas,0775MSI,Big Data Analytics MSI,2510,FA 2024,GINF,045930,SI,671
41132884,FA 2023,GINF,WN 2025,WN 2025,02003,Information Mas,0775MSI,Big Data Analytics MSI,2510,FA 2024,GINF,048500,SI,670
41132884,FA 2023,GINF,WN 2025,WN 2025,02003,Information Mas,0775MSI,Big Data Analytics MSI,2510,FA 2024,GINF,051462,SI,644
41132884,FA 2023,GINF,WN 2025,WN 2025,02003,Information Mas,0775MSI,Big Data Analytics MSI,2520,WN 2025,GINF,047246,SI,506
41132884,FA 2023,GINF,WN 2025,WN 2025,02003,Information Mas,0775MSI,Big Data Analytics MSI,2520,WN 2025,GINF,047901,SI,699
41132884,FA 2023,GINF,WN 2025,WN 2025,02003,Information Mas,0775MSI,Big Data Analytics MSI,2520,WN 2025,GINF,048141,STATS,513
41373031,FA 2023,GINF,WN 2025,WN 2025,02003,Information Mas,0775MSI,Big Data Analytics MSI,2460,FA 2023,GINF,009732,SI,650
41373031,FA 2023,GINF,WN 2025,WN 2025,02003,Information Mas,0775MSI,Big Data Analytics MSI,2460,FA 2023,GINF,016836,EECS,477
41373031,FA 2023,GINF,WN 2025,WN 2025,02003,Information Mas,0775MSI,Big Data Analytics MSI,2460,FA 2023,GINF,042091,SI,618
41373031,FA 2023,GINF,WN 2025,WN 2025,02003,Information Mas,0775MSI,Big Data Analytics MSI,2460,FA 2023,GINF,042104,SI,501
41373031,FA 2023,GINF,WN 2025,WN 2025,02003,Information Mas,0775MSI,Big Data Analytics MSI,2460,FA 2023,GINF,047640,SI,507
41373031,FA 2023,GINF,WN 2025,WN 2025,02003,Information Mas,0775MSI,Big Data Analytics MSI,2470,WN 2024,GINF,007780,EECS,498
41373031,FA 2023,GINF,WN 2025,WN 2025,02003,Information Mas,0775MSI,Big Data Analytics MSI,2470,WN 2024,GINF,039178,SI,539
41373031,FA 2023,GINF,WN 2025,WN 2025,02003,Information Mas,0775MSI,Big Data Analytics MSI,2470,WN 2024,GINF,041626,SI,664
41373031,FA 2023,GINF,WN 2025,WN 2025,02003,Information Mas,0775MSI,Big Data Analytics MSI,2470,WN 2024,GINF,048268,SI,630
41373031,FA 2023,GINF,WN 2025,WN 2025,02003,Information Mas,0775MSI,Big Data Analytics MSI,2470,WN 2024,GINF,050663,SI,568
41373031,FA 2023,GINF,WN 2025,WN 2025,02003,Information Mas,0775MSI,Big Data Analytics MSI,2470,WN 2024,GINF,050983,SI,602
41373031,FA 2023,GINF,WN 2025,WN 2025,02003,Information Mas,0775MSI,Big Data Analytics MSI,2510,FA 2024,GINF,020424,ASTRO,127
41373031,FA 2023,GINF,WN 2025,WN 2025,02003,Information Mas,0775MSI,Big Data Analytics MSI,2510,FA 2024,GINF,045930,SI,671
41373031,FA 2023,GINF,WN 2025,WN 2025,02003,Information Mas,0775MSI,Big Data Analytics MSI,2510,FA 2024,GINF,048500,SI,670
41373031,FA 2023,GINF,WN 2025,WN 2025,02003,Information Mas,0775MSI,Big Data Analytics MSI,2510,FA 2024,GINF,049601,SI,564
41373031,FA 2023,GINF,WN 2025,WN 2025,02003,Information Mas,0775MSI,Big Data Analytics MSI,2520,WN 2025,GINF,047901,SI,699
41373031,FA 2023,GINF,WN 2025,WN 2025,02003,Information Mas,0775MSI,Big Data Analytics MSI,2520,WN 2025,GINF,050159,SI,579
41373031,FA 2023,GINF,WN 2025,WN 2025,02003,Information Mas,0775MSI,Big Data Analytics MSI,2520,WN 2025,GINF,051462,SI,644
42784007,FA 2023,GINF,WN 2025,WN 2025,02003,Information Mas,9445MSI,User Experience Design MSI,2460,FA 2023,GINF,017281,SI,588
42784007,FA 2023,GINF,WN 2025,WN 2025,02003,Information Mas,9445MSI,User Experience Design MSI,2460,FA 2023,GINF,042104,SI,501
42784007,FA 2023,GINF,WN 2025,WN 2025,02003,Information Mas,9445MSI,User Experience Design MSI,2460,FA 2023,GINF,044772,SI,582
42784007,FA 2023,GINF,WN 2025,WN 2025,02003,Information Mas,9445MSI,User Experience Design MSI,2460,FA 2023,GINF,047246,SI,506
42784007,FA 2023,GINF,WN 2025,WN 2025,02003,Information Mas,9445MSI,User Experience Design MSI,2470,WN 2024,GINF,020401,SI,622
42784007,FA 2023,GINF,WN 2025,WN 2025,02003,Information Mas,9445MSI,User Experience Design MSI,2470,WN 2024,GINF,021400,SI,520
42784007,FA 2023,GINF,WN 2025,WN 2025,02003,Information Mas,9445MSI,User Experience Design MSI,2470,WN 2024,GINF,039178,SI,539
42784007,FA 2023,GINF,WN 2025,WN 2025,02003,Information Mas,9445MSI,User Experience Design MSI,2470,WN 2024,GINF,040667,SI,681
42784007,FA 2023,GINF,WN 2025,WN 2025,02003,Information Mas,9445MSI,User Experience Design MSI,2470,WN 2024,GINF,048421,ENTR,560
42784007,FA 2023,GINF,WN 2025,WN 2025,02003,Information Mas,9445MSI,User Experience Design MSI,2510,FA 2024,GINF,039081,SI,529
42784007,FA 2023,GINF,WN 2025,WN 2025,02003,Information Mas,9445MSI,User Experience Design MSI,2510,FA 2024,GINF,041626,SI,664
42784007,FA 2023,GINF,WN 2025,WN 2025,02003,Information Mas,9445MSI,User Experience Design MSI,2510,FA 2024,GINF,045393,SI,552
42784007,FA 2023,GINF,WN 2025,WN 2025,02003,Information Mas,9445MSI,User Experience Design MSI,2510,FA 2024,GINF,048488,SI,559
42784007,FA 2023,GINF,WN 2025,WN 2025,02003,Information Mas,9445MSI,User Experience Design MSI,2520,WN 2025,GINF,022099,SI,658
42784007,FA 2023,GINF,WN 2025,WN 2025,02003,Information Mas,9445MSI,User Experience Design MSI,2520,WN 2025,GINF,047228,ENTR,500
42784007,FA 2023,GINF,WN 2025,WN 2025,02003,Information Mas,9445MSI,User Experience Design MSI,2520,WN 2025,GINF,047901,SI,699
43019140,FA 2023,GINF,WN 2025,WN 2025,02003,Information Mas,9445MSI,User Experience Design MSI,2460,FA 2023,GINF,017281,SI,588
43019140,FA 2023,GINF,WN 2025,WN 2025,02003,Information Mas,9445MSI,User Experience Design MSI,2460,FA 2023,GINF,042104,SI,501
43019140,FA 2023,GINF,WN 2025,WN 2025,02003,Information Mas,9445MSI,User Experience Design MSI,2460,FA 2023,GINF,044772,SI,582
43019140,FA 2023,GINF,WN 2025,WN 2025,02003,Information Mas,9445MSI,User Experience Design MSI,2460,FA 2023,GINF,047246,SI,506
43019140,FA 2023,GINF,WN 2025,WN 2025,02003,Information Mas,9445MSI,User Experience Design MSI,2460,FA 2023,GINF,048129,SI,505
43019140,FA 2023,GINF,WN 2025,WN 2025,02003,Information Mas,9445MSI,User Experience Design MSI,2460,FA 2023,GINF,049601,SI,564
43019140,FA 2023,GINF,WN 2025,WN 2025,02003,Information Mas,9445MSI,User Experience Design MSI,2470,WN 2024,GINF,020401,SI,622
43019140,FA 2023,GINF,WN 2025,WN 2025,02003,Information Mas,9445MSI,User Experience Design MSI,2470,WN 2024,GINF,021400,SI,520
43019140,FA 2023,GINF,WN 2025,WN 2025,02003,Information Mas,9445MSI,User Experience Design MSI,2470,WN 2024,GINF,022099,SI,658
43019140,FA 2023,GINF,WN 2025,WN 2025,02003,Information Mas,9445MSI,User Experience Design MSI,2470,WN 2024,GINF,039178,SI,539
43019140,FA 2023,GINF,WN 2025,WN 2025,02003,Information Mas,9445MSI,User Experience Design MSI,2470,WN 2024,GINF,040667,SI,681
43019140,FA 2023,GINF,WN 2025,WN 2025,02003,Information Mas,9445MSI,User Experience Design MSI,2510,FA 2024,GINF,001459,SI,690
43019140,FA 2023,GINF,WN 2025,WN 2025,02003,Information Mas,9445MSI,User Experience Design MSI,2510,FA 2024,GINF,045687,SI,538
43019140,FA 2023,GINF,WN 2025,WN 2025,02003,Information Mas,9445MSI,User Experience Design MSI,2510,FA 2024,GINF,046306,SI,616
43019140,FA 2023,GINF,WN 2025,WN 2025,02003,Information Mas,9445MSI,User Experience Design MSI,2520,WN 2025,GINF,012772,SI,548
43019140,FA 2023,GINF,WN 2025,WN 2025,02003,Information Mas,9445MSI,User Experience Design MSI,2520,WN 2025,GINF,047901,SI,699
43019140,FA 2023,GINF,WN 2025,WN 2025,02003,Information Mas,9445MSI,User Experience Design MSI,2520,WN 2025,GINF,051836,SI,611
43461670,FA 2023,GINF,SU 2025,SU 2025,02003,Information Mas,9445MSI,User Experience Design MSI,2460,FA 2023,GINF,017281,SI,588
43461670,FA 2023,GINF,SU 2025,SU 2025,02003,Information Mas,9445MSI,User Experience Design MSI,2460,FA 2023,GINF,042104,SI,501
43461670,FA 2023,GINF,SU 2025,SU 2025,02003,Information Mas,9445MSI,User Experience Design MSI,2460,FA 2023,GINF,044772,SI,582
43461670,FA 2023,GINF,SU 2025,SU 2025,02003,Information Mas,9445MSI,User Experience Design MSI,2460,FA 2023,GINF,047246,SI,506
43461670,FA 2023,GINF,SU 2025,SU 2025,02003,Information Mas,9445MSI,User Experience Design MSI,2460,FA 2023,GINF,048129,SI,505
43461670,FA 2023,GINF,SU 2025,SU 2025,02003,Information Mas,9445MSI,User Experience Design MSI,2470,WN 2024,GINF,020401,SI,622
43461670,FA 2023,GINF,SU 2025,SU 2025,02003,Information Mas,9445MSI,User Experience Design MSI,2470,WN 2024,GINF,021400,SI,520
43461670,FA 2023,GINF,SU 2025,SU 2025,02003,Information Mas,9445MSI,User Experience Design MSI,2470,WN 2024,GINF,022099,SI,658
43461670,FA 2023,GINF,SU 2025,SU 2025,02003,Information Mas,9445MSI,User Experience Design MSI,2470,WN 2024,GINF,039178,SI,539
43461670,FA 2023,GINF,SU 2025,SU 2025,02003,Information Mas,9445MSI,User Experience Design MSI,2470,WN 2024,GINF,040667,SI,681
43461670,FA 2023,GINF,SU 2025,SU 2025,02003,Information Mas,9445MSI,User Experience Design MSI,2510,FA 2024,GINF,019903,TO,548
43461670,FA 2023,GINF,SU 2025,SU 2025,02003,Information Mas,9445MSI,User Experience Design MSI,2510,FA 2024,GINF,020379,IOE,548
43461670,FA 2023,GINF,SU 2025,SU 2025,02003,Information Mas,9445MSI,User Experience Design MSI,2510,FA 2024,GINF,046306,SI,616
43461670,FA 2023,GINF,SU 2025,SU 2025,02003,Information Mas,9445MSI,User Experience Design MSI,2520,WN 2025,GINF,021391,SI,511
43461670,FA 2023,GINF,SU 2025,SU 2025,02003,Information Mas,9445MSI,User Experience Design MSI,2520,WN 2025,GINF,047901,SI,699
43461670,FA 2023,GINF,SU 2025,SU 2025,02003,Information Mas,9445MSI,User Experience Design MSI,2520,WN 2025,GINF,051836,SI,611
43754384,FA 2023,GINF,WN 2025,WN 2025,02003,Information Mas,9445MSI,User Experience Design MSI,2460,FA 2023,GINF,017281,SI,588
43754384,FA 2023,GINF,WN 2025,WN 2025,02003,Information Mas,9445MSI,User Experience Design MSI,2460,FA 2023,GINF,021400,SI,520
43754384,FA 2023,GINF,WN 2025,WN 2025,02003,Information Mas,9445MSI,User Experience Design MSI,2460,FA 2023,GINF,041957,ENGR,599
43754384,FA 2023,GINF,WN 2025,WN 2025,02003,Information Mas,9445MSI,User Experience Design MSI,2460,FA 2023,GINF,042104,SI,501
43754384,FA 2023,GINF,WN 2025,WN 2025,02003,Information Mas,9445MSI,User Experience Design MSI,2460,FA 2023,GINF,044772,SI,582
43754384,FA 2023,GINF,WN 2025,WN 2025,02003,Information Mas,9445MSI,User Experience Design MSI,2460,FA 2023,GINF,048129,SI,505
43754384,FA 2023,GINF,WN 2025,WN 2025,02003,Information Mas,9445MSI,User Experience Design MSI,2470,WN 2024,GINF,017537,MO,615
43754384,FA 2023,GINF,WN 2025,WN 2025,02003,Information Mas,9445MSI,User Experience Design MSI,2470,WN 2024,GINF,020401,SI,622
43754384,FA 2023,GINF,WN 2025,WN 2025,02003,Information Mas,9445MSI,User Experience Design MSI,2470,WN 2024,GINF,021391,SI,511
43754384,FA 2023,GINF,WN 2025,WN 2025,02003,Information Mas,9445MSI,User Experience Design MSI,2470,WN 2024,GINF,045393,SI,552
43754384,FA 2023,GINF,WN 2025,WN 2025,02003,Information Mas,9445MSI,User Experience Design MSI,2470,WN 2024,GINF,047304,ENTR,550
43754384,FA 2023,GINF,WN 2025,WN 2025,02003,Information Mas,9445MSI,User Experience Design MSI,2510,FA 2024,GINF,003736,MKT,625
43754384,FA 2023,GINF,WN 2025,WN 2025,02003,Information Mas,9445MSI,User Experience Design MSI,2510,FA 2024,GINF,017533,MO,512
43754384,FA 2023,GINF,WN 2025,WN 2025,02003,Information Mas,9445MSI,User Experience Design MSI,2510,FA 2024,GINF,018728,MO,617
43754384,FA 2023,GINF,WN 2025,WN 2025,02003,Information Mas,9445MSI,User Experience Design MSI,2510,FA 2024,GINF,039178,SI,539
43754384,FA 2023,GINF,WN 2025,WN 2025,02003,Information Mas,9445MSI,User Experience Design MSI,2510,FA 2024,GINF,046306,SI,616
43754384,FA 2023,GINF,WN 2025,WN 2025,02003,Information Mas,9445MSI,User Experience Design MSI,2510,FA 2024,GINF,047228,ENTR,500
43754384,FA 2023,GINF,WN 2025,WN 2025,02003,Information Mas,9445MSI,User Experience Design MSI,2520,WN 2025,GINF,042925,ENTR,407
43754384,FA 2023,GINF,WN 2025,WN 2025,02003,Information Mas,9445MSI,User Experience Design MSI,2520,WN 2025,GINF,043863,SI,612
43754384,FA 2023,GINF,WN 2025,WN 2025,02003,Information Mas,9445MSI,User Experience Design MSI,2520,WN 2025,GINF,047901,SI,699
43754384,FA 2023,GINF,WN 2025,WN 2025,02003,Information Mas,9445MSI,User Experience Design MSI,2520,WN 2025,GINF,048421,ENTR,560
43754384,FA 2023,GINF,WN 2025,WN 2025,02003,Information Mas,9445MSI,User Experience Design MSI,2520,WN 2025,GINF,049082,SI,682
43754384,FA 2023,GINF,WN 2025,WN 2025,02003,Information Mas,9445MSI,User Experience Design MSI,2520,WN 2025,GINF,051836,SI,611
44011820,FA 2023,GINF,WN 2025,WN 2025,02003,Information Mas,9445MSI,User Experience Design MSI,2460,FA 2023,GINF,017281,SI,588
44011820,FA 2023,GINF,WN 2025,WN 2025,02003,Information Mas,9445MSI,User Experience Design MSI,2460,FA 2023,GINF,042071,SI,563
44011820,FA 2023,GINF,WN 2025,WN 2025,02003,Information Mas,9445MSI,User Experience Design MSI,2460,FA 2023,GINF,042104,SI,501
44011820,FA 2023,GINF,WN 2025,WN 2025,02003,Information Mas,9445MSI,User Experience Design MSI,2460,FA 2023,GINF,044772,SI,582
44011820,FA 2023,GINF,WN 2025,WN 2025,02003,Information Mas,9445MSI,User Experience Design MSI,2460,FA 2023,GINF,048129,SI,505
44011820,FA 2023,GINF,WN 2025,WN 2025,02003,Information Mas,9445MSI,User Experience Design MSI,2470,WN 2024,GINF,020401,SI,622
44011820,FA 2023,GINF,WN 2025,WN 2025,02003,Information Mas,9445MSI,User Experience Design MSI,2470,WN 2024,GINF,021400,SI,520
44011820,FA 2023,GINF,WN 2025,WN 2025,02003,Information Mas,9445MSI,User Experience Design MSI,2470,WN 2024,GINF,022099,SI,658
44011820,FA 2023,GINF,WN 2025,WN 2025,02003,Information Mas,9445MSI,User Experience Design MSI,2470,WN 2024,GINF,040667,SI,681
44011820,FA 2023,GINF,WN 2025,WN 2025,02003,Information Mas,9445MSI,User Experience Design MSI,2470,WN 2024,GINF,043366,SI,617
44011820,FA 2023,GINF,WN 2025,WN 2025,02003,Information Mas,9445MSI,User Experience Design MSI,2510,FA 2024,GINF,039178,SI,539
44011820,FA 2023,GINF,WN 2025,WN 2025,02003,Information Mas,9445MSI,User Experience Design MSI,2510,FA 2024,GINF,043210,SI,534
44011820,FA 2023,GINF,WN 2025,WN 2025,02003,Information Mas,9445MSI,User Experience Design MSI,2510,FA 2024,GINF,045771,SI,684
44011820,FA 2023,GINF,WN 2025,WN 2025,02003,Information Mas,9445MSI,User Experience Design MSI,2520,WN 2025,GINF,021391,SI,511
44011820,FA 2023,GINF,WN 2025,WN 2025,02003,Information Mas,9445MSI,User Experience Design MSI,2520,WN 2025,GINF,047901,SI,699
44011820,FA 2023,GINF,WN 2025,WN 2025,02003,Information Mas,9445MSI,User Experience Design MSI,2520,WN 2025,GINF,051836,SI,611
44364822,FA 2023,GINF,WN 2025,WN 2025,02003,Information Mas,5005MSI,Master's ThesisOption Prog MSI,2460,FA 2023,GINF,017281,SI,588
44364822,FA 2023,GINF,WN 2025,WN 2025,02003,Information Mas,5005MSI,Master's ThesisOption Prog MSI,2460,FA 2023,GINF,042104,SI,501
44364822,FA 2023,GINF,WN 2025,WN 2025,02003,Information Mas,5005MSI,Master's ThesisOption Prog MSI,2460,FA 2023,GINF,044772,SI,582
44364822,FA 2023,GINF,WN 2025,WN 2025,02003,Information Mas,5005MSI,Master's ThesisOption Prog MSI,2460,FA 2023,GINF,047246,SI,506
44364822,FA 2023,GINF,WN 2025,WN 2025,02003,Information Mas,5005MSI,Master's ThesisOption Prog MSI,2460,FA 2023,GINF,048129,SI,505
44364822,FA 2023,GINF,WN 2025,WN 2025,02003,Information Mas,5005MSI,Master's ThesisOption Prog MSI,2460,FA 2023,GINF,048488,SI,559
44364822,FA 2023,GINF,WN 2025,WN 2025,02003,Information Mas,5005MSI,Master's ThesisOption Prog MSI,2470,WN 2024,GINF,020401,SI,622
44364822,FA 2023,GINF,WN 2025,WN 2025,02003,Information Mas,5005MSI,Master's ThesisOption Prog MSI,2470,WN 2024,GINF,021391,SI,511
44364822,FA 2023,GINF,WN 2025,WN 2025,02003,Information Mas,5005MSI,Master's ThesisOption Prog MSI,2470,WN 2024,GINF,039081,SI,529
44364822,FA 2023,GINF,WN 2025,WN 2025,02003,Information Mas,5005MSI,Master's ThesisOption Prog MSI,2470,WN 2024,GINF,039979,SI,623
44364822,FA 2023,GINF,WN 2025,WN 2025,02003,Information Mas,5005MSI,Master's ThesisOption Prog MSI,2470,WN 2024,GINF,047641,SI,540
44364822,FA 2023,GINF,WN 2025,WN 2025,02003,Information Mas,5005MSI,Master's ThesisOption Prog MSI,2510,FA 2024,GINF,021400,SI,520
44364822,FA 2023,GINF,WN 2025,WN 2025,02003,Information Mas,5005MSI,Master's ThesisOption Prog MSI,2510,FA 2024,GINF,038659,SI,519
44364822,FA 2023,GINF,WN 2025,WN 2025,02003,Information Mas,5005MSI,Master's ThesisOption Prog MSI,2510,FA 2024,GINF,039178,SI,539
44364822,FA 2023,GINF,WN 2025,WN 2025,02003,Information Mas,5005MSI,Master's ThesisOption Prog MSI,2510,FA 2024,GINF,042071,SI,563
44364822,FA 2023,GINF,WN 2025,WN 2025,02003,Information Mas,5005MSI,Master's ThesisOption Prog MSI,2510,FA 2024,GINF,047246,SI,506
44364822,FA 2023,GINF,WN 2025,WN 2025,02003,Information Mas,5005MSI,Master's ThesisOption Prog MSI,2510,FA 2024,GINF,049365,SI,697
44364822,FA 2023,GINF,WN 2025,WN 2025,02003,Information Mas,5005MSI,Master's ThesisOption Prog MSI,2520,WN 2025,GINF,022099,SI,658
44364822,FA 2023,GINF,WN 2025,WN 2025,02003,Information Mas,5005MSI,Master's ThesisOption Prog MSI,2520,WN 2025,GINF,047228,ENTR,500
44364822,FA 2023,GINF,WN 2025,WN 2025,02003,Information Mas,5005MSI,Master's ThesisOption Prog MSI,2520,WN 2025,GINF,049040,SI,698
44364822,FA 2023,GINF,WN 2025,WN 2025,02003,Information Mas,5005MSI,Master's ThesisOption Prog MSI,2520,WN 2025,GINF,049834,SI,591
44577633,FA 2023,GINF,FA 2025,FA 2025,02003,Information Mas,9455MSI,User-Centered Agile Dev MSI,2460,FA 2023,GINF,042104,SI,501
44577633,FA 2023,GINF,FA 2025,FA 2025,02003,Information Mas,9455MSI,User-Centered Agile Dev MSI,2460,FA 2023,GINF,044772,SI,582
44577633,FA 2023,GINF,FA 2025,FA 2025,02003,Information Mas,9455MSI,User-Centered Agile Dev MSI,2460,FA 2023,GINF,048487,SI,669
44577633,FA 2023,GINF,FA 2025,FA 2025,02003,Information Mas,9455MSI,User-Centered Agile Dev MSI,2460,FA 2023,GINF,048488,SI,559
44577633,FA 2023,GINF,FA 2025,FA 2025,02003,Information Mas,9455MSI,User-Centered Agile Dev MSI,2470,WN 2024,GINF,001459,SI,690
44577633,FA 2023,GINF,FA 2025,FA 2025,02003,Information Mas,9455MSI,User-Centered Agile Dev MSI,2470,WN 2024,GINF,020401,SI,622
44577633,FA 2023,GINF,FA 2025,FA 2025,02003,Information Mas,9455MSI,User-Centered Agile Dev MSI,2470,WN 2024,GINF,021391,SI,511
44577633,FA 2023,GINF,FA 2025,FA 2025,02003,Information Mas,9455MSI,User-Centered Agile Dev MSI,2470,WN 2024,GINF,022099,SI,658
44577633,FA 2023,GINF,FA 2025,FA 2025,02003,Information Mas,9455MSI,User-Centered Agile Dev MSI,2470,WN 2024,GINF,040667,SI,681
44577633,FA 2023,GINF,FA 2025,FA 2025,02003,Information Mas,9455MSI,User-Centered Agile Dev MSI,2470,WN 2024,GINF,045393,SI,552
44577633,FA 2023,GINF,FA 2025,FA 2025,02003,Information Mas,9455MSI,User-Centered Agile Dev MSI,2470,WN 2024,GINF,051454,SI,594
44577633,FA 2023,GINF,FA 2025,FA 2025,02003,Information Mas,9455MSI,User-Centered Agile Dev MSI,2510,FA 2024,GINF,045687,SI,538
44577633,FA 2023,GINF,FA 2025,FA 2025,02003,Information Mas,9455MSI,User-Centered Agile Dev MSI,2510,FA 2024,GINF,048129,SI,505
44577633,FA 2023,GINF,FA 2025,FA 2025,02003,Information Mas,9455MSI,User-Centered Agile Dev MSI,2520,WN 2025,GINF,047901,SI,699
44577633,FA 2023,GINF,FA 2025,FA 2025,02003,Information Mas,9455MSI,User-Centered Agile Dev MSI,2520,WN 2025,GINF,051836,SI,611
44577633,FA 2023,GINF,FA 2025,FA 2025,02003,Information Mas,9455MSI,User-Centered Agile Dev MSI,2560,FA 2025,GINF,017075,ELI,534
44619985,FA 2023,GINF,WN 2025,WN 2025,02003,Information Mas,9455MSI,User-Centered Agile Dev MSI,2460,FA 2023,GINF,016607,SI,544
44619985,FA 2023,GINF,WN 2025,WN 2025,02003,Information Mas,9455MSI,User-Centered Agile Dev MSI,2460,FA 2023,GINF,042104,SI,501
44619985,FA 2023,GINF,WN 2025,WN 2025,02003,Information Mas,9455MSI,User-Centered Agile Dev MSI,2460,FA 2023,GINF,044772,SI,582
44619985,FA 2023,GINF,WN 2025,WN 2025,02003,Information Mas,9455MSI,User-Centered Agile Dev MSI,2460,FA 2023,GINF,047246,SI,506
44619985,FA 2023,GINF,WN 2025,WN 2025,02003,Information Mas,9455MSI,User-Centered Agile Dev MSI,2460,FA 2023,GINF,048129,SI,505
44619985,FA 2023,GINF,WN 2025,WN 2025,02003,Information Mas,9455MSI,User-Centered Agile Dev MSI,2460,FA 2023,GINF,050164,SI,504
44619985,FA 2023,GINF,WN 2025,WN 2025,02003,Information Mas,9455MSI,User-Centered Agile Dev MSI,2470,WN 2024,GINF,020401,SI,622
44619985,FA 2023,GINF,WN 2025,WN 2025,02003,Information Mas,9455MSI,User-Centered Agile Dev MSI,2470,WN 2024,GINF,042091,SI,618
44619985,FA 2023,GINF,WN 2025,WN 2025,02003,Information Mas,9455MSI,User-Centered Agile Dev MSI,2470,WN 2024,GINF,047640,SI,507
44619985,FA 2023,GINF,WN 2025,WN 2025,02003,Information Mas,9455MSI,User-Centered Agile Dev MSI,2470,WN 2024,GINF,049601,SI,564
44619985,FA 2023,GINF,WN 2025,WN 2025,02003,Information Mas,9455MSI,User-Centered Agile Dev MSI,2470,WN 2024,GINF,050663,SI,568
44619985,FA 2023,GINF,WN 2025,WN 2025,02003,Information Mas,9455MSI,User-Centered Agile Dev MSI,2470,WN 2024,GINF,050983,SI,602
44619985,FA 2023,GINF,WN 2025,WN 2025,02003,Information Mas,9455MSI,User-Centered Agile Dev MSI,2510,FA 2024,GINF,017281,SI,588
44619985,FA 2023,GINF,WN 2025,WN 2025,02003,Information Mas,9455MSI,User-Centered Agile Dev MSI,2510,FA 2024,GINF,039178,SI,539
44619985,FA 2023,GINF,WN 2025,WN 2025,02003,Information Mas,9455MSI,User-Centered Agile Dev MSI,2510,FA 2024,GINF,041626,SI,664
44619985,FA 2023,GINF,WN 2025,WN 2025,02003,Information Mas,9455MSI,User-Centered Agile Dev MSI,2510,FA 2024,GINF,045930,SI,671
44619985,FA 2023,GINF,WN 2025,WN 2025,02003,Information Mas,9455MSI,User-Centered Agile Dev MSI,2510,FA 2024,GINF,050159,SI,579
44619985,FA 2023,GINF,WN 2025,WN 2025,02003,Information Mas,9455MSI,User-Centered Agile Dev MSI,2520,WN 2025,GINF,020934,SI,649
44619985,FA 2023,GINF,WN 2025,WN 2025,02003,Information Mas,9455MSI,User-Centered Agile Dev MSI,2520,WN 2025,GINF,047901,SI,699
44619985,FA 2023,GINF,WN 2025,WN 2025,02003,Information Mas,9455MSI,User-Centered Agile Dev MSI,2520,WN 2025,GINF,051454,SI,594
44619985,FA 2023,GINF,WN 2025,WN 2025,02003,Information Mas,9455MSI,User-Centered Agile Dev MSI,2520,WN 2025,GINF,051836,SI,611
44942150,FA 2023,GINF,WN 2025,WN 2025,02003,Information Mas,9445MSI,User Experience Design MSI,2460,FA 2023,GINF,017281,SI,588
44942150,FA 2023,GINF,WN 2025,WN 2025,02003,Information Mas,9445MSI,User Experience Design MSI,2460,FA 2023,GINF,042104,SI,501
44942150,FA 2023,GINF,WN 2025,WN 2025,02003,Information Mas,9445MSI,User Experience Design MSI,2460,FA 2023,GINF,044772,SI,582
44942150,FA 2023,GINF,WN 2025,WN 2025,02003,Information Mas,9445MSI,User Experience Design MSI,2460,FA 2023,GINF,047246,SI,506
44942150,FA 2023,GINF,WN 2025,WN 2025,02003,Information Mas,9445MSI,User Experience Design MSI,2460,FA 2023,GINF,048129,SI,505
44942150,FA 2023,GINF,WN 2025,WN 2025,02003,Information Mas,9445MSI,User Experience Design MSI,2470,WN 2024,GINF,020401,SI,622
44942150,FA 2023,GINF,WN 2025,WN 2025,02003,Information Mas,9445MSI,User Experience Design MSI,2470,WN 2024,GINF,021400,SI,520
44942150,FA 2023,GINF,WN 2025,WN 2025,02003,Information Mas,9445MSI,User Experience Design MSI,2470,WN 2024,GINF,022099,SI,658
44942150,FA 2023,GINF,WN 2025,WN 2025,02003,Information Mas,9445MSI,User Experience Design MSI,2470,WN 2024,GINF,039178,SI,539
44942150,FA 2023,GINF,WN 2025,WN 2025,02003,Information Mas,9445MSI,User Experience Design MSI,2470,WN 2024,GINF,040667,SI,681
44942150,FA 2023,GINF,WN 2025,WN 2025,02003,Information Mas,9445MSI,User Experience Design MSI,2510,FA 2024,GINF,019903,TO,548
44942150,FA 2023,GINF,WN 2025,WN 2025,02003,Information Mas,9445MSI,User Experience Design MSI,2510,FA 2024,GINF,020379,IOE,548
44942150,FA 2023,GINF,WN 2025,WN 2025,02003,Information Mas,9445MSI,User Experience Design MSI,2510,FA 2024,GINF,043863,SI,612
44942150,FA 2023,GINF,WN 2025,WN 2025,02003,Information Mas,9445MSI,User Experience Design MSI,2520,WN 2025,GINF,021391,SI,511
44942150,FA 2023,GINF,WN 2025,WN 2025,02003,Information Mas,9445MSI,User Experience Design MSI,2520,WN 2025,GINF,047901,SI,699
44942150,FA 2023,GINF,WN 2025,WN 2025,02003,Information Mas,9445MSI,User Experience Design MSI,2520,WN 2025,GINF,049082,SI,682
45008057,FA 2023,GINF,WN 2025,WN 2025,02003,Information Mas,0775MSI,Big Data Analytics MSI,2470,WN 2024,GINF,014223,PUBPOL,741
45008057,FA 2023,GINF,WN 2025,WN 2025,02003,Information Mas,0775MSI,Big Data Analytics MSI,2470,WN 2024,GINF,040667,SI,681
45008057,FA 2023,GINF,WN 2025,WN 2025,02003,Information Mas,0775MSI,Big Data Analytics MSI,2470,WN 2024,GINF,042091,SI,618
45008057,FA 2023,GINF,WN 2025,WN 2025,02003,Information Mas,0775MSI,Big Data Analytics MSI,2470,WN 2024,GINF,049601,SI,564
45008057,FA 2023,GINF,WN 2025,WN 2025,02003,Information Mas,0775MSI,Big Data Analytics MSI,2470,WN 2024,GINF,050663,SI,568
45008057,FA 2023,GINF,WN 2025,WN 2025,02003,Information Mas,0775MSI,Big Data Analytics MSI,2470,WN 2024,GINF,050983,SI,602
45008057,FA 2023,GINF,WN 2025,WN 2025,02003,Information Mas,0775MSI,Big Data Analytics MSI,2510,FA 2024,GINF,005600,PUBPOL,586
45008057,FA 2023,GINF,WN 2025,WN 2025,02003,Information Mas,0775MSI,Big Data Analytics MSI,2510,FA 2024,GINF,020480,PUBPOL,587
45008057,FA 2023,GINF,WN 2025,WN 2025,02003,Information Mas,0775MSI,Big Data Analytics MSI,2510,FA 2024,GINF,020934,SI,649
45008057,FA 2023,GINF,WN 2025,WN 2025,02003,Information Mas,0775MSI,Big Data Analytics MSI,2510,FA 2024,GINF,043241,SI,657
45008057,FA 2023,GINF,WN 2025,WN 2025,02003,Information Mas,0775MSI,Big Data Analytics MSI,2510,FA 2024,GINF,045930,SI,671
45008057,FA 2023,GINF,WN 2025,WN 2025,02003,Information Mas,0775MSI,Big Data Analytics MSI,2510,FA 2024,GINF,051462,SI,644
45008057,FA 2023,GINF,WN 2025,WN 2025,02003,Information Mas,0775MSI,Big Data Analytics MSI,2520,WN 2025,GINF,020803,SI,643
45008057,FA 2023,GINF,WN 2025,WN 2025,02003,Information Mas,0775MSI,Big Data Analytics MSI,2520,WN 2025,GINF,041914,PUBPOL,564
45008057,FA 2023,GINF,WN 2025,WN 2025,02003,Information Mas,0775MSI,Big Data Analytics MSI,2520,WN 2025,GINF,047638,EAS,615
45008057,FA 2023,GINF,WN 2025,WN 2025,02003,Information Mas,0775MSI,Big Data Analytics MSI,2520,WN 2025,GINF,047901,SI,699
45008057,FA 2023,GINF,WN 2025,WN 2025,02003,Information Mas,0775MSI,Big Data Analytics MSI,2520,WN 2025,GINF,048268,SI,630
45777910,FA 2023,GINF,WN 2025,WN 2025,02003,Information Mas,9445MSI,User Experience Design MSI,2460,FA 2023,GINF,021400,SI,520
45777910,FA 2023,GINF,WN 2025,WN 2025,02003,Information Mas,9445MSI,User Experience Design MSI,2460,FA 2023,GINF,039178,SI,539
45777910,FA 2023,GINF,WN 2025,WN 2025,02003,Information Mas,9445MSI,User Experience Design MSI,2460,FA 2023,GINF,042104,SI,501
45777910,FA 2023,GINF,WN 2025,WN 2025,02003,Information Mas,9445MSI,User Experience Design MSI,2460,FA 2023,GINF,044772,SI,582
45777910,FA 2023,GINF,WN 2025,WN 2025,02003,Information Mas,9445MSI,User Experience Design MSI,2460,FA 2023,GINF,050164,SI,504
45777910,FA 2023,GINF,WN 2025,WN 2025,02003,Information Mas,9445MSI,User Experience Design MSI,2470,WN 2024,GINF,040667,SI,681
45777910,FA 2023,GINF,WN 2025,WN 2025,02003,Information Mas,9445MSI,User Experience Design MSI,2470,WN 2024,GINF,043863,SI,612
45777910,FA 2023,GINF,WN 2025,WN 2025,02003,Information Mas,9445MSI,User Experience Design MSI,2470,WN 2024,GINF,048488,SI,559
45777910,FA 2023,GINF,WN 2025,WN 2025,02003,Information Mas,9445MSI,User Experience Design MSI,2470,WN 2024,GINF,049601,SI,564
45777910,FA 2023,GINF,WN 2025,WN 2025,02003,Information Mas,9445MSI,User Experience Design MSI,2470,WN 2024,GINF,050159,SI,579
45777910,FA 2023,GINF,WN 2025,WN 2025,02003,Information Mas,9445MSI,User Experience Design MSI,2510,FA 2024,GINF,003736,MKT,625
45777910,FA 2023,GINF,WN 2025,WN 2025,02003,Information Mas,9445MSI,User Experience Design MSI,2510,FA 2024,GINF,017281,SI,588
45777910,FA 2023,GINF,WN 2025,WN 2025,02003,Information Mas,9445MSI,User Experience Design MSI,2510,FA 2024,GINF,041855,SI,631
45777910,FA 2023,GINF,WN 2025,WN 2025,02003,Information Mas,9445MSI,User Experience Design MSI,2510,FA 2024,GINF,048487,SI,669
45777910,FA 2023,GINF,WN 2025,WN 2025,02003,Information Mas,9445MSI,User Experience Design MSI,2520,WN 2025,GINF,047901,SI,699
45777910,FA 2023,GINF,WN 2025,WN 2025,02003,Information Mas,9445MSI,User Experience Design MSI,2520,WN 2025,GINF,048486,SI,659
45777910,FA 2023,GINF,WN 2025,WN 2025,02003,Information Mas,9445MSI,User Experience Design MSI,2520,WN 2025,GINF,051454,SI,594
46062495,FA 2023,GSW,WN 2027, ,02013,MDDP Soc Wk & Inform MSW/MSI,1767MSW,Int Prac IH MH&Subst Abuse MSW,2410,FA 2022,GSW,049835,SW,590
46062495,FA 2023,GSW,WN 2027, ,02013,MDDP Soc Wk & Inform MSW/MSI,1767MSW,Int Prac IH MH&Subst Abuse MSW,2410,FA 2022,GSW,050264,SW,505
46062495,FA 2023,GSW,WN 2027, ,02013,MDDP Soc Wk & Inform MSW/MSI,1767MSW,Int Prac IH MH&Subst Abuse MSW,2410,FA 2022,GSW,050267,SW,509
46062495,FA 2023,GSW,WN 2027, ,02013,MDDP Soc Wk & Inform MSW/MSI,1767MSW,Int Prac IH MH&Subst Abuse MSW,2410,FA 2022,GSW,050268,SW,508
46062495,FA 2023,GSW,WN 2027, ,02013,MDDP Soc Wk & Inform MSW/MSI,1767MSW,Int Prac IH MH&Subst Abuse MSW,2410,FA 2022,GSW,050269,SW,507
46062495,FA 2023,GSW,WN 2027, ,02013,MDDP Soc Wk & Inform MSW/MSI,1767MSW,Int Prac IH MH&Subst Abuse MSW,2410,FA 2022,GSW,050270,SW,506
46062495,FA 2023,GSW,WN 2027, ,02013,MDDP Soc Wk & Inform MSW/MSI,1767MSW,Int Prac IH MH&Subst Abuse MSW,2420,WN 2023,GSW,049757,SW,616
46062495,FA 2023,GSW,WN 2027, ,02013,MDDP Soc Wk & Inform MSW/MSI,1767MSW,Int Prac IH MH&Subst Abuse MSW,2420,WN 2023,GSW,049785,SW,680
46062495,FA 2023,GSW,WN 2027, ,02013,MDDP Soc Wk & Inform MSW/MSI,1767MSW,Int Prac IH MH&Subst Abuse MSW,2420,WN 2023,GSW,049786,SW,681
46062495,FA 2023,GSW,WN 2027, ,02013,MDDP Soc Wk & Inform MSW/MSI,1767MSW,Int Prac IH MH&Subst Abuse MSW,2420,WN 2023,GSW,049959,SW,515
46062495,FA 2023,GSW,WN 2027, ,02013,MDDP Soc Wk & Inform MSW/MSI,1767MSW,Int Prac IH MH&Subst Abuse MSW,2420,WN 2023,GSW,050361,SW,678
46062495,FA 2023,GSW,WN 2027, ,02013,MDDP Soc Wk & Inform MSW/MSI,1767MSW,Int Prac IH MH&Subst Abuse MSW,2420,WN 2023,GSW,050515,SW,649
46062495,FA 2023,GSW,WN 2027, ,02013,MDDP Soc Wk & Inform MSW/MSI,1767MSW,Int Prac IH MH&Subst Abuse MSW,2440,SS 2023,GSW,049105,SW,540
46062495,FA 2023,GSW,WN 2027, ,02013,MDDP Soc Wk & Inform MSW/MSI,1767MSW,Int Prac IH MH&Subst Abuse MSW,2440,SS 2023,GSW,049761,SW,624
46062495,FA 2023,GSW,WN 2027, ,02013,MDDP Soc Wk & Inform MSW/MSI,1767MSW,Int Prac IH MH&Subst Abuse MSW,2440,SS 2023,GSW,049806,SW,751
46062495,FA 2023,GSW,WN 2027, ,02013,MDDP Soc Wk & Inform MSW/MSI,1767MSW,Int Prac IH MH&Subst Abuse MSW,2440,SS 2023,GSW,049812,SW,762
46062495,FA 2023,GSW,WN 2027, ,02013,MDDP Soc Wk & Inform MSW/MSI,1767MSW,Int Prac IH MH&Subst Abuse MSW,2440,SS 2023,GSW,049817,SW,785
46062495,FA 2023,GSW,WN 2027, ,02013,MDDP Soc Wk & Inform MSW/MSI,1767MSW,Int Prac IH MH&Subst Abuse MSW,2440,SS 2023,GSW,049960,SW,691
46062495,FA 2023,GSW,WN 2027, ,02013,MDDP Soc Wk & Inform MSW/MSI,1767MSW,Int Prac IH MH&Subst Abuse MSW,2440,SS 2023,GSW,050007,SW,677
46062495,FA 2023,GSW,WN 2027, ,02013,MDDP Soc Wk & Inform MSW/MSI,1767MSW,Int Prac IH MH&Subst Abuse MSW,2440,SS 2023,GSW,050276,SW,789
46062495,FA 2023,GSW,WN 2027, ,02013,MDDP Soc Wk & Inform MSW/MSI,1767MSW,Int Prac IH MH&Subst Abuse MSW,2440,SS 2023,GSW,050656,SW,732
46062495,FA 2023,GSW,WN 2027, ,02013,MDDP Soc Wk & Inform MSW/MSI,1767MSW,Int Prac IH MH&Subst Abuse MSW,2470,WN 2024,GSW,049747,SW,600
46062495,FA 2023,GSW,WN 2027, ,02013,MDDP Soc Wk & Inform MSW/MSI,1767MSW,Int Prac IH MH&Subst Abuse MSW,2470,WN 2024,GSW,049748,SW,601
46062495,FA 2023,GSW,WN 2027, ,02013,MDDP Soc Wk & Inform MSW/MSI,1767MSW,Int Prac IH MH&Subst Abuse MSW,2470,WN 2024,GSW,049750,SW,603
46062495,FA 2023,GSW,WN 2027, ,02013,MDDP Soc Wk & Inform MSW/MSI,1767MSW,Int Prac IH MH&Subst Abuse MSW,2470,WN 2024,GSW,049751,SW,604
46062495,FA 2023,GSW,WN 2027, ,02013,MDDP Soc Wk & Inform MSW/MSI,1767MSW,Int Prac IH MH&Subst Abuse MSW,2470,WN 2024,GSW,049960,SW,691
46062495,FA 2023,GSW,WN 2027, ,02013,MDDP Soc Wk & Inform MSW/MSI,1767MSW,Int Prac IH MH&Subst Abuse MSW,2490,SS 2024,GSW,049960,SW,691
46062495,FA 2023,GSW,WN 2027, ,02013,MDDP Soc Wk & Inform MSW/MSI,1767MSW,Int Prac IH MH&Subst Abuse MSW,2490,SS 2024,GSW,050265,SW,699
46182392,FA 2023,GINF,WN 2025,WN 2025,02003,Information Mas,9445MSI,User Experience Design MSI,2460,FA 2023,GINF,017281,SI,588
46182392,FA 2023,GINF,WN 2025,WN 2025,02003,Information Mas,9445MSI,User Experience Design MSI,2460,FA 2023,GINF,021050,SI,691
46182392,FA 2023,GINF,WN 2025,WN 2025,02003,Information Mas,9445MSI,User Experience Design MSI,2460,FA 2023,GINF,039081,SI,529
46182392,FA 2023,GINF,WN 2025,WN 2025,02003,Information Mas,9445MSI,User Experience Design MSI,2460,FA 2023,GINF,042104,SI,501
46182392,FA 2023,GINF,WN 2025,WN 2025,02003,Information Mas,9445MSI,User Experience Design MSI,2460,FA 2023,GINF,044772,SI,582
46182392,FA 2023,GINF,WN 2025,WN 2025,02003,Information Mas,9445MSI,User Experience Design MSI,2470,WN 2024,GINF,020401,SI,622
46182392,FA 2023,GINF,WN 2025,WN 2025,02003,Information Mas,9445MSI,User Experience Design MSI,2470,WN 2024,GINF,021391,SI,511
46182392,FA 2023,GINF,WN 2025,WN 2025,02003,Information Mas,9445MSI,User Experience Design MSI,2470,WN 2024,GINF,040667,SI,681
46182392,FA 2023,GINF,WN 2025,WN 2025,02003,Information Mas,9445MSI,User Experience Design MSI,2470,WN 2024,GINF,047641,SI,540
46182392,FA 2023,GINF,WN 2025,WN 2025,02003,Information Mas,9445MSI,User Experience Design MSI,2470,WN 2024,GINF,051454,SI,594
46182392,FA 2023,GINF,WN 2025,WN 2025,02003,Information Mas,9445MSI,User Experience Design MSI,2510,FA 2024,GINF,021400,SI,520
46182392,FA 2023,GINF,WN 2025,WN 2025,02003,Information Mas,9445MSI,User Experience Design MSI,2510,FA 2024,GINF,043241,SI,657
46182392,FA 2023,GINF,WN 2025,WN 2025,02003,Information Mas,9445MSI,User Experience Design MSI,2510,FA 2024,GINF,047892,SI,605
46182392,FA 2023,GINF,WN 2025,WN 2025,02003,Information Mas,9445MSI,User Experience Design MSI,2520,WN 2025,GINF,045393,SI,552
46182392,FA 2023,GINF,WN 2025,WN 2025,02003,Information Mas,9445MSI,User Experience Design MSI,2520,WN 2025,GINF,047901,SI,699
46962712,FA 2023,GINF,WN 2025,WN 2025,02003,Information Mas,9445MSI,User Experience Design MSI,2460,FA 2023,GINF,017281,SI,588
46962712,FA 2023,GINF,WN 2025,WN 2025,02003,Information Mas,9445MSI,User Experience Design MSI,2460,FA 2023,GINF,042104,SI,501
46962712,FA 2023,GINF,WN 2025,WN 2025,02003,Information Mas,9445MSI,User Experience Design MSI,2460,FA 2023,GINF,044772,SI,582
46962712,FA 2023,GINF,WN 2025,WN 2025,02003,Information Mas,9445MSI,User Experience Design MSI,2460,FA 2023,GINF,047246,SI,506
46962712,FA 2023,GINF,WN 2025,WN 2025,02003,Information Mas,9445MSI,User Experience Design MSI,2460,FA 2023,GINF,048129,SI,505
46962712,FA 2023,GINF,WN 2025,WN 2025,02003,Information Mas,9445MSI,User Experience Design MSI,2470,WN 2024,GINF,020401,SI,622
46962712,FA 2023,GINF,WN 2025,WN 2025,02003,Information Mas,9445MSI,User Experience Design MSI,2470,WN 2024,GINF,021391,SI,511
46962712,FA 2023,GINF,WN 2025,WN 2025,02003,Information Mas,9445MSI,User Experience Design MSI,2470,WN 2024,GINF,022099,SI,658
46962712,FA 2023,GINF,WN 2025,WN 2025,02003,Information Mas,9445MSI,User Experience Design MSI,2470,WN 2024,GINF,039178,SI,539
46962712,FA 2023,GINF,WN 2025,WN 2025,02003,Information Mas,9445MSI,User Experience Design MSI,2470,WN 2024,GINF,043863,SI,612
46962712,FA 2023,GINF,WN 2025,WN 2025,02003,Information Mas,9445MSI,User Experience Design MSI,2510,FA 2024,GINF,019903,TO,548
46962712,FA 2023,GINF,WN 2025,WN 2025,02003,Information Mas,9445MSI,User Experience Design MSI,2510,FA 2024,GINF,020379,IOE,548
46962712,FA 2023,GINF,WN 2025,WN 2025,02003,Information Mas,9445MSI,User Experience Design MSI,2510,FA 2024,GINF,021400,SI,520
46962712,FA 2023,GINF,WN 2025,WN 2025,02003,Information Mas,9445MSI,User Experience Design MSI,2510,FA 2024,GINF,041626,SI,664
46962712,FA 2023,GINF,WN 2025,WN 2025,02003,Information Mas,9445MSI,User Experience Design MSI,2510,FA 2024,GINF,045687,SI,538
46962712,FA 2023,GINF,WN 2025,WN 2025,02003,Information Mas,9445MSI,User Experience Design MSI,2520,WN 2025,GINF,047901,SI,699
46962712,FA 2023,GINF,WN 2025,WN 2025,02003,Information Mas,9445MSI,User Experience Design MSI,2520,WN 2025,GINF,049082,SI,682
46962712,FA 2023,GINF,WN 2025,WN 2025,02003,Information Mas,9445MSI,User Experience Design MSI,2520,WN 2025,GINF,051836,SI,611
47118540,FA 2023,GINF,WN 2026, ,02003,Information Mas,9445MSI,User Experience Design MSI,2460,FA 2023,GINF,017281,SI,588
47118540,FA 2023,GINF,WN 2026, ,02003,Information Mas,9445MSI,User Experience Design MSI,2460,FA 2023,GINF,042104,SI,501
47118540,FA 2023,GINF,WN 2026, ,02003,Information Mas,9445MSI,User Experience Design MSI,2460,FA 2023,GINF,047246,SI,506
47118540,FA 2023,GINF,WN 2026, ,02003,Information Mas,9445MSI,User Experience Design MSI,2470,WN 2024,GINF,039178,SI,539
47118540,FA 2023,GINF,WN 2026, ,02003,Information Mas,9445MSI,User Experience Design MSI,2470,WN 2024,GINF,044772,SI,582
47118540,FA 2023,GINF,WN 2026, ,02003,Information Mas,9445MSI,User Experience Design MSI,2470,WN 2024,GINF,047640,SI,507
47118540,FA 2023,GINF,WN 2026, ,02003,Information Mas,9445MSI,User Experience Design MSI,2510,FA 2024,GINF,012456,EDUC,601
47118540,FA 2023,GINF,WN 2026, ,02003,Information Mas,9445MSI,User Experience Design MSI,2510,FA 2024,GINF,021391,SI,511
47118540,FA 2023,GINF,WN 2026, ,02003,Information Mas,9445MSI,User Experience Design MSI,2510,FA 2024,GINF,045393,SI,552
47118540,FA 2023,GINF,WN 2026, ,02003,Information Mas,9445MSI,User Experience Design MSI,2520,WN 2025,GINF,012772,SI,548
47118540,FA 2023,GINF,WN 2026, ,02003,Information Mas,9445MSI,User Experience Design MSI,2520,WN 2025,GINF,020401,SI,622
47118540,FA 2023,GINF,WN 2026, ,02003,Information Mas,9445MSI,User Experience Design MSI,2520,WN 2025,GINF,021400,SI,520
47118540,FA 2023,GINF,WN 2026, ,02003,Information Mas,9445MSI,User Experience Design MSI,2560,FA 2025,GINF,043863,SI,612
47118540,FA 2023,GINF,WN 2026, ,02003,Information Mas,9445MSI,User Experience Design MSI,2560,FA 2025,GINF,048831,SI,547
47118540,FA 2023,GINF,WN 2026, ,02003,Information Mas,9445MSI,User Experience Design MSI,2570,WN 2026,GINF,046306,SI,616
47118540,FA 2023,GINF,WN 2026, ,02003,Information Mas,9445MSI,User Experience Design MSI,2570,WN 2026,GINF,047901,SI,699
47271556,FA 2023,GINF,WN 2025,WN 2025,02003,Information Mas,4470MSI9,Information MSI,2460,FA 2023,GINF,021042,SI,647
47271556,FA 2023,GINF,WN 2025,WN 2025,02003,Information Mas,4470MSI9,Information MSI,2460,FA 2023,GINF,021045,SI,666
47271556,FA 2023,GINF,WN 2025,WN 2025,02003,Information Mas,4470MSI9,Information MSI,2460,FA 2023,GINF,042104,SI,501
47271556,FA 2023,GINF,WN 2025,WN 2025,02003,Information Mas,4470MSI9,Information MSI,2460,FA 2023,GINF,047246,SI,506
47271556,FA 2023,GINF,WN 2025,WN 2025,02003,Information Mas,4470MSI9,Information MSI,2470,WN 2024,GINF,039979,SI,623
47271556,FA 2023,GINF,WN 2025,WN 2025,02003,Information Mas,4470MSI9,Information MSI,2470,WN 2024,GINF,040667,SI,681
47271556,FA 2023,GINF,WN 2025,WN 2025,02003,Information Mas,4470MSI9,Information MSI,2470,WN 2024,GINF,048280,SI,667
47271556,FA 2023,GINF,WN 2025,WN 2025,02003,Information Mas,4470MSI9,Information MSI,2470,WN 2024,GINF,049776,SW,663
47271556,FA 2023,GINF,WN 2025,WN 2025,02003,Information Mas,4470MSI9,Information MSI,2470,WN 2024,GINF,050165,SI,585
47271556,FA 2023,GINF,WN 2025,WN 2025,02003,Information Mas,4470MSI9,Information MSI,2510,FA 2024,GINF,009731,SI,580
47271556,FA 2023,GINF,WN 2025,WN 2025,02003,Information Mas,4470MSI9,Information MSI,2510,FA 2024,GINF,050161,SI,676
47271556,FA 2023,GINF,WN 2025,WN 2025,02003,Information Mas,4470MSI9,Information MSI,2510,FA 2024,GINF,050163,SI,633
47271556,FA 2023,GINF,WN 2025,WN 2025,02003,Information Mas,4470MSI9,Information MSI,2510,FA 2024,GINF,050164,SI,504
47271556,FA 2023,GINF,WN 2025,WN 2025,02003,Information Mas,4470MSI9,Information MSI,2520,WN 2025,GINF,042324,SI,639
47271556,FA 2023,GINF,WN 2025,WN 2025,02003,Information Mas,4470MSI9,Information MSI,2520,WN 2025,GINF,047901,SI,699
47271556,FA 2023,GINF,WN 2025,WN 2025,02003,Information Mas,4470MSI9,Information MSI,2520,WN 2025,GINF,050162,SI,510
47271556,FA 2023,GINF,WN 2025,WN 2025,02003,Information Mas,4470MSI9,Information MSI,2520,WN 2025,GINF,051074,SI,626
47936770,FA 2023,GINF,WN 2025,WN 2025,02003,Information Mas,9445MSI,User Experience Design MSI,2460,FA 2023,GINF,017281,SI,588
47936770,FA 2023,GINF,WN 2025,WN 2025,02003,Information Mas,9445MSI,User Experience Design MSI,2460,FA 2023,GINF,021400,SI,520
47936770,FA 2023,GINF,WN 2025,WN 2025,02003,Information Mas,9445MSI,User Experience Design MSI,2460,FA 2023,GINF,042104,SI,501
47936770,FA 2023,GINF,WN 2025,WN 2025,02003,Information Mas,9445MSI,User Experience Design MSI,2460,FA 2023,GINF,047246,SI,506
47936770,FA 2023,GINF,WN 2025,WN 2025,02003,Information Mas,9445MSI,User Experience Design MSI,2470,WN 2024,GINF,020401,SI,622
47936770,FA 2023,GINF,WN 2025,WN 2025,02003,Information Mas,9445MSI,User Experience Design MSI,2470,WN 2024,GINF,039178,SI,539
47936770,FA 2023,GINF,WN 2025,WN 2025,02003,Information Mas,9445MSI,User Experience Design MSI,2470,WN 2024,GINF,040667,SI,681
47936770,FA 2023,GINF,WN 2025,WN 2025,02003,Information Mas,9445MSI,User Experience Design MSI,2470,WN 2024,GINF,044772,SI,582
47936770,FA 2023,GINF,WN 2025,WN 2025,02003,Information Mas,9445MSI,User Experience Design MSI,2510,FA 2024,GINF,017533,MO,512
47936770,FA 2023,GINF,WN 2025,WN 2025,02003,Information Mas,9445MSI,User Experience Design MSI,2510,FA 2024,GINF,021391,SI,511
47936770,FA 2023,GINF,WN 2025,WN 2025,02003,Information Mas,9445MSI,User Experience Design MSI,2510,FA 2024,GINF,045771,SI,684
47936770,FA 2023,GINF,WN 2025,WN 2025,02003,Information Mas,9445MSI,User Experience Design MSI,2510,FA 2024,GINF,048488,SI,559
47936770,FA 2023,GINF,WN 2025,WN 2025,02003,Information Mas,9445MSI,User Experience Design MSI,2520,WN 2025,GINF,047228,ENTR,500
47936770,FA 2023,GINF,WN 2025,WN 2025,02003,Information Mas,9445MSI,User Experience Design MSI,2520,WN 2025,GINF,047304,ENTR,550
47936770,FA 2023,GINF,WN 2025,WN 2025,02003,Information Mas,9445MSI,User Experience Design MSI,2520,WN 2025,GINF,047901,SI,699
48662084,FA 2023,GINF,WN 2025,WN 2025,02003,Information Mas,9445MSI,User Experience Design MSI,2460,FA 2023,GINF,017281,SI,588
48662084,FA 2023,GINF,WN 2025,WN 2025,02003,Information Mas,9445MSI,User Experience Design MSI,2460,FA 2023,GINF,042104,SI,501
48662084,FA 2023,GINF,WN 2025,WN 2025,02003,Information Mas,9445MSI,User Experience Design MSI,2460,FA 2023,GINF,044772,SI,582
48662084,FA 2023,GINF,WN 2025,WN 2025,02003,Information Mas,9445MSI,User Experience Design MSI,2460,FA 2023,GINF,047246,SI,506
48662084,FA 2023,GINF,WN 2025,WN 2025,02003,Information Mas,9445MSI,User Experience Design MSI,2460,FA 2023,GINF,048129,SI,505
48662084,FA 2023,GINF,WN 2025,WN 2025,02003,Information Mas,9445MSI,User Experience Design MSI,2460,FA 2023,GINF,050164,SI,504
48662084,FA 2023,GINF,WN 2025,WN 2025,02003,Information Mas,9445MSI,User Experience Design MSI,2470,WN 2024,GINF,020401,SI,622
48662084,FA 2023,GINF,WN 2025,WN 2025,02003,Information Mas,9445MSI,User Experience Design MSI,2470,WN 2024,GINF,021400,SI,520
48662084,FA 2023,GINF,WN 2025,WN 2025,02003,Information Mas,9445MSI,User Experience Design MSI,2470,WN 2024,GINF,039178,SI,539
48662084,FA 2023,GINF,WN 2025,WN 2025,02003,Information Mas,9445MSI,User Experience Design MSI,2470,WN 2024,GINF,043863,SI,612
48662084,FA 2023,GINF,WN 2025,WN 2025,02003,Information Mas,9445MSI,User Experience Design MSI,2510,FA 2024,GINF,021391,SI,511
48662084,FA 2023,GINF,WN 2025,WN 2025,02003,Information Mas,9445MSI,User Experience Design MSI,2510,FA 2024,GINF,041855,SI,631
48662084,FA 2023,GINF,WN 2025,WN 2025,02003,Information Mas,9445MSI,User Experience Design MSI,2510,FA 2024,GINF,045393,SI,552
48662084,FA 2023,GINF,WN 2025,WN 2025,02003,Information Mas,9445MSI,User Experience Design MSI,2510,FA 2024,GINF,047228,ENTR,500
48662084,FA 2023,GINF,WN 2025,WN 2025,02003,Information Mas,9445MSI,User Experience Design MSI,2520,WN 2025,GINF,021050,SI,691
48662084,FA 2023,GINF,WN 2025,WN 2025,02003,Information Mas,9445MSI,User Experience Design MSI,2520,WN 2025,GINF,021391,SI,511
48662084,FA 2023,GINF,WN 2025,WN 2025,02003,Information Mas,9445MSI,User Experience Design MSI,2520,WN 2025,GINF,047901,SI,699
48662084,FA 2023,GINF,WN 2025,WN 2025,02003,Information Mas,9445MSI,User Experience Design MSI,2520,WN 2025,GINF,051836,SI,611
48874350,FA 2023,GINF,WN 2025,WN 2025,02003,Information Mas,9445MSI,User Experience Design MSI,2460,FA 2023,GINF,017281,SI,588
48874350,FA 2023,GINF,WN 2025,WN 2025,02003,Information Mas,9445MSI,User Experience Design MSI,2460,FA 2023,GINF,042104,SI,501
48874350,FA 2023,GINF,WN 2025,WN 2025,02003,Information Mas,9445MSI,User Experience Design MSI,2460,FA 2023,GINF,044772,SI,582
48874350,FA 2023,GINF,WN 2025,WN 2025,02003,Information Mas,9445MSI,User Experience Design MSI,2460,FA 2023,GINF,044852,HISTORY,809
48874350,FA 2023,GINF,WN 2025,WN 2025,02003,Information Mas,9445MSI,User Experience Design MSI,2460,FA 2023,GINF,044856,HISTORY,811
48874350,FA 2023,GINF,WN 2025,WN 2025,02003,Information Mas,9445MSI,User Experience Design MSI,2460,FA 2023,GINF,047246,SI,506
48874350,FA 2023,GINF,WN 2025,WN 2025,02003,Information Mas,9445MSI,User Experience Design MSI,2470,WN 2024,GINF,020401,SI,622
48874350,FA 2023,GINF,WN 2025,WN 2025,02003,Information Mas,9445MSI,User Experience Design MSI,2470,WN 2024,GINF,021391,SI,511
48874350,FA 2023,GINF,WN 2025,WN 2025,02003,Information Mas,9445MSI,User Experience Design MSI,2470,WN 2024,GINF,039178,SI,539
48874350,FA 2023,GINF,WN 2025,WN 2025,02003,Information Mas,9445MSI,User Experience Design MSI,2470,WN 2024,GINF,040667,SI,681
48874350,FA 2023,GINF,WN 2025,WN 2025,02003,Information Mas,9445MSI,User Experience Design MSI,2470,WN 2024,GINF,048488,SI,559
48874350,FA 2023,GINF,WN 2025,WN 2025,02003,Information Mas,9445MSI,User Experience Design MSI,2510,FA 2024,GINF,021391,SI,511
48874350,FA 2023,GINF,WN 2025,WN 2025,02003,Information Mas,9445MSI,User Experience Design MSI,2510,FA 2024,GINF,021400,SI,520
48874350,FA 2023,GINF,WN 2025,WN 2025,02003,Information Mas,9445MSI,User Experience Design MSI,2510,FA 2024,GINF,043241,SI,657
48874350,FA 2023,GINF,WN 2025,WN 2025,02003,Information Mas,9445MSI,User Experience Design MSI,2510,FA 2024,GINF,045687,SI,538
48874350,FA 2023,GINF,WN 2025,WN 2025,02003,Information Mas,9445MSI,User Experience Design MSI,2520,WN 2025,GINF,045393,SI,552
48874350,FA 2023,GINF,WN 2025,WN 2025,02003,Information Mas,9445MSI,User Experience Design MSI,2520,WN 2025,GINF,047901,SI,699
48874350,FA 2023,GINF,WN 2025,WN 2025,02003,Information Mas,9445MSI,User Experience Design MSI,2520,WN 2025,GINF,049082,SI,682
49847110,FA 2023,GINF,WN 2025,WN 2025,02003,Information Mas,9445MSI,User Experience Design MSI,2460,FA 2023,GINF,017281,SI,588
49847110,FA 2023,GINF,WN 2025,WN 2025,02003,Information Mas,9445MSI,User Experience Design MSI,2460,FA 2023,GINF,042104,SI,501
49847110,FA 2023,GINF,WN 2025,WN 2025,02003,Information Mas,9445MSI,User Experience Design MSI,2460,FA 2023,GINF,044772,SI,582
49847110,FA 2023,GINF,WN 2025,WN 2025,02003,Information Mas,9445MSI,User Experience Design MSI,2460,FA 2023,GINF,047246,SI,506
49847110,FA 2023,GINF,WN 2025,WN 2025,02003,Information Mas,9445MSI,User Experience Design MSI,2460,FA 2023,GINF,048129,SI,505
49847110,FA 2023,GINF,WN 2025,WN 2025,02003,Information Mas,9445MSI,User Experience Design MSI,2470,WN 2024,GINF,020401,SI,622
49847110,FA 2023,GINF,WN 2025,WN 2025,02003,Information Mas,9445MSI,User Experience Design MSI,2470,WN 2024,GINF,021400,SI,520
49847110,FA 2023,GINF,WN 2025,WN 2025,02003,Information Mas,9445MSI,User Experience Design MSI,2470,WN 2024,GINF,039081,SI,529
49847110,FA 2023,GINF,WN 2025,WN 2025,02003,Information Mas,9445MSI,User Experience Design MSI,2470,WN 2024,GINF,040667,SI,681
49847110,FA 2023,GINF,WN 2025,WN 2025,02003,Information Mas,9445MSI,User Experience Design MSI,2470,WN 2024,GINF,048488,SI,559
49847110,FA 2023,GINF,WN 2025,WN 2025,02003,Information Mas,9445MSI,User Experience Design MSI,2510,FA 2024,GINF,001459,SI,690
49847110,FA 2023,GINF,WN 2025,WN 2025,02003,Information Mas,9445MSI,User Experience Design MSI,2510,FA 2024,GINF,039178,SI,539
49847110,FA 2023,GINF,WN 2025,WN 2025,02003,Information Mas,9445MSI,User Experience Design MSI,2510,FA 2024,GINF,045771,SI,684
49847110,FA 2023,GINF,WN 2025,WN 2025,02003,Information Mas,9445MSI,User Experience Design MSI,2510,FA 2024,GINF,046306,SI,616
49847110,FA 2023,GINF,WN 2025,WN 2025,02003,Information Mas,9445MSI,User Experience Design MSI,2520,WN 2025,GINF,021391,SI,511
49847110,FA 2023,GINF,WN 2025,WN 2025,02003,Information Mas,9445MSI,User Experience Design MSI,2520,WN 2025,GINF,022099,SI,658
49847110,FA 2023,GINF,WN 2025,WN 2025,02003,Information Mas,9445MSI,User Experience Design MSI,2520,WN 2025,GINF,047901,SI,699
49966261,FA 2023,GINF,WN 2025,WN 2025,02003,Information Mas,0775MSI,Big Data Analytics MSI,2460,FA 2023,GINF,009732,SI,650
49966261,FA 2023,GINF,WN 2025,WN 2025,02003,Information Mas,0775MSI,Big Data Analytics MSI,2460,FA 2023,GINF,039178,SI,539
49966261,FA 2023,GINF,WN 2025,WN 2025,02003,Information Mas,0775MSI,Big Data Analytics MSI,2460,FA 2023,GINF,042091,SI,618
49966261,FA 2023,GINF,WN 2025,WN 2025,02003,Information Mas,0775MSI,Big Data Analytics MSI,2460,FA 2023,GINF,042104,SI,501
49966261,FA 2023,GINF,WN 2025,WN 2025,02003,Information Mas,0775MSI,Big Data Analytics MSI,2460,FA 2023,GINF,048129,SI,505
49966261,FA 2023,GINF,WN 2025,WN 2025,02003,Information Mas,0775MSI,Big Data Analytics MSI,2460,FA 2023,GINF,049601,SI,564
49966261,FA 2023,GINF,WN 2025,WN 2025,02003,Information Mas,0775MSI,Big Data Analytics MSI,2460,FA 2023,GINF,050164,SI,504
49966261,FA 2023,GINF,WN 2025,WN 2025,02003,Information Mas,0775MSI,Big Data Analytics MSI,2470,WN 2024,GINF,020934,SI,649
49966261,FA 2023,GINF,WN 2025,WN 2025,02003,Information Mas,0775MSI,Big Data Analytics MSI,2470,WN 2024,GINF,040667,SI,681
49966261,FA 2023,GINF,WN 2025,WN 2025,02003,Information Mas,0775MSI,Big Data Analytics MSI,2470,WN 2024,GINF,041626,SI,664
49966261,FA 2023,GINF,WN 2025,WN 2025,02003,Information Mas,0775MSI,Big Data Analytics MSI,2470,WN 2024,GINF,050663,SI,568
49966261,FA 2023,GINF,WN 2025,WN 2025,02003,Information Mas,0775MSI,Big Data Analytics MSI,2470,WN 2024,GINF,050983,SI,602
49966261,FA 2023,GINF,WN 2025,WN 2025,02003,Information Mas,0775MSI,Big Data Analytics MSI,2510,FA 2024,GINF,014796,ELI,531
49966261,FA 2023,GINF,WN 2025,WN 2025,02003,Information Mas,0775MSI,Big Data Analytics MSI,2510,FA 2024,GINF,045930,SI,671
49966261,FA 2023,GINF,WN 2025,WN 2025,02003,Information Mas,0775MSI,Big Data Analytics MSI,2510,FA 2024,GINF,048500,SI,670
49966261,FA 2023,GINF,WN 2025,WN 2025,02003,Information Mas,0775MSI,Big Data Analytics MSI,2510,FA 2024,GINF,051462,SI,644
49966261,FA 2023,GINF,WN 2025,WN 2025,02003,Information Mas,0775MSI,Big Data Analytics MSI,2520,WN 2025,GINF,047901,SI,699
51084165,FA 2023,GINF,FA 2025,FA 2025,02003,Information Mas,0775MSI,Big Data Analytics MSI,2460,FA 2023,GINF,016607,SI,544
51084165,FA 2023,GINF,FA 2025,FA 2025,02003,Information Mas,0775MSI,Big Data Analytics MSI,2460,FA 2023,GINF,042104,SI,501
51084165,FA 2023,GINF,FA 2025,FA 2025,02003,Information Mas,0775MSI,Big Data Analytics MSI,2460,FA 2023,GINF,047246,SI,506
51084165,FA 2023,GINF,FA 2025,FA 2025,02003,Information Mas,0775MSI,Big Data Analytics MSI,2460,FA 2023,GINF,048129,SI,505
51084165,FA 2023,GINF,FA 2025,FA 2025,02003,Information Mas,0775MSI,Big Data Analytics MSI,2460,FA 2023,GINF,050164,SI,504
51084165,FA 2023,GINF,FA 2025,FA 2025,02003,Information Mas,0775MSI,Big Data Analytics MSI,2470,WN 2024,GINF,040667,SI,681
51084165,FA 2023,GINF,FA 2025,FA 2025,02003,Information Mas,0775MSI,Big Data Analytics MSI,2470,WN 2024,GINF,042091,SI,618
51084165,FA 2023,GINF,FA 2025,FA 2025,02003,Information Mas,0775MSI,Big Data Analytics MSI,2470,WN 2024,GINF,047640,SI,507
51084165,FA 2023,GINF,FA 2025,FA 2025,02003,Information Mas,0775MSI,Big Data Analytics MSI,2470,WN 2024,GINF,050663,SI,568
51084165,FA 2023,GINF,FA 2025,FA 2025,02003,Information Mas,0775MSI,Big Data Analytics MSI,2470,WN 2024,GINF,050983,SI,602
51084165,FA 2023,GINF,FA 2025,FA 2025,02003,Information Mas,0775MSI,Big Data Analytics MSI,2510,FA 2024,GINF,020934,SI,649
51084165,FA 2023,GINF,FA 2025,FA 2025,02003,Information Mas,0775MSI,Big Data Analytics MSI,2510,FA 2024,GINF,041934,SI,608
51084165,FA 2023,GINF,FA 2025,FA 2025,02003,Information Mas,0775MSI,Big Data Analytics MSI,2510,FA 2024,GINF,045930,SI,671
51084165,FA 2023,GINF,FA 2025,FA 2025,02003,Information Mas,0775MSI,Big Data Analytics MSI,2510,FA 2024,GINF,048413,SM,451
51084165,FA 2023,GINF,FA 2025,FA 2025,02003,Information Mas,0775MSI,Big Data Analytics MSI,2510,FA 2024,GINF,049601,SI,564
51084165,FA 2023,GINF,FA 2025,FA 2025,02003,Information Mas,0775MSI,Big Data Analytics MSI,2520,WN 2025,GINF,039250,SM,509
51084165,FA 2023,GINF,FA 2025,FA 2025,02003,Information Mas,0775MSI,Big Data Analytics MSI,2520,WN 2025,GINF,047901,SI,699
51084165,FA 2023,GINF,FA 2025,FA 2025,02003,Information Mas,0775MSI,Big Data Analytics MSI,2520,WN 2025,GINF,048268,SI,630
51084165,FA 2023,GINF,FA 2025,FA 2025,02003,Information Mas,0775MSI,Big Data Analytics MSI,2560,FA 2025,GINF,048500,SI,670
51084165,FA 2023,GINF,FA 2025,FA 2025,02003,Information Mas,0775MSI,Big Data Analytics MSI,2560,FA 2025,GINF,052216,SI,512
51269662,FA 2023,GINF,WN 2025,WN 2025,02003,Information Mas,9445MSI,User Experience Design MSI,2460,FA 2023,GINF,039178,SI,539
51269662,FA 2023,GINF,WN 2025,WN 2025,02003,Information Mas,9445MSI,User Experience Design MSI,2460,FA 2023,GINF,042104,SI,501
51269662,FA 2023,GINF,WN 2025,WN 2025,02003,Information Mas,9445MSI,User Experience Design MSI,2460,FA 2023,GINF,044772,SI,582
51269662,FA 2023,GINF,WN 2025,WN 2025,02003,Information Mas,9445MSI,User Experience Design MSI,2460,FA 2023,GINF,047246,SI,506
51269662,FA 2023,GINF,WN 2025,WN 2025,02003,Information Mas,9445MSI,User Experience Design MSI,2470,WN 2024,GINF,020401,SI,622
51269662,FA 2023,GINF,WN 2025,WN 2025,02003,Information Mas,9445MSI,User Experience Design MSI,2470,WN 2024,GINF,021400,SI,520
51269662,FA 2023,GINF,WN 2025,WN 2025,02003,Information Mas,9445MSI,User Experience Design MSI,2470,WN 2024,GINF,040667,SI,681
51269662,FA 2023,GINF,WN 2025,WN 2025,02003,Information Mas,9445MSI,User Experience Design MSI,2470,WN 2024,GINF,048488,SI,559
51269662,FA 2023,GINF,WN 2025,WN 2025,02003,Information Mas,9445MSI,User Experience Design MSI,2510,FA 2024,GINF,017281,SI,588
51269662,FA 2023,GINF,WN 2025,WN 2025,02003,Information Mas,9445MSI,User Experience Design MSI,2510,FA 2024,GINF,021050,SI,691
51269662,FA 2023,GINF,WN 2025,WN 2025,02003,Information Mas,9445MSI,User Experience Design MSI,2510,FA 2024,GINF,045393,SI,552
51269662,FA 2023,GINF,WN 2025,WN 2025,02003,Information Mas,9445MSI,User Experience Design MSI,2510,FA 2024,GINF,048877,SI,610
51269662,FA 2023,GINF,WN 2025,WN 2025,02003,Information Mas,9445MSI,User Experience Design MSI,2520,WN 2025,GINF,022099,SI,658
51269662,FA 2023,GINF,WN 2025,WN 2025,02003,Information Mas,9445MSI,User Experience Design MSI,2520,WN 2025,GINF,047304,ENTR,550
51269662,FA 2023,GINF,WN 2025,WN 2025,02003,Information Mas,9445MSI,User Experience Design MSI,2520,WN 2025,GINF,047901,SI,699
51783393,FA 2023,GINF,WN 2025,WN 2025,02003,Information Mas,0775MSI,Big Data Analytics MSI,2460,FA 2023,GINF,020479,PUBPOL,580
51783393,FA 2023,GINF,WN 2025,WN 2025,02003,Information Mas,0775MSI,Big Data Analytics MSI,2460,FA 2023,GINF,043341,PUBPOL,712
51783393,FA 2023,GINF,WN 2025,WN 2025,02003,Information Mas,0775MSI,Big Data Analytics MSI,2460,FA 2023,GINF,044772,SI,582
51783393,FA 2023,GINF,WN 2025,WN 2025,02003,Information Mas,0775MSI,Big Data Analytics MSI,2460,FA 2023,GINF,047246,SI,506
51783393,FA 2023,GINF,WN 2025,WN 2025,02003,Information Mas,0775MSI,Big Data Analytics MSI,2460,FA 2023,GINF,050164,SI,504
51783393,FA 2023,GINF,WN 2025,WN 2025,02003,Information Mas,0775MSI,Big Data Analytics MSI,2460,FA 2023,GINF,050815,PUBPOL,500
51783393,FA 2023,GINF,WN 2025,WN 2025,02003,Information Mas,0775MSI,Big Data Analytics MSI,2470,WN 2024,GINF,001752,PUBPOL,638
51783393,FA 2023,GINF,WN 2025,WN 2025,02003,Information Mas,0775MSI,Big Data Analytics MSI,2470,WN 2024,GINF,040667,SI,681
51783393,FA 2023,GINF,WN 2025,WN 2025,02003,Information Mas,0775MSI,Big Data Analytics MSI,2470,WN 2024,GINF,042091,SI,618
51783393,FA 2023,GINF,WN 2025,WN 2025,02003,Information Mas,0775MSI,Big Data Analytics MSI,2470,WN 2024,GINF,047640,SI,507
51783393,FA 2023,GINF,WN 2025,WN 2025,02003,Information Mas,0775MSI,Big Data Analytics MSI,2470,WN 2024,GINF,049601,SI,564
51783393,FA 2023,GINF,WN 2025,WN 2025,02003,Information Mas,0775MSI,Big Data Analytics MSI,2470,WN 2024,GINF,050663,SI,568
51783393,FA 2023,GINF,WN 2025,WN 2025,02003,Information Mas,0775MSI,Big Data Analytics MSI,2470,WN 2024,GINF,050983,SI,602
51783393,FA 2023,GINF,WN 2025,WN 2025,02003,Information Mas,0775MSI,Big Data Analytics MSI,2510,FA 2024,GINF,020934,SI,649
51783393,FA 2023,GINF,WN 2025,WN 2025,02003,Information Mas,0775MSI,Big Data Analytics MSI,2510,FA 2024,GINF,045930,SI,671
51783393,FA 2023,GINF,WN 2025,WN 2025,02003,Information Mas,0775MSI,Big Data Analytics MSI,2520,WN 2025,GINF,020803,SI,643
51783393,FA 2023,GINF,WN 2025,WN 2025,02003,Information Mas,0775MSI,Big Data Analytics MSI,2520,WN 2025,GINF,045393,SI,552
51783393,FA 2023,GINF,WN 2025,WN 2025,02003,Information Mas,0775MSI,Big Data Analytics MSI,2520,WN 2025,GINF,047641,SI,540
51783393,FA 2023,GINF,WN 2025,WN 2025,02003,Information Mas,0775MSI,Big Data Analytics MSI,2520,WN 2025,GINF,047901,SI,699
51783393,FA 2023,GINF,WN 2025,WN 2025,02003,Information Mas,0775MSI,Big Data Analytics MSI,2520,WN 2025,GINF,050162,SI,510
51974377,FA 2023,GINF,SU 2025,SU 2025,02003,Information Mas,9445MSI,User Experience Design MSI,2460,FA 2023,GINF,021400,SI,520
51974377,FA 2023,GINF,SU 2025,SU 2025,02003,Information Mas,9445MSI,User Experience Design MSI,2460,FA 2023,GINF,042104,SI,501
51974377,FA 2023,GINF,SU 2025,SU 2025,02003,Information Mas,9445MSI,User Experience Design MSI,2460,FA 2023,GINF,047246,SI,506
51974377,FA 2023,GINF,SU 2025,SU 2025,02003,Information Mas,9445MSI,User Experience Design MSI,2460,FA 2023,GINF,048129,SI,505
51974377,FA 2023,GINF,SU 2025,SU 2025,02003,Information Mas,9445MSI,User Experience Design MSI,2460,FA 2023,GINF,050164,SI,504
51974377,FA 2023,GINF,SU 2025,SU 2025,02003,Information Mas,9445MSI,User Experience Design MSI,2470,WN 2024,GINF,020401,SI,622
51974377,FA 2023,GINF,SU 2025,SU 2025,02003,Information Mas,9445MSI,User Experience Design MSI,2470,WN 2024,GINF,044772,SI,582
51974377,FA 2023,GINF,SU 2025,SU 2025,02003,Information Mas,9445MSI,User Experience Design MSI,2470,WN 2024,GINF,047246,SI,506
51974377,FA 2023,GINF,SU 2025,SU 2025,02003,Information Mas,9445MSI,User Experience Design MSI,2470,WN 2024,GINF,049834,SI,591
51974377,FA 2023,GINF,SU 2025,SU 2025,02003,Information Mas,9445MSI,User Experience Design MSI,2510,FA 2024,GINF,017281,SI,588
51974377,FA 2023,GINF,SU 2025,SU 2025,02003,Information Mas,9445MSI,User Experience Design MSI,2510,FA 2024,GINF,021391,SI,511
51974377,FA 2023,GINF,SU 2025,SU 2025,02003,Information Mas,9445MSI,User Experience Design MSI,2510,FA 2024,GINF,039178,SI,539
51974377,FA 2023,GINF,SU 2025,SU 2025,02003,Information Mas,9445MSI,User Experience Design MSI,2510,FA 2024,GINF,048488,SI,559
51974377,FA 2023,GINF,SU 2025,SU 2025,02003,Information Mas,9445MSI,User Experience Design MSI,2520,WN 2025,GINF,021391,SI,511
51974377,FA 2023,GINF,SU 2025,SU 2025,02003,Information Mas,9445MSI,User Experience Design MSI,2520,WN 2025,GINF,043863,SI,612
51974377,FA 2023,GINF,SU 2025,SU 2025,02003,Information Mas,9445MSI,User Experience Design MSI,2520,WN 2025,GINF,045393,SI,552
51974377,FA 2023,GINF,SU 2025,SU 2025,02003,Information Mas,9445MSI,User Experience Design MSI,2520,WN 2025,GINF,047901,SI,699
51974377,FA 2023,GINF,SU 2025,SU 2025,02003,Information Mas,9445MSI,User Experience Design MSI,2520,WN 2025,GINF,049082,SI,682
51974377,FA 2023,GINF,SU 2025,SU 2025,02003,Information Mas,9445MSI,User Experience Design MSI,2520,WN 2025,GINF,049546,PUBPOL,727
51974377,FA 2023,GINF,SU 2025,SU 2025,02003,Information Mas,9445MSI,User Experience Design MSI,2530,SP 2025,GINF,001459,SI,690
51974377,FA 2023,GINF,SU 2025,SU 2025,02003,Information Mas,9445MSI,User Experience Design MSI,2530,SP 2025,GINF,006913,HBHEQ,620
52378452,FA 2023,GINF,WN 2025,WN 2025,02003,Information Mas,9445MSI,User Experience Design MSI,2460,FA 2023,GINF,017281,SI,588
52378452,FA 2023,GINF,WN 2025,WN 2025,02003,Information Mas,9445MSI,User Experience Design MSI,2460,FA 2023,GINF,042104,SI,501
52378452,FA 2023,GINF,WN 2025,WN 2025,02003,Information Mas,9445MSI,User Experience Design MSI,2460,FA 2023,GINF,044772,SI,582
52378452,FA 2023,GINF,WN 2025,WN 2025,02003,Information Mas,9445MSI,User Experience Design MSI,2460,FA 2023,GINF,047246,SI,506
52378452,FA 2023,GINF,WN 2025,WN 2025,02003,Information Mas,9445MSI,User Experience Design MSI,2460,FA 2023,GINF,048129,SI,505
52378452,FA 2023,GINF,WN 2025,WN 2025,02003,Information Mas,9445MSI,User Experience Design MSI,2470,WN 2024,GINF,020401,SI,622
52378452,FA 2023,GINF,WN 2025,WN 2025,02003,Information Mas,9445MSI,User Experience Design MSI,2470,WN 2024,GINF,021400,SI,520
52378452,FA 2023,GINF,WN 2025,WN 2025,02003,Information Mas,9445MSI,User Experience Design MSI,2470,WN 2024,GINF,022099,SI,658
52378452,FA 2023,GINF,WN 2025,WN 2025,02003,Information Mas,9445MSI,User Experience Design MSI,2470,WN 2024,GINF,040667,SI,681
52378452,FA 2023,GINF,WN 2025,WN 2025,02003,Information Mas,9445MSI,User Experience Design MSI,2470,WN 2024,GINF,041957,ENGR,599
52378452,FA 2023,GINF,WN 2025,WN 2025,02003,Information Mas,9445MSI,User Experience Design MSI,2510,FA 2024,GINF,001459,SI,690
52378452,FA 2023,GINF,WN 2025,WN 2025,02003,Information Mas,9445MSI,User Experience Design MSI,2510,FA 2024,GINF,039178,SI,539
52378452,FA 2023,GINF,WN 2025,WN 2025,02003,Information Mas,9445MSI,User Experience Design MSI,2510,FA 2024,GINF,043863,SI,612
52378452,FA 2023,GINF,WN 2025,WN 2025,02003,Information Mas,9445MSI,User Experience Design MSI,2510,FA 2024,GINF,045771,SI,684
52378452,FA 2023,GINF,WN 2025,WN 2025,02003,Information Mas,9445MSI,User Experience Design MSI,2520,WN 2025,GINF,001459,SI,690
52378452,FA 2023,GINF,WN 2025,WN 2025,02003,Information Mas,9445MSI,User Experience Design MSI,2520,WN 2025,GINF,044799,ENTR,490
52378452,FA 2023,GINF,WN 2025,WN 2025,02003,Information Mas,9445MSI,User Experience Design MSI,2520,WN 2025,GINF,047901,SI,699
52493210,FA 2023,GINF,WN 2025,WN 2025,02003,Information Mas,0775MSI,Big Data Analytics MSI,2460,FA 2023,GINF,039178,SI,539
52493210,FA 2023,GINF,WN 2025,WN 2025,02003,Information Mas,0775MSI,Big Data Analytics MSI,2460,FA 2023,GINF,042091,SI,618
52493210,FA 2023,GINF,WN 2025,WN 2025,02003,Information Mas,0775MSI,Big Data Analytics MSI,2460,FA 2023,GINF,042104,SI,501
52493210,FA 2023,GINF,WN 2025,WN 2025,02003,Information Mas,0775MSI,Big Data Analytics MSI,2460,FA 2023,GINF,047640,SI,507
52493210,FA 2023,GINF,WN 2025,WN 2025,02003,Information Mas,0775MSI,Big Data Analytics MSI,2460,FA 2023,GINF,048129,SI,505
52493210,FA 2023,GINF,WN 2025,WN 2025,02003,Information Mas,0775MSI,Big Data Analytics MSI,2460,FA 2023,GINF,050164,SI,504
52493210,FA 2023,GINF,WN 2025,WN 2025,02003,Information Mas,0775MSI,Big Data Analytics MSI,2470,WN 2024,GINF,020934,SI,649
52493210,FA 2023,GINF,WN 2025,WN 2025,02003,Information Mas,0775MSI,Big Data Analytics MSI,2470,WN 2024,GINF,040667,SI,681
52493210,FA 2023,GINF,WN 2025,WN 2025,02003,Information Mas,0775MSI,Big Data Analytics MSI,2470,WN 2024,GINF,041626,SI,664
52493210,FA 2023,GINF,WN 2025,WN 2025,02003,Information Mas,0775MSI,Big Data Analytics MSI,2470,WN 2024,GINF,048268,SI,630
52493210,FA 2023,GINF,WN 2025,WN 2025,02003,Information Mas,0775MSI,Big Data Analytics MSI,2470,WN 2024,GINF,049601,SI,564
52493210,FA 2023,GINF,WN 2025,WN 2025,02003,Information Mas,0775MSI,Big Data Analytics MSI,2470,WN 2024,GINF,050663,SI,568
52493210,FA 2023,GINF,WN 2025,WN 2025,02003,Information Mas,0775MSI,Big Data Analytics MSI,2470,WN 2024,GINF,050983,SI,602
52493210,FA 2023,GINF,WN 2025,WN 2025,02003,Information Mas,0775MSI,Big Data Analytics MSI,2510,FA 2024,GINF,009732,SI,650
52493210,FA 2023,GINF,WN 2025,WN 2025,02003,Information Mas,0775MSI,Big Data Analytics MSI,2510,FA 2024,GINF,045930,SI,671
52493210,FA 2023,GINF,WN 2025,WN 2025,02003,Information Mas,0775MSI,Big Data Analytics MSI,2510,FA 2024,GINF,048500,SI,670
52493210,FA 2023,GINF,WN 2025,WN 2025,02003,Information Mas,0775MSI,Big Data Analytics MSI,2510,FA 2024,GINF,051462,SI,644
52493210,FA 2023,GINF,WN 2025,WN 2025,02003,Information Mas,0775MSI,Big Data Analytics MSI,2520,WN 2025,GINF,047901,SI,699
52776268,FA 2023,GINF,WN 2025,WN 2025,02003,Information Mas,0775MSI,Big Data Analytics MSI,2460,FA 2023,GINF,016607,SI,544
52776268,FA 2023,GINF,WN 2025,WN 2025,02003,Information Mas,0775MSI,Big Data Analytics MSI,2460,FA 2023,GINF,042104,SI,501
52776268,FA 2023,GINF,WN 2025,WN 2025,02003,Information Mas,0775MSI,Big Data Analytics MSI,2460,FA 2023,GINF,047246,SI,506
52776268,FA 2023,GINF,WN 2025,WN 2025,02003,Information Mas,0775MSI,Big Data Analytics MSI,2460,FA 2023,GINF,048129,SI,505
52776268,FA 2023,GINF,WN 2025,WN 2025,02003,Information Mas,0775MSI,Big Data Analytics MSI,2460,FA 2023,GINF,050164,SI,504
52776268,FA 2023,GINF,WN 2025,WN 2025,02003,Information Mas,0775MSI,Big Data Analytics MSI,2470,WN 2024,GINF,022099,SI,658
52776268,FA 2023,GINF,WN 2025,WN 2025,02003,Information Mas,0775MSI,Big Data Analytics MSI,2470,WN 2024,GINF,039979,SI,623
52776268,FA 2023,GINF,WN 2025,WN 2025,02003,Information Mas,0775MSI,Big Data Analytics MSI,2470,WN 2024,GINF,040667,SI,681
52776268,FA 2023,GINF,WN 2025,WN 2025,02003,Information Mas,0775MSI,Big Data Analytics MSI,2470,WN 2024,GINF,042091,SI,618
52776268,FA 2023,GINF,WN 2025,WN 2025,02003,Information Mas,0775MSI,Big Data Analytics MSI,2470,WN 2024,GINF,047640,SI,507
52776268,FA 2023,GINF,WN 2025,WN 2025,02003,Information Mas,0775MSI,Big Data Analytics MSI,2470,WN 2024,GINF,050663,SI,568
52776268,FA 2023,GINF,WN 2025,WN 2025,02003,Information Mas,0775MSI,Big Data Analytics MSI,2510,FA 2024,GINF,001459,SI,690
52776268,FA 2023,GINF,WN 2025,WN 2025,02003,Information Mas,0775MSI,Big Data Analytics MSI,2510,FA 2024,GINF,020934,SI,649
52776268,FA 2023,GINF,WN 2025,WN 2025,02003,Information Mas,0775MSI,Big Data Analytics MSI,2510,FA 2024,GINF,021391,SI,511
52776268,FA 2023,GINF,WN 2025,WN 2025,02003,Information Mas,0775MSI,Big Data Analytics MSI,2510,FA 2024,GINF,041934,SI,608
52776268,FA 2023,GINF,WN 2025,WN 2025,02003,Information Mas,0775MSI,Big Data Analytics MSI,2510,FA 2024,GINF,045930,SI,671
52776268,FA 2023,GINF,WN 2025,WN 2025,02003,Information Mas,0775MSI,Big Data Analytics MSI,2520,WN 2025,GINF,047901,SI,699
52897792,FA 2023,GINF,WN 2024,WN 2024,02003,Information Mas,4470MSI9,Information MSI,2460,FA 2023,GINF,017281,SI,588
52897792,FA 2023,GINF,WN 2024,WN 2024,02003,Information Mas,4470MSI9,Information MSI,2460,FA 2023,GINF,042104,SI,501
52897792,FA 2023,GINF,WN 2024,WN 2024,02003,Information Mas,4470MSI9,Information MSI,2460,FA 2023,GINF,043863,SI,612
52897792,FA 2023,GINF,WN 2024,WN 2024,02003,Information Mas,4470MSI9,Information MSI,2460,FA 2023,GINF,045687,SI,538
52897792,FA 2023,GINF,WN 2024,WN 2024,02003,Information Mas,4470MSI9,Information MSI,2460,FA 2023,GINF,048488,SI,559
52897792,FA 2023,GINF,WN 2024,WN 2024,02003,Information Mas,4470MSI9,Information MSI,2470,WN 2024,GINF,022099,SI,658
52897792,FA 2023,GINF,WN 2024,WN 2024,02003,Information Mas,4470MSI9,Information MSI,2470,WN 2024,GINF,041626,SI,664
52897792,FA 2023,GINF,WN 2024,WN 2024,02003,Information Mas,4470MSI9,Information MSI,2470,WN 2024,GINF,047901,SI,699
52981170,FA 2023,GINF,WN 2025,WN 2025,02003,Information Mas,9445MSI,User Experience Design MSI,2460,FA 2023,GINF,017281,SI,588
52981170,FA 2023,GINF,WN 2025,WN 2025,02003,Information Mas,9445MSI,User Experience Design MSI,2460,FA 2023,GINF,042104,SI,501
52981170,FA 2023,GINF,WN 2025,WN 2025,02003,Information Mas,9445MSI,User Experience Design MSI,2460,FA 2023,GINF,047246,SI,506
52981170,FA 2023,GINF,WN 2025,WN 2025,02003,Information Mas,9445MSI,User Experience Design MSI,2470,WN 2024,GINF,020401,SI,622
52981170,FA 2023,GINF,WN 2025,WN 2025,02003,Information Mas,9445MSI,User Experience Design MSI,2470,WN 2024,GINF,021400,SI,520
52981170,FA 2023,GINF,WN 2025,WN 2025,02003,Information Mas,9445MSI,User Experience Design MSI,2470,WN 2024,GINF,022099,SI,658
52981170,FA 2023,GINF,WN 2025,WN 2025,02003,Information Mas,9445MSI,User Experience Design MSI,2470,WN 2024,GINF,039178,SI,539
52981170,FA 2023,GINF,WN 2025,WN 2025,02003,Information Mas,9445MSI,User Experience Design MSI,2470,WN 2024,GINF,040667,SI,681
52981170,FA 2023,GINF,WN 2025,WN 2025,02003,Information Mas,9445MSI,User Experience Design MSI,2470,WN 2024,GINF,044772,SI,582
52981170,FA 2023,GINF,WN 2025,WN 2025,02003,Information Mas,9445MSI,User Experience Design MSI,2510,FA 2024,GINF,001459,SI,690
52981170,FA 2023,GINF,WN 2025,WN 2025,02003,Information Mas,9445MSI,User Experience Design MSI,2510,FA 2024,GINF,043863,SI,612
52981170,FA 2023,GINF,WN 2025,WN 2025,02003,Information Mas,9445MSI,User Experience Design MSI,2510,FA 2024,GINF,045393,SI,552
52981170,FA 2023,GINF,WN 2025,WN 2025,02003,Information Mas,9445MSI,User Experience Design MSI,2510,FA 2024,GINF,045771,SI,684
52981170,FA 2023,GINF,WN 2025,WN 2025,02003,Information Mas,9445MSI,User Experience Design MSI,2510,FA 2024,GINF,046306,SI,616
52981170,FA 2023,GINF,WN 2025,WN 2025,02003,Information Mas,9445MSI,User Experience Design MSI,2520,WN 2025,GINF,047901,SI,699
53013912,FA 2023,GINF,WN 2025,WN 2025,02003,Information Mas,9445MSI,User Experience Design MSI,2460,FA 2023,GINF,017281,SI,588
53013912,FA 2023,GINF,WN 2025,WN 2025,02003,Information Mas,9445MSI,User Experience Design MSI,2460,FA 2023,GINF,021400,SI,520
53013912,FA 2023,GINF,WN 2025,WN 2025,02003,Information Mas,9445MSI,User Experience Design MSI,2460,FA 2023,GINF,042104,SI,501
53013912,FA 2023,GINF,WN 2025,WN 2025,02003,Information Mas,9445MSI,User Experience Design MSI,2460,FA 2023,GINF,044772,SI,582
53013912,FA 2023,GINF,WN 2025,WN 2025,02003,Information Mas,9445MSI,User Experience Design MSI,2470,WN 2024,GINF,020401,SI,622
53013912,FA 2023,GINF,WN 2025,WN 2025,02003,Information Mas,9445MSI,User Experience Design MSI,2470,WN 2024,GINF,021391,SI,511
53013912,FA 2023,GINF,WN 2025,WN 2025,02003,Information Mas,9445MSI,User Experience Design MSI,2470,WN 2024,GINF,022099,SI,658
53013912,FA 2023,GINF,WN 2025,WN 2025,02003,Information Mas,9445MSI,User Experience Design MSI,2470,WN 2024,GINF,040667,SI,681
53013912,FA 2023,GINF,WN 2025,WN 2025,02003,Information Mas,9445MSI,User Experience Design MSI,2470,WN 2024,GINF,043863,SI,612
53013912,FA 2023,GINF,WN 2025,WN 2025,02003,Information Mas,9445MSI,User Experience Design MSI,2470,WN 2024,GINF,051111,EAS,506
53013912,FA 2023,GINF,WN 2025,WN 2025,02003,Information Mas,9445MSI,User Experience Design MSI,2510,FA 2024,GINF,021391,SI,511
53013912,FA 2023,GINF,WN 2025,WN 2025,02003,Information Mas,9445MSI,User Experience Design MSI,2510,FA 2024,GINF,039178,SI,539
53013912,FA 2023,GINF,WN 2025,WN 2025,02003,Information Mas,9445MSI,User Experience Design MSI,2510,FA 2024,GINF,045393,SI,552
53013912,FA 2023,GINF,WN 2025,WN 2025,02003,Information Mas,9445MSI,User Experience Design MSI,2510,FA 2024,GINF,045771,SI,684
53013912,FA 2023,GINF,WN 2025,WN 2025,02003,Information Mas,9445MSI,User Experience Design MSI,2510,FA 2024,GINF,048831,SI,547
53013912,FA 2023,GINF,WN 2025,WN 2025,02003,Information Mas,9445MSI,User Experience Design MSI,2520,WN 2025,GINF,047901,SI,699
53058205,FA 2023,GINF,WN 2025,WN 2025,02003,Information Mas,0775MSI,Big Data Analytics MSI,2460,FA 2023,GINF,009732,SI,650
53058205,FA 2023,GINF,WN 2025,WN 2025,02003,Information Mas,0775MSI,Big Data Analytics MSI,2460,FA 2023,GINF,016607,SI,544
53058205,FA 2023,GINF,WN 2025,WN 2025,02003,Information Mas,0775MSI,Big Data Analytics MSI,2460,FA 2023,GINF,039178,SI,539
53058205,FA 2023,GINF,WN 2025,WN 2025,02003,Information Mas,0775MSI,Big Data Analytics MSI,2460,FA 2023,GINF,042104,SI,501
53058205,FA 2023,GINF,WN 2025,WN 2025,02003,Information Mas,0775MSI,Big Data Analytics MSI,2460,FA 2023,GINF,047640,SI,507
53058205,FA 2023,GINF,WN 2025,WN 2025,02003,Information Mas,0775MSI,Big Data Analytics MSI,2460,FA 2023,GINF,050164,SI,504
53058205,FA 2023,GINF,WN 2025,WN 2025,02003,Information Mas,0775MSI,Big Data Analytics MSI,2470,WN 2024,GINF,016321,STATS,503
53058205,FA 2023,GINF,WN 2025,WN 2025,02003,Information Mas,0775MSI,Big Data Analytics MSI,2470,WN 2024,GINF,020934,SI,649
53058205,FA 2023,GINF,WN 2025,WN 2025,02003,Information Mas,0775MSI,Big Data Analytics MSI,2470,WN 2024,GINF,042091,SI,618
53058205,FA 2023,GINF,WN 2025,WN 2025,02003,Information Mas,0775MSI,Big Data Analytics MSI,2470,WN 2024,GINF,048268,SI,630
53058205,FA 2023,GINF,WN 2025,WN 2025,02003,Information Mas,0775MSI,Big Data Analytics MSI,2470,WN 2024,GINF,050663,SI,568
53058205,FA 2023,GINF,WN 2025,WN 2025,02003,Information Mas,0775MSI,Big Data Analytics MSI,2470,WN 2024,GINF,050983,SI,602
53058205,FA 2023,GINF,WN 2025,WN 2025,02003,Information Mas,0775MSI,Big Data Analytics MSI,2510,FA 2024,GINF,004426,IOE,611
53058205,FA 2023,GINF,WN 2025,WN 2025,02003,Information Mas,0775MSI,Big Data Analytics MSI,2510,FA 2024,GINF,009732,SI,650
53058205,FA 2023,GINF,WN 2025,WN 2025,02003,Information Mas,0775MSI,Big Data Analytics MSI,2510,FA 2024,GINF,041626,SI,664
53058205,FA 2023,GINF,WN 2025,WN 2025,02003,Information Mas,0775MSI,Big Data Analytics MSI,2510,FA 2024,GINF,042071,SI,563
53058205,FA 2023,GINF,WN 2025,WN 2025,02003,Information Mas,0775MSI,Big Data Analytics MSI,2510,FA 2024,GINF,045930,SI,671
53058205,FA 2023,GINF,WN 2025,WN 2025,02003,Information Mas,0775MSI,Big Data Analytics MSI,2520,WN 2025,GINF,047901,SI,699
54781643,FA 2023,GINF,WN 2024,WN 2024,02003,Information Mas,4470MSI9,Information MSI,2460,FA 2023,GINF,001459,SI,690
54781643,FA 2023,GINF,WN 2024,WN 2024,02003,Information Mas,4470MSI9,Information MSI,2460,FA 2023,GINF,021400,SI,520
54781643,FA 2023,GINF,WN 2024,WN 2024,02003,Information Mas,4470MSI9,Information MSI,2460,FA 2023,GINF,042104,SI,501
54781643,FA 2023,GINF,WN 2024,WN 2024,02003,Information Mas,4470MSI9,Information MSI,2460,FA 2023,GINF,045393,SI,552
54781643,FA 2023,GINF,WN 2024,WN 2024,02003,Information Mas,4470MSI9,Information MSI,2460,FA 2023,GINF,048488,SI,559
54781643,FA 2023,GINF,WN 2024,WN 2024,02003,Information Mas,4470MSI9,Information MSI,2470,WN 2024,GINF,014799,ELI,544
54781643,FA 2023,GINF,WN 2024,WN 2024,02003,Information Mas,4470MSI9,Information MSI,2470,WN 2024,GINF,021391,SI,511
54781643,FA 2023,GINF,WN 2024,WN 2024,02003,Information Mas,4470MSI9,Information MSI,2470,WN 2024,GINF,047304,ENTR,550
54781643,FA 2023,GINF,WN 2024,WN 2024,02003,Information Mas,4470MSI9,Information MSI,2470,WN 2024,GINF,047641,SI,540
54781643,FA 2023,GINF,WN 2024,WN 2024,02003,Information Mas,4470MSI9,Information MSI,2470,WN 2024,GINF,047901,SI,699
54800449,FA 2023,GINF,FA 2025,FA 2025,02003,Information Mas,9445MSI,User Experience Design MSI,2460,FA 2023,GINF,017281,SI,588
54800449,FA 2023,GINF,FA 2025,FA 2025,02003,Information Mas,9445MSI,User Experience Design MSI,2460,FA 2023,GINF,044772,SI,582
54800449,FA 2023,GINF,FA 2025,FA 2025,02003,Information Mas,9445MSI,User Experience Design MSI,2460,FA 2023,GINF,047246,SI,506
54800449,FA 2023,GINF,FA 2025,FA 2025,02003,Information Mas,9445MSI,User Experience Design MSI,2460,FA 2023,GINF,048129,SI,505
54800449,FA 2023,GINF,FA 2025,FA 2025,02003,Information Mas,9445MSI,User Experience Design MSI,2460,FA 2023,GINF,048488,SI,559
54800449,FA 2023,GINF,FA 2025,FA 2025,02003,Information Mas,9445MSI,User Experience Design MSI,2470,WN 2024,GINF,020401,SI,622
54800449,FA 2023,GINF,FA 2025,FA 2025,02003,Information Mas,9445MSI,User Experience Design MSI,2470,WN 2024,GINF,021400,SI,520
54800449,FA 2023,GINF,FA 2025,FA 2025,02003,Information Mas,9445MSI,User Experience Design MSI,2470,WN 2024,GINF,040667,SI,681
54800449,FA 2023,GINF,FA 2025,FA 2025,02003,Information Mas,9445MSI,User Experience Design MSI,2470,WN 2024,GINF,043863,SI,612
54800449,FA 2023,GINF,FA 2025,FA 2025,02003,Information Mas,9445MSI,User Experience Design MSI,2470,WN 2024,GINF,051454,SI,594
54800449,FA 2023,GINF,FA 2025,FA 2025,02003,Information Mas,9445MSI,User Experience Design MSI,2510,FA 2024,GINF,041855,SI,631
54800449,FA 2023,GINF,FA 2025,FA 2025,02003,Information Mas,9445MSI,User Experience Design MSI,2510,FA 2024,GINF,045771,SI,684
54800449,FA 2023,GINF,FA 2025,FA 2025,02003,Information Mas,9445MSI,User Experience Design MSI,2510,FA 2024,GINF,047901,SI,699
54800449,FA 2023,GINF,FA 2025,FA 2025,02003,Information Mas,9445MSI,User Experience Design MSI,2510,FA 2024,GINF,050159,SI,579
54800449,FA 2023,GINF,FA 2025,FA 2025,02003,Information Mas,9445MSI,User Experience Design MSI,2510,FA 2024,GINF,050164,SI,504
54800449,FA 2023,GINF,FA 2025,FA 2025,02003,Information Mas,9445MSI,User Experience Design MSI,2520,WN 2025,GINF,040667,SI,681
54800449,FA 2023,GINF,FA 2025,FA 2025,02003,Information Mas,9445MSI,User Experience Design MSI,2520,WN 2025,GINF,041957,ENGR,599
54800449,FA 2023,GINF,FA 2025,FA 2025,02003,Information Mas,9445MSI,User Experience Design MSI,2520,WN 2025,GINF,043366,SI,617
54800449,FA 2023,GINF,FA 2025,FA 2025,02003,Information Mas,9445MSI,User Experience Design MSI,2520,WN 2025,GINF,051836,SI,611
54800449,FA 2023,GINF,FA 2025,FA 2025,02003,Information Mas,9445MSI,User Experience Design MSI,2560,FA 2025,GINF,041957,ENGR,599
54800449,FA 2023,GINF,FA 2025,FA 2025,02003,Information Mas,9445MSI,User Experience Design MSI,2560,FA 2025,GINF,042925,ENTR,407
56202983,FA 2023,GINF,WN 2026, ,02003,Information Mas,4470MSI9,Information MSI,2460,FA 2023,GINF,038659,SI,519
56202983,FA 2023,GINF,WN 2026, ,02003,Information Mas,4470MSI9,Information MSI,2460,FA 2023,GINF,039746,SLAVIC,470
56202983,FA 2023,GINF,WN 2026, ,02003,Information Mas,4470MSI9,Information MSI,2460,FA 2023,GINF,042104,SI,501
56202983,FA 2023,GINF,WN 2026, ,02003,Information Mas,4470MSI9,Information MSI,2460,FA 2023,GINF,044093,BCS,531
56202983,FA 2023,GINF,WN 2026, ,02003,Information Mas,4470MSI9,Information MSI,2460,FA 2023,GINF,047246,SI,506
56202983,FA 2023,GINF,WN 2026, ,02003,Information Mas,4470MSI9,Information MSI,2470,WN 2024,GINF,018014,REEES,405
56202983,FA 2023,GINF,WN 2026, ,02003,Information Mas,4470MSI9,Information MSI,2470,WN 2024,GINF,020803,SI,643
56202983,FA 2023,GINF,WN 2026, ,02003,Information Mas,4470MSI9,Information MSI,2470,WN 2024,GINF,040667,SI,681
56202983,FA 2023,GINF,WN 2026, ,02003,Information Mas,4470MSI9,Information MSI,2470,WN 2024,GINF,044094,BCS,532
56202983,FA 2023,GINF,WN 2026, ,02003,Information Mas,4470MSI9,Information MSI,2470,WN 2024,GINF,050162,SI,510
56202983,FA 2023,GINF,WN 2026, ,02003,Information Mas,4470MSI9,Information MSI,2470,WN 2024,GINF,051074,SI,626
56202983,FA 2023,GINF,WN 2026, ,02003,Information Mas,4470MSI9,Information MSI,2510,FA 2024,GINF,009731,SI,580
56202983,FA 2023,GINF,WN 2026, ,02003,Information Mas,4470MSI9,Information MSI,2510,FA 2024,GINF,018014,REEES,405
56202983,FA 2023,GINF,WN 2026, ,02003,Information Mas,4470MSI9,Information MSI,2510,FA 2024,GINF,038948,SI,632
56202983,FA 2023,GINF,WN 2026, ,02003,Information Mas,4470MSI9,Information MSI,2510,FA 2024,GINF,044095,BCS,533
56202983,FA 2023,GINF,WN 2026, ,02003,Information Mas,4470MSI9,Information MSI,2510,FA 2024,GINF,050028,SI,583
56202983,FA 2023,GINF,WN 2026, ,02003,Information Mas,4470MSI9,Information MSI,2520,WN 2025,GINF,018014,REEES,405
56202983,FA 2023,GINF,WN 2026, ,02003,Information Mas,4470MSI9,Information MSI,2520,WN 2025,GINF,022099,SI,658
56202983,FA 2023,GINF,WN 2026, ,02003,Information Mas,4470MSI9,Information MSI,2520,WN 2025,GINF,044096,BCS,534
56202983,FA 2023,GINF,WN 2026, ,02003,Information Mas,4470MSI9,Information MSI,2520,WN 2025,GINF,047901,SI,699
56202983,FA 2023,GINF,WN 2026, ,02003,Information Mas,4470MSI9,Information MSI,2520,WN 2025,GINF,050165,SI,585
56259983,FA 2023,GINF,WN 2025,WN 2025,02003,Information Mas,4470MSI9,Information MSI,2460,FA 2023,GINF,017352,DANCE,562
56259983,FA 2023,GINF,WN 2025,WN 2025,02003,Information Mas,4470MSI9,Information MSI,2460,FA 2023,GINF,021042,SI,647
56259983,FA 2023,GINF,WN 2025,WN 2025,02003,Information Mas,4470MSI9,Information MSI,2460,FA 2023,GINF,042104,SI,501
56259983,FA 2023,GINF,WN 2025,WN 2025,02003,Information Mas,4470MSI9,Information MSI,2460,FA 2023,GINF,047246,SI,506
56259983,FA 2023,GINF,WN 2025,WN 2025,02003,Information Mas,4470MSI9,Information MSI,2470,WN 2024,GINF,039979,SI,623
56259983,FA 2023,GINF,WN 2025,WN 2025,02003,Information Mas,4470MSI9,Information MSI,2470,WN 2024,GINF,050162,SI,510
56259983,FA 2023,GINF,WN 2025,WN 2025,02003,Information Mas,4470MSI9,Information MSI,2470,WN 2024,GINF,050165,SI,585
56259983,FA 2023,GINF,WN 2025,WN 2025,02003,Information Mas,4470MSI9,Information MSI,2470,WN 2024,GINF,051074,SI,626
56259983,FA 2023,GINF,WN 2025,WN 2025,02003,Information Mas,4470MSI9,Information MSI,2510,FA 2024,GINF,009731,SI,580
56259983,FA 2023,GINF,WN 2025,WN 2025,02003,Information Mas,4470MSI9,Information MSI,2510,FA 2024,GINF,021045,SI,666
56259983,FA 2023,GINF,WN 2025,WN 2025,02003,Information Mas,4470MSI9,Information MSI,2510,FA 2024,GINF,038948,SI,632
56259983,FA 2023,GINF,WN 2025,WN 2025,02003,Information Mas,4470MSI9,Information MSI,2510,FA 2024,GINF,050163,SI,633
56259983,FA 2023,GINF,WN 2025,WN 2025,02003,Information Mas,4470MSI9,Information MSI,2520,WN 2025,GINF,006629,DANCE,511
56259983,FA 2023,GINF,WN 2025,WN 2025,02003,Information Mas,4470MSI9,Information MSI,2520,WN 2025,GINF,022326,SI,581
56259983,FA 2023,GINF,WN 2025,WN 2025,02003,Information Mas,4470MSI9,Information MSI,2520,WN 2025,GINF,047901,SI,699
56259983,FA 2023,GINF,WN 2025,WN 2025,02003,Information Mas,4470MSI9,Information MSI,2520,WN 2025,GINF,048280,SI,667
56259983,FA 2023,GINF,WN 2025,WN 2025,02003,Information Mas,4470MSI9,Information MSI,2520,WN 2025,GINF,050710,JAZZ,523
57204505,FA 2023,GINF,WN 2025,WN 2025,02003,Information Mas,0775MSI,Big Data Analytics MSI,2460,FA 2023,GINF,048129,SI,505
57204505,FA 2023,GINF,WN 2025,WN 2025,02003,Information Mas,0775MSI,Big Data Analytics MSI,2470,WN 2024,GINF,040667,SI,681
57204505,FA 2023,GINF,WN 2025,WN 2025,02003,Information Mas,0775MSI,Big Data Analytics MSI,2470,WN 2024,GINF,042091,SI,618
57204505,FA 2023,GINF,WN 2025,WN 2025,02003,Information Mas,0775MSI,Big Data Analytics MSI,2470,WN 2024,GINF,050663,SI,568
57204505,FA 2023,GINF,WN 2025,WN 2025,02003,Information Mas,0775MSI,Big Data Analytics MSI,2470,WN 2024,GINF,050983,SI,602
57204505,FA 2023,GINF,WN 2025,WN 2025,02003,Information Mas,0775MSI,Big Data Analytics MSI,2510,FA 2024,GINF,001459,SI,690
57204505,FA 2023,GINF,WN 2025,WN 2025,02003,Information Mas,0775MSI,Big Data Analytics MSI,2510,FA 2024,GINF,020934,SI,649
57204505,FA 2023,GINF,WN 2025,WN 2025,02003,Information Mas,0775MSI,Big Data Analytics MSI,2510,FA 2024,GINF,041934,SI,608
57204505,FA 2023,GINF,WN 2025,WN 2025,02003,Information Mas,0775MSI,Big Data Analytics MSI,2510,FA 2024,GINF,045930,SI,671
57204505,FA 2023,GINF,WN 2025,WN 2025,02003,Information Mas,0775MSI,Big Data Analytics MSI,2520,WN 2025,GINF,001459,SI,690
57204505,FA 2023,GINF,WN 2025,WN 2025,02003,Information Mas,0775MSI,Big Data Analytics MSI,2520,WN 2025,GINF,047901,SI,699
57535622,FA 2023,GINF,WN 2026, ,02003,Information Mas,0775MSI,Big Data Analytics MSI,2460,FA 2023,GINF,009732,SI,650
57535622,FA 2023,GINF,WN 2026, ,02003,Information Mas,0775MSI,Big Data Analytics MSI,2460,FA 2023,GINF,016607,SI,544
57535622,FA 2023,GINF,WN 2026, ,02003,Information Mas,0775MSI,Big Data Analytics MSI,2460,FA 2023,GINF,042104,SI,501
57535622,FA 2023,GINF,WN 2026, ,02003,Information Mas,0775MSI,Big Data Analytics MSI,2460,FA 2023,GINF,047640,SI,507
57535622,FA 2023,GINF,WN 2026, ,02003,Information Mas,0775MSI,Big Data Analytics MSI,2460,FA 2023,GINF,050164,SI,504
57535622,FA 2023,GINF,WN 2026, ,02003,Information Mas,0775MSI,Big Data Analytics MSI,2560,FA 2025,GINF,001459,SI,690
57535622,FA 2023,GINF,WN 2026, ,02003,Information Mas,0775MSI,Big Data Analytics MSI,2560,FA 2025,GINF,041626,SI,664
57535622,FA 2023,GINF,WN 2026, ,02003,Information Mas,0775MSI,Big Data Analytics MSI,2560,FA 2025,GINF,041934,SI,608
57535622,FA 2023,GINF,WN 2026, ,02003,Information Mas,0775MSI,Big Data Analytics MSI,2560,FA 2025,GINF,045930,SI,671
57535622,FA 2023,GINF,WN 2026, ,02003,Information Mas,0775MSI,Big Data Analytics MSI,2560,FA 2025,GINF,048500,SI,670
57535622,FA 2023,GINF,WN 2026, ,02003,Information Mas,0775MSI,Big Data Analytics MSI,2570,WN 2026,GINF,020934,SI,649
57535622,FA 2023,GINF,WN 2026, ,02003,Information Mas,0775MSI,Big Data Analytics MSI,2570,WN 2026,GINF,045702,MO,555
57535622,FA 2023,GINF,WN 2026, ,02003,Information Mas,0775MSI,Big Data Analytics MSI,2570,WN 2026,GINF,047901,SI,699
57535622,FA 2023,GINF,WN 2026, ,02003,Information Mas,0775MSI,Big Data Analytics MSI,2570,WN 2026,GINF,048268,SI,630
57535622,FA 2023,GINF,WN 2026, ,02003,Information Mas,0775MSI,Big Data Analytics MSI,2570,WN 2026,GINF,050663,SI,568
57732332,FA 2023,GINF,WN 2025,WN 2025,02003,Information Mas,9445MSI,User Experience Design MSI,2460,FA 2023,GINF,017281,SI,588
57732332,FA 2023,GINF,WN 2025,WN 2025,02003,Information Mas,9445MSI,User Experience Design MSI,2460,FA 2023,GINF,042104,SI,501
57732332,FA 2023,GINF,WN 2025,WN 2025,02003,Information Mas,9445MSI,User Experience Design MSI,2460,FA 2023,GINF,044772,SI,582
57732332,FA 2023,GINF,WN 2025,WN 2025,02003,Information Mas,9445MSI,User Experience Design MSI,2460,FA 2023,GINF,047246,SI,506
57732332,FA 2023,GINF,WN 2025,WN 2025,02003,Information Mas,9445MSI,User Experience Design MSI,2470,WN 2024,GINF,020401,SI,622
57732332,FA 2023,GINF,WN 2025,WN 2025,02003,Information Mas,9445MSI,User Experience Design MSI,2470,WN 2024,GINF,021400,SI,520
57732332,FA 2023,GINF,WN 2025,WN 2025,02003,Information Mas,9445MSI,User Experience Design MSI,2470,WN 2024,GINF,039178,SI,539
57732332,FA 2023,GINF,WN 2025,WN 2025,02003,Information Mas,9445MSI,User Experience Design MSI,2470,WN 2024,GINF,040667,SI,681
57732332,FA 2023,GINF,WN 2025,WN 2025,02003,Information Mas,9445MSI,User Experience Design MSI,2510,FA 2024,GINF,001459,SI,690
57732332,FA 2023,GINF,WN 2025,WN 2025,02003,Information Mas,9445MSI,User Experience Design MSI,2510,FA 2024,GINF,021391,SI,511
57732332,FA 2023,GINF,WN 2025,WN 2025,02003,Information Mas,9445MSI,User Experience Design MSI,2510,FA 2024,GINF,045771,SI,684
57732332,FA 2023,GINF,WN 2025,WN 2025,02003,Information Mas,9445MSI,User Experience Design MSI,2510,FA 2024,GINF,048488,SI,559
57732332,FA 2023,GINF,WN 2025,WN 2025,02003,Information Mas,9445MSI,User Experience Design MSI,2520,WN 2025,GINF,045393,SI,552
57732332,FA 2023,GINF,WN 2025,WN 2025,02003,Information Mas,9445MSI,User Experience Design MSI,2520,WN 2025,GINF,047901,SI,699
57732332,FA 2023,GINF,WN 2025,WN 2025,02003,Information Mas,9445MSI,User Experience Design MSI,2520,WN 2025,GINF,051455,SI,569
57863929,FA 2023,GINF,WN 2025,WN 2025,02003,Information Mas,9445MSI,User Experience Design MSI,2460,FA 2023,GINF,017281,SI,588
57863929,FA 2023,GINF,WN 2025,WN 2025,02003,Information Mas,9445MSI,User Experience Design MSI,2460,FA 2023,GINF,042104,SI,501
57863929,FA 2023,GINF,WN 2025,WN 2025,02003,Information Mas,9445MSI,User Experience Design MSI,2460,FA 2023,GINF,044772,SI,582
57863929,FA 2023,GINF,WN 2025,WN 2025,02003,Information Mas,9445MSI,User Experience Design MSI,2460,FA 2023,GINF,047246,SI,506
57863929,FA 2023,GINF,WN 2025,WN 2025,02003,Information Mas,9445MSI,User Experience Design MSI,2460,FA 2023,GINF,048129,SI,505
57863929,FA 2023,GINF,WN 2025,WN 2025,02003,Information Mas,9445MSI,User Experience Design MSI,2460,FA 2023,GINF,050164,SI,504
57863929,FA 2023,GINF,WN 2025,WN 2025,02003,Information Mas,9445MSI,User Experience Design MSI,2470,WN 2024,GINF,020401,SI,622
57863929,FA 2023,GINF,WN 2025,WN 2025,02003,Information Mas,9445MSI,User Experience Design MSI,2470,WN 2024,GINF,021400,SI,520
57863929,FA 2023,GINF,WN 2025,WN 2025,02003,Information Mas,9445MSI,User Experience Design MSI,2470,WN 2024,GINF,022099,SI,658
57863929,FA 2023,GINF,WN 2025,WN 2025,02003,Information Mas,9445MSI,User Experience Design MSI,2470,WN 2024,GINF,039178,SI,539
57863929,FA 2023,GINF,WN 2025,WN 2025,02003,Information Mas,9445MSI,User Experience Design MSI,2470,WN 2024,GINF,050663,SI,568
57863929,FA 2023,GINF,WN 2025,WN 2025,02003,Information Mas,9445MSI,User Experience Design MSI,2510,FA 2024,GINF,021391,SI,511
57863929,FA 2023,GINF,WN 2025,WN 2025,02003,Information Mas,9445MSI,User Experience Design MSI,2510,FA 2024,GINF,043863,SI,612
57863929,FA 2023,GINF,WN 2025,WN 2025,02003,Information Mas,9445MSI,User Experience Design MSI,2510,FA 2024,GINF,045393,SI,552
57863929,FA 2023,GINF,WN 2025,WN 2025,02003,Information Mas,9445MSI,User Experience Design MSI,2510,FA 2024,GINF,048488,SI,559
57863929,FA 2023,GINF,WN 2025,WN 2025,02003,Information Mas,9445MSI,User Experience Design MSI,2510,FA 2024,GINF,049601,SI,564
57863929,FA 2023,GINF,WN 2025,WN 2025,02003,Information Mas,9445MSI,User Experience Design MSI,2520,WN 2025,GINF,042324,SI,639
57863929,FA 2023,GINF,WN 2025,WN 2025,02003,Information Mas,9445MSI,User Experience Design MSI,2520,WN 2025,GINF,047901,SI,699
57863929,FA 2023,GINF,WN 2025,WN 2025,02003,Information Mas,9445MSI,User Experience Design MSI,2520,WN 2025,GINF,051454,SI,594
57863929,FA 2023,GINF,WN 2025,WN 2025,02003,Information Mas,9445MSI,User Experience Design MSI,2520,WN 2025,GINF,051836,SI,611
58085404,FA 2023,GINF,WN 2025,WN 2025,02003,Information Mas,9445MSI,User Experience Design MSI,2460,FA 2023,GINF,017281,SI,588
58085404,FA 2023,GINF,WN 2025,WN 2025,02003,Information Mas,9445MSI,User Experience Design MSI,2460,FA 2023,GINF,042104,SI,501
58085404,FA 2023,GINF,WN 2025,WN 2025,02003,Information Mas,9445MSI,User Experience Design MSI,2460,FA 2023,GINF,044772,SI,582
58085404,FA 2023,GINF,WN 2025,WN 2025,02003,Information Mas,9445MSI,User Experience Design MSI,2460,FA 2023,GINF,047246,SI,506
58085404,FA 2023,GINF,WN 2025,WN 2025,02003,Information Mas,9445MSI,User Experience Design MSI,2470,WN 2024,GINF,020401,SI,622
58085404,FA 2023,GINF,WN 2025,WN 2025,02003,Information Mas,9445MSI,User Experience Design MSI,2470,WN 2024,GINF,021391,SI,511
58085404,FA 2023,GINF,WN 2025,WN 2025,02003,Information Mas,9445MSI,User Experience Design MSI,2470,WN 2024,GINF,039178,SI,539
58085404,FA 2023,GINF,WN 2025,WN 2025,02003,Information Mas,9445MSI,User Experience Design MSI,2470,WN 2024,GINF,045393,SI,552
58085404,FA 2023,GINF,WN 2025,WN 2025,02003,Information Mas,9445MSI,User Experience Design MSI,2510,FA 2024,GINF,001459,SI,690
58085404,FA 2023,GINF,WN 2025,WN 2025,02003,Information Mas,9445MSI,User Experience Design MSI,2510,FA 2024,GINF,021391,SI,511
58085404,FA 2023,GINF,WN 2025,WN 2025,02003,Information Mas,9445MSI,User Experience Design MSI,2510,FA 2024,GINF,021400,SI,520
58085404,FA 2023,GINF,WN 2025,WN 2025,02003,Information Mas,9445MSI,User Experience Design MSI,2510,FA 2024,GINF,038659,SI,519
58085404,FA 2023,GINF,WN 2025,WN 2025,02003,Information Mas,9445MSI,User Experience Design MSI,2510,FA 2024,GINF,039081,SI,529
58085404,FA 2023,GINF,WN 2025,WN 2025,02003,Information Mas,9445MSI,User Experience Design MSI,2520,WN 2025,GINF,021391,SI,511
58085404,FA 2023,GINF,WN 2025,WN 2025,02003,Information Mas,9445MSI,User Experience Design MSI,2520,WN 2025,GINF,022099,SI,658
58085404,FA 2023,GINF,WN 2025,WN 2025,02003,Information Mas,9445MSI,User Experience Design MSI,2520,WN 2025,GINF,047901,SI,699
58085404,FA 2023,GINF,WN 2025,WN 2025,02003,Information Mas,9445MSI,User Experience Design MSI,2520,WN 2025,GINF,049082,SI,682
58107729,FA 2023,GINF,WN 2025,WN 2025,02003,Information Mas,9445MSI,User Experience Design MSI,2460,FA 2023,GINF,017281,SI,588
58107729,FA 2023,GINF,WN 2025,WN 2025,02003,Information Mas,9445MSI,User Experience Design MSI,2460,FA 2023,GINF,021400,SI,520
58107729,FA 2023,GINF,WN 2025,WN 2025,02003,Information Mas,9445MSI,User Experience Design MSI,2460,FA 2023,GINF,042104,SI,501
58107729,FA 2023,GINF,WN 2025,WN 2025,02003,Information Mas,9445MSI,User Experience Design MSI,2460,FA 2023,GINF,044772,SI,582
58107729,FA 2023,GINF,WN 2025,WN 2025,02003,Information Mas,9445MSI,User Experience Design MSI,2460,FA 2023,GINF,047246,SI,506
58107729,FA 2023,GINF,WN 2025,WN 2025,02003,Information Mas,9445MSI,User Experience Design MSI,2470,WN 2024,GINF,020401,SI,622
58107729,FA 2023,GINF,WN 2025,WN 2025,02003,Information Mas,9445MSI,User Experience Design MSI,2470,WN 2024,GINF,039178,SI,539
58107729,FA 2023,GINF,WN 2025,WN 2025,02003,Information Mas,9445MSI,User Experience Design MSI,2470,WN 2024,GINF,040667,SI,681
58107729,FA 2023,GINF,WN 2025,WN 2025,02003,Information Mas,9445MSI,User Experience Design MSI,2470,WN 2024,GINF,046306,SI,616
58107729,FA 2023,GINF,WN 2025,WN 2025,02003,Information Mas,9445MSI,User Experience Design MSI,2470,WN 2024,GINF,048147,BA,657
58107729,FA 2023,GINF,WN 2025,WN 2025,02003,Information Mas,9445MSI,User Experience Design MSI,2510,FA 2024,GINF,001459,SI,690
58107729,FA 2023,GINF,WN 2025,WN 2025,02003,Information Mas,9445MSI,User Experience Design MSI,2510,FA 2024,GINF,045393,SI,552
58107729,FA 2023,GINF,WN 2025,WN 2025,02003,Information Mas,9445MSI,User Experience Design MSI,2510,FA 2024,GINF,047901,SI,699
58107729,FA 2023,GINF,WN 2025,WN 2025,02003,Information Mas,9445MSI,User Experience Design MSI,2510,FA 2024,GINF,048488,SI,559
58107729,FA 2023,GINF,WN 2025,WN 2025,02003,Information Mas,9445MSI,User Experience Design MSI,2520,WN 2025,GINF,001459,SI,690
58107729,FA 2023,GINF,WN 2025,WN 2025,02003,Information Mas,9445MSI,User Experience Design MSI,2520,WN 2025,GINF,012772,SI,548
58225785,FA 2023,GINF,WN 2025,WN 2025,02003,Information Mas,9445MSI,User Experience Design MSI,2460,FA 2023,GINF,017281,SI,588
58225785,FA 2023,GINF,WN 2025,WN 2025,02003,Information Mas,9445MSI,User Experience Design MSI,2460,FA 2023,GINF,042104,SI,501
58225785,FA 2023,GINF,WN 2025,WN 2025,02003,Information Mas,9445MSI,User Experience Design MSI,2460,FA 2023,GINF,044772,SI,582
58225785,FA 2023,GINF,WN 2025,WN 2025,02003,Information Mas,9445MSI,User Experience Design MSI,2460,FA 2023,GINF,047246,SI,506
58225785,FA 2023,GINF,WN 2025,WN 2025,02003,Information Mas,9445MSI,User Experience Design MSI,2470,WN 2024,GINF,020401,SI,622
58225785,FA 2023,GINF,WN 2025,WN 2025,02003,Information Mas,9445MSI,User Experience Design MSI,2470,WN 2024,GINF,021400,SI,520
58225785,FA 2023,GINF,WN 2025,WN 2025,02003,Information Mas,9445MSI,User Experience Design MSI,2470,WN 2024,GINF,022099,SI,658
58225785,FA 2023,GINF,WN 2025,WN 2025,02003,Information Mas,9445MSI,User Experience Design MSI,2470,WN 2024,GINF,039178,SI,539
58225785,FA 2023,GINF,WN 2025,WN 2025,02003,Information Mas,9445MSI,User Experience Design MSI,2510,FA 2024,GINF,038659,SI,519
58225785,FA 2023,GINF,WN 2025,WN 2025,02003,Information Mas,9445MSI,User Experience Design MSI,2510,FA 2024,GINF,043210,SI,534
58225785,FA 2023,GINF,WN 2025,WN 2025,02003,Information Mas,9445MSI,User Experience Design MSI,2510,FA 2024,GINF,045393,SI,552
58225785,FA 2023,GINF,WN 2025,WN 2025,02003,Information Mas,9445MSI,User Experience Design MSI,2510,FA 2024,GINF,050159,SI,579
58225785,FA 2023,GINF,WN 2025,WN 2025,02003,Information Mas,9445MSI,User Experience Design MSI,2510,FA 2024,GINF,050164,SI,504
58225785,FA 2023,GINF,WN 2025,WN 2025,02003,Information Mas,9445MSI,User Experience Design MSI,2520,WN 2025,GINF,021391,SI,511
58225785,FA 2023,GINF,WN 2025,WN 2025,02003,Information Mas,9445MSI,User Experience Design MSI,2520,WN 2025,GINF,047901,SI,699
58225785,FA 2023,GINF,WN 2025,WN 2025,02003,Information Mas,9445MSI,User Experience Design MSI,2520,WN 2025,GINF,051454,SI,594
58225785,FA 2023,GINF,WN 2025,WN 2025,02003,Information Mas,9445MSI,User Experience Design MSI,2520,WN 2025,GINF,051836,SI,611
58434981,FA 2023,GINF,WN 2024,WN 2024,02003,Information Mas,4470MSI9,Information MSI,2460,FA 2023,GINF,042104,SI,501
58434981,FA 2023,GINF,WN 2024,WN 2024,02003,Information Mas,4470MSI9,Information MSI,2460,FA 2023,GINF,043863,SI,612
58434981,FA 2023,GINF,WN 2024,WN 2024,02003,Information Mas,4470MSI9,Information MSI,2460,FA 2023,GINF,045771,SI,684
58434981,FA 2023,GINF,WN 2024,WN 2024,02003,Information Mas,4470MSI9,Information MSI,2460,FA 2023,GINF,046306,SI,616
58434981,FA 2023,GINF,WN 2024,WN 2024,02003,Information Mas,4470MSI9,Information MSI,2460,FA 2023,GINF,048488,SI,559
58434981,FA 2023,GINF,WN 2024,WN 2024,02003,Information Mas,4470MSI9,Information MSI,2470,WN 2024,GINF,020803,SI,643
58434981,FA 2023,GINF,WN 2024,WN 2024,02003,Information Mas,4470MSI9,Information MSI,2470,WN 2024,GINF,047228,ENTR,500
58434981,FA 2023,GINF,WN 2024,WN 2024,02003,Information Mas,4470MSI9,Information MSI,2470,WN 2024,GINF,047234,ENTR,510
58434981,FA 2023,GINF,WN 2024,WN 2024,02003,Information Mas,4470MSI9,Information MSI,2470,WN 2024,GINF,047304,ENTR,550
58434981,FA 2023,GINF,WN 2024,WN 2024,02003,Information Mas,4470MSI9,Information MSI,2470,WN 2024,GINF,047901,SI,699
58657372,FA 2023,GINF,FA 2025,FA 2025,02003,Information Mas,9445MSI,User Experience Design MSI,2460,FA 2023,GINF,021400,SI,520
58657372,FA 2023,GINF,FA 2025,FA 2025,02003,Information Mas,9445MSI,User Experience Design MSI,2460,FA 2023,GINF,042104,SI,501
58657372,FA 2023,GINF,FA 2025,FA 2025,02003,Information Mas,9445MSI,User Experience Design MSI,2460,FA 2023,GINF,044772,SI,582
58657372,FA 2023,GINF,FA 2025,FA 2025,02003,Information Mas,9445MSI,User Experience Design MSI,2460,FA 2023,GINF,047246,SI,506
58657372,FA 2023,GINF,FA 2025,FA 2025,02003,Information Mas,9445MSI,User Experience Design MSI,2470,WN 2024,GINF,020401,SI,622
58657372,FA 2023,GINF,FA 2025,FA 2025,02003,Information Mas,9445MSI,User Experience Design MSI,2470,WN 2024,GINF,040667,SI,681
58657372,FA 2023,GINF,FA 2025,FA 2025,02003,Information Mas,9445MSI,User Experience Design MSI,2470,WN 2024,GINF,046306,SI,616
58657372,FA 2023,GINF,FA 2025,FA 2025,02003,Information Mas,9445MSI,User Experience Design MSI,2470,WN 2024,GINF,048289,TO,428
58657372,FA 2023,GINF,FA 2025,FA 2025,02003,Information Mas,9445MSI,User Experience Design MSI,2510,FA 2024,GINF,001459,SI,690
58657372,FA 2023,GINF,FA 2025,FA 2025,02003,Information Mas,9445MSI,User Experience Design MSI,2510,FA 2024,GINF,017281,SI,588
58657372,FA 2023,GINF,FA 2025,FA 2025,02003,Information Mas,9445MSI,User Experience Design MSI,2510,FA 2024,GINF,039178,SI,539
58657372,FA 2023,GINF,FA 2025,FA 2025,02003,Information Mas,9445MSI,User Experience Design MSI,2510,FA 2024,GINF,048488,SI,559
58657372,FA 2023,GINF,FA 2025,FA 2025,02003,Information Mas,9445MSI,User Experience Design MSI,2520,WN 2025,GINF,021391,SI,511
58657372,FA 2023,GINF,FA 2025,FA 2025,02003,Information Mas,9445MSI,User Experience Design MSI,2520,WN 2025,GINF,022099,SI,658
58657372,FA 2023,GINF,FA 2025,FA 2025,02003,Information Mas,9445MSI,User Experience Design MSI,2520,WN 2025,GINF,040667,SI,681
58657372,FA 2023,GINF,FA 2025,FA 2025,02003,Information Mas,9445MSI,User Experience Design MSI,2520,WN 2025,GINF,047228,ENTR,500
58657372,FA 2023,GINF,FA 2025,FA 2025,02003,Information Mas,9445MSI,User Experience Design MSI,2520,WN 2025,GINF,047901,SI,699
58657372,FA 2023,GINF,FA 2025,FA 2025,02003,Information Mas,9445MSI,User Experience Design MSI,2520,WN 2025,GINF,051183,GUITAR,110
58657372,FA 2023,GINF,FA 2025,FA 2025,02003,Information Mas,9445MSI,User Experience Design MSI,2560,FA 2025,GINF,001459,SI,690
58657372,FA 2023,GINF,FA 2025,FA 2025,02003,Information Mas,9445MSI,User Experience Design MSI,2560,FA 2025,GINF,016607,SI,544
58658099,FA 2023,GINF,WN 2025,WN 2025,02003,Information Mas,9445MSI,User Experience Design MSI,2460,FA 2023,GINF,017281,SI,588
58658099,FA 2023,GINF,WN 2025,WN 2025,02003,Information Mas,9445MSI,User Experience Design MSI,2460,FA 2023,GINF,042104,SI,501
58658099,FA 2023,GINF,WN 2025,WN 2025,02003,Information Mas,9445MSI,User Experience Design MSI,2460,FA 2023,GINF,044772,SI,582
58658099,FA 2023,GINF,WN 2025,WN 2025,02003,Information Mas,9445MSI,User Experience Design MSI,2460,FA 2023,GINF,047246,SI,506
58658099,FA 2023,GINF,WN 2025,WN 2025,02003,Information Mas,9445MSI,User Experience Design MSI,2460,FA 2023,GINF,048129,SI,505
58658099,FA 2023,GINF,WN 2025,WN 2025,02003,Information Mas,9445MSI,User Experience Design MSI,2470,WN 2024,GINF,020401,SI,622
58658099,FA 2023,GINF,WN 2025,WN 2025,02003,Information Mas,9445MSI,User Experience Design MSI,2470,WN 2024,GINF,039178,SI,539
58658099,FA 2023,GINF,WN 2025,WN 2025,02003,Information Mas,9445MSI,User Experience Design MSI,2470,WN 2024,GINF,040667,SI,681
58658099,FA 2023,GINF,WN 2025,WN 2025,02003,Information Mas,9445MSI,User Experience Design MSI,2470,WN 2024,GINF,048488,SI,559
58658099,FA 2023,GINF,WN 2025,WN 2025,02003,Information Mas,9445MSI,User Experience Design MSI,2470,WN 2024,GINF,051454,SI,594
58658099,FA 2023,GINF,WN 2025,WN 2025,02003,Information Mas,9445MSI,User Experience Design MSI,2510,FA 2024,GINF,021400,SI,520
58658099,FA 2023,GINF,WN 2025,WN 2025,02003,Information Mas,9445MSI,User Experience Design MSI,2510,FA 2024,GINF,045393,SI,552
58658099,FA 2023,GINF,WN 2025,WN 2025,02003,Information Mas,9445MSI,User Experience Design MSI,2510,FA 2024,GINF,045687,SI,538
58658099,FA 2023,GINF,WN 2025,WN 2025,02003,Information Mas,9445MSI,User Experience Design MSI,2510,FA 2024,GINF,045771,SI,684
58658099,FA 2023,GINF,WN 2025,WN 2025,02003,Information Mas,9445MSI,User Experience Design MSI,2520,WN 2025,GINF,047901,SI,699
60068364,FA 2023,GINF,FA 2025,FA 2025,02003,Information Mas,9445MSI,User Experience Design MSI,2460,FA 2023,GINF,017281,SI,588
60068364,FA 2023,GINF,FA 2025,FA 2025,02003,Information Mas,9445MSI,User Experience Design MSI,2460,FA 2023,GINF,021400,SI,520
60068364,FA 2023,GINF,FA 2025,FA 2025,02003,Information Mas,9445MSI,User Experience Design MSI,2460,FA 2023,GINF,039178,SI,539
60068364,FA 2023,GINF,FA 2025,FA 2025,02003,Information Mas,9445MSI,User Experience Design MSI,2460,FA 2023,GINF,042104,SI,501
60068364,FA 2023,GINF,FA 2025,FA 2025,02003,Information Mas,9445MSI,User Experience Design MSI,2460,FA 2023,GINF,044772,SI,582
60068364,FA 2023,GINF,FA 2025,FA 2025,02003,Information Mas,9445MSI,User Experience Design MSI,2470,WN 2024,GINF,020401,SI,622
60068364,FA 2023,GINF,FA 2025,FA 2025,02003,Information Mas,9445MSI,User Experience Design MSI,2470,WN 2024,GINF,040667,SI,681
60068364,FA 2023,GINF,FA 2025,FA 2025,02003,Information Mas,9445MSI,User Experience Design MSI,2470,WN 2024,GINF,046306,SI,616
60068364,FA 2023,GINF,FA 2025,FA 2025,02003,Information Mas,9445MSI,User Experience Design MSI,2470,WN 2024,GINF,050159,SI,579
60068364,FA 2023,GINF,FA 2025,FA 2025,02003,Information Mas,9445MSI,User Experience Design MSI,2520,WN 2025,GINF,021391,SI,511
60068364,FA 2023,GINF,FA 2025,FA 2025,02003,Information Mas,9445MSI,User Experience Design MSI,2520,WN 2025,GINF,043863,SI,612
60068364,FA 2023,GINF,FA 2025,FA 2025,02003,Information Mas,9445MSI,User Experience Design MSI,2520,WN 2025,GINF,047901,SI,699
60068364,FA 2023,GINF,FA 2025,FA 2025,02003,Information Mas,9445MSI,User Experience Design MSI,2520,WN 2025,GINF,048486,SI,659
60068364,FA 2023,GINF,FA 2025,FA 2025,02003,Information Mas,9445MSI,User Experience Design MSI,2560,FA 2025,GINF,048129,SI,505
60068364,FA 2023,GINF,FA 2025,FA 2025,02003,Information Mas,9445MSI,User Experience Design MSI,2560,FA 2025,GINF,050956,ELI,535
60068364,FA 2023,GINF,FA 2025,FA 2025,02003,Information Mas,9445MSI,User Experience Design MSI,2560,FA 2025,GINF,051836,SI,611
60391602,FA 2023,GINF,WN 2025,WN 2025,02003,Information Mas,9455MSI,User-Centered Agile Dev MSI,2460,FA 2023,GINF,017281,SI,588
60391602,FA 2023,GINF,WN 2025,WN 2025,02003,Information Mas,9455MSI,User-Centered Agile Dev MSI,2460,FA 2023,GINF,042104,SI,501
60391602,FA 2023,GINF,WN 2025,WN 2025,02003,Information Mas,9455MSI,User-Centered Agile Dev MSI,2460,FA 2023,GINF,049601,SI,564
60391602,FA 2023,GINF,WN 2025,WN 2025,02003,Information Mas,9455MSI,User-Centered Agile Dev MSI,2460,FA 2023,GINF,050164,SI,504
60391602,FA 2023,GINF,WN 2025,WN 2025,02003,Information Mas,9455MSI,User-Centered Agile Dev MSI,2470,WN 2024,GINF,020401,SI,622
60391602,FA 2023,GINF,WN 2025,WN 2025,02003,Information Mas,9455MSI,User-Centered Agile Dev MSI,2470,WN 2024,GINF,021391,SI,511
60391602,FA 2023,GINF,WN 2025,WN 2025,02003,Information Mas,9455MSI,User-Centered Agile Dev MSI,2470,WN 2024,GINF,039178,SI,539
60391602,FA 2023,GINF,WN 2025,WN 2025,02003,Information Mas,9455MSI,User-Centered Agile Dev MSI,2470,WN 2024,GINF,050159,SI,579
60391602,FA 2023,GINF,WN 2025,WN 2025,02003,Information Mas,9455MSI,User-Centered Agile Dev MSI,2510,FA 2024,GINF,041626,SI,664
60391602,FA 2023,GINF,WN 2025,WN 2025,02003,Information Mas,9455MSI,User-Centered Agile Dev MSI,2510,FA 2024,GINF,042071,SI,563
60391602,FA 2023,GINF,WN 2025,WN 2025,02003,Information Mas,9455MSI,User-Centered Agile Dev MSI,2510,FA 2024,GINF,044772,SI,582
60391602,FA 2023,GINF,WN 2025,WN 2025,02003,Information Mas,9455MSI,User-Centered Agile Dev MSI,2510,FA 2024,GINF,045687,SI,538
60391602,FA 2023,GINF,WN 2025,WN 2025,02003,Information Mas,9455MSI,User-Centered Agile Dev MSI,2520,WN 2025,GINF,012772,SI,548
60391602,FA 2023,GINF,WN 2025,WN 2025,02003,Information Mas,9455MSI,User-Centered Agile Dev MSI,2520,WN 2025,GINF,020934,SI,649
60391602,FA 2023,GINF,WN 2025,WN 2025,02003,Information Mas,9455MSI,User-Centered Agile Dev MSI,2520,WN 2025,GINF,021033,SI,652
60391602,FA 2023,GINF,WN 2025,WN 2025,02003,Information Mas,9455MSI,User-Centered Agile Dev MSI,2520,WN 2025,GINF,047901,SI,699
60852160,FA 2023,GINF,WN 2025,WN 2025,02003,Information Mas,9445MSI,User Experience Design MSI,2460,FA 2023,GINF,017281,SI,588
60852160,FA 2023,GINF,WN 2025,WN 2025,02003,Information Mas,9445MSI,User Experience Design MSI,2460,FA 2023,GINF,039178,SI,539
60852160,FA 2023,GINF,WN 2025,WN 2025,02003,Information Mas,9445MSI,User Experience Design MSI,2460,FA 2023,GINF,042104,SI,501
60852160,FA 2023,GINF,WN 2025,WN 2025,02003,Information Mas,9445MSI,User Experience Design MSI,2460,FA 2023,GINF,044772,SI,582
60852160,FA 2023,GINF,WN 2025,WN 2025,02003,Information Mas,9445MSI,User Experience Design MSI,2470,WN 2024,GINF,012772,SI,548
60852160,FA 2023,GINF,WN 2025,WN 2025,02003,Information Mas,9445MSI,User Experience Design MSI,2470,WN 2024,GINF,020401,SI,622
60852160,FA 2023,GINF,WN 2025,WN 2025,02003,Information Mas,9445MSI,User Experience Design MSI,2470,WN 2024,GINF,021400,SI,520
60852160,FA 2023,GINF,WN 2025,WN 2025,02003,Information Mas,9445MSI,User Experience Design MSI,2470,WN 2024,GINF,040667,SI,681
60852160,FA 2023,GINF,WN 2025,WN 2025,02003,Information Mas,9445MSI,User Experience Design MSI,2470,WN 2024,GINF,050663,SI,568
60852160,FA 2023,GINF,WN 2025,WN 2025,02003,Information Mas,9445MSI,User Experience Design MSI,2510,FA 2024,GINF,001459,SI,690
60852160,FA 2023,GINF,WN 2025,WN 2025,02003,Information Mas,9445MSI,User Experience Design MSI,2510,FA 2024,GINF,021050,SI,691
60852160,FA 2023,GINF,WN 2025,WN 2025,02003,Information Mas,9445MSI,User Experience Design MSI,2510,FA 2024,GINF,043241,SI,657
60852160,FA 2023,GINF,WN 2025,WN 2025,02003,Information Mas,9445MSI,User Experience Design MSI,2510,FA 2024,GINF,045771,SI,684
60852160,FA 2023,GINF,WN 2025,WN 2025,02003,Information Mas,9445MSI,User Experience Design MSI,2510,FA 2024,GINF,048129,SI,505
60852160,FA 2023,GINF,WN 2025,WN 2025,02003,Information Mas,9445MSI,User Experience Design MSI,2520,WN 2025,GINF,001459,SI,690
60852160,FA 2023,GINF,WN 2025,WN 2025,02003,Information Mas,9445MSI,User Experience Design MSI,2520,WN 2025,GINF,045393,SI,552
60852160,FA 2023,GINF,WN 2025,WN 2025,02003,Information Mas,9445MSI,User Experience Design MSI,2520,WN 2025,GINF,047901,SI,699
60852160,FA 2023,GINF,WN 2025,WN 2025,02003,Information Mas,9445MSI,User Experience Design MSI,2520,WN 2025,GINF,049082,SI,682
60862390,FA 2023,GINF,WN 2024,WN 2024,02003,Information Mas,4470MSI9,Information MSI,2460,FA 2023,GINF,001459,SI,690
60862390,FA 2023,GINF,WN 2024,WN 2024,02003,Information Mas,4470MSI9,Information MSI,2460,FA 2023,GINF,043863,SI,612
60862390,FA 2023,GINF,WN 2024,WN 2024,02003,Information Mas,4470MSI9,Information MSI,2460,FA 2023,GINF,045393,SI,552
60862390,FA 2023,GINF,WN 2024,WN 2024,02003,Information Mas,4470MSI9,Information MSI,2460,FA 2023,GINF,045687,SI,538
60862390,FA 2023,GINF,WN 2024,WN 2024,02003,Information Mas,4470MSI9,Information MSI,2460,FA 2023,GINF,048487,SI,669
60862390,FA 2023,GINF,WN 2024,WN 2024,02003,Information Mas,4470MSI9,Information MSI,2460,FA 2023,GINF,048488,SI,559
60862390,FA 2023,GINF,WN 2024,WN 2024,02003,Information Mas,4470MSI9,Information MSI,2470,WN 2024,GINF,021391,SI,511
60862390,FA 2023,GINF,WN 2024,WN 2024,02003,Information Mas,4470MSI9,Information MSI,2470,WN 2024,GINF,044798,ENTR,599
60862390,FA 2023,GINF,WN 2024,WN 2024,02003,Information Mas,4470MSI9,Information MSI,2470,WN 2024,GINF,047901,SI,699
60862390,FA 2023,GINF,WN 2024,WN 2024,02003,Information Mas,4470MSI9,Information MSI,2470,WN 2024,GINF,051454,SI,594
60893784,FA 2023,GINF,WN 2025,WN 2025,02003,Information Mas,9455MSI,User-Centered Agile Dev MSI,2460,FA 2023,GINF,017281,SI,588
60893784,FA 2023,GINF,WN 2025,WN 2025,02003,Information Mas,9455MSI,User-Centered Agile Dev MSI,2460,FA 2023,GINF,039178,SI,539
60893784,FA 2023,GINF,WN 2025,WN 2025,02003,Information Mas,9455MSI,User-Centered Agile Dev MSI,2460,FA 2023,GINF,042104,SI,501
60893784,FA 2023,GINF,WN 2025,WN 2025,02003,Information Mas,9455MSI,User-Centered Agile Dev MSI,2460,FA 2023,GINF,044772,SI,582
60893784,FA 2023,GINF,WN 2025,WN 2025,02003,Information Mas,9455MSI,User-Centered Agile Dev MSI,2460,FA 2023,GINF,047246,SI,506
60893784,FA 2023,GINF,WN 2025,WN 2025,02003,Information Mas,9455MSI,User-Centered Agile Dev MSI,2470,WN 2024,GINF,020401,SI,622
60893784,FA 2023,GINF,WN 2025,WN 2025,02003,Information Mas,9455MSI,User-Centered Agile Dev MSI,2470,WN 2024,GINF,021400,SI,520
60893784,FA 2023,GINF,WN 2025,WN 2025,02003,Information Mas,9455MSI,User-Centered Agile Dev MSI,2470,WN 2024,GINF,040667,SI,681
60893784,FA 2023,GINF,WN 2025,WN 2025,02003,Information Mas,9455MSI,User-Centered Agile Dev MSI,2470,WN 2024,GINF,048486,SI,659
60893784,FA 2023,GINF,WN 2025,WN 2025,02003,Information Mas,9455MSI,User-Centered Agile Dev MSI,2470,WN 2024,GINF,050159,SI,579
60893784,FA 2023,GINF,WN 2025,WN 2025,02003,Information Mas,9455MSI,User-Centered Agile Dev MSI,2470,WN 2024,GINF,050164,SI,504
60893784,FA 2023,GINF,WN 2025,WN 2025,02003,Information Mas,9455MSI,User-Centered Agile Dev MSI,2510,FA 2024,GINF,003736,MKT,625
60893784,FA 2023,GINF,WN 2025,WN 2025,02003,Information Mas,9455MSI,User-Centered Agile Dev MSI,2510,FA 2024,GINF,041855,SI,631
60893784,FA 2023,GINF,WN 2025,WN 2025,02003,Information Mas,9455MSI,User-Centered Agile Dev MSI,2510,FA 2024,GINF,043863,SI,612
60893784,FA 2023,GINF,WN 2025,WN 2025,02003,Information Mas,9455MSI,User-Centered Agile Dev MSI,2510,FA 2024,GINF,048421,ENTR,560
60893784,FA 2023,GINF,WN 2025,WN 2025,02003,Information Mas,9455MSI,User-Centered Agile Dev MSI,2510,FA 2024,GINF,048487,SI,669
60893784,FA 2023,GINF,WN 2025,WN 2025,02003,Information Mas,9455MSI,User-Centered Agile Dev MSI,2520,WN 2025,GINF,047901,SI,699
61216517,FA 2023,GINF,WN 2025,WN 2025,02003,Information Mas,9445MSI,User Experience Design MSI,2460,FA 2023,GINF,017281,SI,588
61216517,FA 2023,GINF,WN 2025,WN 2025,02003,Information Mas,9445MSI,User Experience Design MSI,2460,FA 2023,GINF,042104,SI,501
61216517,FA 2023,GINF,WN 2025,WN 2025,02003,Information Mas,9445MSI,User Experience Design MSI,2460,FA 2023,GINF,047228,ENTR,500
61216517,FA 2023,GINF,WN 2025,WN 2025,02003,Information Mas,9445MSI,User Experience Design MSI,2460,FA 2023,GINF,047246,SI,506
61216517,FA 2023,GINF,WN 2025,WN 2025,02003,Information Mas,9445MSI,User Experience Design MSI,2460,FA 2023,GINF,048129,SI,505
61216517,FA 2023,GINF,WN 2025,WN 2025,02003,Information Mas,9445MSI,User Experience Design MSI,2470,WN 2024,GINF,020401,SI,622
61216517,FA 2023,GINF,WN 2025,WN 2025,02003,Information Mas,9445MSI,User Experience Design MSI,2470,WN 2024,GINF,021400,SI,520
61216517,FA 2023,GINF,WN 2025,WN 2025,02003,Information Mas,9445MSI,User Experience Design MSI,2470,WN 2024,GINF,039178,SI,539
61216517,FA 2023,GINF,WN 2025,WN 2025,02003,Information Mas,9445MSI,User Experience Design MSI,2470,WN 2024,GINF,040667,SI,681
61216517,FA 2023,GINF,WN 2025,WN 2025,02003,Information Mas,9445MSI,User Experience Design MSI,2470,WN 2024,GINF,044772,SI,582
61216517,FA 2023,GINF,WN 2025,WN 2025,02003,Information Mas,9445MSI,User Experience Design MSI,2470,WN 2024,GINF,044798,ENTR,599
61216517,FA 2023,GINF,WN 2025,WN 2025,02003,Information Mas,9445MSI,User Experience Design MSI,2510,FA 2024,GINF,038659,SI,519
61216517,FA 2023,GINF,WN 2025,WN 2025,02003,Information Mas,9445MSI,User Experience Design MSI,2510,FA 2024,GINF,039081,SI,529
61216517,FA 2023,GINF,WN 2025,WN 2025,02003,Information Mas,9445MSI,User Experience Design MSI,2510,FA 2024,GINF,041336,STRATEGY,675
61216517,FA 2023,GINF,WN 2025,WN 2025,02003,Information Mas,9445MSI,User Experience Design MSI,2510,FA 2024,GINF,048421,ENTR,560
61216517,FA 2023,GINF,WN 2025,WN 2025,02003,Information Mas,9445MSI,User Experience Design MSI,2520,WN 2025,GINF,022099,SI,658
61216517,FA 2023,GINF,WN 2025,WN 2025,02003,Information Mas,9445MSI,User Experience Design MSI,2520,WN 2025,GINF,044799,ENTR,490
61216517,FA 2023,GINF,WN 2025,WN 2025,02003,Information Mas,9445MSI,User Experience Design MSI,2520,WN 2025,GINF,047901,SI,699
61216517,FA 2023,GINF,WN 2025,WN 2025,02003,Information Mas,9445MSI,User Experience Design MSI,2520,WN 2025,GINF,049776,SW,663
62025928,FA 2023,GINF,WN 2025,WN 2025,02003,Information Mas,9455MSI,User-Centered Agile Dev MSI,2460,FA 2023,GINF,039178,SI,539
62025928,FA 2023,GINF,WN 2025,WN 2025,02003,Information Mas,9455MSI,User-Centered Agile Dev MSI,2460,FA 2023,GINF,042104,SI,501
62025928,FA 2023,GINF,WN 2025,WN 2025,02003,Information Mas,9455MSI,User-Centered Agile Dev MSI,2460,FA 2023,GINF,044772,SI,582
62025928,FA 2023,GINF,WN 2025,WN 2025,02003,Information Mas,9455MSI,User-Centered Agile Dev MSI,2460,FA 2023,GINF,045687,SI,538
62025928,FA 2023,GINF,WN 2025,WN 2025,02003,Information Mas,9455MSI,User-Centered Agile Dev MSI,2470,WN 2024,GINF,020401,SI,622
62025928,FA 2023,GINF,WN 2025,WN 2025,02003,Information Mas,9455MSI,User-Centered Agile Dev MSI,2470,WN 2024,GINF,021391,SI,511
62025928,FA 2023,GINF,WN 2025,WN 2025,02003,Information Mas,9455MSI,User-Centered Agile Dev MSI,2470,WN 2024,GINF,040667,SI,681
62025928,FA 2023,GINF,WN 2025,WN 2025,02003,Information Mas,9455MSI,User-Centered Agile Dev MSI,2470,WN 2024,GINF,041626,SI,664
62025928,FA 2023,GINF,WN 2025,WN 2025,02003,Information Mas,9455MSI,User-Centered Agile Dev MSI,2470,WN 2024,GINF,049601,SI,564
62025928,FA 2023,GINF,WN 2025,WN 2025,02003,Information Mas,9455MSI,User-Centered Agile Dev MSI,2470,WN 2024,GINF,050159,SI,579
62025928,FA 2023,GINF,WN 2025,WN 2025,02003,Information Mas,9455MSI,User-Centered Agile Dev MSI,2510,FA 2024,GINF,001459,SI,690
62025928,FA 2023,GINF,WN 2025,WN 2025,02003,Information Mas,9455MSI,User-Centered Agile Dev MSI,2510,FA 2024,GINF,045393,SI,552
62025928,FA 2023,GINF,WN 2025,WN 2025,02003,Information Mas,9455MSI,User-Centered Agile Dev MSI,2510,FA 2024,GINF,048488,SI,559
62025928,FA 2023,GINF,WN 2025,WN 2025,02003,Information Mas,9455MSI,User-Centered Agile Dev MSI,2520,WN 2025,GINF,021050,SI,691
62025928,FA 2023,GINF,WN 2025,WN 2025,02003,Information Mas,9455MSI,User-Centered Agile Dev MSI,2520,WN 2025,GINF,047901,SI,699
62025928,FA 2023,GINF,WN 2025,WN 2025,02003,Information Mas,9455MSI,User-Centered Agile Dev MSI,2520,WN 2025,GINF,050650,EDUC,618
62503636,FA 2023,GINF,WN 2025,WN 2025,02003,Information Mas,9445MSI,User Experience Design MSI,2460,FA 2023,GINF,017281,SI,588
62503636,FA 2023,GINF,WN 2025,WN 2025,02003,Information Mas,9445MSI,User Experience Design MSI,2460,FA 2023,GINF,042104,SI,501
62503636,FA 2023,GINF,WN 2025,WN 2025,02003,Information Mas,9445MSI,User Experience Design MSI,2460,FA 2023,GINF,044772,SI,582
62503636,FA 2023,GINF,WN 2025,WN 2025,02003,Information Mas,9445MSI,User Experience Design MSI,2460,FA 2023,GINF,047246,SI,506
62503636,FA 2023,GINF,WN 2025,WN 2025,02003,Information Mas,9445MSI,User Experience Design MSI,2470,WN 2024,GINF,020401,SI,622
62503636,FA 2023,GINF,WN 2025,WN 2025,02003,Information Mas,9445MSI,User Experience Design MSI,2470,WN 2024,GINF,021400,SI,520
62503636,FA 2023,GINF,WN 2025,WN 2025,02003,Information Mas,9445MSI,User Experience Design MSI,2470,WN 2024,GINF,039178,SI,539
62503636,FA 2023,GINF,WN 2025,WN 2025,02003,Information Mas,9445MSI,User Experience Design MSI,2470,WN 2024,GINF,040667,SI,681
62503636,FA 2023,GINF,WN 2025,WN 2025,02003,Information Mas,9445MSI,User Experience Design MSI,2510,FA 2024,GINF,017533,MO,512
62503636,FA 2023,GINF,WN 2025,WN 2025,02003,Information Mas,9445MSI,User Experience Design MSI,2510,FA 2024,GINF,045393,SI,552
62503636,FA 2023,GINF,WN 2025,WN 2025,02003,Information Mas,9445MSI,User Experience Design MSI,2510,FA 2024,GINF,045771,SI,684
62503636,FA 2023,GINF,WN 2025,WN 2025,02003,Information Mas,9445MSI,User Experience Design MSI,2510,FA 2024,GINF,047228,ENTR,500
62503636,FA 2023,GINF,WN 2025,WN 2025,02003,Information Mas,9445MSI,User Experience Design MSI,2510,FA 2024,GINF,048488,SI,559
62503636,FA 2023,GINF,WN 2025,WN 2025,02003,Information Mas,9445MSI,User Experience Design MSI,2520,WN 2025,GINF,047304,ENTR,550
62503636,FA 2023,GINF,WN 2025,WN 2025,02003,Information Mas,9445MSI,User Experience Design MSI,2520,WN 2025,GINF,047901,SI,699
63184699,FA 2023,GINF,WN 2025,WN 2025,02003,Information Mas,0775MSI,Big Data Analytics MSI,2460,FA 2023,GINF,009732,SI,650
63184699,FA 2023,GINF,WN 2025,WN 2025,02003,Information Mas,0775MSI,Big Data Analytics MSI,2460,FA 2023,GINF,042071,SI,563
63184699,FA 2023,GINF,WN 2025,WN 2025,02003,Information Mas,0775MSI,Big Data Analytics MSI,2460,FA 2023,GINF,042091,SI,618
63184699,FA 2023,GINF,WN 2025,WN 2025,02003,Information Mas,0775MSI,Big Data Analytics MSI,2460,FA 2023,GINF,042104,SI,501
63184699,FA 2023,GINF,WN 2025,WN 2025,02003,Information Mas,0775MSI,Big Data Analytics MSI,2460,FA 2023,GINF,047640,SI,507
63184699,FA 2023,GINF,WN 2025,WN 2025,02003,Information Mas,0775MSI,Big Data Analytics MSI,2460,FA 2023,GINF,048129,SI,505
63184699,FA 2023,GINF,WN 2025,WN 2025,02003,Information Mas,0775MSI,Big Data Analytics MSI,2470,WN 2024,GINF,020934,SI,649
63184699,FA 2023,GINF,WN 2025,WN 2025,02003,Information Mas,0775MSI,Big Data Analytics MSI,2470,WN 2024,GINF,044772,SI,582
63184699,FA 2023,GINF,WN 2025,WN 2025,02003,Information Mas,0775MSI,Big Data Analytics MSI,2470,WN 2024,GINF,048268,SI,630
63184699,FA 2023,GINF,WN 2025,WN 2025,02003,Information Mas,0775MSI,Big Data Analytics MSI,2470,WN 2024,GINF,049601,SI,564
63184699,FA 2023,GINF,WN 2025,WN 2025,02003,Information Mas,0775MSI,Big Data Analytics MSI,2470,WN 2024,GINF,050663,SI,568
63184699,FA 2023,GINF,WN 2025,WN 2025,02003,Information Mas,0775MSI,Big Data Analytics MSI,2470,WN 2024,GINF,050983,SI,602
63184699,FA 2023,GINF,WN 2025,WN 2025,02003,Information Mas,0775MSI,Big Data Analytics MSI,2510,FA 2024,GINF,041934,SI,608
63184699,FA 2023,GINF,WN 2025,WN 2025,02003,Information Mas,0775MSI,Big Data Analytics MSI,2510,FA 2024,GINF,045930,SI,671
63184699,FA 2023,GINF,WN 2025,WN 2025,02003,Information Mas,0775MSI,Big Data Analytics MSI,2510,FA 2024,GINF,048500,SI,670
63184699,FA 2023,GINF,WN 2025,WN 2025,02003,Information Mas,0775MSI,Big Data Analytics MSI,2520,WN 2025,GINF,039178,SI,539
63184699,FA 2023,GINF,WN 2025,WN 2025,02003,Information Mas,0775MSI,Big Data Analytics MSI,2520,WN 2025,GINF,041626,SI,664
63184699,FA 2023,GINF,WN 2025,WN 2025,02003,Information Mas,0775MSI,Big Data Analytics MSI,2520,WN 2025,GINF,047901,SI,699
63245312,FA 2023,GINF,WN 2025,WN 2025,02003,Information Mas,0775MSI,Big Data Analytics MSI,2460,FA 2023,GINF,041626,SI,664
63245312,FA 2023,GINF,WN 2025,WN 2025,02003,Information Mas,0775MSI,Big Data Analytics MSI,2460,FA 2023,GINF,042091,SI,618
63245312,FA 2023,GINF,WN 2025,WN 2025,02003,Information Mas,0775MSI,Big Data Analytics MSI,2460,FA 2023,GINF,042104,SI,501
63245312,FA 2023,GINF,WN 2025,WN 2025,02003,Information Mas,0775MSI,Big Data Analytics MSI,2460,FA 2023,GINF,047640,SI,507
63245312,FA 2023,GINF,WN 2025,WN 2025,02003,Information Mas,0775MSI,Big Data Analytics MSI,2460,FA 2023,GINF,049601,SI,564
63245312,FA 2023,GINF,WN 2025,WN 2025,02003,Information Mas,0775MSI,Big Data Analytics MSI,2460,FA 2023,GINF,050164,SI,504
63245312,FA 2023,GINF,WN 2025,WN 2025,02003,Information Mas,0775MSI,Big Data Analytics MSI,2470,WN 2024,GINF,020934,SI,649
63245312,FA 2023,GINF,WN 2025,WN 2025,02003,Information Mas,0775MSI,Big Data Analytics MSI,2470,WN 2024,GINF,039178,SI,539
63245312,FA 2023,GINF,WN 2025,WN 2025,02003,Information Mas,0775MSI,Big Data Analytics MSI,2470,WN 2024,GINF,042324,SI,639
63245312,FA 2023,GINF,WN 2025,WN 2025,02003,Information Mas,0775MSI,Big Data Analytics MSI,2470,WN 2024,GINF,050663,SI,568
63245312,FA 2023,GINF,WN 2025,WN 2025,02003,Information Mas,0775MSI,Big Data Analytics MSI,2470,WN 2024,GINF,050983,SI,602
63245312,FA 2023,GINF,WN 2025,WN 2025,02003,Information Mas,0775MSI,Big Data Analytics MSI,2510,FA 2024,GINF,042071,SI,563
63245312,FA 2023,GINF,WN 2025,WN 2025,02003,Information Mas,0775MSI,Big Data Analytics MSI,2510,FA 2024,GINF,045930,SI,671
63245312,FA 2023,GINF,WN 2025,WN 2025,02003,Information Mas,0775MSI,Big Data Analytics MSI,2510,FA 2024,GINF,047228,ENTR,500
63245312,FA 2023,GINF,WN 2025,WN 2025,02003,Information Mas,0775MSI,Big Data Analytics MSI,2510,FA 2024,GINF,048487,SI,669
63245312,FA 2023,GINF,WN 2025,WN 2025,02003,Information Mas,0775MSI,Big Data Analytics MSI,2510,FA 2024,GINF,050159,SI,579
63245312,FA 2023,GINF,WN 2025,WN 2025,02003,Information Mas,0775MSI,Big Data Analytics MSI,2520,WN 2025,GINF,047901,SI,699
63245312,FA 2023,GINF,WN 2025,WN 2025,02003,Information Mas,0775MSI,Big Data Analytics MSI,2520,WN 2025,GINF,048268,SI,630
63529052,FA 2023,GINF,WN 2024,WN 2024,02003,Information Mas,4470MSI9,Information MSI,2460,FA 2023,GINF,001459,SI,690
63529052,FA 2023,GINF,WN 2024,WN 2024,02003,Information Mas,4470MSI9,Information MSI,2460,FA 2023,GINF,039081,SI,529
63529052,FA 2023,GINF,WN 2024,WN 2024,02003,Information Mas,4470MSI9,Information MSI,2460,FA 2023,GINF,042104,SI,501
63529052,FA 2023,GINF,WN 2024,WN 2024,02003,Information Mas,4470MSI9,Information MSI,2460,FA 2023,GINF,048488,SI,559
63529052,FA 2023,GINF,WN 2024,WN 2024,02003,Information Mas,4470MSI9,Information MSI,2470,WN 2024,GINF,045393,SI,552
63529052,FA 2023,GINF,WN 2024,WN 2024,02003,Information Mas,4470MSI9,Information MSI,2470,WN 2024,GINF,047901,SI,699
63529052,FA 2023,GINF,WN 2024,WN 2024,02003,Information Mas,4470MSI9,Information MSI,2470,WN 2024,GINF,048877,SI,610
63795798,FA 2023,GINF,WN 2027, ,02003,Information Mas,0775MSI,Big Data Analytics MSI,2460,FA 2023,GINF,009732,SI,650
63795798,FA 2023,GINF,WN 2027, ,02003,Information Mas,0775MSI,Big Data Analytics MSI,2460,FA 2023,GINF,039178,SI,539
63795798,FA 2023,GINF,WN 2027, ,02003,Information Mas,0775MSI,Big Data Analytics MSI,2460,FA 2023,GINF,041626,SI,664
63795798,FA 2023,GINF,WN 2027, ,02003,Information Mas,0775MSI,Big Data Analytics MSI,2460,FA 2023,GINF,042091,SI,618
63795798,FA 2023,GINF,WN 2027, ,02003,Information Mas,0775MSI,Big Data Analytics MSI,2460,FA 2023,GINF,042104,SI,501
63795798,FA 2023,GINF,WN 2027, ,02003,Information Mas,0775MSI,Big Data Analytics MSI,2460,FA 2023,GINF,049601,SI,564
63795798,FA 2023,GINF,WN 2027, ,02003,Information Mas,0775MSI,Big Data Analytics MSI,2470,WN 2024,GINF,021033,SI,652
63795798,FA 2023,GINF,WN 2027, ,02003,Information Mas,0775MSI,Big Data Analytics MSI,2470,WN 2024,GINF,040667,SI,681
63795798,FA 2023,GINF,WN 2027, ,02003,Information Mas,0775MSI,Big Data Analytics MSI,2470,WN 2024,GINF,048268,SI,630
63795798,FA 2023,GINF,WN 2027, ,02003,Information Mas,0775MSI,Big Data Analytics MSI,2470,WN 2024,GINF,050663,SI,568
63795798,FA 2023,GINF,WN 2027, ,02003,Information Mas,0775MSI,Big Data Analytics MSI,2470,WN 2024,GINF,050771,EECS,602
63795798,FA 2023,GINF,WN 2027, ,02003,Information Mas,0775MSI,Big Data Analytics MSI,2470,WN 2024,GINF,050983,SI,602
64071429,FA 2023,GINF,WN 2025,WN 2025,02003,Information Mas,0775MSI,Big Data Analytics MSI,2460,FA 2023,GINF,016607,SI,544
64071429,FA 2023,GINF,WN 2025,WN 2025,02003,Information Mas,0775MSI,Big Data Analytics MSI,2460,FA 2023,GINF,042104,SI,501
64071429,FA 2023,GINF,WN 2025,WN 2025,02003,Information Mas,0775MSI,Big Data Analytics MSI,2460,FA 2023,GINF,047246,SI,506
64071429,FA 2023,GINF,WN 2025,WN 2025,02003,Information Mas,0775MSI,Big Data Analytics MSI,2460,FA 2023,GINF,049601,SI,564
64071429,FA 2023,GINF,WN 2025,WN 2025,02003,Information Mas,0775MSI,Big Data Analytics MSI,2460,FA 2023,GINF,050164,SI,504
64071429,FA 2023,GINF,WN 2025,WN 2025,02003,Information Mas,0775MSI,Big Data Analytics MSI,2470,WN 2024,GINF,040667,SI,681
64071429,FA 2023,GINF,WN 2025,WN 2025,02003,Information Mas,0775MSI,Big Data Analytics MSI,2470,WN 2024,GINF,042091,SI,618
64071429,FA 2023,GINF,WN 2025,WN 2025,02003,Information Mas,0775MSI,Big Data Analytics MSI,2470,WN 2024,GINF,047640,SI,507
64071429,FA 2023,GINF,WN 2025,WN 2025,02003,Information Mas,0775MSI,Big Data Analytics MSI,2470,WN 2024,GINF,050663,SI,568
64071429,FA 2023,GINF,WN 2025,WN 2025,02003,Information Mas,0775MSI,Big Data Analytics MSI,2470,WN 2024,GINF,050983,SI,602
64071429,FA 2023,GINF,WN 2025,WN 2025,02003,Information Mas,0775MSI,Big Data Analytics MSI,2510,FA 2024,GINF,020934,SI,649
64071429,FA 2023,GINF,WN 2025,WN 2025,02003,Information Mas,0775MSI,Big Data Analytics MSI,2510,FA 2024,GINF,041934,SI,608
64071429,FA 2023,GINF,WN 2025,WN 2025,02003,Information Mas,0775MSI,Big Data Analytics MSI,2510,FA 2024,GINF,045930,SI,671
64071429,FA 2023,GINF,WN 2025,WN 2025,02003,Information Mas,0775MSI,Big Data Analytics MSI,2510,FA 2024,GINF,051462,SI,644
64071429,FA 2023,GINF,WN 2025,WN 2025,02003,Information Mas,0775MSI,Big Data Analytics MSI,2520,WN 2025,GINF,047901,SI,699
64071429,FA 2023,GINF,WN 2025,WN 2025,02003,Information Mas,0775MSI,Big Data Analytics MSI,2520,WN 2025,GINF,048268,SI,630
64071429,FA 2023,GINF,WN 2025,WN 2025,02003,Information Mas,0775MSI,Big Data Analytics MSI,2520,WN 2025,GINF,050162,SI,510
64903800,FA 2023,GINF,WN 2025,WN 2025,02003,Information Mas,9455MSI,User-Centered Agile Dev MSI,2460,FA 2023,GINF,017281,SI,588
64903800,FA 2023,GINF,WN 2025,WN 2025,02003,Information Mas,9455MSI,User-Centered Agile Dev MSI,2460,FA 2023,GINF,042104,SI,501
64903800,FA 2023,GINF,WN 2025,WN 2025,02003,Information Mas,9455MSI,User-Centered Agile Dev MSI,2460,FA 2023,GINF,044772,SI,582
64903800,FA 2023,GINF,WN 2025,WN 2025,02003,Information Mas,9455MSI,User-Centered Agile Dev MSI,2460,FA 2023,GINF,047246,SI,506
64903800,FA 2023,GINF,WN 2025,WN 2025,02003,Information Mas,9455MSI,User-Centered Agile Dev MSI,2470,WN 2024,GINF,020401,SI,622
64903800,FA 2023,GINF,WN 2025,WN 2025,02003,Information Mas,9455MSI,User-Centered Agile Dev MSI,2470,WN 2024,GINF,039178,SI,539
64903800,FA 2023,GINF,WN 2025,WN 2025,02003,Information Mas,9455MSI,User-Centered Agile Dev MSI,2470,WN 2024,GINF,040667,SI,681
64903800,FA 2023,GINF,WN 2025,WN 2025,02003,Information Mas,9455MSI,User-Centered Agile Dev MSI,2470,WN 2024,GINF,050159,SI,579
64903800,FA 2023,GINF,WN 2025,WN 2025,02003,Information Mas,9455MSI,User-Centered Agile Dev MSI,2470,WN 2024,GINF,050164,SI,504
64903800,FA 2023,GINF,WN 2025,WN 2025,02003,Information Mas,9455MSI,User-Centered Agile Dev MSI,2510,FA 2024,GINF,021400,SI,520
64903800,FA 2023,GINF,WN 2025,WN 2025,02003,Information Mas,9455MSI,User-Centered Agile Dev MSI,2510,FA 2024,GINF,041626,SI,664
64903800,FA 2023,GINF,WN 2025,WN 2025,02003,Information Mas,9455MSI,User-Centered Agile Dev MSI,2510,FA 2024,GINF,047640,SI,507
64903800,FA 2023,GINF,WN 2025,WN 2025,02003,Information Mas,9455MSI,User-Centered Agile Dev MSI,2510,FA 2024,GINF,048487,SI,669
64903800,FA 2023,GINF,WN 2025,WN 2025,02003,Information Mas,9455MSI,User-Centered Agile Dev MSI,2520,WN 2025,GINF,045393,SI,552
64903800,FA 2023,GINF,WN 2025,WN 2025,02003,Information Mas,9455MSI,User-Centered Agile Dev MSI,2520,WN 2025,GINF,047901,SI,699
64903800,FA 2023,GINF,WN 2025,WN 2025,02003,Information Mas,9455MSI,User-Centered Agile Dev MSI,2520,WN 2025,GINF,048486,SI,659
65247426,FA 2023,GINF,WN 2025,WN 2025,02003,Information Mas,9455MSI,User-Centered Agile Dev MSI,2460,FA 2023,GINF,039178,SI,539
65247426,FA 2023,GINF,WN 2025,WN 2025,02003,Information Mas,9455MSI,User-Centered Agile Dev MSI,2460,FA 2023,GINF,044772,SI,582
65247426,FA 2023,GINF,WN 2025,WN 2025,02003,Information Mas,9455MSI,User-Centered Agile Dev MSI,2460,FA 2023,GINF,047246,SI,506
65247426,FA 2023,GINF,WN 2025,WN 2025,02003,Information Mas,9455MSI,User-Centered Agile Dev MSI,2460,FA 2023,GINF,050164,SI,504
65247426,FA 2023,GINF,WN 2025,WN 2025,02003,Information Mas,9455MSI,User-Centered Agile Dev MSI,2470,WN 2024,GINF,020401,SI,622
65247426,FA 2023,GINF,WN 2025,WN 2025,02003,Information Mas,9455MSI,User-Centered Agile Dev MSI,2470,WN 2024,GINF,040667,SI,681
65247426,FA 2023,GINF,WN 2025,WN 2025,02003,Information Mas,9455MSI,User-Centered Agile Dev MSI,2470,WN 2024,GINF,041626,SI,664
65247426,FA 2023,GINF,WN 2025,WN 2025,02003,Information Mas,9455MSI,User-Centered Agile Dev MSI,2470,WN 2024,GINF,050159,SI,579
65247426,FA 2023,GINF,WN 2025,WN 2025,02003,Information Mas,9455MSI,User-Centered Agile Dev MSI,2510,FA 2024,GINF,017281,SI,588
65247426,FA 2023,GINF,WN 2025,WN 2025,02003,Information Mas,9455MSI,User-Centered Agile Dev MSI,2510,FA 2024,GINF,047640,SI,507
65247426,FA 2023,GINF,WN 2025,WN 2025,02003,Information Mas,9455MSI,User-Centered Agile Dev MSI,2510,FA 2024,GINF,048487,SI,669
65247426,FA 2023,GINF,WN 2025,WN 2025,02003,Information Mas,9455MSI,User-Centered Agile Dev MSI,2510,FA 2024,GINF,049601,SI,564
65247426,FA 2023,GINF,WN 2025,WN 2025,02003,Information Mas,9455MSI,User-Centered Agile Dev MSI,2520,WN 2025,GINF,022099,SI,658
65247426,FA 2023,GINF,WN 2025,WN 2025,02003,Information Mas,9455MSI,User-Centered Agile Dev MSI,2520,WN 2025,GINF,043863,SI,612
65247426,FA 2023,GINF,WN 2025,WN 2025,02003,Information Mas,9455MSI,User-Centered Agile Dev MSI,2520,WN 2025,GINF,045732,SI,554
65247426,FA 2023,GINF,WN 2025,WN 2025,02003,Information Mas,9455MSI,User-Centered Agile Dev MSI,2520,WN 2025,GINF,047901,SI,699
65651873,FA 2023,GINF,WN 2027, ,02003,Information Mas,0775MSI,Big Data Analytics MSI,2460,FA 2023,GINF,016607,SI,544
65651873,FA 2023,GINF,WN 2027, ,02003,Information Mas,0775MSI,Big Data Analytics MSI,2460,FA 2023,GINF,042104,SI,501
65651873,FA 2023,GINF,WN 2027, ,02003,Information Mas,0775MSI,Big Data Analytics MSI,2460,FA 2023,GINF,047246,SI,506
65651873,FA 2023,GINF,WN 2027, ,02003,Information Mas,0775MSI,Big Data Analytics MSI,2460,FA 2023,GINF,049601,SI,564
65651873,FA 2023,GINF,WN 2027, ,02003,Information Mas,0775MSI,Big Data Analytics MSI,2460,FA 2023,GINF,050164,SI,504
65651873,FA 2023,GINF,WN 2027, ,02003,Information Mas,0775MSI,Big Data Analytics MSI,2470,WN 2024,GINF,040667,SI,681
65651873,FA 2023,GINF,WN 2027, ,02003,Information Mas,0775MSI,Big Data Analytics MSI,2470,WN 2024,GINF,042091,SI,618
65651873,FA 2023,GINF,WN 2027, ,02003,Information Mas,0775MSI,Big Data Analytics MSI,2470,WN 2024,GINF,047640,SI,507
65651873,FA 2023,GINF,WN 2027, ,02003,Information Mas,0775MSI,Big Data Analytics MSI,2470,WN 2024,GINF,050663,SI,568
65651873,FA 2023,GINF,WN 2027, ,02003,Information Mas,0775MSI,Big Data Analytics MSI,2470,WN 2024,GINF,050983,SI,602
65651873,FA 2023,GINF,WN 2027, ,02003,Information Mas,0775MSI,Big Data Analytics MSI,2510,FA 2024,GINF,020934,SI,649
65651873,FA 2023,GINF,WN 2027, ,02003,Information Mas,0775MSI,Big Data Analytics MSI,2510,FA 2024,GINF,038659,SI,519
65651873,FA 2023,GINF,WN 2027, ,02003,Information Mas,0775MSI,Big Data Analytics MSI,2510,FA 2024,GINF,045930,SI,671
65651873,FA 2023,GINF,WN 2027, ,02003,Information Mas,0775MSI,Big Data Analytics MSI,2510,FA 2024,GINF,048500,SI,670
65651873,FA 2023,GINF,WN 2027, ,02003,Information Mas,0775MSI,Big Data Analytics MSI,2520,WN 2025,GINF,020934,SI,649
65651873,FA 2023,GINF,WN 2027, ,02003,Information Mas,0775MSI,Big Data Analytics MSI,2520,WN 2025,GINF,047209,EDUC,591
65651873,FA 2023,GINF,WN 2027, ,02003,Information Mas,0775MSI,Big Data Analytics MSI,2520,WN 2025,GINF,047228,ENTR,500
65651873,FA 2023,GINF,WN 2027, ,02003,Information Mas,0775MSI,Big Data Analytics MSI,2520,WN 2025,GINF,047901,SI,699
65651873,FA 2023,GINF,WN 2027, ,02003,Information Mas,0775MSI,Big Data Analytics MSI,2520,WN 2025,GINF,048268,SI,630
65651873,FA 2023,GINF,WN 2027, ,02003,Information Mas,0775MSI,Big Data Analytics MSI,2520,WN 2025,GINF,050983,SI,602
65651873,FA 2023,GINF,WN 2027, ,02003,Information Mas,0775MSI,Big Data Analytics MSI,2520,WN 2025,GINF,051462,SI,644
66104563,FA 2023,GINF,FA 2024,FA 2024,02003,Information Mas,9445MSI,User Experience Design MSI,2460,FA 2023,GINF,017281,SI,588
66104563,FA 2023,GINF,FA 2024,FA 2024,02003,Information Mas,9445MSI,User Experience Design MSI,2460,FA 2023,GINF,021400,SI,520
66104563,FA 2023,GINF,FA 2024,FA 2024,02003,Information Mas,9445MSI,User Experience Design MSI,2460,FA 2023,GINF,039178,SI,539
66104563,FA 2023,GINF,FA 2024,FA 2024,02003,Information Mas,9445MSI,User Experience Design MSI,2460,FA 2023,GINF,042104,SI,501
66104563,FA 2023,GINF,FA 2024,FA 2024,02003,Information Mas,9445MSI,User Experience Design MSI,2470,WN 2024,GINF,007395,ARCH,509
66104563,FA 2023,GINF,FA 2024,FA 2024,02003,Information Mas,9445MSI,User Experience Design MSI,2470,WN 2024,GINF,020401,SI,622
66104563,FA 2023,GINF,FA 2024,FA 2024,02003,Information Mas,9445MSI,User Experience Design MSI,2470,WN 2024,GINF,021391,SI,511
66104563,FA 2023,GINF,FA 2024,FA 2024,02003,Information Mas,9445MSI,User Experience Design MSI,2470,WN 2024,GINF,022099,SI,658
66104563,FA 2023,GINF,FA 2024,FA 2024,02003,Information Mas,9445MSI,User Experience Design MSI,2470,WN 2024,GINF,039081,SI,529
66104563,FA 2023,GINF,FA 2024,FA 2024,02003,Information Mas,9445MSI,User Experience Design MSI,2470,WN 2024,GINF,040667,SI,681
66104563,FA 2023,GINF,FA 2024,FA 2024,02003,Information Mas,9445MSI,User Experience Design MSI,2470,WN 2024,GINF,048488,SI,559
66104563,FA 2023,GINF,FA 2024,FA 2024,02003,Information Mas,9445MSI,User Experience Design MSI,2510,FA 2024,GINF,047901,SI,699
66511843,FA 2023,GINF,WN 2025,WN 2025,02003,Information Mas,0775MSI,Big Data Analytics MSI,2460,FA 2023,GINF,016607,SI,544
66511843,FA 2023,GINF,WN 2025,WN 2025,02003,Information Mas,0775MSI,Big Data Analytics MSI,2460,FA 2023,GINF,042104,SI,501
66511843,FA 2023,GINF,WN 2025,WN 2025,02003,Information Mas,0775MSI,Big Data Analytics MSI,2460,FA 2023,GINF,047246,SI,506
66511843,FA 2023,GINF,WN 2025,WN 2025,02003,Information Mas,0775MSI,Big Data Analytics MSI,2460,FA 2023,GINF,050164,SI,504
66511843,FA 2023,GINF,WN 2025,WN 2025,02003,Information Mas,0775MSI,Big Data Analytics MSI,2470,WN 2024,GINF,042091,SI,618
66511843,FA 2023,GINF,WN 2025,WN 2025,02003,Information Mas,0775MSI,Big Data Analytics MSI,2470,WN 2024,GINF,047640,SI,507
66511843,FA 2023,GINF,WN 2025,WN 2025,02003,Information Mas,0775MSI,Big Data Analytics MSI,2470,WN 2024,GINF,050663,SI,568
66511843,FA 2023,GINF,WN 2025,WN 2025,02003,Information Mas,0775MSI,Big Data Analytics MSI,2470,WN 2024,GINF,050983,SI,602
66511843,FA 2023,GINF,WN 2025,WN 2025,02003,Information Mas,0775MSI,Big Data Analytics MSI,2510,FA 2024,GINF,020934,SI,649
66511843,FA 2023,GINF,WN 2025,WN 2025,02003,Information Mas,0775MSI,Big Data Analytics MSI,2510,FA 2024,GINF,038659,SI,519
66511843,FA 2023,GINF,WN 2025,WN 2025,02003,Information Mas,0775MSI,Big Data Analytics MSI,2510,FA 2024,GINF,045930,SI,671
66511843,FA 2023,GINF,WN 2025,WN 2025,02003,Information Mas,0775MSI,Big Data Analytics MSI,2510,FA 2024,GINF,048500,SI,670
66511843,FA 2023,GINF,WN 2025,WN 2025,02003,Information Mas,0775MSI,Big Data Analytics MSI,2510,FA 2024,GINF,049601,SI,564
66511843,FA 2023,GINF,WN 2025,WN 2025,02003,Information Mas,0775MSI,Big Data Analytics MSI,2520,WN 2025,GINF,015660,WRITING,993
66511843,FA 2023,GINF,WN 2025,WN 2025,02003,Information Mas,0775MSI,Big Data Analytics MSI,2520,WN 2025,GINF,021033,SI,652
66511843,FA 2023,GINF,WN 2025,WN 2025,02003,Information Mas,0775MSI,Big Data Analytics MSI,2520,WN 2025,GINF,039372,SI,565
66511843,FA 2023,GINF,WN 2025,WN 2025,02003,Information Mas,0775MSI,Big Data Analytics MSI,2520,WN 2025,GINF,041626,SI,664
66511843,FA 2023,GINF,WN 2025,WN 2025,02003,Information Mas,0775MSI,Big Data Analytics MSI,2520,WN 2025,GINF,047901,SI,699
66511843,FA 2023,GINF,WN 2025,WN 2025,02003,Information Mas,0775MSI,Big Data Analytics MSI,2520,WN 2025,GINF,051462,SI,644
66530472,FA 2023,GINF,WN 2025,WN 2025,02003,Information Mas,9455MSI,User-Centered Agile Dev MSI,2460,FA 2023,GINF,017281,SI,588
66530472,FA 2023,GINF,WN 2025,WN 2025,02003,Information Mas,9455MSI,User-Centered Agile Dev MSI,2460,FA 2023,GINF,041626,SI,664
66530472,FA 2023,GINF,WN 2025,WN 2025,02003,Information Mas,9455MSI,User-Centered Agile Dev MSI,2460,FA 2023,GINF,042104,SI,501
66530472,FA 2023,GINF,WN 2025,WN 2025,02003,Information Mas,9455MSI,User-Centered Agile Dev MSI,2460,FA 2023,GINF,044772,SI,582
66530472,FA 2023,GINF,WN 2025,WN 2025,02003,Information Mas,9455MSI,User-Centered Agile Dev MSI,2460,FA 2023,GINF,047640,SI,507
66530472,FA 2023,GINF,WN 2025,WN 2025,02003,Information Mas,9455MSI,User-Centered Agile Dev MSI,2460,FA 2023,GINF,050159,SI,579
66530472,FA 2023,GINF,WN 2025,WN 2025,02003,Information Mas,9455MSI,User-Centered Agile Dev MSI,2470,WN 2024,GINF,020401,SI,622
66530472,FA 2023,GINF,WN 2025,WN 2025,02003,Information Mas,9455MSI,User-Centered Agile Dev MSI,2470,WN 2024,GINF,040667,SI,681
66530472,FA 2023,GINF,WN 2025,WN 2025,02003,Information Mas,9455MSI,User-Centered Agile Dev MSI,2470,WN 2024,GINF,048280,SI,667
66530472,FA 2023,GINF,WN 2025,WN 2025,02003,Information Mas,9455MSI,User-Centered Agile Dev MSI,2470,WN 2024,GINF,048486,SI,659
66530472,FA 2023,GINF,WN 2025,WN 2025,02003,Information Mas,9455MSI,User-Centered Agile Dev MSI,2470,WN 2024,GINF,048887,EECS,403
66530472,FA 2023,GINF,WN 2025,WN 2025,02003,Information Mas,9455MSI,User-Centered Agile Dev MSI,2510,FA 2024,GINF,012456,SI,549
66530472,FA 2023,GINF,WN 2025,WN 2025,02003,Information Mas,9455MSI,User-Centered Agile Dev MSI,2510,FA 2024,GINF,044798,ENTR,599
66530472,FA 2023,GINF,WN 2025,WN 2025,02003,Information Mas,9455MSI,User-Centered Agile Dev MSI,2510,FA 2024,GINF,047228,ENTR,500
66530472,FA 2023,GINF,WN 2025,WN 2025,02003,Information Mas,9455MSI,User-Centered Agile Dev MSI,2510,FA 2024,GINF,048129,SI,505
66530472,FA 2023,GINF,WN 2025,WN 2025,02003,Information Mas,9455MSI,User-Centered Agile Dev MSI,2510,FA 2024,GINF,048421,ENTR,560
66530472,FA 2023,GINF,WN 2025,WN 2025,02003,Information Mas,9455MSI,User-Centered Agile Dev MSI,2510,FA 2024,GINF,049432,EDUC,616
66530472,FA 2023,GINF,WN 2025,WN 2025,02003,Information Mas,9455MSI,User-Centered Agile Dev MSI,2520,WN 2025,GINF,012772,SI,548
66530472,FA 2023,GINF,WN 2025,WN 2025,02003,Information Mas,9455MSI,User-Centered Agile Dev MSI,2520,WN 2025,GINF,045393,SI,552
66530472,FA 2023,GINF,WN 2025,WN 2025,02003,Information Mas,9455MSI,User-Centered Agile Dev MSI,2520,WN 2025,GINF,047901,SI,699
66530472,FA 2023,GINF,WN 2025,WN 2025,02003,Information Mas,9455MSI,User-Centered Agile Dev MSI,2520,WN 2025,GINF,049432,EDUC,616
66530472,FA 2023,GINF,WN 2025,WN 2025,02003,Information Mas,9455MSI,User-Centered Agile Dev MSI,2520,WN 2025,GINF,049834,SI,591
66715456,FA 2023,GINF,WN 2025,WN 2025,02003,Information Mas,9445MSI,User Experience Design MSI,2460,FA 2023,GINF,017281,SI,588
66715456,FA 2023,GINF,WN 2025,WN 2025,02003,Information Mas,9445MSI,User Experience Design MSI,2460,FA 2023,GINF,042104,SI,501
66715456,FA 2023,GINF,WN 2025,WN 2025,02003,Information Mas,9445MSI,User Experience Design MSI,2460,FA 2023,GINF,044772,SI,582
66715456,FA 2023,GINF,WN 2025,WN 2025,02003,Information Mas,9445MSI,User Experience Design MSI,2460,FA 2023,GINF,047246,SI,506
66715456,FA 2023,GINF,WN 2025,WN 2025,02003,Information Mas,9445MSI,User Experience Design MSI,2470,WN 2024,GINF,020401,SI,622
66715456,FA 2023,GINF,WN 2025,WN 2025,02003,Information Mas,9445MSI,User Experience Design MSI,2470,WN 2024,GINF,021400,SI,520
66715456,FA 2023,GINF,WN 2025,WN 2025,02003,Information Mas,9445MSI,User Experience Design MSI,2470,WN 2024,GINF,022099,SI,658
66715456,FA 2023,GINF,WN 2025,WN 2025,02003,Information Mas,9445MSI,User Experience Design MSI,2470,WN 2024,GINF,039178,SI,539
66715456,FA 2023,GINF,WN 2025,WN 2025,02003,Information Mas,9445MSI,User Experience Design MSI,2510,FA 2024,GINF,043210,SI,534
66715456,FA 2023,GINF,WN 2025,WN 2025,02003,Information Mas,9445MSI,User Experience Design MSI,2510,FA 2024,GINF,045393,SI,552
66715456,FA 2023,GINF,WN 2025,WN 2025,02003,Information Mas,9445MSI,User Experience Design MSI,2510,FA 2024,GINF,048488,SI,559
66715456,FA 2023,GINF,WN 2025,WN 2025,02003,Information Mas,9445MSI,User Experience Design MSI,2510,FA 2024,GINF,048831,SI,547
66715456,FA 2023,GINF,WN 2025,WN 2025,02003,Information Mas,9445MSI,User Experience Design MSI,2520,WN 2025,GINF,012772,EDUC,626
66715456,FA 2023,GINF,WN 2025,WN 2025,02003,Information Mas,9445MSI,User Experience Design MSI,2520,WN 2025,GINF,020803,SI,643
66715456,FA 2023,GINF,WN 2025,WN 2025,02003,Information Mas,9445MSI,User Experience Design MSI,2520,WN 2025,GINF,040779,EDUC,580
66715456,FA 2023,GINF,WN 2025,WN 2025,02003,Information Mas,9445MSI,User Experience Design MSI,2520,WN 2025,GINF,047901,SI,699
66994430,FA 2023,GINF,FA 2025,FA 2025,02003,Information Mas,0775MSI,Big Data Analytics MSI,2460,FA 2023,GINF,041626,SI,664
66994430,FA 2023,GINF,FA 2025,FA 2025,02003,Information Mas,0775MSI,Big Data Analytics MSI,2460,FA 2023,GINF,042091,SI,618
66994430,FA 2023,GINF,FA 2025,FA 2025,02003,Information Mas,0775MSI,Big Data Analytics MSI,2460,FA 2023,GINF,042104,SI,501
66994430,FA 2023,GINF,FA 2025,FA 2025,02003,Information Mas,0775MSI,Big Data Analytics MSI,2460,FA 2023,GINF,047640,SI,507
66994430,FA 2023,GINF,FA 2025,FA 2025,02003,Information Mas,0775MSI,Big Data Analytics MSI,2460,FA 2023,GINF,049601,SI,564
66994430,FA 2023,GINF,FA 2025,FA 2025,02003,Information Mas,0775MSI,Big Data Analytics MSI,2460,FA 2023,GINF,050164,SI,504
66994430,FA 2023,GINF,FA 2025,FA 2025,02003,Information Mas,0775MSI,Big Data Analytics MSI,2470,WN 2024,GINF,020934,SI,649
66994430,FA 2023,GINF,FA 2025,FA 2025,02003,Information Mas,0775MSI,Big Data Analytics MSI,2470,WN 2024,GINF,039178,SI,539
66994430,FA 2023,GINF,FA 2025,FA 2025,02003,Information Mas,0775MSI,Big Data Analytics MSI,2470,WN 2024,GINF,042324,SI,639
66994430,FA 2023,GINF,FA 2025,FA 2025,02003,Information Mas,0775MSI,Big Data Analytics MSI,2470,WN 2024,GINF,050663,SI,568
66994430,FA 2023,GINF,FA 2025,FA 2025,02003,Information Mas,0775MSI,Big Data Analytics MSI,2470,WN 2024,GINF,050983,SI,602
66994430,FA 2023,GINF,FA 2025,FA 2025,02003,Information Mas,0775MSI,Big Data Analytics MSI,2510,FA 2024,GINF,009732,SI,650
66994430,FA 2023,GINF,FA 2025,FA 2025,02003,Information Mas,0775MSI,Big Data Analytics MSI,2510,FA 2024,GINF,045930,SI,671
66994430,FA 2023,GINF,FA 2025,FA 2025,02003,Information Mas,0775MSI,Big Data Analytics MSI,2510,FA 2024,GINF,048500,SI,670
66994430,FA 2023,GINF,FA 2025,FA 2025,02003,Information Mas,0775MSI,Big Data Analytics MSI,2510,FA 2024,GINF,051462,SI,644
66994430,FA 2023,GINF,FA 2025,FA 2025,02003,Information Mas,0775MSI,Big Data Analytics MSI,2520,WN 2025,GINF,040667,SI,681
66994430,FA 2023,GINF,FA 2025,FA 2025,02003,Information Mas,0775MSI,Big Data Analytics MSI,2520,WN 2025,GINF,043366,SI,617
66994430,FA 2023,GINF,FA 2025,FA 2025,02003,Information Mas,0775MSI,Big Data Analytics MSI,2520,WN 2025,GINF,047228,ENTR,500
66994430,FA 2023,GINF,FA 2025,FA 2025,02003,Information Mas,0775MSI,Big Data Analytics MSI,2520,WN 2025,GINF,047850,ARTSADMN,550
66994430,FA 2023,GINF,FA 2025,FA 2025,02003,Information Mas,0775MSI,Big Data Analytics MSI,2560,FA 2025,GINF,001459,SI,690
66994430,FA 2023,GINF,FA 2025,FA 2025,02003,Information Mas,0775MSI,Big Data Analytics MSI,2560,FA 2025,GINF,047901,SI,699
67250196,FA 2023,GINF,WN 2025,WN 2025,02003,Information Mas,9445MSI,User Experience Design MSI,2460,FA 2023,GINF,016607,SI,544
67250196,FA 2023,GINF,WN 2025,WN 2025,02003,Information Mas,9445MSI,User Experience Design MSI,2460,FA 2023,GINF,017281,SI,588
67250196,FA 2023,GINF,WN 2025,WN 2025,02003,Information Mas,9445MSI,User Experience Design MSI,2460,FA 2023,GINF,042104,SI,501
67250196,FA 2023,GINF,WN 2025,WN 2025,02003,Information Mas,9445MSI,User Experience Design MSI,2460,FA 2023,GINF,047246,SI,506
67250196,FA 2023,GINF,WN 2025,WN 2025,02003,Information Mas,9445MSI,User Experience Design MSI,2460,FA 2023,GINF,050164,SI,504
67250196,FA 2023,GINF,WN 2025,WN 2025,02003,Information Mas,9445MSI,User Experience Design MSI,2470,WN 2024,GINF,020401,SI,622
67250196,FA 2023,GINF,WN 2025,WN 2025,02003,Information Mas,9445MSI,User Experience Design MSI,2470,WN 2024,GINF,040667,SI,681
67250196,FA 2023,GINF,WN 2025,WN 2025,02003,Information Mas,9445MSI,User Experience Design MSI,2470,WN 2024,GINF,044772,SI,582
67250196,FA 2023,GINF,WN 2025,WN 2025,02003,Information Mas,9445MSI,User Experience Design MSI,2470,WN 2024,GINF,047640,SI,507
67250196,FA 2023,GINF,WN 2025,WN 2025,02003,Information Mas,9445MSI,User Experience Design MSI,2470,WN 2024,GINF,051454,SI,594
67250196,FA 2023,GINF,WN 2025,WN 2025,02003,Information Mas,9445MSI,User Experience Design MSI,2510,FA 2024,GINF,015660,WRITING,993
67250196,FA 2023,GINF,WN 2025,WN 2025,02003,Information Mas,9445MSI,User Experience Design MSI,2510,FA 2024,GINF,021400,SI,520
67250196,FA 2023,GINF,WN 2025,WN 2025,02003,Information Mas,9445MSI,User Experience Design MSI,2510,FA 2024,GINF,039178,SI,539
67250196,FA 2023,GINF,WN 2025,WN 2025,02003,Information Mas,9445MSI,User Experience Design MSI,2510,FA 2024,GINF,045393,SI,552
67250196,FA 2023,GINF,WN 2025,WN 2025,02003,Information Mas,9445MSI,User Experience Design MSI,2520,WN 2025,GINF,021050,SI,691
67250196,FA 2023,GINF,WN 2025,WN 2025,02003,Information Mas,9445MSI,User Experience Design MSI,2520,WN 2025,GINF,022099,SI,658
67250196,FA 2023,GINF,WN 2025,WN 2025,02003,Information Mas,9445MSI,User Experience Design MSI,2520,WN 2025,GINF,047901,SI,699
67250196,FA 2023,GINF,WN 2025,WN 2025,02003,Information Mas,9445MSI,User Experience Design MSI,2520,WN 2025,GINF,049082,SI,682
67725438,FA 2023,GINF,WN 2025,WN 2025,02003,Information Mas,4470MSI9,Information MSI,2460,FA 2023,GINF,009731,SI,580
67725438,FA 2023,GINF,WN 2025,WN 2025,02003,Information Mas,4470MSI9,Information MSI,2460,FA 2023,GINF,021045,SI,666
67725438,FA 2023,GINF,WN 2025,WN 2025,02003,Information Mas,4470MSI9,Information MSI,2460,FA 2023,GINF,042104,SI,501
67725438,FA 2023,GINF,WN 2025,WN 2025,02003,Information Mas,4470MSI9,Information MSI,2460,FA 2023,GINF,047246,SI,506
67725438,FA 2023,GINF,WN 2025,WN 2025,02003,Information Mas,4470MSI9,Information MSI,2470,WN 2024,GINF,039178,SI,539
67725438,FA 2023,GINF,WN 2025,WN 2025,02003,Information Mas,4470MSI9,Information MSI,2470,WN 2024,GINF,039979,SI,623
67725438,FA 2023,GINF,WN 2025,WN 2025,02003,Information Mas,4470MSI9,Information MSI,2470,WN 2024,GINF,040667,SI,681
67725438,FA 2023,GINF,WN 2025,WN 2025,02003,Information Mas,4470MSI9,Information MSI,2470,WN 2024,GINF,042324,SI,639
67725438,FA 2023,GINF,WN 2025,WN 2025,02003,Information Mas,4470MSI9,Information MSI,2470,WN 2024,GINF,048280,SI,667
67725438,FA 2023,GINF,WN 2025,WN 2025,02003,Information Mas,4470MSI9,Information MSI,2470,WN 2024,GINF,049601,SI,564
67725438,FA 2023,GINF,WN 2025,WN 2025,02003,Information Mas,4470MSI9,Information MSI,2470,WN 2024,GINF,050164,SI,504
67725438,FA 2023,GINF,WN 2025,WN 2025,02003,Information Mas,4470MSI9,Information MSI,2510,FA 2024,GINF,038948,SI,632
67725438,FA 2023,GINF,WN 2025,WN 2025,02003,Information Mas,4470MSI9,Information MSI,2510,FA 2024,GINF,050161,SI,676
67725438,FA 2023,GINF,WN 2025,WN 2025,02003,Information Mas,4470MSI9,Information MSI,2510,FA 2024,GINF,050163,SI,633
67725438,FA 2023,GINF,WN 2025,WN 2025,02003,Information Mas,4470MSI9,Information MSI,2510,FA 2024,GINF,051462,SI,644
67725438,FA 2023,GINF,WN 2025,WN 2025,02003,Information Mas,4470MSI9,Information MSI,2520,WN 2025,GINF,022326,SI,581
67725438,FA 2023,GINF,WN 2025,WN 2025,02003,Information Mas,4470MSI9,Information MSI,2520,WN 2025,GINF,047901,SI,699
67725438,FA 2023,GINF,WN 2025,WN 2025,02003,Information Mas,4470MSI9,Information MSI,2520,WN 2025,GINF,050162,SI,510
67742532,FA 2023,GINF,WN 2026, ,02003,Information Mas,9445MSI,User Experience Design MSI,2460,FA 2023,GINF,017281,SI,588
67742532,FA 2023,GINF,WN 2026, ,02003,Information Mas,9445MSI,User Experience Design MSI,2460,FA 2023,GINF,042104,SI,501
67742532,FA 2023,GINF,WN 2026, ,02003,Information Mas,9445MSI,User Experience Design MSI,2460,FA 2023,GINF,044772,SI,582
67742532,FA 2023,GINF,WN 2026, ,02003,Information Mas,9445MSI,User Experience Design MSI,2460,FA 2023,GINF,047246,SI,506
67742532,FA 2023,GINF,WN 2026, ,02003,Information Mas,9445MSI,User Experience Design MSI,2470,WN 2024,GINF,020401,SI,622
67742532,FA 2023,GINF,WN 2026, ,02003,Information Mas,9445MSI,User Experience Design MSI,2470,WN 2024,GINF,044772,SI,582
67742532,FA 2023,GINF,WN 2026, ,02003,Information Mas,9445MSI,User Experience Design MSI,2470,WN 2024,GINF,047246,SI,506
67742532,FA 2023,GINF,WN 2026, ,02003,Information Mas,9445MSI,User Experience Design MSI,2510,FA 2024,GINF,017281,SI,588
67742532,FA 2023,GINF,WN 2026, ,02003,Information Mas,9445MSI,User Experience Design MSI,2510,FA 2024,GINF,021400,SI,520
67742532,FA 2023,GINF,WN 2026, ,02003,Information Mas,9445MSI,User Experience Design MSI,2510,FA 2024,GINF,043210,SI,534
67742532,FA 2023,GINF,WN 2026, ,02003,Information Mas,9445MSI,User Experience Design MSI,2510,FA 2024,GINF,047246,SI,506
67742532,FA 2023,GINF,WN 2026, ,02003,Information Mas,9445MSI,User Experience Design MSI,2520,WN 2025,GINF,021400,SI,520
67742532,FA 2023,GINF,WN 2026, ,02003,Information Mas,9445MSI,User Experience Design MSI,2520,WN 2025,GINF,022099,SI,658
67742532,FA 2023,GINF,WN 2026, ,02003,Information Mas,9445MSI,User Experience Design MSI,2520,WN 2025,GINF,039178,SI,539
67742532,FA 2023,GINF,WN 2026, ,02003,Information Mas,9445MSI,User Experience Design MSI,2520,WN 2025,GINF,043863,SI,612
67742532,FA 2023,GINF,WN 2026, ,02003,Information Mas,9445MSI,User Experience Design MSI,2560,FA 2025,GINF,016607,SI,544
67742532,FA 2023,GINF,WN 2026, ,02003,Information Mas,9445MSI,User Experience Design MSI,2560,FA 2025,GINF,021400,SI,520
67742532,FA 2023,GINF,WN 2026, ,02003,Information Mas,9445MSI,User Experience Design MSI,2560,FA 2025,GINF,041985,SI,542
67742532,FA 2023,GINF,WN 2026, ,02003,Information Mas,9445MSI,User Experience Design MSI,2570,WN 2026,GINF,045428,SI,661
67742532,FA 2023,GINF,WN 2026, ,02003,Information Mas,9445MSI,User Experience Design MSI,2570,WN 2026,GINF,045732,SI,554
67742532,FA 2023,GINF,WN 2026, ,02003,Information Mas,9445MSI,User Experience Design MSI,2570,WN 2026,GINF,047901,SI,699
67742532,FA 2023,GINF,WN 2026, ,02003,Information Mas,9445MSI,User Experience Design MSI,2570,WN 2026,GINF,048421,ENTR,560
67754765,FA 2023,GINF,WN 2025,WN 2025,02003,Information Mas,9445MSI,User Experience Design MSI,2460,FA 2023,GINF,017281,SI,588
67754765,FA 2023,GINF,WN 2025,WN 2025,02003,Information Mas,9445MSI,User Experience Design MSI,2460,FA 2023,GINF,042104,SI,501
67754765,FA 2023,GINF,WN 2025,WN 2025,02003,Information Mas,9445MSI,User Experience Design MSI,2460,FA 2023,GINF,044772,SI,582
67754765,FA 2023,GINF,WN 2025,WN 2025,02003,Information Mas,9445MSI,User Experience Design MSI,2460,FA 2023,GINF,047246,SI,506
67754765,FA 2023,GINF,WN 2025,WN 2025,02003,Information Mas,9445MSI,User Experience Design MSI,2470,WN 2024,GINF,020401,SI,622
67754765,FA 2023,GINF,WN 2025,WN 2025,02003,Information Mas,9445MSI,User Experience Design MSI,2470,WN 2024,GINF,020803,SI,643
67754765,FA 2023,GINF,WN 2025,WN 2025,02003,Information Mas,9445MSI,User Experience Design MSI,2470,WN 2024,GINF,021400,SI,520
67754765,FA 2023,GINF,WN 2025,WN 2025,02003,Information Mas,9445MSI,User Experience Design MSI,2470,WN 2024,GINF,040667,SI,681
67754765,FA 2023,GINF,WN 2025,WN 2025,02003,Information Mas,9445MSI,User Experience Design MSI,2470,WN 2024,GINF,043863,SI,612
67754765,FA 2023,GINF,WN 2025,WN 2025,02003,Information Mas,9445MSI,User Experience Design MSI,2510,FA 2024,GINF,019903,TO,548
67754765,FA 2023,GINF,WN 2025,WN 2025,02003,Information Mas,9445MSI,User Experience Design MSI,2510,FA 2024,GINF,020379,IOE,548
67754765,FA 2023,GINF,WN 2025,WN 2025,02003,Information Mas,9445MSI,User Experience Design MSI,2510,FA 2024,GINF,039178,SI,539
67754765,FA 2023,GINF,WN 2025,WN 2025,02003,Information Mas,9445MSI,User Experience Design MSI,2510,FA 2024,GINF,045771,SI,684
67754765,FA 2023,GINF,WN 2025,WN 2025,02003,Information Mas,9445MSI,User Experience Design MSI,2520,WN 2025,GINF,047901,SI,699
67754765,FA 2023,GINF,WN 2025,WN 2025,02003,Information Mas,9445MSI,User Experience Design MSI,2520,WN 2025,GINF,051836,SI,611
67915673,FA 2023,GINF,WN 2025,WN 2025,02003,Information Mas,9445MSI,User Experience Design MSI,2460,FA 2023,GINF,017281,SI,588
67915673,FA 2023,GINF,WN 2025,WN 2025,02003,Information Mas,9445MSI,User Experience Design MSI,2460,FA 2023,GINF,042071,SI,563
67915673,FA 2023,GINF,WN 2025,WN 2025,02003,Information Mas,9445MSI,User Experience Design MSI,2460,FA 2023,GINF,042104,SI,501
67915673,FA 2023,GINF,WN 2025,WN 2025,02003,Information Mas,9445MSI,User Experience Design MSI,2460,FA 2023,GINF,044772,SI,582
67915673,FA 2023,GINF,WN 2025,WN 2025,02003,Information Mas,9445MSI,User Experience Design MSI,2460,FA 2023,GINF,047246,SI,506
67915673,FA 2023,GINF,WN 2025,WN 2025,02003,Information Mas,9445MSI,User Experience Design MSI,2470,WN 2024,GINF,020401,SI,622
67915673,FA 2023,GINF,WN 2025,WN 2025,02003,Information Mas,9445MSI,User Experience Design MSI,2470,WN 2024,GINF,039178,SI,539
67915673,FA 2023,GINF,WN 2025,WN 2025,02003,Information Mas,9445MSI,User Experience Design MSI,2470,WN 2024,GINF,040667,SI,681
67915673,FA 2023,GINF,WN 2025,WN 2025,02003,Information Mas,9445MSI,User Experience Design MSI,2470,WN 2024,GINF,048488,SI,559
67915673,FA 2023,GINF,WN 2025,WN 2025,02003,Information Mas,9445MSI,User Experience Design MSI,2470,WN 2024,GINF,050136,UARTS,560
67915673,FA 2023,GINF,WN 2025,WN 2025,02003,Information Mas,9445MSI,User Experience Design MSI,2510,FA 2024,GINF,001459,SI,690
67915673,FA 2023,GINF,WN 2025,WN 2025,02003,Information Mas,9445MSI,User Experience Design MSI,2510,FA 2024,GINF,041985,SI,542
67915673,FA 2023,GINF,WN 2025,WN 2025,02003,Information Mas,9445MSI,User Experience Design MSI,2510,FA 2024,GINF,044799,ENTR,490
67915673,FA 2023,GINF,WN 2025,WN 2025,02003,Information Mas,9445MSI,User Experience Design MSI,2510,FA 2024,GINF,047901,SI,699
67915673,FA 2023,GINF,WN 2025,WN 2025,02003,Information Mas,9445MSI,User Experience Design MSI,2510,FA 2024,GINF,048129,SI,505
67915673,FA 2023,GINF,WN 2025,WN 2025,02003,Information Mas,9445MSI,User Experience Design MSI,2510,FA 2024,GINF,050136,UARTS,560
67915673,FA 2023,GINF,WN 2025,WN 2025,02003,Information Mas,9445MSI,User Experience Design MSI,2520,WN 2025,GINF,022099,SI,658
67915673,FA 2023,GINF,WN 2025,WN 2025,02003,Information Mas,9445MSI,User Experience Design MSI,2520,WN 2025,GINF,044799,ENTR,490
67915673,FA 2023,GINF,WN 2025,WN 2025,02003,Information Mas,9445MSI,User Experience Design MSI,2520,WN 2025,GINF,048129,SI,505
67989589,FA 2023,GINF,FA 2024,FA 2024,02003,Information Mas,9445MSI,User Experience Design MSI,2460,FA 2023,GINF,017281,SI,588
67989589,FA 2023,GINF,FA 2024,FA 2024,02003,Information Mas,9445MSI,User Experience Design MSI,2460,FA 2023,GINF,042104,SI,501
67989589,FA 2023,GINF,FA 2024,FA 2024,02003,Information Mas,9445MSI,User Experience Design MSI,2460,FA 2023,GINF,044772,SI,582
67989589,FA 2023,GINF,FA 2024,FA 2024,02003,Information Mas,9445MSI,User Experience Design MSI,2460,FA 2023,GINF,047246,SI,506
67989589,FA 2023,GINF,FA 2024,FA 2024,02003,Information Mas,9445MSI,User Experience Design MSI,2460,FA 2023,GINF,048488,SI,559
67989589,FA 2023,GINF,FA 2024,FA 2024,02003,Information Mas,9445MSI,User Experience Design MSI,2470,WN 2024,GINF,020401,SI,622
67989589,FA 2023,GINF,FA 2024,FA 2024,02003,Information Mas,9445MSI,User Experience Design MSI,2470,WN 2024,GINF,022099,SI,658
67989589,FA 2023,GINF,FA 2024,FA 2024,02003,Information Mas,9445MSI,User Experience Design MSI,2470,WN 2024,GINF,039178,SI,539
67989589,FA 2023,GINF,FA 2024,FA 2024,02003,Information Mas,9445MSI,User Experience Design MSI,2470,WN 2024,GINF,040667,SI,681
67989589,FA 2023,GINF,FA 2024,FA 2024,02003,Information Mas,9445MSI,User Experience Design MSI,2470,WN 2024,GINF,040779,ENGLISH,580
67989589,FA 2023,GINF,FA 2024,FA 2024,02003,Information Mas,9445MSI,User Experience Design MSI,2470,WN 2024,GINF,049417,BA,670
67989589,FA 2023,GINF,FA 2024,FA 2024,02003,Information Mas,9445MSI,User Experience Design MSI,2510,FA 2024,GINF,019324,POLSCI,688
67989589,FA 2023,GINF,FA 2024,FA 2024,02003,Information Mas,9445MSI,User Experience Design MSI,2510,FA 2024,GINF,045687,SI,538
67989589,FA 2023,GINF,FA 2024,FA 2024,02003,Information Mas,9445MSI,User Experience Design MSI,2510,FA 2024,GINF,047892,SI,605
67989589,FA 2023,GINF,FA 2024,FA 2024,02003,Information Mas,9445MSI,User Experience Design MSI,2510,FA 2024,GINF,047901,SI,699
67989589,FA 2023,GINF,FA 2024,FA 2024,02003,Information Mas,9445MSI,User Experience Design MSI,2510,FA 2024,GINF,048129,SI,505
68271642,FA 2023,GINF,WN 2025,WN 2025,02003,Information Mas,9445MSI,User Experience Design MSI,2460,FA 2023,GINF,017281,SI,588
68271642,FA 2023,GINF,WN 2025,WN 2025,02003,Information Mas,9445MSI,User Experience Design MSI,2460,FA 2023,GINF,021400,SI,520
68271642,FA 2023,GINF,WN 2025,WN 2025,02003,Information Mas,9445MSI,User Experience Design MSI,2460,FA 2023,GINF,042104,SI,501
68271642,FA 2023,GINF,WN 2025,WN 2025,02003,Information Mas,9445MSI,User Experience Design MSI,2460,FA 2023,GINF,044772,SI,582
68271642,FA 2023,GINF,WN 2025,WN 2025,02003,Information Mas,9445MSI,User Experience Design MSI,2460,FA 2023,GINF,047246,SI,506
68271642,FA 2023,GINF,WN 2025,WN 2025,02003,Information Mas,9445MSI,User Experience Design MSI,2470,WN 2024,GINF,020401,SI,622
68271642,FA 2023,GINF,WN 2025,WN 2025,02003,Information Mas,9445MSI,User Experience Design MSI,2470,WN 2024,GINF,022099,SI,658
68271642,FA 2023,GINF,WN 2025,WN 2025,02003,Information Mas,9445MSI,User Experience Design MSI,2470,WN 2024,GINF,039178,SI,539
68271642,FA 2023,GINF,WN 2025,WN 2025,02003,Information Mas,9445MSI,User Experience Design MSI,2470,WN 2024,GINF,040667,SI,681
68271642,FA 2023,GINF,WN 2025,WN 2025,02003,Information Mas,9445MSI,User Experience Design MSI,2470,WN 2024,GINF,045393,SI,552
68271642,FA 2023,GINF,WN 2025,WN 2025,02003,Information Mas,9445MSI,User Experience Design MSI,2510,FA 2024,GINF,001459,SI,690
68271642,FA 2023,GINF,WN 2025,WN 2025,02003,Information Mas,9445MSI,User Experience Design MSI,2510,FA 2024,GINF,021391,SI,511
68271642,FA 2023,GINF,WN 2025,WN 2025,02003,Information Mas,9445MSI,User Experience Design MSI,2510,FA 2024,GINF,045687,SI,538
68271642,FA 2023,GINF,WN 2025,WN 2025,02003,Information Mas,9445MSI,User Experience Design MSI,2510,FA 2024,GINF,047901,SI,699
68271642,FA 2023,GINF,WN 2025,WN 2025,02003,Information Mas,9445MSI,User Experience Design MSI,2510,FA 2024,GINF,048129,SI,505
68695081,FA 2023,GINF,WN 2025,WN 2025,02003,Information Mas,9455MSI,User-Centered Agile Dev MSI,2460,FA 2023,GINF,017281,SI,588
68695081,FA 2023,GINF,WN 2025,WN 2025,02003,Information Mas,9455MSI,User-Centered Agile Dev MSI,2460,FA 2023,GINF,039178,SI,539
68695081,FA 2023,GINF,WN 2025,WN 2025,02003,Information Mas,9455MSI,User-Centered Agile Dev MSI,2460,FA 2023,GINF,042104,SI,501
68695081,FA 2023,GINF,WN 2025,WN 2025,02003,Information Mas,9455MSI,User-Centered Agile Dev MSI,2460,FA 2023,GINF,044772,SI,582
68695081,FA 2023,GINF,WN 2025,WN 2025,02003,Information Mas,9455MSI,User-Centered Agile Dev MSI,2460,FA 2023,GINF,047246,SI,506
68695081,FA 2023,GINF,WN 2025,WN 2025,02003,Information Mas,9455MSI,User-Centered Agile Dev MSI,2470,WN 2024,GINF,020401,SI,622
68695081,FA 2023,GINF,WN 2025,WN 2025,02003,Information Mas,9455MSI,User-Centered Agile Dev MSI,2470,WN 2024,GINF,047640,SI,507
68695081,FA 2023,GINF,WN 2025,WN 2025,02003,Information Mas,9455MSI,User-Centered Agile Dev MSI,2470,WN 2024,GINF,049601,SI,564
68695081,FA 2023,GINF,WN 2025,WN 2025,02003,Information Mas,9455MSI,User-Centered Agile Dev MSI,2470,WN 2024,GINF,050159,SI,579
68695081,FA 2023,GINF,WN 2025,WN 2025,02003,Information Mas,9455MSI,User-Centered Agile Dev MSI,2470,WN 2024,GINF,050164,SI,504
68695081,FA 2023,GINF,WN 2025,WN 2025,02003,Information Mas,9455MSI,User-Centered Agile Dev MSI,2510,FA 2024,GINF,038659,SI,519
68695081,FA 2023,GINF,WN 2025,WN 2025,02003,Information Mas,9455MSI,User-Centered Agile Dev MSI,2510,FA 2024,GINF,041626,SI,664
68695081,FA 2023,GINF,WN 2025,WN 2025,02003,Information Mas,9455MSI,User-Centered Agile Dev MSI,2510,FA 2024,GINF,048487,SI,669
68695081,FA 2023,GINF,WN 2025,WN 2025,02003,Information Mas,9455MSI,User-Centered Agile Dev MSI,2510,FA 2024,GINF,048488,SI,559
68695081,FA 2023,GINF,WN 2025,WN 2025,02003,Information Mas,9455MSI,User-Centered Agile Dev MSI,2520,WN 2025,GINF,039081,SI,529
68695081,FA 2023,GINF,WN 2025,WN 2025,02003,Information Mas,9455MSI,User-Centered Agile Dev MSI,2520,WN 2025,GINF,043863,SI,612
68695081,FA 2023,GINF,WN 2025,WN 2025,02003,Information Mas,9455MSI,User-Centered Agile Dev MSI,2520,WN 2025,GINF,047901,SI,699
68850080,FA 2023,GINF,WN 2025,WN 2025,02003,Information Mas,0775MSI,Big Data Analytics MSI,2460,FA 2023,GINF,017281,SI,588
68850080,FA 2023,GINF,WN 2025,WN 2025,02003,Information Mas,0775MSI,Big Data Analytics MSI,2460,FA 2023,GINF,042104,SI,501
68850080,FA 2023,GINF,WN 2025,WN 2025,02003,Information Mas,0775MSI,Big Data Analytics MSI,2460,FA 2023,GINF,044772,SI,582
68850080,FA 2023,GINF,WN 2025,WN 2025,02003,Information Mas,0775MSI,Big Data Analytics MSI,2460,FA 2023,GINF,047246,SI,506
68850080,FA 2023,GINF,WN 2025,WN 2025,02003,Information Mas,0775MSI,Big Data Analytics MSI,2470,WN 2024,GINF,042091,SI,618
68850080,FA 2023,GINF,WN 2025,WN 2025,02003,Information Mas,0775MSI,Big Data Analytics MSI,2470,WN 2024,GINF,047640,SI,507
68850080,FA 2023,GINF,WN 2025,WN 2025,02003,Information Mas,0775MSI,Big Data Analytics MSI,2470,WN 2024,GINF,050164,SI,504
68850080,FA 2023,GINF,WN 2025,WN 2025,02003,Information Mas,0775MSI,Big Data Analytics MSI,2470,WN 2024,GINF,050663,SI,568
68850080,FA 2023,GINF,WN 2025,WN 2025,02003,Information Mas,0775MSI,Big Data Analytics MSI,2470,WN 2024,GINF,050983,SI,602
68850080,FA 2023,GINF,WN 2025,WN 2025,02003,Information Mas,0775MSI,Big Data Analytics MSI,2510,FA 2024,GINF,041934,SI,608
68850080,FA 2023,GINF,WN 2025,WN 2025,02003,Information Mas,0775MSI,Big Data Analytics MSI,2510,FA 2024,GINF,043210,SI,534
68850080,FA 2023,GINF,WN 2025,WN 2025,02003,Information Mas,0775MSI,Big Data Analytics MSI,2510,FA 2024,GINF,045930,SI,671
68850080,FA 2023,GINF,WN 2025,WN 2025,02003,Information Mas,0775MSI,Big Data Analytics MSI,2510,FA 2024,GINF,048488,SI,559
68850080,FA 2023,GINF,WN 2025,WN 2025,02003,Information Mas,0775MSI,Big Data Analytics MSI,2510,FA 2024,GINF,049601,SI,564
68850080,FA 2023,GINF,WN 2025,WN 2025,02003,Information Mas,0775MSI,Big Data Analytics MSI,2520,WN 2025,GINF,017508,TO,512
68850080,FA 2023,GINF,WN 2025,WN 2025,02003,Information Mas,0775MSI,Big Data Analytics MSI,2520,WN 2025,GINF,020934,SI,649
68850080,FA 2023,GINF,WN 2025,WN 2025,02003,Information Mas,0775MSI,Big Data Analytics MSI,2520,WN 2025,GINF,045732,SI,554
68850080,FA 2023,GINF,WN 2025,WN 2025,02003,Information Mas,0775MSI,Big Data Analytics MSI,2520,WN 2025,GINF,047901,SI,699
69616372,FA 2023,GINF,WN 2025,WN 2025,02003,Information Mas,0775MSI,Big Data Analytics MSI,2460,FA 2023,GINF,009732,SI,650
69616372,FA 2023,GINF,WN 2025,WN 2025,02003,Information Mas,0775MSI,Big Data Analytics MSI,2460,FA 2023,GINF,042091,SI,618
69616372,FA 2023,GINF,WN 2025,WN 2025,02003,Information Mas,0775MSI,Big Data Analytics MSI,2460,FA 2023,GINF,042104,SI,501
69616372,FA 2023,GINF,WN 2025,WN 2025,02003,Information Mas,0775MSI,Big Data Analytics MSI,2460,FA 2023,GINF,047640,SI,507
69616372,FA 2023,GINF,WN 2025,WN 2025,02003,Information Mas,0775MSI,Big Data Analytics MSI,2460,FA 2023,GINF,048129,SI,505
69616372,FA 2023,GINF,WN 2025,WN 2025,02003,Information Mas,0775MSI,Big Data Analytics MSI,2460,FA 2023,GINF,049601,SI,564
69616372,FA 2023,GINF,WN 2025,WN 2025,02003,Information Mas,0775MSI,Big Data Analytics MSI,2460,FA 2023,GINF,050164,SI,504
69616372,FA 2023,GINF,WN 2025,WN 2025,02003,Information Mas,0775MSI,Big Data Analytics MSI,2470,WN 2024,GINF,020934,SI,649
69616372,FA 2023,GINF,WN 2025,WN 2025,02003,Information Mas,0775MSI,Big Data Analytics MSI,2470,WN 2024,GINF,039178,SI,539
69616372,FA 2023,GINF,WN 2025,WN 2025,02003,Information Mas,0775MSI,Big Data Analytics MSI,2470,WN 2024,GINF,048887,EECS,403
69616372,FA 2023,GINF,WN 2025,WN 2025,02003,Information Mas,0775MSI,Big Data Analytics MSI,2470,WN 2024,GINF,050663,SI,568
69616372,FA 2023,GINF,WN 2025,WN 2025,02003,Information Mas,0775MSI,Big Data Analytics MSI,2470,WN 2024,GINF,050983,SI,602
69616372,FA 2023,GINF,WN 2025,WN 2025,02003,Information Mas,0775MSI,Big Data Analytics MSI,2510,FA 2024,GINF,022432,EECS,485
69616372,FA 2023,GINF,WN 2025,WN 2025,02003,Information Mas,0775MSI,Big Data Analytics MSI,2510,FA 2024,GINF,041626,SI,664
69616372,FA 2023,GINF,WN 2025,WN 2025,02003,Information Mas,0775MSI,Big Data Analytics MSI,2510,FA 2024,GINF,045930,SI,671
69616372,FA 2023,GINF,WN 2025,WN 2025,02003,Information Mas,0775MSI,Big Data Analytics MSI,2510,FA 2024,GINF,051462,SI,644
69616372,FA 2023,GINF,WN 2025,WN 2025,02003,Information Mas,0775MSI,Big Data Analytics MSI,2520,WN 2025,GINF,047901,SI,699
69616372,FA 2023,GINF,WN 2025,WN 2025,02003,Information Mas,0775MSI,Big Data Analytics MSI,2520,WN 2025,GINF,050159,SI,579
69923406,FA 2023,GINF,WN 2025,WN 2025,02003,Information Mas,9445MSI,User Experience Design MSI,2460,FA 2023,GINF,017281,SI,588
69923406,FA 2023,GINF,WN 2025,WN 2025,02003,Information Mas,9445MSI,User Experience Design MSI,2460,FA 2023,GINF,042104,SI,501
69923406,FA 2023,GINF,WN 2025,WN 2025,02003,Information Mas,9445MSI,User Experience Design MSI,2460,FA 2023,GINF,044772,SI,582
69923406,FA 2023,GINF,WN 2025,WN 2025,02003,Information Mas,9445MSI,User Experience Design MSI,2460,FA 2023,GINF,047246,SI,506
69923406,FA 2023,GINF,WN 2025,WN 2025,02003,Information Mas,9445MSI,User Experience Design MSI,2460,FA 2023,GINF,048129,SI,505
69923406,FA 2023,GINF,WN 2025,WN 2025,02003,Information Mas,9445MSI,User Experience Design MSI,2470,WN 2024,GINF,020401,SI,622
69923406,FA 2023,GINF,WN 2025,WN 2025,02003,Information Mas,9445MSI,User Experience Design MSI,2470,WN 2024,GINF,021400,SI,520
69923406,FA 2023,GINF,WN 2025,WN 2025,02003,Information Mas,9445MSI,User Experience Design MSI,2470,WN 2024,GINF,039178,SI,539
69923406,FA 2023,GINF,WN 2025,WN 2025,02003,Information Mas,9445MSI,User Experience Design MSI,2470,WN 2024,GINF,040667,SI,681
69923406,FA 2023,GINF,WN 2025,WN 2025,02003,Information Mas,9445MSI,User Experience Design MSI,2470,WN 2024,GINF,045393,SI,552
69923406,FA 2023,GINF,WN 2025,WN 2025,02003,Information Mas,9445MSI,User Experience Design MSI,2510,FA 2024,GINF,041985,SI,542
69923406,FA 2023,GINF,WN 2025,WN 2025,02003,Information Mas,9445MSI,User Experience Design MSI,2510,FA 2024,GINF,045205,URP,520
69923406,FA 2023,GINF,WN 2025,WN 2025,02003,Information Mas,9445MSI,User Experience Design MSI,2510,FA 2024,GINF,045771,SI,684
69923406,FA 2023,GINF,WN 2025,WN 2025,02003,Information Mas,9445MSI,User Experience Design MSI,2510,FA 2024,GINF,048488,SI,559
69923406,FA 2023,GINF,WN 2025,WN 2025,02003,Information Mas,9445MSI,User Experience Design MSI,2520,WN 2025,GINF,044798,ENTR,599
69923406,FA 2023,GINF,WN 2025,WN 2025,02003,Information Mas,9445MSI,User Experience Design MSI,2520,WN 2025,GINF,045732,SI,554
69923406,FA 2023,GINF,WN 2025,WN 2025,02003,Information Mas,9445MSI,User Experience Design MSI,2520,WN 2025,GINF,047173,LHS,610
69923406,FA 2023,GINF,WN 2025,WN 2025,02003,Information Mas,9445MSI,User Experience Design MSI,2520,WN 2025,GINF,047901,SI,699
69971524,FA 2023,GINF,WN 2025,WN 2025,02003,Information Mas,9445MSI,User Experience Design MSI,2460,FA 2023,GINF,017281,SI,588
69971524,FA 2023,GINF,WN 2025,WN 2025,02003,Information Mas,9445MSI,User Experience Design MSI,2460,FA 2023,GINF,021400,SI,520
69971524,FA 2023,GINF,WN 2025,WN 2025,02003,Information Mas,9445MSI,User Experience Design MSI,2460,FA 2023,GINF,044772,SI,582
69971524,FA 2023,GINF,WN 2025,WN 2025,02003,Information Mas,9445MSI,User Experience Design MSI,2460,FA 2023,GINF,047246,SI,506
69971524,FA 2023,GINF,WN 2025,WN 2025,02003,Information Mas,9445MSI,User Experience Design MSI,2470,WN 2024,GINF,020401,SI,622
69971524,FA 2023,GINF,WN 2025,WN 2025,02003,Information Mas,9445MSI,User Experience Design MSI,2470,WN 2024,GINF,021391,SI,511
69971524,FA 2023,GINF,WN 2025,WN 2025,02003,Information Mas,9445MSI,User Experience Design MSI,2470,WN 2024,GINF,022099,SI,658
69971524,FA 2023,GINF,WN 2025,WN 2025,02003,Information Mas,9445MSI,User Experience Design MSI,2470,WN 2024,GINF,039178,SI,539
69971524,FA 2023,GINF,WN 2025,WN 2025,02003,Information Mas,9445MSI,User Experience Design MSI,2470,WN 2024,GINF,040667,SI,681
69971524,FA 2023,GINF,WN 2025,WN 2025,02003,Information Mas,9445MSI,User Experience Design MSI,2470,WN 2024,GINF,043863,SI,612
69971524,FA 2023,GINF,WN 2025,WN 2025,02003,Information Mas,9445MSI,User Experience Design MSI,2510,FA 2024,GINF,021391,SI,511
69971524,FA 2023,GINF,WN 2025,WN 2025,02003,Information Mas,9445MSI,User Experience Design MSI,2510,FA 2024,GINF,038659,SI,519
69971524,FA 2023,GINF,WN 2025,WN 2025,02003,Information Mas,9445MSI,User Experience Design MSI,2510,FA 2024,GINF,047901,SI,699
69971524,FA 2023,GINF,WN 2025,WN 2025,02003,Information Mas,9445MSI,User Experience Design MSI,2520,WN 2025,GINF,017533,MO,512
69971524,FA 2023,GINF,WN 2025,WN 2025,02003,Information Mas,9445MSI,User Experience Design MSI,2520,WN 2025,GINF,041945,ARCH,507
69971524,FA 2023,GINF,WN 2025,WN 2025,02003,Information Mas,9445MSI,User Experience Design MSI,2520,WN 2025,GINF,051454,SI,594
69971524,FA 2023,GINF,WN 2025,WN 2025,02003,Information Mas,9445MSI,User Experience Design MSI,2520,WN 2025,GINF,051836,SI,611
69974426,FA 2023,GINF,FA 2024,FA 2024,02003,Information Mas,9445MSI,User Experience Design MSI,2460,FA 2023,GINF,016607,SI,544
69974426,FA 2023,GINF,FA 2024,FA 2024,02003,Information Mas,9445MSI,User Experience Design MSI,2460,FA 2023,GINF,039178,SI,539
69974426,FA 2023,GINF,FA 2024,FA 2024,02003,Information Mas,9445MSI,User Experience Design MSI,2460,FA 2023,GINF,041855,SI,631
69974426,FA 2023,GINF,FA 2024,FA 2024,02003,Information Mas,9445MSI,User Experience Design MSI,2460,FA 2023,GINF,042005,STS,571
69974426,FA 2023,GINF,FA 2024,FA 2024,02003,Information Mas,9445MSI,User Experience Design MSI,2460,FA 2023,GINF,044772,SI,582
69974426,FA 2023,GINF,FA 2024,FA 2024,02003,Information Mas,9445MSI,User Experience Design MSI,2460,FA 2023,GINF,044798,ENTR,599
69974426,FA 2023,GINF,FA 2024,FA 2024,02003,Information Mas,9445MSI,User Experience Design MSI,2460,FA 2023,GINF,050164,SI,504
69974426,FA 2023,GINF,FA 2024,FA 2024,02003,Information Mas,9445MSI,User Experience Design MSI,2470,WN 2024,GINF,020401,SI,622
69974426,FA 2023,GINF,FA 2024,FA 2024,02003,Information Mas,9445MSI,User Experience Design MSI,2470,WN 2024,GINF,040667,SI,681
69974426,FA 2023,GINF,FA 2024,FA 2024,02003,Information Mas,9445MSI,User Experience Design MSI,2470,WN 2024,GINF,041626,SI,664
69974426,FA 2023,GINF,FA 2024,FA 2024,02003,Information Mas,9445MSI,User Experience Design MSI,2470,WN 2024,GINF,044798,ENTR,599
69974426,FA 2023,GINF,FA 2024,FA 2024,02003,Information Mas,9445MSI,User Experience Design MSI,2470,WN 2024,GINF,050159,SI,579
69974426,FA 2023,GINF,FA 2024,FA 2024,02003,Information Mas,9445MSI,User Experience Design MSI,2510,FA 2024,GINF,006590,COMP,515
69974426,FA 2023,GINF,FA 2024,FA 2024,02003,Information Mas,9445MSI,User Experience Design MSI,2510,FA 2024,GINF,021400,SI,520
69974426,FA 2023,GINF,FA 2024,FA 2024,02003,Information Mas,9445MSI,User Experience Design MSI,2510,FA 2024,GINF,045393,SI,552
69974426,FA 2023,GINF,FA 2024,FA 2024,02003,Information Mas,9445MSI,User Experience Design MSI,2510,FA 2024,GINF,045771,SI,684
69974426,FA 2023,GINF,FA 2024,FA 2024,02003,Information Mas,9445MSI,User Experience Design MSI,2510,FA 2024,GINF,047901,SI,699
69974426,FA 2023,GINF,FA 2024,FA 2024,02003,Information Mas,9445MSI,User Experience Design MSI,2510,FA 2024,GINF,048129,SI,505
70650357,FA 2023,GINF,WN 2025,WN 2025,02003,Information Mas,5005MSI,Master's ThesisOption Prog MSI,2460,FA 2023,GINF,009732,SI,650
70650357,FA 2023,GINF,WN 2025,WN 2025,02003,Information Mas,5005MSI,Master's ThesisOption Prog MSI,2460,FA 2023,GINF,014384,HMP,690
70650357,FA 2023,GINF,WN 2025,WN 2025,02003,Information Mas,5005MSI,Master's ThesisOption Prog MSI,2460,FA 2023,GINF,042071,SI,563
70650357,FA 2023,GINF,WN 2025,WN 2025,02003,Information Mas,5005MSI,Master's ThesisOption Prog MSI,2460,FA 2023,GINF,047640,SI,507
70650357,FA 2023,GINF,WN 2025,WN 2025,02003,Information Mas,5005MSI,Master's ThesisOption Prog MSI,2460,FA 2023,GINF,049601,SI,564
70650357,FA 2023,GINF,WN 2025,WN 2025,02003,Information Mas,5005MSI,Master's ThesisOption Prog MSI,2470,WN 2024,GINF,014384,HMP,690
70650357,FA 2023,GINF,WN 2025,WN 2025,02003,Information Mas,5005MSI,Master's ThesisOption Prog MSI,2470,WN 2024,GINF,020934,SI,649
70650357,FA 2023,GINF,WN 2025,WN 2025,02003,Information Mas,5005MSI,Master's ThesisOption Prog MSI,2470,WN 2024,GINF,021050,SI,691
70650357,FA 2023,GINF,WN 2025,WN 2025,02003,Information Mas,5005MSI,Master's ThesisOption Prog MSI,2470,WN 2024,GINF,040667,SI,681
70650357,FA 2023,GINF,WN 2025,WN 2025,02003,Information Mas,5005MSI,Master's ThesisOption Prog MSI,2470,WN 2024,GINF,041626,SI,664
70650357,FA 2023,GINF,WN 2025,WN 2025,02003,Information Mas,5005MSI,Master's ThesisOption Prog MSI,2470,WN 2024,GINF,050663,SI,568
70650357,FA 2023,GINF,WN 2025,WN 2025,02003,Information Mas,5005MSI,Master's ThesisOption Prog MSI,2510,FA 2024,GINF,038659,SI,519
70650357,FA 2023,GINF,WN 2025,WN 2025,02003,Information Mas,5005MSI,Master's ThesisOption Prog MSI,2510,FA 2024,GINF,045930,SI,671
70650357,FA 2023,GINF,WN 2025,WN 2025,02003,Information Mas,5005MSI,Master's ThesisOption Prog MSI,2510,FA 2024,GINF,049365,SI,697
70650357,FA 2023,GINF,WN 2025,WN 2025,02003,Information Mas,5005MSI,Master's ThesisOption Prog MSI,2520,WN 2025,GINF,001459,SI,690
70650357,FA 2023,GINF,WN 2025,WN 2025,02003,Information Mas,5005MSI,Master's ThesisOption Prog MSI,2520,WN 2025,GINF,049040,SI,698
70865448,FA 2023,GINF,WN 2025,WN 2025,02003,Information Mas,9445MSI,User Experience Design MSI,2460,FA 2023,GINF,017281,SI,588
70865448,FA 2023,GINF,WN 2025,WN 2025,02003,Information Mas,9445MSI,User Experience Design MSI,2460,FA 2023,GINF,042104,SI,501
70865448,FA 2023,GINF,WN 2025,WN 2025,02003,Information Mas,9445MSI,User Experience Design MSI,2460,FA 2023,GINF,044772,SI,582
70865448,FA 2023,GINF,WN 2025,WN 2025,02003,Information Mas,9445MSI,User Experience Design MSI,2460,FA 2023,GINF,047246,SI,506
70865448,FA 2023,GINF,WN 2025,WN 2025,02003,Information Mas,9445MSI,User Experience Design MSI,2460,FA 2023,GINF,048129,SI,505
70865448,FA 2023,GINF,WN 2025,WN 2025,02003,Information Mas,9445MSI,User Experience Design MSI,2470,WN 2024,GINF,020401,SI,622
70865448,FA 2023,GINF,WN 2025,WN 2025,02003,Information Mas,9445MSI,User Experience Design MSI,2470,WN 2024,GINF,021400,SI,520
70865448,FA 2023,GINF,WN 2025,WN 2025,02003,Information Mas,9445MSI,User Experience Design MSI,2470,WN 2024,GINF,039178,SI,539
70865448,FA 2023,GINF,WN 2025,WN 2025,02003,Information Mas,9445MSI,User Experience Design MSI,2470,WN 2024,GINF,043863,SI,612
70865448,FA 2023,GINF,WN 2025,WN 2025,02003,Information Mas,9445MSI,User Experience Design MSI,2510,FA 2024,GINF,019903,TO,548
70865448,FA 2023,GINF,WN 2025,WN 2025,02003,Information Mas,9445MSI,User Experience Design MSI,2510,FA 2024,GINF,020379,IOE,548
70865448,FA 2023,GINF,WN 2025,WN 2025,02003,Information Mas,9445MSI,User Experience Design MSI,2510,FA 2024,GINF,045687,SI,538
70865448,FA 2023,GINF,WN 2025,WN 2025,02003,Information Mas,9445MSI,User Experience Design MSI,2510,FA 2024,GINF,045771,SI,684
70865448,FA 2023,GINF,WN 2025,WN 2025,02003,Information Mas,9445MSI,User Experience Design MSI,2520,WN 2025,GINF,047901,SI,699
70865448,FA 2023,GINF,WN 2025,WN 2025,02003,Information Mas,9445MSI,User Experience Design MSI,2520,WN 2025,GINF,051836,SI,611
71347184,FA 2023,GINF,WN 2025,WN 2025,02003,Information Mas,9445MSI,User Experience Design MSI,2460,FA 2023,GINF,017281,SI,588
71347184,FA 2023,GINF,WN 2025,WN 2025,02003,Information Mas,9445MSI,User Experience Design MSI,2460,FA 2023,GINF,042104,SI,501
71347184,FA 2023,GINF,WN 2025,WN 2025,02003,Information Mas,9445MSI,User Experience Design MSI,2460,FA 2023,GINF,044772,SI,582
71347184,FA 2023,GINF,WN 2025,WN 2025,02003,Information Mas,9445MSI,User Experience Design MSI,2460,FA 2023,GINF,047246,SI,506
71347184,FA 2023,GINF,WN 2025,WN 2025,02003,Information Mas,9445MSI,User Experience Design MSI,2470,WN 2024,GINF,020401,SI,622
71347184,FA 2023,GINF,WN 2025,WN 2025,02003,Information Mas,9445MSI,User Experience Design MSI,2470,WN 2024,GINF,021400,SI,520
71347184,FA 2023,GINF,WN 2025,WN 2025,02003,Information Mas,9445MSI,User Experience Design MSI,2470,WN 2024,GINF,022099,SI,658
71347184,FA 2023,GINF,WN 2025,WN 2025,02003,Information Mas,9445MSI,User Experience Design MSI,2470,WN 2024,GINF,039178,SI,539
71347184,FA 2023,GINF,WN 2025,WN 2025,02003,Information Mas,9445MSI,User Experience Design MSI,2470,WN 2024,GINF,040667,SI,681
71347184,FA 2023,GINF,WN 2025,WN 2025,02003,Information Mas,9445MSI,User Experience Design MSI,2510,FA 2024,GINF,043863,SI,612
71347184,FA 2023,GINF,WN 2025,WN 2025,02003,Information Mas,9445MSI,User Experience Design MSI,2510,FA 2024,GINF,045393,SI,552
71347184,FA 2023,GINF,WN 2025,WN 2025,02003,Information Mas,9445MSI,User Experience Design MSI,2510,FA 2024,GINF,046306,SI,616
71347184,FA 2023,GINF,WN 2025,WN 2025,02003,Information Mas,9445MSI,User Experience Design MSI,2520,WN 2025,GINF,047901,SI,699
71347184,FA 2023,GINF,WN 2025,WN 2025,02003,Information Mas,9445MSI,User Experience Design MSI,2520,WN 2025,GINF,051454,SI,594
71347184,FA 2023,GINF,WN 2025,WN 2025,02003,Information Mas,9445MSI,User Experience Design MSI,2520,WN 2025,GINF,051836,SI,611
71357587,FA 2023,GINF,WN 2025,WN 2025,02003,Information Mas,9445MSI,User Experience Design MSI,2460,FA 2023,GINF,017281,SI,588
71357587,FA 2023,GINF,WN 2025,WN 2025,02003,Information Mas,9445MSI,User Experience Design MSI,2460,FA 2023,GINF,042104,SI,501
71357587,FA 2023,GINF,WN 2025,WN 2025,02003,Information Mas,9445MSI,User Experience Design MSI,2460,FA 2023,GINF,044772,SI,582
71357587,FA 2023,GINF,WN 2025,WN 2025,02003,Information Mas,9445MSI,User Experience Design MSI,2460,FA 2023,GINF,047246,SI,506
71357587,FA 2023,GINF,WN 2025,WN 2025,02003,Information Mas,9445MSI,User Experience Design MSI,2470,WN 2024,GINF,017540,TO,566
71357587,FA 2023,GINF,WN 2025,WN 2025,02003,Information Mas,9445MSI,User Experience Design MSI,2470,WN 2024,GINF,020401,SI,622
71357587,FA 2023,GINF,WN 2025,WN 2025,02003,Information Mas,9445MSI,User Experience Design MSI,2470,WN 2024,GINF,021400,SI,520
71357587,FA 2023,GINF,WN 2025,WN 2025,02003,Information Mas,9445MSI,User Experience Design MSI,2470,WN 2024,GINF,039178,SI,539
71357587,FA 2023,GINF,WN 2025,WN 2025,02003,Information Mas,9445MSI,User Experience Design MSI,2470,WN 2024,GINF,040667,SI,681
71357587,FA 2023,GINF,WN 2025,WN 2025,02003,Information Mas,9445MSI,User Experience Design MSI,2510,FA 2024,GINF,009733,SI,702
71357587,FA 2023,GINF,WN 2025,WN 2025,02003,Information Mas,9445MSI,User Experience Design MSI,2510,FA 2024,GINF,021391,SI,511
71357587,FA 2023,GINF,WN 2025,WN 2025,02003,Information Mas,9445MSI,User Experience Design MSI,2510,FA 2024,GINF,046306,SI,616
71357587,FA 2023,GINF,WN 2025,WN 2025,02003,Information Mas,9445MSI,User Experience Design MSI,2510,FA 2024,GINF,048488,SI,559
71357587,FA 2023,GINF,WN 2025,WN 2025,02003,Information Mas,9445MSI,User Experience Design MSI,2520,WN 2025,GINF,012085,MKT,613
71357587,FA 2023,GINF,WN 2025,WN 2025,02003,Information Mas,9445MSI,User Experience Design MSI,2520,WN 2025,GINF,016408,MKT,630
71357587,FA 2023,GINF,WN 2025,WN 2025,02003,Information Mas,9445MSI,User Experience Design MSI,2520,WN 2025,GINF,021391,SI,511
71357587,FA 2023,GINF,WN 2025,WN 2025,02003,Information Mas,9445MSI,User Experience Design MSI,2520,WN 2025,GINF,047254,MKT,642
71357587,FA 2023,GINF,WN 2025,WN 2025,02003,Information Mas,9445MSI,User Experience Design MSI,2520,WN 2025,GINF,047901,SI,699
71357587,FA 2023,GINF,WN 2025,WN 2025,02003,Information Mas,9445MSI,User Experience Design MSI,2520,WN 2025,GINF,048129,SI,505
71991558,FA 2023,GINF,FA 2025,FA 2025,02003,Information Mas,9445MSI,User Experience Design MSI,2460,FA 2023,GINF,009732,SI,650
71991558,FA 2023,GINF,FA 2025,FA 2025,02003,Information Mas,9445MSI,User Experience Design MSI,2460,FA 2023,GINF,021400,SI,520
71991558,FA 2023,GINF,FA 2025,FA 2025,02003,Information Mas,9445MSI,User Experience Design MSI,2460,FA 2023,GINF,039178,SI,539
71991558,FA 2023,GINF,FA 2025,FA 2025,02003,Information Mas,9445MSI,User Experience Design MSI,2460,FA 2023,GINF,042104,SI,501
71991558,FA 2023,GINF,FA 2025,FA 2025,02003,Information Mas,9445MSI,User Experience Design MSI,2460,FA 2023,GINF,047640,SI,507
71991558,FA 2023,GINF,FA 2025,FA 2025,02003,Information Mas,9445MSI,User Experience Design MSI,2460,FA 2023,GINF,049601,SI,564
71991558,FA 2023,GINF,FA 2025,FA 2025,02003,Information Mas,9445MSI,User Experience Design MSI,2460,FA 2023,GINF,050164,SI,504
71991558,FA 2023,GINF,FA 2025,FA 2025,02003,Information Mas,9445MSI,User Experience Design MSI,2470,WN 2024,GINF,020401,SI,622
71991558,FA 2023,GINF,FA 2025,FA 2025,02003,Information Mas,9445MSI,User Experience Design MSI,2470,WN 2024,GINF,040667,SI,681
71991558,FA 2023,GINF,FA 2025,FA 2025,02003,Information Mas,9445MSI,User Experience Design MSI,2470,WN 2024,GINF,044772,SI,582
71991558,FA 2023,GINF,FA 2025,FA 2025,02003,Information Mas,9445MSI,User Experience Design MSI,2470,WN 2024,GINF,046306,SI,616
71991558,FA 2023,GINF,FA 2025,FA 2025,02003,Information Mas,9445MSI,User Experience Design MSI,2470,WN 2024,GINF,050159,SI,579
71991558,FA 2023,GINF,FA 2025,FA 2025,02003,Information Mas,9445MSI,User Experience Design MSI,2510,FA 2024,GINF,017281,SI,588
71991558,FA 2023,GINF,FA 2025,FA 2025,02003,Information Mas,9445MSI,User Experience Design MSI,2510,FA 2024,GINF,043863,SI,612
71991558,FA 2023,GINF,FA 2025,FA 2025,02003,Information Mas,9445MSI,User Experience Design MSI,2510,FA 2024,GINF,048487,SI,669
71991558,FA 2023,GINF,FA 2025,FA 2025,02003,Information Mas,9445MSI,User Experience Design MSI,2520,WN 2025,GINF,041626,SI,664
71991558,FA 2023,GINF,FA 2025,FA 2025,02003,Information Mas,9445MSI,User Experience Design MSI,2520,WN 2025,GINF,042091,SI,618
71991558,FA 2023,GINF,FA 2025,FA 2025,02003,Information Mas,9445MSI,User Experience Design MSI,2520,WN 2025,GINF,050136,UARTS,560
71991558,FA 2023,GINF,FA 2025,FA 2025,02003,Information Mas,9445MSI,User Experience Design MSI,2560,FA 2025,GINF,047901,SI,699
72360600,FA 2023,GINF,WN 2025,WN 2025,02003,Information Mas,0775MSI,Big Data Analytics MSI,2460,FA 2023,GINF,009732,SI,650
72360600,FA 2023,GINF,WN 2025,WN 2025,02003,Information Mas,0775MSI,Big Data Analytics MSI,2460,FA 2023,GINF,016607,SI,544
72360600,FA 2023,GINF,WN 2025,WN 2025,02003,Information Mas,0775MSI,Big Data Analytics MSI,2460,FA 2023,GINF,039178,SI,539
72360600,FA 2023,GINF,WN 2025,WN 2025,02003,Information Mas,0775MSI,Big Data Analytics MSI,2460,FA 2023,GINF,042104,SI,501
72360600,FA 2023,GINF,WN 2025,WN 2025,02003,Information Mas,0775MSI,Big Data Analytics MSI,2460,FA 2023,GINF,049601,SI,564
72360600,FA 2023,GINF,WN 2025,WN 2025,02003,Information Mas,0775MSI,Big Data Analytics MSI,2470,WN 2024,GINF,021050,SI,691
72360600,FA 2023,GINF,WN 2025,WN 2025,02003,Information Mas,0775MSI,Big Data Analytics MSI,2470,WN 2024,GINF,040667,SI,681
72360600,FA 2023,GINF,WN 2025,WN 2025,02003,Information Mas,0775MSI,Big Data Analytics MSI,2470,WN 2024,GINF,041626,SI,664
72360600,FA 2023,GINF,WN 2025,WN 2025,02003,Information Mas,0775MSI,Big Data Analytics MSI,2470,WN 2024,GINF,042091,SI,618
72360600,FA 2023,GINF,WN 2025,WN 2025,02003,Information Mas,0775MSI,Big Data Analytics MSI,2470,WN 2024,GINF,050663,SI,568
72360600,FA 2023,GINF,WN 2025,WN 2025,02003,Information Mas,0775MSI,Big Data Analytics MSI,2470,WN 2024,GINF,050983,SI,602
72360600,FA 2023,GINF,WN 2025,WN 2025,02003,Information Mas,0775MSI,Big Data Analytics MSI,2510,FA 2024,GINF,020934,SI,649
72360600,FA 2023,GINF,WN 2025,WN 2025,02003,Information Mas,0775MSI,Big Data Analytics MSI,2510,FA 2024,GINF,041934,SI,608
72360600,FA 2023,GINF,WN 2025,WN 2025,02003,Information Mas,0775MSI,Big Data Analytics MSI,2510,FA 2024,GINF,045930,SI,671
72360600,FA 2023,GINF,WN 2025,WN 2025,02003,Information Mas,0775MSI,Big Data Analytics MSI,2510,FA 2024,GINF,051462,SI,644
72360600,FA 2023,GINF,WN 2025,WN 2025,02003,Information Mas,0775MSI,Big Data Analytics MSI,2520,WN 2025,GINF,047901,SI,699
72360600,FA 2023,GINF,WN 2025,WN 2025,02003,Information Mas,0775MSI,Big Data Analytics MSI,2520,WN 2025,GINF,050162,SI,510
72422702,FA 2023,GINF,WN 2024,WN 2024,02003,Information Mas,4470MSI9,Information MSI,2460,FA 2023,GINF,001459,SI,690
72422702,FA 2023,GINF,WN 2024,WN 2024,02003,Information Mas,4470MSI9,Information MSI,2460,FA 2023,GINF,021400,SI,520
72422702,FA 2023,GINF,WN 2024,WN 2024,02003,Information Mas,4470MSI9,Information MSI,2460,FA 2023,GINF,039081,SI,529
72422702,FA 2023,GINF,WN 2024,WN 2024,02003,Information Mas,4470MSI9,Information MSI,2460,FA 2023,GINF,042104,SI,501
72422702,FA 2023,GINF,WN 2024,WN 2024,02003,Information Mas,4470MSI9,Information MSI,2470,WN 2024,GINF,012772,EDUC,626
72422702,FA 2023,GINF,WN 2024,WN 2024,02003,Information Mas,4470MSI9,Information MSI,2470,WN 2024,GINF,021400,SI,520
72422702,FA 2023,GINF,WN 2024,WN 2024,02003,Information Mas,4470MSI9,Information MSI,2470,WN 2024,GINF,042890,ENTR,409
72422702,FA 2023,GINF,WN 2024,WN 2024,02003,Information Mas,4470MSI9,Information MSI,2470,WN 2024,GINF,045393,SI,552
72422702,FA 2023,GINF,WN 2024,WN 2024,02003,Information Mas,4470MSI9,Information MSI,2470,WN 2024,GINF,047901,SI,699
72422702,FA 2023,GINF,WN 2024,WN 2024,02003,Information Mas,4470MSI9,Information MSI,2470,WN 2024,GINF,048421,ENTR,560
72422702,FA 2023,GINF,WN 2024,WN 2024,02003,Information Mas,4470MSI9,Information MSI,2470,WN 2024,GINF,048488,SI,559
72691056,FA 2023,GINF,WN 2025,WN 2025,02003,Information Mas,4470MSI9,Information MSI,2460,FA 2023,GINF,009731,SI,580
72691056,FA 2023,GINF,WN 2025,WN 2025,02003,Information Mas,4470MSI9,Information MSI,2460,FA 2023,GINF,021042,SI,647
72691056,FA 2023,GINF,WN 2025,WN 2025,02003,Information Mas,4470MSI9,Information MSI,2460,FA 2023,GINF,042104,SI,501
72691056,FA 2023,GINF,WN 2025,WN 2025,02003,Information Mas,4470MSI9,Information MSI,2460,FA 2023,GINF,047246,SI,506
72691056,FA 2023,GINF,WN 2025,WN 2025,02003,Information Mas,4470MSI9,Information MSI,2460,FA 2023,GINF,048129,SI,505
72691056,FA 2023,GINF,WN 2025,WN 2025,02003,Information Mas,4470MSI9,Information MSI,2470,WN 2024,GINF,022212,HISTORY,698
72691056,FA 2023,GINF,WN 2025,WN 2025,02003,Information Mas,4470MSI9,Information MSI,2470,WN 2024,GINF,039979,SI,623
72691056,FA 2023,GINF,WN 2025,WN 2025,02003,Information Mas,4470MSI9,Information MSI,2470,WN 2024,GINF,040667,SI,681
72691056,FA 2023,GINF,WN 2025,WN 2025,02003,Information Mas,4470MSI9,Information MSI,2470,WN 2024,GINF,048280,SI,667
72691056,FA 2023,GINF,WN 2025,WN 2025,02003,Information Mas,4470MSI9,Information MSI,2470,WN 2024,GINF,050165,SI,585
72691056,FA 2023,GINF,WN 2025,WN 2025,02003,Information Mas,4470MSI9,Information MSI,2510,FA 2024,GINF,001459,SI,690
72691056,FA 2023,GINF,WN 2025,WN 2025,02003,Information Mas,4470MSI9,Information MSI,2510,FA 2024,GINF,021045,SI,666
72691056,FA 2023,GINF,WN 2025,WN 2025,02003,Information Mas,4470MSI9,Information MSI,2510,FA 2024,GINF,050161,SI,676
72691056,FA 2023,GINF,WN 2025,WN 2025,02003,Information Mas,4470MSI9,Information MSI,2510,FA 2024,GINF,050163,SI,633
72691056,FA 2023,GINF,WN 2025,WN 2025,02003,Information Mas,4470MSI9,Information MSI,2510,FA 2024,GINF,050164,SI,504
72691056,FA 2023,GINF,WN 2025,WN 2025,02003,Information Mas,4470MSI9,Information MSI,2520,WN 2025,GINF,001459,SI,690
72691056,FA 2023,GINF,WN 2025,WN 2025,02003,Information Mas,4470MSI9,Information MSI,2520,WN 2025,GINF,047901,SI,699
72691056,FA 2023,GINF,WN 2025,WN 2025,02003,Information Mas,4470MSI9,Information MSI,2520,WN 2025,GINF,049601,SI,564
72691056,FA 2023,GINF,WN 2025,WN 2025,02003,Information Mas,4470MSI9,Information MSI,2520,WN 2025,GINF,050162,SI,510
72691056,FA 2023,GINF,WN 2025,WN 2025,02003,Information Mas,4470MSI9,Information MSI,2520,WN 2025,GINF,051074,SI,626
72871123,FA 2023,GINF,WN 2025,WN 2025,02003,Information Mas,0775MSI,Big Data Analytics MSI,2420,WN 2023,GINF,049423,SIADS,502
72871123,FA 2023,GINF,WN 2025,WN 2025,02003,Information Mas,0775MSI,Big Data Analytics MSI,2420,WN 2023,GINF,049424,SIADS,505
72871123,FA 2023,GINF,WN 2025,WN 2025,02003,Information Mas,0775MSI,Big Data Analytics MSI,2420,WN 2023,GINF,049425,SIADS,516
72871123,FA 2023,GINF,WN 2025,WN 2025,02003,Information Mas,0775MSI,Big Data Analytics MSI,2420,WN 2023,GINF,049426,SIADS,521
72871123,FA 2023,GINF,WN 2025,WN 2025,02003,Information Mas,0775MSI,Big Data Analytics MSI,2420,WN 2023,GINF,049427,SIADS,522
72871123,FA 2023,GINF,WN 2025,WN 2025,02003,Information Mas,0775MSI,Big Data Analytics MSI,2420,WN 2023,GINF,049429,SIADS,532
72871123,FA 2023,GINF,WN 2025,WN 2025,02003,Information Mas,0775MSI,Big Data Analytics MSI,2420,WN 2023,GINF,049522,SIADS,515
72871123,FA 2023,GINF,WN 2025,WN 2025,02003,Information Mas,0775MSI,Big Data Analytics MSI,2420,WN 2023,GINF,049633,SIADS,511
72871123,FA 2023,GINF,WN 2025,WN 2025,02003,Information Mas,0775MSI,Big Data Analytics MSI,2420,WN 2023,GINF,049862,SIADS,542
72871123,FA 2023,GINF,WN 2025,WN 2025,02003,Information Mas,0775MSI,Big Data Analytics MSI,2460,FA 2023,GINF,016607,SI,544
72871123,FA 2023,GINF,WN 2025,WN 2025,02003,Information Mas,0775MSI,Big Data Analytics MSI,2460,FA 2023,GINF,042104,SI,501
72871123,FA 2023,GINF,WN 2025,WN 2025,02003,Information Mas,0775MSI,Big Data Analytics MSI,2460,FA 2023,GINF,047640,SI,507
72871123,FA 2023,GINF,WN 2025,WN 2025,02003,Information Mas,0775MSI,Big Data Analytics MSI,2460,FA 2023,GINF,048129,SI,505
72871123,FA 2023,GINF,WN 2025,WN 2025,02003,Information Mas,0775MSI,Big Data Analytics MSI,2460,FA 2023,GINF,050164,SI,504
72871123,FA 2023,GINF,WN 2025,WN 2025,02003,Information Mas,0775MSI,Big Data Analytics MSI,2470,WN 2024,GINF,039979,SI,623
72871123,FA 2023,GINF,WN 2025,WN 2025,02003,Information Mas,0775MSI,Big Data Analytics MSI,2470,WN 2024,GINF,042091,SI,618
72871123,FA 2023,GINF,WN 2025,WN 2025,02003,Information Mas,0775MSI,Big Data Analytics MSI,2470,WN 2024,GINF,050663,SI,568
72871123,FA 2023,GINF,WN 2025,WN 2025,02003,Information Mas,0775MSI,Big Data Analytics MSI,2470,WN 2024,GINF,050983,SI,602
72871123,FA 2023,GINF,WN 2025,WN 2025,02003,Information Mas,0775MSI,Big Data Analytics MSI,2510,FA 2024,GINF,009732,SI,650
72871123,FA 2023,GINF,WN 2025,WN 2025,02003,Information Mas,0775MSI,Big Data Analytics MSI,2510,FA 2024,GINF,021391,SI,511
72871123,FA 2023,GINF,WN 2025,WN 2025,02003,Information Mas,0775MSI,Big Data Analytics MSI,2510,FA 2024,GINF,041934,SI,608
72871123,FA 2023,GINF,WN 2025,WN 2025,02003,Information Mas,0775MSI,Big Data Analytics MSI,2510,FA 2024,GINF,045930,SI,671
72871123,FA 2023,GINF,WN 2025,WN 2025,02003,Information Mas,0775MSI,Big Data Analytics MSI,2520,WN 2025,GINF,014743,EECS,442
72871123,FA 2023,GINF,WN 2025,WN 2025,02003,Information Mas,0775MSI,Big Data Analytics MSI,2520,WN 2025,GINF,014801,ELI,536
72871123,FA 2023,GINF,WN 2025,WN 2025,02003,Information Mas,0775MSI,Big Data Analytics MSI,2520,WN 2025,GINF,041626,SI,664
72871123,FA 2023,GINF,WN 2025,WN 2025,02003,Information Mas,0775MSI,Big Data Analytics MSI,2520,WN 2025,GINF,047637,LHS,712
72871123,FA 2023,GINF,WN 2025,WN 2025,02003,Information Mas,0775MSI,Big Data Analytics MSI,2520,WN 2025,GINF,047901,SI,699
72871123,FA 2023,GINF,WN 2025,WN 2025,02003,Information Mas,0775MSI,Big Data Analytics MSI,2520,WN 2025,GINF,048268,SI,630
72871123,FA 2023,GINF,WN 2025,WN 2025,02003,Information Mas,0775MSI,Big Data Analytics MSI,2520,WN 2025,GINF,048514,WELLNESS,512
73138153,FA 2023,GINF,WN 2025,WN 2025,02003,Information Mas,0775MSI,Big Data Analytics MSI,2460,FA 2023,GINF,021400,SI,520
73138153,FA 2023,GINF,WN 2025,WN 2025,02003,Information Mas,0775MSI,Big Data Analytics MSI,2460,FA 2023,GINF,042104,SI,501
73138153,FA 2023,GINF,WN 2025,WN 2025,02003,Information Mas,0775MSI,Big Data Analytics MSI,2460,FA 2023,GINF,047246,SI,506
73138153,FA 2023,GINF,WN 2025,WN 2025,02003,Information Mas,0775MSI,Big Data Analytics MSI,2460,FA 2023,GINF,049601,SI,564
73138153,FA 2023,GINF,WN 2025,WN 2025,02003,Information Mas,0775MSI,Big Data Analytics MSI,2460,FA 2023,GINF,050164,SI,504
73138153,FA 2023,GINF,WN 2025,WN 2025,02003,Information Mas,0775MSI,Big Data Analytics MSI,2470,WN 2024,GINF,039178,SI,539
73138153,FA 2023,GINF,WN 2025,WN 2025,02003,Information Mas,0775MSI,Big Data Analytics MSI,2470,WN 2024,GINF,042091,SI,618
73138153,FA 2023,GINF,WN 2025,WN 2025,02003,Information Mas,0775MSI,Big Data Analytics MSI,2470,WN 2024,GINF,047640,SI,507
73138153,FA 2023,GINF,WN 2025,WN 2025,02003,Information Mas,0775MSI,Big Data Analytics MSI,2470,WN 2024,GINF,050663,SI,568
73138153,FA 2023,GINF,WN 2025,WN 2025,02003,Information Mas,0775MSI,Big Data Analytics MSI,2470,WN 2024,GINF,050983,SI,602
73138153,FA 2023,GINF,WN 2025,WN 2025,02003,Information Mas,0775MSI,Big Data Analytics MSI,2510,FA 2024,GINF,020934,SI,649
73138153,FA 2023,GINF,WN 2025,WN 2025,02003,Information Mas,0775MSI,Big Data Analytics MSI,2510,FA 2024,GINF,041934,SI,608
73138153,FA 2023,GINF,WN 2025,WN 2025,02003,Information Mas,0775MSI,Big Data Analytics MSI,2510,FA 2024,GINF,042071,SI,563
73138153,FA 2023,GINF,WN 2025,WN 2025,02003,Information Mas,0775MSI,Big Data Analytics MSI,2510,FA 2024,GINF,045930,SI,671
73138153,FA 2023,GINF,WN 2025,WN 2025,02003,Information Mas,0775MSI,Big Data Analytics MSI,2520,WN 2025,GINF,047901,SI,699
73311320,FA 2023,GINF,WN 2025,WN 2025,02003,Information Mas,9445MSI,User Experience Design MSI,2460,FA 2023,GINF,021400,SI,520
73311320,FA 2023,GINF,WN 2025,WN 2025,02003,Information Mas,9445MSI,User Experience Design MSI,2460,FA 2023,GINF,039178,SI,539
73311320,FA 2023,GINF,WN 2025,WN 2025,02003,Information Mas,9445MSI,User Experience Design MSI,2460,FA 2023,GINF,042104,SI,501
73311320,FA 2023,GINF,WN 2025,WN 2025,02003,Information Mas,9445MSI,User Experience Design MSI,2460,FA 2023,GINF,047246,SI,506
73311320,FA 2023,GINF,WN 2025,WN 2025,02003,Information Mas,9445MSI,User Experience Design MSI,2470,WN 2024,GINF,020401,SI,622
73311320,FA 2023,GINF,WN 2025,WN 2025,02003,Information Mas,9445MSI,User Experience Design MSI,2470,WN 2024,GINF,022099,SI,658
73311320,FA 2023,GINF,WN 2025,WN 2025,02003,Information Mas,9445MSI,User Experience Design MSI,2470,WN 2024,GINF,044772,SI,582
73311320,FA 2023,GINF,WN 2025,WN 2025,02003,Information Mas,9445MSI,User Experience Design MSI,2470,WN 2024,GINF,048488,SI,559
73311320,FA 2023,GINF,WN 2025,WN 2025,02003,Information Mas,9445MSI,User Experience Design MSI,2510,FA 2024,GINF,017281,SI,588
73311320,FA 2023,GINF,WN 2025,WN 2025,02003,Information Mas,9445MSI,User Experience Design MSI,2510,FA 2024,GINF,021391,SI,511
73311320,FA 2023,GINF,WN 2025,WN 2025,02003,Information Mas,9445MSI,User Experience Design MSI,2510,FA 2024,GINF,047228,ENTR,500
73311320,FA 2023,GINF,WN 2025,WN 2025,02003,Information Mas,9445MSI,User Experience Design MSI,2510,FA 2024,GINF,048421,ENTR,560
73311320,FA 2023,GINF,WN 2025,WN 2025,02003,Information Mas,9445MSI,User Experience Design MSI,2520,WN 2025,GINF,021391,SI,511
73311320,FA 2023,GINF,WN 2025,WN 2025,02003,Information Mas,9445MSI,User Experience Design MSI,2520,WN 2025,GINF,041626,SI,664
73311320,FA 2023,GINF,WN 2025,WN 2025,02003,Information Mas,9445MSI,User Experience Design MSI,2520,WN 2025,GINF,042324,SI,639
73311320,FA 2023,GINF,WN 2025,WN 2025,02003,Information Mas,9445MSI,User Experience Design MSI,2520,WN 2025,GINF,047901,SI,699
73311320,FA 2023,GINF,WN 2025,WN 2025,02003,Information Mas,9445MSI,User Experience Design MSI,2520,WN 2025,GINF,048486,SI,659
73320934,FA 2023,GINF,WN 2025,WN 2025,02003,Information Mas,9445MSI,User Experience Design MSI,2460,FA 2023,GINF,021400,SI,520
73320934,FA 2023,GINF,WN 2025,WN 2025,02003,Information Mas,9445MSI,User Experience Design MSI,2460,FA 2023,GINF,042104,SI,501
73320934,FA 2023,GINF,WN 2025,WN 2025,02003,Information Mas,9445MSI,User Experience Design MSI,2460,FA 2023,GINF,044772,SI,582
73320934,FA 2023,GINF,WN 2025,WN 2025,02003,Information Mas,9445MSI,User Experience Design MSI,2460,FA 2023,GINF,047246,SI,506
73320934,FA 2023,GINF,WN 2025,WN 2025,02003,Information Mas,9445MSI,User Experience Design MSI,2460,FA 2023,GINF,048129,SI,505
73320934,FA 2023,GINF,WN 2025,WN 2025,02003,Information Mas,9445MSI,User Experience Design MSI,2470,WN 2024,GINF,011598,PIANO,500
73320934,FA 2023,GINF,WN 2025,WN 2025,02003,Information Mas,9445MSI,User Experience Design MSI,2470,WN 2024,GINF,011678,VIOLIN,500
73320934,FA 2023,GINF,WN 2025,WN 2025,02003,Information Mas,9445MSI,User Experience Design MSI,2470,WN 2024,GINF,020401,SI,622
73320934,FA 2023,GINF,WN 2025,WN 2025,02003,Information Mas,9445MSI,User Experience Design MSI,2470,WN 2024,GINF,039178,SI,539
73320934,FA 2023,GINF,WN 2025,WN 2025,02003,Information Mas,9445MSI,User Experience Design MSI,2470,WN 2024,GINF,045393,SI,552
73320934,FA 2023,GINF,WN 2025,WN 2025,02003,Information Mas,9445MSI,User Experience Design MSI,2470,WN 2024,GINF,046306,SI,616
73320934,FA 2023,GINF,WN 2025,WN 2025,02003,Information Mas,9445MSI,User Experience Design MSI,2510,FA 2024,GINF,011678,VIOLIN,500
73320934,FA 2023,GINF,WN 2025,WN 2025,02003,Information Mas,9445MSI,User Experience Design MSI,2510,FA 2024,GINF,011688,VOICE,500
73320934,FA 2023,GINF,WN 2025,WN 2025,02003,Information Mas,9445MSI,User Experience Design MSI,2510,FA 2024,GINF,017281,SI,588
73320934,FA 2023,GINF,WN 2025,WN 2025,02003,Information Mas,9445MSI,User Experience Design MSI,2510,FA 2024,GINF,038659,SI,519
73320934,FA 2023,GINF,WN 2025,WN 2025,02003,Information Mas,9445MSI,User Experience Design MSI,2510,FA 2024,GINF,047228,ENTR,500
73320934,FA 2023,GINF,WN 2025,WN 2025,02003,Information Mas,9445MSI,User Experience Design MSI,2510,FA 2024,GINF,048488,SI,559
73320934,FA 2023,GINF,WN 2025,WN 2025,02003,Information Mas,9445MSI,User Experience Design MSI,2520,WN 2025,GINF,021391,SI,511
73320934,FA 2023,GINF,WN 2025,WN 2025,02003,Information Mas,9445MSI,User Experience Design MSI,2520,WN 2025,GINF,047901,SI,699
73442531,FA 2023,GINF,WN 2025,WN 2025,02003,Information Mas,0775MSI,Big Data Analytics MSI,2460,FA 2023,GINF,039178,SI,539
73442531,FA 2023,GINF,WN 2025,WN 2025,02003,Information Mas,0775MSI,Big Data Analytics MSI,2460,FA 2023,GINF,042091,SI,618
73442531,FA 2023,GINF,WN 2025,WN 2025,02003,Information Mas,0775MSI,Big Data Analytics MSI,2460,FA 2023,GINF,042104,SI,501
73442531,FA 2023,GINF,WN 2025,WN 2025,02003,Information Mas,0775MSI,Big Data Analytics MSI,2460,FA 2023,GINF,044772,SI,582
73442531,FA 2023,GINF,WN 2025,WN 2025,02003,Information Mas,0775MSI,Big Data Analytics MSI,2460,FA 2023,GINF,047640,SI,507
73442531,FA 2023,GINF,WN 2025,WN 2025,02003,Information Mas,0775MSI,Big Data Analytics MSI,2470,WN 2024,GINF,021033,SI,652
73442531,FA 2023,GINF,WN 2025,WN 2025,02003,Information Mas,0775MSI,Big Data Analytics MSI,2470,WN 2024,GINF,040667,SI,681
73442531,FA 2023,GINF,WN 2025,WN 2025,02003,Information Mas,0775MSI,Big Data Analytics MSI,2470,WN 2024,GINF,041626,SI,664
73442531,FA 2023,GINF,WN 2025,WN 2025,02003,Information Mas,0775MSI,Big Data Analytics MSI,2470,WN 2024,GINF,048268,SI,630
73442531,FA 2023,GINF,WN 2025,WN 2025,02003,Information Mas,0775MSI,Big Data Analytics MSI,2470,WN 2024,GINF,049601,SI,564
73442531,FA 2023,GINF,WN 2025,WN 2025,02003,Information Mas,0775MSI,Big Data Analytics MSI,2470,WN 2024,GINF,050663,SI,568
73442531,FA 2023,GINF,WN 2025,WN 2025,02003,Information Mas,0775MSI,Big Data Analytics MSI,2470,WN 2024,GINF,050983,SI,602
73442531,FA 2023,GINF,WN 2025,WN 2025,02003,Information Mas,0775MSI,Big Data Analytics MSI,2510,FA 2024,GINF,009732,SI,650
73442531,FA 2023,GINF,WN 2025,WN 2025,02003,Information Mas,0775MSI,Big Data Analytics MSI,2510,FA 2024,GINF,045930,SI,671
73442531,FA 2023,GINF,WN 2025,WN 2025,02003,Information Mas,0775MSI,Big Data Analytics MSI,2510,FA 2024,GINF,048129,SI,505
73442531,FA 2023,GINF,WN 2025,WN 2025,02003,Information Mas,0775MSI,Big Data Analytics MSI,2510,FA 2024,GINF,048487,SI,669
73442531,FA 2023,GINF,WN 2025,WN 2025,02003,Information Mas,0775MSI,Big Data Analytics MSI,2510,FA 2024,GINF,050164,SI,504
73442531,FA 2023,GINF,WN 2025,WN 2025,02003,Information Mas,0775MSI,Big Data Analytics MSI,2520,WN 2025,GINF,001459,SI,690
73442531,FA 2023,GINF,WN 2025,WN 2025,02003,Information Mas,0775MSI,Big Data Analytics MSI,2520,WN 2025,GINF,020934,SI,649
73442531,FA 2023,GINF,WN 2025,WN 2025,02003,Information Mas,0775MSI,Big Data Analytics MSI,2520,WN 2025,GINF,047901,SI,699
73638094,FA 2023,GINF,WN 2025,WN 2025,02003,Information Mas,9445MSI,User Experience Design MSI,2460,FA 2023,GINF,017281,SI,588
73638094,FA 2023,GINF,WN 2025,WN 2025,02003,Information Mas,9445MSI,User Experience Design MSI,2460,FA 2023,GINF,042104,SI,501
73638094,FA 2023,GINF,WN 2025,WN 2025,02003,Information Mas,9445MSI,User Experience Design MSI,2460,FA 2023,GINF,043210,SI,534
73638094,FA 2023,GINF,WN 2025,WN 2025,02003,Information Mas,9445MSI,User Experience Design MSI,2460,FA 2023,GINF,044772,SI,582
73638094,FA 2023,GINF,WN 2025,WN 2025,02003,Information Mas,9445MSI,User Experience Design MSI,2460,FA 2023,GINF,048129,SI,505
73638094,FA 2023,GINF,WN 2025,WN 2025,02003,Information Mas,9445MSI,User Experience Design MSI,2470,WN 2024,GINF,020401,SI,622
73638094,FA 2023,GINF,WN 2025,WN 2025,02003,Information Mas,9445MSI,User Experience Design MSI,2470,WN 2024,GINF,021391,SI,511
73638094,FA 2023,GINF,WN 2025,WN 2025,02003,Information Mas,9445MSI,User Experience Design MSI,2470,WN 2024,GINF,039178,SI,539
73638094,FA 2023,GINF,WN 2025,WN 2025,02003,Information Mas,9445MSI,User Experience Design MSI,2470,WN 2024,GINF,040667,SI,681
73638094,FA 2023,GINF,WN 2025,WN 2025,02003,Information Mas,9445MSI,User Experience Design MSI,2470,WN 2024,GINF,048421,ENTR,560
73638094,FA 2023,GINF,WN 2025,WN 2025,02003,Information Mas,9445MSI,User Experience Design MSI,2510,FA 2024,GINF,045393,SI,552
73638094,FA 2023,GINF,WN 2025,WN 2025,02003,Information Mas,9445MSI,User Experience Design MSI,2510,FA 2024,GINF,045771,SI,684
73638094,FA 2023,GINF,WN 2025,WN 2025,02003,Information Mas,9445MSI,User Experience Design MSI,2510,FA 2024,GINF,047304,ENTR,550
73638094,FA 2023,GINF,WN 2025,WN 2025,02003,Information Mas,9445MSI,User Experience Design MSI,2520,WN 2025,GINF,021400,SI,520
73638094,FA 2023,GINF,WN 2025,WN 2025,02003,Information Mas,9445MSI,User Experience Design MSI,2520,WN 2025,GINF,047901,SI,699
74638814,FA 2023,GINF,WN 2025,WN 2025,02003,Information Mas,9445MSI,User Experience Design MSI,2460,FA 2023,GINF,017281,SI,588
74638814,FA 2023,GINF,WN 2025,WN 2025,02003,Information Mas,9445MSI,User Experience Design MSI,2460,FA 2023,GINF,021400,SI,520
74638814,FA 2023,GINF,WN 2025,WN 2025,02003,Information Mas,9445MSI,User Experience Design MSI,2460,FA 2023,GINF,042104,SI,501
74638814,FA 2023,GINF,WN 2025,WN 2025,02003,Information Mas,9445MSI,User Experience Design MSI,2460,FA 2023,GINF,044772,SI,582
74638814,FA 2023,GINF,WN 2025,WN 2025,02003,Information Mas,9445MSI,User Experience Design MSI,2470,WN 2024,GINF,020401,SI,622
74638814,FA 2023,GINF,WN 2025,WN 2025,02003,Information Mas,9445MSI,User Experience Design MSI,2470,WN 2024,GINF,022099,SI,658
74638814,FA 2023,GINF,WN 2025,WN 2025,02003,Information Mas,9445MSI,User Experience Design MSI,2470,WN 2024,GINF,039178,SI,539
74638814,FA 2023,GINF,WN 2025,WN 2025,02003,Information Mas,9445MSI,User Experience Design MSI,2470,WN 2024,GINF,040667,SI,681
74638814,FA 2023,GINF,WN 2025,WN 2025,02003,Information Mas,9445MSI,User Experience Design MSI,2470,WN 2024,GINF,047246,SI,506
74638814,FA 2023,GINF,WN 2025,WN 2025,02003,Information Mas,9445MSI,User Experience Design MSI,2470,WN 2024,GINF,048289,TO,428
74638814,FA 2023,GINF,WN 2025,WN 2025,02003,Information Mas,9445MSI,User Experience Design MSI,2510,FA 2024,GINF,021391,SI,511
74638814,FA 2023,GINF,WN 2025,WN 2025,02003,Information Mas,9445MSI,User Experience Design MSI,2510,FA 2024,GINF,041626,SI,664
74638814,FA 2023,GINF,WN 2025,WN 2025,02003,Information Mas,9445MSI,User Experience Design MSI,2510,FA 2024,GINF,045393,SI,552
74638814,FA 2023,GINF,WN 2025,WN 2025,02003,Information Mas,9445MSI,User Experience Design MSI,2510,FA 2024,GINF,049601,SI,564
74638814,FA 2023,GINF,WN 2025,WN 2025,02003,Information Mas,9445MSI,User Experience Design MSI,2520,WN 2025,GINF,022188,BL,504
74638814,FA 2023,GINF,WN 2025,WN 2025,02003,Information Mas,9445MSI,User Experience Design MSI,2520,WN 2025,GINF,047901,SI,699
74638814,FA 2023,GINF,WN 2025,WN 2025,02003,Information Mas,9445MSI,User Experience Design MSI,2520,WN 2025,GINF,051485,BL,511
75216337,FA 2023,GINF,WN 2025,WN 2025,02003,Information Mas,9455MSI,User-Centered Agile Dev MSI,2460,FA 2023,GINF,017281,SI,588
75216337,FA 2023,GINF,WN 2025,WN 2025,02003,Information Mas,9455MSI,User-Centered Agile Dev MSI,2460,FA 2023,GINF,017525,BL,510
75216337,FA 2023,GINF,WN 2025,WN 2025,02003,Information Mas,9455MSI,User-Centered Agile Dev MSI,2460,FA 2023,GINF,039178,SI,539
75216337,FA 2023,GINF,WN 2025,WN 2025,02003,Information Mas,9455MSI,User-Centered Agile Dev MSI,2460,FA 2023,GINF,044772,SI,582
75216337,FA 2023,GINF,WN 2025,WN 2025,02003,Information Mas,9455MSI,User-Centered Agile Dev MSI,2460,FA 2023,GINF,048129,SI,505
75216337,FA 2023,GINF,WN 2025,WN 2025,02003,Information Mas,9455MSI,User-Centered Agile Dev MSI,2460,FA 2023,GINF,050164,SI,504
75216337,FA 2023,GINF,WN 2025,WN 2025,02003,Information Mas,9455MSI,User-Centered Agile Dev MSI,2470,WN 2024,GINF,017533,MO,512
75216337,FA 2023,GINF,WN 2025,WN 2025,02003,Information Mas,9455MSI,User-Centered Agile Dev MSI,2470,WN 2024,GINF,020401,SI,622
75216337,FA 2023,GINF,WN 2025,WN 2025,02003,Information Mas,9455MSI,User-Centered Agile Dev MSI,2470,WN 2024,GINF,021391,SI,511
75216337,FA 2023,GINF,WN 2025,WN 2025,02003,Information Mas,9455MSI,User-Centered Agile Dev MSI,2470,WN 2024,GINF,040667,SI,681
75216337,FA 2023,GINF,WN 2025,WN 2025,02003,Information Mas,9455MSI,User-Centered Agile Dev MSI,2470,WN 2024,GINF,043863,SI,612
75216337,FA 2023,GINF,WN 2025,WN 2025,02003,Information Mas,9455MSI,User-Centered Agile Dev MSI,2470,WN 2024,GINF,048488,SI,559
75216337,FA 2023,GINF,WN 2025,WN 2025,02003,Information Mas,9455MSI,User-Centered Agile Dev MSI,2510,FA 2024,GINF,017508,TO,512
75216337,FA 2023,GINF,WN 2025,WN 2025,02003,Information Mas,9455MSI,User-Centered Agile Dev MSI,2510,FA 2024,GINF,041626,SI,664
75216337,FA 2023,GINF,WN 2025,WN 2025,02003,Information Mas,9455MSI,User-Centered Agile Dev MSI,2510,FA 2024,GINF,042071,SI,563
75216337,FA 2023,GINF,WN 2025,WN 2025,02003,Information Mas,9455MSI,User-Centered Agile Dev MSI,2510,FA 2024,GINF,049601,SI,564
75216337,FA 2023,GINF,WN 2025,WN 2025,02003,Information Mas,9455MSI,User-Centered Agile Dev MSI,2510,FA 2024,GINF,050159,SI,579
75216337,FA 2023,GINF,WN 2025,WN 2025,02003,Information Mas,9455MSI,User-Centered Agile Dev MSI,2520,WN 2025,GINF,001459,SI,690
75216337,FA 2023,GINF,WN 2025,WN 2025,02003,Information Mas,9455MSI,User-Centered Agile Dev MSI,2520,WN 2025,GINF,046962,ELI,560
75216337,FA 2023,GINF,WN 2025,WN 2025,02003,Information Mas,9455MSI,User-Centered Agile Dev MSI,2520,WN 2025,GINF,047849,ARTSADMN,533
75216337,FA 2023,GINF,WN 2025,WN 2025,02003,Information Mas,9455MSI,User-Centered Agile Dev MSI,2520,WN 2025,GINF,047901,SI,699
75216337,FA 2023,GINF,WN 2025,WN 2025,02003,Information Mas,9455MSI,User-Centered Agile Dev MSI,2520,WN 2025,GINF,049222,ELI,532
75216337,FA 2023,GINF,WN 2025,WN 2025,02003,Information Mas,9455MSI,User-Centered Agile Dev MSI,2520,WN 2025,GINF,049265,ES,640
75216337,FA 2023,GINF,WN 2025,WN 2025,02003,Information Mas,9455MSI,User-Centered Agile Dev MSI,2520,WN 2025,GINF,050159,SI,579
75216337,FA 2023,GINF,WN 2025,WN 2025,02003,Information Mas,9455MSI,User-Centered Agile Dev MSI,2520,WN 2025,GINF,051454,SI,594
75606836,FA 2023,GINF,WN 2025,WN 2025,02003,Information Mas,9445MSI,User Experience Design MSI,2460,FA 2023,GINF,021400,SI,520
75606836,FA 2023,GINF,WN 2025,WN 2025,02003,Information Mas,9445MSI,User Experience Design MSI,2460,FA 2023,GINF,039178,SI,539
75606836,FA 2023,GINF,WN 2025,WN 2025,02003,Information Mas,9445MSI,User Experience Design MSI,2460,FA 2023,GINF,042104,SI,501
75606836,FA 2023,GINF,WN 2025,WN 2025,02003,Information Mas,9445MSI,User Experience Design MSI,2460,FA 2023,GINF,044772,SI,582
75606836,FA 2023,GINF,WN 2025,WN 2025,02003,Information Mas,9445MSI,User Experience Design MSI,2460,FA 2023,GINF,047246,SI,506
75606836,FA 2023,GINF,WN 2025,WN 2025,02003,Information Mas,9445MSI,User Experience Design MSI,2470,WN 2024,GINF,020401,SI,622
75606836,FA 2023,GINF,WN 2025,WN 2025,02003,Information Mas,9445MSI,User Experience Design MSI,2470,WN 2024,GINF,022099,SI,658
75606836,FA 2023,GINF,WN 2025,WN 2025,02003,Information Mas,9445MSI,User Experience Design MSI,2470,WN 2024,GINF,039081,SI,529
75606836,FA 2023,GINF,WN 2025,WN 2025,02003,Information Mas,9445MSI,User Experience Design MSI,2470,WN 2024,GINF,040667,SI,681
75606836,FA 2023,GINF,WN 2025,WN 2025,02003,Information Mas,9445MSI,User Experience Design MSI,2470,WN 2024,GINF,048488,SI,559
75606836,FA 2023,GINF,WN 2025,WN 2025,02003,Information Mas,9445MSI,User Experience Design MSI,2470,WN 2024,GINF,050136,UARTS,560
75606836,FA 2023,GINF,WN 2025,WN 2025,02003,Information Mas,9445MSI,User Experience Design MSI,2510,FA 2024,GINF,001459,SI,690
75606836,FA 2023,GINF,WN 2025,WN 2025,02003,Information Mas,9445MSI,User Experience Design MSI,2510,FA 2024,GINF,041855,SI,631
75606836,FA 2023,GINF,WN 2025,WN 2025,02003,Information Mas,9445MSI,User Experience Design MSI,2510,FA 2024,GINF,042925,ENTR,407
75606836,FA 2023,GINF,WN 2025,WN 2025,02003,Information Mas,9445MSI,User Experience Design MSI,2510,FA 2024,GINF,046306,SI,616
75606836,FA 2023,GINF,WN 2025,WN 2025,02003,Information Mas,9445MSI,User Experience Design MSI,2510,FA 2024,GINF,047304,ENTR,550
75606836,FA 2023,GINF,WN 2025,WN 2025,02003,Information Mas,9445MSI,User Experience Design MSI,2510,FA 2024,GINF,047901,SI,699
75606836,FA 2023,GINF,WN 2025,WN 2025,02003,Information Mas,9445MSI,User Experience Design MSI,2510,FA 2024,GINF,050136,UARTS,560
75606836,FA 2023,GINF,WN 2025,WN 2025,02003,Information Mas,9445MSI,User Experience Design MSI,2520,WN 2025,GINF,021391,SI,511
75606836,FA 2023,GINF,WN 2025,WN 2025,02003,Information Mas,9445MSI,User Experience Design MSI,2520,WN 2025,GINF,048129,SI,505
75810816,FA 2023,GINF,WN 2025,WN 2025,02003,Information Mas,9445MSI,User Experience Design MSI,2460,FA 2023,GINF,017281,SI,588
75810816,FA 2023,GINF,WN 2025,WN 2025,02003,Information Mas,9445MSI,User Experience Design MSI,2460,FA 2023,GINF,042104,SI,501
75810816,FA 2023,GINF,WN 2025,WN 2025,02003,Information Mas,9445MSI,User Experience Design MSI,2460,FA 2023,GINF,044772,SI,582
75810816,FA 2023,GINF,WN 2025,WN 2025,02003,Information Mas,9445MSI,User Experience Design MSI,2460,FA 2023,GINF,047246,SI,506
75810816,FA 2023,GINF,WN 2025,WN 2025,02003,Information Mas,9445MSI,User Experience Design MSI,2470,WN 2024,GINF,020401,SI,622
75810816,FA 2023,GINF,WN 2025,WN 2025,02003,Information Mas,9445MSI,User Experience Design MSI,2470,WN 2024,GINF,021391,SI,511
75810816,FA 2023,GINF,WN 2025,WN 2025,02003,Information Mas,9445MSI,User Experience Design MSI,2470,WN 2024,GINF,021400,SI,520
75810816,FA 2023,GINF,WN 2025,WN 2025,02003,Information Mas,9445MSI,User Experience Design MSI,2470,WN 2024,GINF,039178,SI,539
75810816,FA 2023,GINF,WN 2025,WN 2025,02003,Information Mas,9445MSI,User Experience Design MSI,2470,WN 2024,GINF,040667,SI,681
75810816,FA 2023,GINF,WN 2025,WN 2025,02003,Information Mas,9445MSI,User Experience Design MSI,2510,FA 2024,GINF,021391,SI,511
75810816,FA 2023,GINF,WN 2025,WN 2025,02003,Information Mas,9445MSI,User Experience Design MSI,2510,FA 2024,GINF,043863,SI,612
75810816,FA 2023,GINF,WN 2025,WN 2025,02003,Information Mas,9445MSI,User Experience Design MSI,2510,FA 2024,GINF,045393,SI,552
75810816,FA 2023,GINF,WN 2025,WN 2025,02003,Information Mas,9445MSI,User Experience Design MSI,2510,FA 2024,GINF,045771,SI,684
75810816,FA 2023,GINF,WN 2025,WN 2025,02003,Information Mas,9445MSI,User Experience Design MSI,2520,WN 2025,GINF,047901,SI,699
75810816,FA 2023,GINF,WN 2025,WN 2025,02003,Information Mas,9445MSI,User Experience Design MSI,2520,WN 2025,GINF,051836,SI,611
75894867,FA 2023,GINF,WN 2025,WN 2025,02003,Information Mas,9445MSI,User Experience Design MSI,2460,FA 2023,GINF,017281,SI,588
75894867,FA 2023,GINF,WN 2025,WN 2025,02003,Information Mas,9445MSI,User Experience Design MSI,2460,FA 2023,GINF,039178,SI,539
75894867,FA 2023,GINF,WN 2025,WN 2025,02003,Information Mas,9445MSI,User Experience Design MSI,2460,FA 2023,GINF,042104,SI,501
75894867,FA 2023,GINF,WN 2025,WN 2025,02003,Information Mas,9445MSI,User Experience Design MSI,2460,FA 2023,GINF,047246,SI,506
75894867,FA 2023,GINF,WN 2025,WN 2025,02003,Information Mas,9445MSI,User Experience Design MSI,2470,WN 2024,GINF,020401,SI,622
75894867,FA 2023,GINF,WN 2025,WN 2025,02003,Information Mas,9445MSI,User Experience Design MSI,2470,WN 2024,GINF,021400,SI,520
75894867,FA 2023,GINF,WN 2025,WN 2025,02003,Information Mas,9445MSI,User Experience Design MSI,2470,WN 2024,GINF,039081,SI,529
75894867,FA 2023,GINF,WN 2025,WN 2025,02003,Information Mas,9445MSI,User Experience Design MSI,2470,WN 2024,GINF,044772,SI,582
75894867,FA 2023,GINF,WN 2025,WN 2025,02003,Information Mas,9445MSI,User Experience Design MSI,2510,FA 2024,GINF,043210,SI,534
75894867,FA 2023,GINF,WN 2025,WN 2025,02003,Information Mas,9445MSI,User Experience Design MSI,2510,FA 2024,GINF,045393,SI,552
75894867,FA 2023,GINF,WN 2025,WN 2025,02003,Information Mas,9445MSI,User Experience Design MSI,2510,FA 2024,GINF,047901,SI,699
75894867,FA 2023,GINF,WN 2025,WN 2025,02003,Information Mas,9445MSI,User Experience Design MSI,2510,FA 2024,GINF,048488,SI,559
75894867,FA 2023,GINF,WN 2025,WN 2025,02003,Information Mas,9445MSI,User Experience Design MSI,2520,WN 2025,GINF,044798,ENTR,599
75894867,FA 2023,GINF,WN 2025,WN 2025,02003,Information Mas,9445MSI,User Experience Design MSI,2520,WN 2025,GINF,047234,ENTR,510
75894867,FA 2023,GINF,WN 2025,WN 2025,02003,Information Mas,9445MSI,User Experience Design MSI,2520,WN 2025,GINF,050162,SI,510
75894867,FA 2023,GINF,WN 2025,WN 2025,02003,Information Mas,9445MSI,User Experience Design MSI,2520,WN 2025,GINF,050852,ANTHRCUL,551
76259359,FA 2023,GINF,WN 2024,WN 2024,02003,Information Mas,4470MSI9,Information MSI,2460,FA 2023,GINF,001459,SI,690
76259359,FA 2023,GINF,WN 2024,WN 2024,02003,Information Mas,4470MSI9,Information MSI,2460,FA 2023,GINF,039081,SI,529
76259359,FA 2023,GINF,WN 2024,WN 2024,02003,Information Mas,4470MSI9,Information MSI,2460,FA 2023,GINF,042104,SI,501
76259359,FA 2023,GINF,WN 2024,WN 2024,02003,Information Mas,4470MSI9,Information MSI,2460,FA 2023,GINF,043863,SI,612
76259359,FA 2023,GINF,WN 2024,WN 2024,02003,Information Mas,4470MSI9,Information MSI,2460,FA 2023,GINF,045393,SI,552
76259359,FA 2023,GINF,WN 2024,WN 2024,02003,Information Mas,4470MSI9,Information MSI,2470,WN 2024,GINF,021391,SI,511
76259359,FA 2023,GINF,WN 2024,WN 2024,02003,Information Mas,4470MSI9,Information MSI,2470,WN 2024,GINF,047641,SI,540
76259359,FA 2023,GINF,WN 2024,WN 2024,02003,Information Mas,4470MSI9,Information MSI,2470,WN 2024,GINF,047901,SI,699
76259359,FA 2023,GINF,WN 2024,WN 2024,02003,Information Mas,4470MSI9,Information MSI,2470,WN 2024,GINF,048421,ENTR,560
76381977,FA 2023,GINF,FA 2025,FA 2025,02003,Information Mas,9445MSI,User Experience Design MSI,2460,FA 2023,GINF,016607,SI,544
76381977,FA 2023,GINF,FA 2025,FA 2025,02003,Information Mas,9445MSI,User Experience Design MSI,2460,FA 2023,GINF,039178,SI,539
76381977,FA 2023,GINF,FA 2025,FA 2025,02003,Information Mas,9445MSI,User Experience Design MSI,2460,FA 2023,GINF,042104,SI,501
76381977,FA 2023,GINF,FA 2025,FA 2025,02003,Information Mas,9445MSI,User Experience Design MSI,2460,FA 2023,GINF,048129,SI,505
76381977,FA 2023,GINF,FA 2025,FA 2025,02003,Information Mas,9445MSI,User Experience Design MSI,2460,FA 2023,GINF,049601,SI,564
76381977,FA 2023,GINF,FA 2025,FA 2025,02003,Information Mas,9445MSI,User Experience Design MSI,2460,FA 2023,GINF,050164,SI,504
76381977,FA 2023,GINF,FA 2025,FA 2025,02003,Information Mas,9445MSI,User Experience Design MSI,2470,WN 2024,GINF,020401,SI,622
76381977,FA 2023,GINF,FA 2025,FA 2025,02003,Information Mas,9445MSI,User Experience Design MSI,2470,WN 2024,GINF,022099,SI,658
76381977,FA 2023,GINF,FA 2025,FA 2025,02003,Information Mas,9445MSI,User Experience Design MSI,2470,WN 2024,GINF,044772,SI,582
76381977,FA 2023,GINF,FA 2025,FA 2025,02003,Information Mas,9445MSI,User Experience Design MSI,2470,WN 2024,GINF,047640,SI,507
76381977,FA 2023,GINF,FA 2025,FA 2025,02003,Information Mas,9445MSI,User Experience Design MSI,2470,WN 2024,GINF,050159,SI,579
76381977,FA 2023,GINF,FA 2025,FA 2025,02003,Information Mas,9445MSI,User Experience Design MSI,2520,WN 2025,GINF,016655,ELI,538
76381977,FA 2023,GINF,FA 2025,FA 2025,02003,Information Mas,9445MSI,User Experience Design MSI,2520,WN 2025,GINF,021400,SI,520
76381977,FA 2023,GINF,FA 2025,FA 2025,02003,Information Mas,9445MSI,User Experience Design MSI,2520,WN 2025,GINF,041044,ELI,510
76381977,FA 2023,GINF,FA 2025,FA 2025,02003,Information Mas,9445MSI,User Experience Design MSI,2520,WN 2025,GINF,045393,SI,552
76381977,FA 2023,GINF,FA 2025,FA 2025,02003,Information Mas,9445MSI,User Experience Design MSI,2520,WN 2025,GINF,048268,SI,630
76381977,FA 2023,GINF,FA 2025,FA 2025,02003,Information Mas,9445MSI,User Experience Design MSI,2520,WN 2025,GINF,051462,SI,644
76381977,FA 2023,GINF,FA 2025,FA 2025,02003,Information Mas,9445MSI,User Experience Design MSI,2560,FA 2025,GINF,017281,SI,588
76381977,FA 2023,GINF,FA 2025,FA 2025,02003,Information Mas,9445MSI,User Experience Design MSI,2560,FA 2025,GINF,047901,SI,699
76525137,FA 2023,GINF,WN 2025,WN 2025,02003,Information Mas,9445MSI,User Experience Design MSI,2460,FA 2023,GINF,021400,SI,520
76525137,FA 2023,GINF,WN 2025,WN 2025,02003,Information Mas,9445MSI,User Experience Design MSI,2460,FA 2023,GINF,042104,SI,501
76525137,FA 2023,GINF,WN 2025,WN 2025,02003,Information Mas,9445MSI,User Experience Design MSI,2460,FA 2023,GINF,044772,SI,582
76525137,FA 2023,GINF,WN 2025,WN 2025,02003,Information Mas,9445MSI,User Experience Design MSI,2460,FA 2023,GINF,047246,SI,506
76525137,FA 2023,GINF,WN 2025,WN 2025,02003,Information Mas,9445MSI,User Experience Design MSI,2460,FA 2023,GINF,049601,SI,564
76525137,FA 2023,GINF,WN 2025,WN 2025,02003,Information Mas,9445MSI,User Experience Design MSI,2470,WN 2024,GINF,020401,SI,622
76525137,FA 2023,GINF,WN 2025,WN 2025,02003,Information Mas,9445MSI,User Experience Design MSI,2470,WN 2024,GINF,021391,SI,511
76525137,FA 2023,GINF,WN 2025,WN 2025,02003,Information Mas,9445MSI,User Experience Design MSI,2470,WN 2024,GINF,039178,SI,539
76525137,FA 2023,GINF,WN 2025,WN 2025,02003,Information Mas,9445MSI,User Experience Design MSI,2470,WN 2024,GINF,050159,SI,579
76525137,FA 2023,GINF,WN 2025,WN 2025,02003,Information Mas,9445MSI,User Experience Design MSI,2470,WN 2024,GINF,050164,SI,504
76525137,FA 2023,GINF,WN 2025,WN 2025,02003,Information Mas,9445MSI,User Experience Design MSI,2510,FA 2024,GINF,003736,MKT,625
76525137,FA 2023,GINF,WN 2025,WN 2025,02003,Information Mas,9445MSI,User Experience Design MSI,2510,FA 2024,GINF,017281,SI,588
76525137,FA 2023,GINF,WN 2025,WN 2025,02003,Information Mas,9445MSI,User Experience Design MSI,2510,FA 2024,GINF,041855,SI,631
76525137,FA 2023,GINF,WN 2025,WN 2025,02003,Information Mas,9445MSI,User Experience Design MSI,2510,FA 2024,GINF,048487,SI,669
76525137,FA 2023,GINF,WN 2025,WN 2025,02003,Information Mas,9445MSI,User Experience Design MSI,2510,FA 2024,GINF,048488,SI,559
76525137,FA 2023,GINF,WN 2025,WN 2025,02003,Information Mas,9445MSI,User Experience Design MSI,2520,WN 2025,GINF,047901,SI,699
76525137,FA 2023,GINF,WN 2025,WN 2025,02003,Information Mas,9445MSI,User Experience Design MSI,2520,WN 2025,GINF,048486,SI,659
76525137,FA 2023,GINF,WN 2025,WN 2025,02003,Information Mas,9445MSI,User Experience Design MSI,2520,WN 2025,GINF,048531,PAT,543
76919081,FA 2023,GINF,WN 2025,WN 2025,02003,Information Mas,0775MSI,Big Data Analytics MSI,2460,FA 2023,GINF,009732,SI,650
76919081,FA 2023,GINF,WN 2025,WN 2025,02003,Information Mas,0775MSI,Big Data Analytics MSI,2460,FA 2023,GINF,042091,SI,618
76919081,FA 2023,GINF,WN 2025,WN 2025,02003,Information Mas,0775MSI,Big Data Analytics MSI,2460,FA 2023,GINF,042104,SI,501
76919081,FA 2023,GINF,WN 2025,WN 2025,02003,Information Mas,0775MSI,Big Data Analytics MSI,2460,FA 2023,GINF,047640,SI,507
76919081,FA 2023,GINF,WN 2025,WN 2025,02003,Information Mas,0775MSI,Big Data Analytics MSI,2460,FA 2023,GINF,049601,SI,564
76919081,FA 2023,GINF,WN 2025,WN 2025,02003,Information Mas,0775MSI,Big Data Analytics MSI,2460,FA 2023,GINF,050164,SI,504
76919081,FA 2023,GINF,WN 2025,WN 2025,02003,Information Mas,0775MSI,Big Data Analytics MSI,2470,WN 2024,GINF,020934,SI,649
76919081,FA 2023,GINF,WN 2025,WN 2025,02003,Information Mas,0775MSI,Big Data Analytics MSI,2470,WN 2024,GINF,039178,SI,539
76919081,FA 2023,GINF,WN 2025,WN 2025,02003,Information Mas,0775MSI,Big Data Analytics MSI,2470,WN 2024,GINF,040667,SI,681
76919081,FA 2023,GINF,WN 2025,WN 2025,02003,Information Mas,0775MSI,Big Data Analytics MSI,2470,WN 2024,GINF,041626,SI,664
76919081,FA 2023,GINF,WN 2025,WN 2025,02003,Information Mas,0775MSI,Big Data Analytics MSI,2470,WN 2024,GINF,050663,SI,568
76919081,FA 2023,GINF,WN 2025,WN 2025,02003,Information Mas,0775MSI,Big Data Analytics MSI,2470,WN 2024,GINF,050983,SI,602
76919081,FA 2023,GINF,WN 2025,WN 2025,02003,Information Mas,0775MSI,Big Data Analytics MSI,2510,FA 2024,GINF,009732,SI,650
76919081,FA 2023,GINF,WN 2025,WN 2025,02003,Information Mas,0775MSI,Big Data Analytics MSI,2510,FA 2024,GINF,042071,SI,563
76919081,FA 2023,GINF,WN 2025,WN 2025,02003,Information Mas,0775MSI,Big Data Analytics MSI,2510,FA 2024,GINF,045930,SI,671
76919081,FA 2023,GINF,WN 2025,WN 2025,02003,Information Mas,0775MSI,Big Data Analytics MSI,2510,FA 2024,GINF,048500,SI,670
76919081,FA 2023,GINF,WN 2025,WN 2025,02003,Information Mas,0775MSI,Big Data Analytics MSI,2510,FA 2024,GINF,051462,SI,644
76919081,FA 2023,GINF,WN 2025,WN 2025,02003,Information Mas,0775MSI,Big Data Analytics MSI,2520,WN 2025,GINF,047901,SI,699
77210558,FA 2023,GINF,FA 2024,FA 2024,02003,Information Mas,0775MSI,Big Data Analytics MSI,2460,FA 2023,GINF,017281,SI,588
77210558,FA 2023,GINF,FA 2024,FA 2024,02003,Information Mas,0775MSI,Big Data Analytics MSI,2460,FA 2023,GINF,039178,SI,539
77210558,FA 2023,GINF,FA 2024,FA 2024,02003,Information Mas,0775MSI,Big Data Analytics MSI,2460,FA 2023,GINF,042071,SI,563
77210558,FA 2023,GINF,FA 2024,FA 2024,02003,Information Mas,0775MSI,Big Data Analytics MSI,2460,FA 2023,GINF,042104,SI,501
77210558,FA 2023,GINF,FA 2024,FA 2024,02003,Information Mas,0775MSI,Big Data Analytics MSI,2460,FA 2023,GINF,047640,SI,507
77210558,FA 2023,GINF,FA 2024,FA 2024,02003,Information Mas,0775MSI,Big Data Analytics MSI,2470,WN 2024,GINF,020934,SI,649
77210558,FA 2023,GINF,FA 2024,FA 2024,02003,Information Mas,0775MSI,Big Data Analytics MSI,2470,WN 2024,GINF,040667,SI,681
77210558,FA 2023,GINF,FA 2024,FA 2024,02003,Information Mas,0775MSI,Big Data Analytics MSI,2470,WN 2024,GINF,041626,SI,664
77210558,FA 2023,GINF,FA 2024,FA 2024,02003,Information Mas,0775MSI,Big Data Analytics MSI,2470,WN 2024,GINF,042091,SI,618
77210558,FA 2023,GINF,FA 2024,FA 2024,02003,Information Mas,0775MSI,Big Data Analytics MSI,2470,WN 2024,GINF,050663,SI,568
77210558,FA 2023,GINF,FA 2024,FA 2024,02003,Information Mas,0775MSI,Big Data Analytics MSI,2470,WN 2024,GINF,050983,SI,602
77210558,FA 2023,GINF,FA 2024,FA 2024,02003,Information Mas,0775MSI,Big Data Analytics MSI,2510,FA 2024,GINF,021391,SI,511
77210558,FA 2023,GINF,FA 2024,FA 2024,02003,Information Mas,0775MSI,Big Data Analytics MSI,2510,FA 2024,GINF,041934,SI,608
77210558,FA 2023,GINF,FA 2024,FA 2024,02003,Information Mas,0775MSI,Big Data Analytics MSI,2510,FA 2024,GINF,044798,ENTR,599
77210558,FA 2023,GINF,FA 2024,FA 2024,02003,Information Mas,0775MSI,Big Data Analytics MSI,2510,FA 2024,GINF,045930,SI,671
77210558,FA 2023,GINF,FA 2024,FA 2024,02003,Information Mas,0775MSI,Big Data Analytics MSI,2510,FA 2024,GINF,047901,SI,699
77313260,FA 2023,GINF,WN 2025,WN 2025,02003,Information Mas,0775MSI,Big Data Analytics MSI,2460,FA 2023,GINF,041626,SI,664
77313260,FA 2023,GINF,WN 2025,WN 2025,02003,Information Mas,0775MSI,Big Data Analytics MSI,2460,FA 2023,GINF,042091,SI,618
77313260,FA 2023,GINF,WN 2025,WN 2025,02003,Information Mas,0775MSI,Big Data Analytics MSI,2460,FA 2023,GINF,042104,SI,501
77313260,FA 2023,GINF,WN 2025,WN 2025,02003,Information Mas,0775MSI,Big Data Analytics MSI,2460,FA 2023,GINF,047640,SI,507
77313260,FA 2023,GINF,WN 2025,WN 2025,02003,Information Mas,0775MSI,Big Data Analytics MSI,2460,FA 2023,GINF,049601,SI,564
77313260,FA 2023,GINF,WN 2025,WN 2025,02003,Information Mas,0775MSI,Big Data Analytics MSI,2460,FA 2023,GINF,050164,SI,504
77313260,FA 2023,GINF,WN 2025,WN 2025,02003,Information Mas,0775MSI,Big Data Analytics MSI,2470,WN 2024,GINF,020934,SI,649
77313260,FA 2023,GINF,WN 2025,WN 2025,02003,Information Mas,0775MSI,Big Data Analytics MSI,2470,WN 2024,GINF,039178,SI,539
77313260,FA 2023,GINF,WN 2025,WN 2025,02003,Information Mas,0775MSI,Big Data Analytics MSI,2470,WN 2024,GINF,042324,SI,639
77313260,FA 2023,GINF,WN 2025,WN 2025,02003,Information Mas,0775MSI,Big Data Analytics MSI,2470,WN 2024,GINF,050663,SI,568
77313260,FA 2023,GINF,WN 2025,WN 2025,02003,Information Mas,0775MSI,Big Data Analytics MSI,2470,WN 2024,GINF,050983,SI,602
77313260,FA 2023,GINF,WN 2025,WN 2025,02003,Information Mas,0775MSI,Big Data Analytics MSI,2510,FA 2024,GINF,042071,SI,563
77313260,FA 2023,GINF,WN 2025,WN 2025,02003,Information Mas,0775MSI,Big Data Analytics MSI,2510,FA 2024,GINF,045930,SI,671
77313260,FA 2023,GINF,WN 2025,WN 2025,02003,Information Mas,0775MSI,Big Data Analytics MSI,2510,FA 2024,GINF,047228,ENTR,500
77313260,FA 2023,GINF,WN 2025,WN 2025,02003,Information Mas,0775MSI,Big Data Analytics MSI,2510,FA 2024,GINF,048487,SI,669
77313260,FA 2023,GINF,WN 2025,WN 2025,02003,Information Mas,0775MSI,Big Data Analytics MSI,2510,FA 2024,GINF,050159,SI,579
77313260,FA 2023,GINF,WN 2025,WN 2025,02003,Information Mas,0775MSI,Big Data Analytics MSI,2520,WN 2025,GINF,047901,SI,699
77313260,FA 2023,GINF,WN 2025,WN 2025,02003,Information Mas,0775MSI,Big Data Analytics MSI,2520,WN 2025,GINF,048268,SI,630
77694288,FA 2023,GINF,SU 2025,SU 2025,02003,Information Mas,0775MSI,Big Data Analytics MSI,2460,FA 2023,GINF,016607,SI,544
77694288,FA 2023,GINF,SU 2025,SU 2025,02003,Information Mas,0775MSI,Big Data Analytics MSI,2460,FA 2023,GINF,039178,SI,539
77694288,FA 2023,GINF,SU 2025,SU 2025,02003,Information Mas,0775MSI,Big Data Analytics MSI,2460,FA 2023,GINF,042104,SI,501
77694288,FA 2023,GINF,SU 2025,SU 2025,02003,Information Mas,0775MSI,Big Data Analytics MSI,2460,FA 2023,GINF,044772,SI,582
77694288,FA 2023,GINF,SU 2025,SU 2025,02003,Information Mas,0775MSI,Big Data Analytics MSI,2460,FA 2023,GINF,047246,SI,506
77694288,FA 2023,GINF,SU 2025,SU 2025,02003,Information Mas,0775MSI,Big Data Analytics MSI,2470,WN 2024,GINF,042091,SI,618
77694288,FA 2023,GINF,SU 2025,SU 2025,02003,Information Mas,0775MSI,Big Data Analytics MSI,2470,WN 2024,GINF,047640,SI,507
77694288,FA 2023,GINF,SU 2025,SU 2025,02003,Information Mas,0775MSI,Big Data Analytics MSI,2470,WN 2024,GINF,050164,SI,504
77694288,FA 2023,GINF,SU 2025,SU 2025,02003,Information Mas,0775MSI,Big Data Analytics MSI,2470,WN 2024,GINF,050663,SI,568
77694288,FA 2023,GINF,SU 2025,SU 2025,02003,Information Mas,0775MSI,Big Data Analytics MSI,2510,FA 2024,GINF,020934,SI,649
77694288,FA 2023,GINF,SU 2025,SU 2025,02003,Information Mas,0775MSI,Big Data Analytics MSI,2510,FA 2024,GINF,041855,SI,631
77694288,FA 2023,GINF,SU 2025,SU 2025,02003,Information Mas,0775MSI,Big Data Analytics MSI,2510,FA 2024,GINF,041934,SI,608
77694288,FA 2023,GINF,SU 2025,SU 2025,02003,Information Mas,0775MSI,Big Data Analytics MSI,2510,FA 2024,GINF,045930,SI,671
77694288,FA 2023,GINF,SU 2025,SU 2025,02003,Information Mas,0775MSI,Big Data Analytics MSI,2510,FA 2024,GINF,049601,SI,564
77694288,FA 2023,GINF,SU 2025,SU 2025,02003,Information Mas,0775MSI,Big Data Analytics MSI,2520,WN 2025,GINF,021050,SI,691
77694288,FA 2023,GINF,SU 2025,SU 2025,02003,Information Mas,0775MSI,Big Data Analytics MSI,2520,WN 2025,GINF,022099,SI,658
77694288,FA 2023,GINF,SU 2025,SU 2025,02003,Information Mas,0775MSI,Big Data Analytics MSI,2520,WN 2025,GINF,041626,SI,664
77694288,FA 2023,GINF,SU 2025,SU 2025,02003,Information Mas,0775MSI,Big Data Analytics MSI,2520,WN 2025,GINF,047901,SI,699
78181708,FA 2023,GINF,FA 2024,FA 2024,02003,Information Mas,9445MSI,User Experience Design MSI,2460,FA 2023,GINF,021400,SI,520
78181708,FA 2023,GINF,FA 2024,FA 2024,02003,Information Mas,9445MSI,User Experience Design MSI,2460,FA 2023,GINF,039178,SI,539
78181708,FA 2023,GINF,FA 2024,FA 2024,02003,Information Mas,9445MSI,User Experience Design MSI,2460,FA 2023,GINF,041626,SI,664
78181708,FA 2023,GINF,FA 2024,FA 2024,02003,Information Mas,9445MSI,User Experience Design MSI,2460,FA 2023,GINF,042104,SI,501
78181708,FA 2023,GINF,FA 2024,FA 2024,02003,Information Mas,9445MSI,User Experience Design MSI,2460,FA 2023,GINF,044772,SI,582
78181708,FA 2023,GINF,FA 2024,FA 2024,02003,Information Mas,9445MSI,User Experience Design MSI,2460,FA 2023,GINF,050159,SI,579
78181708,FA 2023,GINF,FA 2024,FA 2024,02003,Information Mas,9445MSI,User Experience Design MSI,2470,WN 2024,GINF,020401,SI,622
78181708,FA 2023,GINF,FA 2024,FA 2024,02003,Information Mas,9445MSI,User Experience Design MSI,2470,WN 2024,GINF,040667,SI,681
78181708,FA 2023,GINF,FA 2024,FA 2024,02003,Information Mas,9445MSI,User Experience Design MSI,2470,WN 2024,GINF,046306,SI,616
78181708,FA 2023,GINF,FA 2024,FA 2024,02003,Information Mas,9445MSI,User Experience Design MSI,2470,WN 2024,GINF,047640,SI,507
78181708,FA 2023,GINF,FA 2024,FA 2024,02003,Information Mas,9445MSI,User Experience Design MSI,2470,WN 2024,GINF,048486,SI,659
78181708,FA 2023,GINF,FA 2024,FA 2024,02003,Information Mas,9445MSI,User Experience Design MSI,2510,FA 2024,GINF,017281,SI,588
78181708,FA 2023,GINF,FA 2024,FA 2024,02003,Information Mas,9445MSI,User Experience Design MSI,2510,FA 2024,GINF,041855,SI,631
78181708,FA 2023,GINF,FA 2024,FA 2024,02003,Information Mas,9445MSI,User Experience Design MSI,2510,FA 2024,GINF,043863,SI,612
78181708,FA 2023,GINF,FA 2024,FA 2024,02003,Information Mas,9445MSI,User Experience Design MSI,2510,FA 2024,GINF,047901,SI,699
78181708,FA 2023,GINF,FA 2024,FA 2024,02003,Information Mas,9445MSI,User Experience Design MSI,2510,FA 2024,GINF,049601,SI,564
78496657,FA 2023,GINF,WN 2025,WN 2025,02003,Information Mas,9455MSI,User-Centered Agile Dev MSI,2460,FA 2023,GINF,021400,SI,520
78496657,FA 2023,GINF,WN 2025,WN 2025,02003,Information Mas,9455MSI,User-Centered Agile Dev MSI,2460,FA 2023,GINF,039178,SI,539
78496657,FA 2023,GINF,WN 2025,WN 2025,02003,Information Mas,9455MSI,User-Centered Agile Dev MSI,2460,FA 2023,GINF,042104,SI,501
78496657,FA 2023,GINF,WN 2025,WN 2025,02003,Information Mas,9455MSI,User-Centered Agile Dev MSI,2460,FA 2023,GINF,044772,SI,582
78496657,FA 2023,GINF,WN 2025,WN 2025,02003,Information Mas,9455MSI,User-Centered Agile Dev MSI,2460,FA 2023,GINF,050164,SI,504
78496657,FA 2023,GINF,WN 2025,WN 2025,02003,Information Mas,9455MSI,User-Centered Agile Dev MSI,2470,WN 2024,GINF,020401,SI,622
78496657,FA 2023,GINF,WN 2025,WN 2025,02003,Information Mas,9455MSI,User-Centered Agile Dev MSI,2470,WN 2024,GINF,022099,SI,658
78496657,FA 2023,GINF,WN 2025,WN 2025,02003,Information Mas,9455MSI,User-Centered Agile Dev MSI,2470,WN 2024,GINF,040667,SI,681
78496657,FA 2023,GINF,WN 2025,WN 2025,02003,Information Mas,9455MSI,User-Centered Agile Dev MSI,2470,WN 2024,GINF,049601,SI,564
78496657,FA 2023,GINF,WN 2025,WN 2025,02003,Information Mas,9455MSI,User-Centered Agile Dev MSI,2470,WN 2024,GINF,050159,SI,579
78496657,FA 2023,GINF,WN 2025,WN 2025,02003,Information Mas,9455MSI,User-Centered Agile Dev MSI,2510,FA 2024,GINF,017530,TO,616
78496657,FA 2023,GINF,WN 2025,WN 2025,02003,Information Mas,9455MSI,User-Centered Agile Dev MSI,2510,FA 2024,GINF,041626,SI,664
78496657,FA 2023,GINF,WN 2025,WN 2025,02003,Information Mas,9455MSI,User-Centered Agile Dev MSI,2510,FA 2024,GINF,041855,SI,631
78496657,FA 2023,GINF,WN 2025,WN 2025,02003,Information Mas,9455MSI,User-Centered Agile Dev MSI,2510,FA 2024,GINF,047892,SI,605
78496657,FA 2023,GINF,WN 2025,WN 2025,02003,Information Mas,9455MSI,User-Centered Agile Dev MSI,2520,WN 2025,GINF,014748,EECS,545
78496657,FA 2023,GINF,WN 2025,WN 2025,02003,Information Mas,9455MSI,User-Centered Agile Dev MSI,2520,WN 2025,GINF,045393,SI,552
78496657,FA 2023,GINF,WN 2025,WN 2025,02003,Information Mas,9455MSI,User-Centered Agile Dev MSI,2520,WN 2025,GINF,047901,SI,699
78496657,FA 2023,GINF,WN 2025,WN 2025,02003,Information Mas,9455MSI,User-Centered Agile Dev MSI,2520,WN 2025,GINF,048268,SI,630
79370320,FA 2023,GINF,SU 2025,SU 2025,02003,Information Mas,5005MSI,Master's ThesisOption Prog MSI,2460,FA 2023,GINF,021400,SI,520
79370320,FA 2023,GINF,SU 2025,SU 2025,02003,Information Mas,5005MSI,Master's ThesisOption Prog MSI,2460,FA 2023,GINF,042104,SI,501
79370320,FA 2023,GINF,SU 2025,SU 2025,02003,Information Mas,5005MSI,Master's ThesisOption Prog MSI,2460,FA 2023,GINF,044772,SI,582
79370320,FA 2023,GINF,SU 2025,SU 2025,02003,Information Mas,5005MSI,Master's ThesisOption Prog MSI,2460,FA 2023,GINF,048129,SI,505
79370320,FA 2023,GINF,SU 2025,SU 2025,02003,Information Mas,5005MSI,Master's ThesisOption Prog MSI,2460,FA 2023,GINF,050136,UARTS,560
79370320,FA 2023,GINF,SU 2025,SU 2025,02003,Information Mas,5005MSI,Master's ThesisOption Prog MSI,2470,WN 2024,GINF,020401,SI,622
79370320,FA 2023,GINF,SU 2025,SU 2025,02003,Information Mas,5005MSI,Master's ThesisOption Prog MSI,2470,WN 2024,GINF,022099,SI,658
79370320,FA 2023,GINF,SU 2025,SU 2025,02003,Information Mas,5005MSI,Master's ThesisOption Prog MSI,2470,WN 2024,GINF,040667,SI,681
79370320,FA 2023,GINF,SU 2025,SU 2025,02003,Information Mas,5005MSI,Master's ThesisOption Prog MSI,2470,WN 2024,GINF,041626,SI,664
79370320,FA 2023,GINF,SU 2025,SU 2025,02003,Information Mas,5005MSI,Master's ThesisOption Prog MSI,2470,WN 2024,GINF,047640,SI,507
79370320,FA 2023,GINF,SU 2025,SU 2025,02003,Information Mas,5005MSI,Master's ThesisOption Prog MSI,2470,WN 2024,GINF,048486,SI,659
79370320,FA 2023,GINF,SU 2025,SU 2025,02003,Information Mas,5005MSI,Master's ThesisOption Prog MSI,2470,WN 2024,GINF,050136,UARTS,560
79370320,FA 2023,GINF,SU 2025,SU 2025,02003,Information Mas,5005MSI,Master's ThesisOption Prog MSI,2510,FA 2024,GINF,001459,SI,690
79370320,FA 2023,GINF,SU 2025,SU 2025,02003,Information Mas,5005MSI,Master's ThesisOption Prog MSI,2510,FA 2024,GINF,021391,SI,511
79370320,FA 2023,GINF,SU 2025,SU 2025,02003,Information Mas,5005MSI,Master's ThesisOption Prog MSI,2510,FA 2024,GINF,049365,SI,697
79370320,FA 2023,GINF,SU 2025,SU 2025,02003,Information Mas,5005MSI,Master's ThesisOption Prog MSI,2510,FA 2024,GINF,050136,UARTS,560
79370320,FA 2023,GINF,SU 2025,SU 2025,02003,Information Mas,5005MSI,Master's ThesisOption Prog MSI,2520,WN 2025,GINF,049040,SI,698
79370320,FA 2023,GINF,SU 2025,SU 2025,02003,Information Mas,5005MSI,Master's ThesisOption Prog MSI,2520,WN 2025,GINF,050136,UARTS,560
79430383,FA 2023,GINF,WN 2025,WN 2025,02003,Information Mas,9445MSI,User Experience Design MSI,2460,FA 2023,GINF,017281,SI,588
79430383,FA 2023,GINF,WN 2025,WN 2025,02003,Information Mas,9445MSI,User Experience Design MSI,2460,FA 2023,GINF,042104,SI,501
79430383,FA 2023,GINF,WN 2025,WN 2025,02003,Information Mas,9445MSI,User Experience Design MSI,2460,FA 2023,GINF,044772,SI,582
79430383,FA 2023,GINF,WN 2025,WN 2025,02003,Information Mas,9445MSI,User Experience Design MSI,2460,FA 2023,GINF,047246,SI,506
79430383,FA 2023,GINF,WN 2025,WN 2025,02003,Information Mas,9445MSI,User Experience Design MSI,2460,FA 2023,GINF,048129,SI,505
79430383,FA 2023,GINF,WN 2025,WN 2025,02003,Information Mas,9445MSI,User Experience Design MSI,2470,WN 2024,GINF,020401,SI,622
79430383,FA 2023,GINF,WN 2025,WN 2025,02003,Information Mas,9445MSI,User Experience Design MSI,2470,WN 2024,GINF,021400,SI,520
79430383,FA 2023,GINF,WN 2025,WN 2025,02003,Information Mas,9445MSI,User Experience Design MSI,2470,WN 2024,GINF,022099,SI,658
79430383,FA 2023,GINF,WN 2025,WN 2025,02003,Information Mas,9445MSI,User Experience Design MSI,2470,WN 2024,GINF,039178,SI,539
79430383,FA 2023,GINF,WN 2025,WN 2025,02003,Information Mas,9445MSI,User Experience Design MSI,2470,WN 2024,GINF,040667,SI,681
79430383,FA 2023,GINF,WN 2025,WN 2025,02003,Information Mas,9445MSI,User Experience Design MSI,2470,WN 2024,GINF,043863,SI,612
79430383,FA 2023,GINF,WN 2025,WN 2025,02003,Information Mas,9445MSI,User Experience Design MSI,2510,FA 2024,GINF,044798,ENTR,599
79430383,FA 2023,GINF,WN 2025,WN 2025,02003,Information Mas,9445MSI,User Experience Design MSI,2510,FA 2024,GINF,045393,SI,552
79430383,FA 2023,GINF,WN 2025,WN 2025,02003,Information Mas,9445MSI,User Experience Design MSI,2510,FA 2024,GINF,045771,SI,684
79430383,FA 2023,GINF,WN 2025,WN 2025,02003,Information Mas,9445MSI,User Experience Design MSI,2510,FA 2024,GINF,047233,ENTR,520
79430383,FA 2023,GINF,WN 2025,WN 2025,02003,Information Mas,9445MSI,User Experience Design MSI,2520,WN 2025,GINF,047641,SI,540
79430383,FA 2023,GINF,WN 2025,WN 2025,02003,Information Mas,9445MSI,User Experience Design MSI,2520,WN 2025,GINF,047901,SI,699
79574912,FA 2023,GINF,WN 2025,WN 2025,02003,Information Mas,9455MSI,User-Centered Agile Dev MSI,2460,FA 2023,GINF,017281,SI,588
79574912,FA 2023,GINF,WN 2025,WN 2025,02003,Information Mas,9455MSI,User-Centered Agile Dev MSI,2460,FA 2023,GINF,039178,SI,539
79574912,FA 2023,GINF,WN 2025,WN 2025,02003,Information Mas,9455MSI,User-Centered Agile Dev MSI,2460,FA 2023,GINF,042104,SI,501
79574912,FA 2023,GINF,WN 2025,WN 2025,02003,Information Mas,9455MSI,User-Centered Agile Dev MSI,2460,FA 2023,GINF,047246,SI,506
79574912,FA 2023,GINF,WN 2025,WN 2025,02003,Information Mas,9455MSI,User-Centered Agile Dev MSI,2470,WN 2024,GINF,020401,SI,622
79574912,FA 2023,GINF,WN 2025,WN 2025,02003,Information Mas,9455MSI,User-Centered Agile Dev MSI,2470,WN 2024,GINF,021391,SI,511
79574912,FA 2023,GINF,WN 2025,WN 2025,02003,Information Mas,9455MSI,User-Centered Agile Dev MSI,2470,WN 2024,GINF,040667,SI,681
79574912,FA 2023,GINF,WN 2025,WN 2025,02003,Information Mas,9455MSI,User-Centered Agile Dev MSI,2470,WN 2024,GINF,044772,SI,582
79574912,FA 2023,GINF,WN 2025,WN 2025,02003,Information Mas,9455MSI,User-Centered Agile Dev MSI,2470,WN 2024,GINF,050136,UARTS,560
79574912,FA 2023,GINF,WN 2025,WN 2025,02003,Information Mas,9455MSI,User-Centered Agile Dev MSI,2470,WN 2024,GINF,050159,SI,579
79574912,FA 2023,GINF,WN 2025,WN 2025,02003,Information Mas,9455MSI,User-Centered Agile Dev MSI,2510,FA 2024,GINF,041855,SI,631
79574912,FA 2023,GINF,WN 2025,WN 2025,02003,Information Mas,9455MSI,User-Centered Agile Dev MSI,2510,FA 2024,GINF,043863,SI,612
79574912,FA 2023,GINF,WN 2025,WN 2025,02003,Information Mas,9455MSI,User-Centered Agile Dev MSI,2510,FA 2024,GINF,045393,SI,552
79574912,FA 2023,GINF,WN 2025,WN 2025,02003,Information Mas,9455MSI,User-Centered Agile Dev MSI,2510,FA 2024,GINF,048487,SI,669
79574912,FA 2023,GINF,WN 2025,WN 2025,02003,Information Mas,9455MSI,User-Centered Agile Dev MSI,2520,WN 2025,GINF,007707,SPACE,501
79574912,FA 2023,GINF,WN 2025,WN 2025,02003,Information Mas,9455MSI,User-Centered Agile Dev MSI,2520,WN 2025,GINF,047901,SI,699
79574912,FA 2023,GINF,WN 2025,WN 2025,02003,Information Mas,9455MSI,User-Centered Agile Dev MSI,2520,WN 2025,GINF,051454,SI,594
80171555,FA 2023,GINF,WN 2025,WN 2025,02003,Information Mas,9445MSI,User Experience Design MSI,2460,FA 2023,GINF,017281,SI,588
80171555,FA 2023,GINF,WN 2025,WN 2025,02003,Information Mas,9445MSI,User Experience Design MSI,2460,FA 2023,GINF,042104,SI,501
80171555,FA 2023,GINF,WN 2025,WN 2025,02003,Information Mas,9445MSI,User Experience Design MSI,2460,FA 2023,GINF,044772,SI,582
80171555,FA 2023,GINF,WN 2025,WN 2025,02003,Information Mas,9445MSI,User Experience Design MSI,2460,FA 2023,GINF,047246,SI,506
80171555,FA 2023,GINF,WN 2025,WN 2025,02003,Information Mas,9445MSI,User Experience Design MSI,2460,FA 2023,GINF,048129,SI,505
80171555,FA 2023,GINF,WN 2025,WN 2025,02003,Information Mas,9445MSI,User Experience Design MSI,2470,WN 2024,GINF,012772,EDUC,626
80171555,FA 2023,GINF,WN 2025,WN 2025,02003,Information Mas,9445MSI,User Experience Design MSI,2470,WN 2024,GINF,020401,SI,622
80171555,FA 2023,GINF,WN 2025,WN 2025,02003,Information Mas,9445MSI,User Experience Design MSI,2470,WN 2024,GINF,021391,SI,511
80171555,FA 2023,GINF,WN 2025,WN 2025,02003,Information Mas,9445MSI,User Experience Design MSI,2470,WN 2024,GINF,022099,SI,658
80171555,FA 2023,GINF,WN 2025,WN 2025,02003,Information Mas,9445MSI,User Experience Design MSI,2470,WN 2024,GINF,047641,SI,540
80171555,FA 2023,GINF,WN 2025,WN 2025,02003,Information Mas,9445MSI,User Experience Design MSI,2510,FA 2024,GINF,021391,SI,511
80171555,FA 2023,GINF,WN 2025,WN 2025,02003,Information Mas,9445MSI,User Experience Design MSI,2510,FA 2024,GINF,021400,SI,520
80171555,FA 2023,GINF,WN 2025,WN 2025,02003,Information Mas,9445MSI,User Experience Design MSI,2510,FA 2024,GINF,039178,SI,539
80171555,FA 2023,GINF,WN 2025,WN 2025,02003,Information Mas,9445MSI,User Experience Design MSI,2510,FA 2024,GINF,045393,SI,552
80171555,FA 2023,GINF,WN 2025,WN 2025,02003,Information Mas,9445MSI,User Experience Design MSI,2510,FA 2024,GINF,045771,SI,684
80171555,FA 2023,GINF,WN 2025,WN 2025,02003,Information Mas,9445MSI,User Experience Design MSI,2520,WN 2025,GINF,047901,SI,699
80171555,FA 2023,GINF,WN 2025,WN 2025,02003,Information Mas,9445MSI,User Experience Design MSI,2520,WN 2025,GINF,049082,SI,682
80229497,FA 2023,GINF,WN 2025,WN 2025,02003,Information Mas,9445MSI,User Experience Design MSI,2460,FA 2023,GINF,017281,SI,588
80229497,FA 2023,GINF,WN 2025,WN 2025,02003,Information Mas,9445MSI,User Experience Design MSI,2460,FA 2023,GINF,021050,SI,691
80229497,FA 2023,GINF,WN 2025,WN 2025,02003,Information Mas,9445MSI,User Experience Design MSI,2460,FA 2023,GINF,039081,SI,529
80229497,FA 2023,GINF,WN 2025,WN 2025,02003,Information Mas,9445MSI,User Experience Design MSI,2460,FA 2023,GINF,042104,SI,501
80229497,FA 2023,GINF,WN 2025,WN 2025,02003,Information Mas,9445MSI,User Experience Design MSI,2460,FA 2023,GINF,044772,SI,582
80229497,FA 2023,GINF,WN 2025,WN 2025,02003,Information Mas,9445MSI,User Experience Design MSI,2470,WN 2024,GINF,020401,SI,622
80229497,FA 2023,GINF,WN 2025,WN 2025,02003,Information Mas,9445MSI,User Experience Design MSI,2470,WN 2024,GINF,021391,SI,511
80229497,FA 2023,GINF,WN 2025,WN 2025,02003,Information Mas,9445MSI,User Experience Design MSI,2470,WN 2024,GINF,040667,SI,681
80229497,FA 2023,GINF,WN 2025,WN 2025,02003,Information Mas,9445MSI,User Experience Design MSI,2470,WN 2024,GINF,047641,SI,540
80229497,FA 2023,GINF,WN 2025,WN 2025,02003,Information Mas,9445MSI,User Experience Design MSI,2470,WN 2024,GINF,051454,SI,594
80229497,FA 2023,GINF,WN 2025,WN 2025,02003,Information Mas,9445MSI,User Experience Design MSI,2510,FA 2024,GINF,021400,SI,520
80229497,FA 2023,GINF,WN 2025,WN 2025,02003,Information Mas,9445MSI,User Experience Design MSI,2510,FA 2024,GINF,043241,SI,657
80229497,FA 2023,GINF,WN 2025,WN 2025,02003,Information Mas,9445MSI,User Experience Design MSI,2510,FA 2024,GINF,047892,SI,605
80229497,FA 2023,GINF,WN 2025,WN 2025,02003,Information Mas,9445MSI,User Experience Design MSI,2520,WN 2025,GINF,045393,SI,552
80229497,FA 2023,GINF,WN 2025,WN 2025,02003,Information Mas,9445MSI,User Experience Design MSI,2520,WN 2025,GINF,047901,SI,699
80399966,FA 2023,GINF,WN 2025,WN 2025,02003,Information Mas,9455MSI,User-Centered Agile Dev MSI,2460,FA 2023,GINF,021400,SI,520
80399966,FA 2023,GINF,WN 2025,WN 2025,02003,Information Mas,9455MSI,User-Centered Agile Dev MSI,2460,FA 2023,GINF,039178,SI,539
80399966,FA 2023,GINF,WN 2025,WN 2025,02003,Information Mas,9455MSI,User-Centered Agile Dev MSI,2460,FA 2023,GINF,042104,SI,501
80399966,FA 2023,GINF,WN 2025,WN 2025,02003,Information Mas,9455MSI,User-Centered Agile Dev MSI,2460,FA 2023,GINF,044772,SI,582
80399966,FA 2023,GINF,WN 2025,WN 2025,02003,Information Mas,9455MSI,User-Centered Agile Dev MSI,2460,FA 2023,GINF,050164,SI,504
80399966,FA 2023,GINF,WN 2025,WN 2025,02003,Information Mas,9455MSI,User-Centered Agile Dev MSI,2470,WN 2024,GINF,020401,SI,622
80399966,FA 2023,GINF,WN 2025,WN 2025,02003,Information Mas,9455MSI,User-Centered Agile Dev MSI,2470,WN 2024,GINF,041626,SI,664
80399966,FA 2023,GINF,WN 2025,WN 2025,02003,Information Mas,9455MSI,User-Centered Agile Dev MSI,2470,WN 2024,GINF,041957,ENGR,599
80399966,FA 2023,GINF,WN 2025,WN 2025,02003,Information Mas,9455MSI,User-Centered Agile Dev MSI,2470,WN 2024,GINF,047640,SI,507
80399966,FA 2023,GINF,WN 2025,WN 2025,02003,Information Mas,9455MSI,User-Centered Agile Dev MSI,2470,WN 2024,GINF,050159,SI,579
80399966,FA 2023,GINF,WN 2025,WN 2025,02003,Information Mas,9455MSI,User-Centered Agile Dev MSI,2510,FA 2024,GINF,001459,SI,690
80399966,FA 2023,GINF,WN 2025,WN 2025,02003,Information Mas,9455MSI,User-Centered Agile Dev MSI,2510,FA 2024,GINF,017281,SI,588
80399966,FA 2023,GINF,WN 2025,WN 2025,02003,Information Mas,9455MSI,User-Centered Agile Dev MSI,2510,FA 2024,GINF,041855,SI,631
80399966,FA 2023,GINF,WN 2025,WN 2025,02003,Information Mas,9455MSI,User-Centered Agile Dev MSI,2510,FA 2024,GINF,041957,ENGR,599
80399966,FA 2023,GINF,WN 2025,WN 2025,02003,Information Mas,9455MSI,User-Centered Agile Dev MSI,2510,FA 2024,GINF,043396,EECS,402
80399966,FA 2023,GINF,WN 2025,WN 2025,02003,Information Mas,9455MSI,User-Centered Agile Dev MSI,2510,FA 2024,GINF,048487,SI,669
80399966,FA 2023,GINF,WN 2025,WN 2025,02003,Information Mas,9455MSI,User-Centered Agile Dev MSI,2520,WN 2025,GINF,047901,SI,699
82401820,FA 2023,GINF,WN 2025,WN 2025,02003,Information Mas,9445MSI,User Experience Design MSI,2460,FA 2023,GINF,017281,SI,588
82401820,FA 2023,GINF,WN 2025,WN 2025,02003,Information Mas,9445MSI,User Experience Design MSI,2460,FA 2023,GINF,021400,SI,520
82401820,FA 2023,GINF,WN 2025,WN 2025,02003,Information Mas,9445MSI,User Experience Design MSI,2460,FA 2023,GINF,042104,SI,501
82401820,FA 2023,GINF,WN 2025,WN 2025,02003,Information Mas,9445MSI,User Experience Design MSI,2460,FA 2023,GINF,044772,SI,582
82401820,FA 2023,GINF,WN 2025,WN 2025,02003,Information Mas,9445MSI,User Experience Design MSI,2470,WN 2024,GINF,020401,SI,622
82401820,FA 2023,GINF,WN 2025,WN 2025,02003,Information Mas,9445MSI,User Experience Design MSI,2470,WN 2024,GINF,021391,SI,511
82401820,FA 2023,GINF,WN 2025,WN 2025,02003,Information Mas,9445MSI,User Experience Design MSI,2470,WN 2024,GINF,022099,SI,658
82401820,FA 2023,GINF,WN 2025,WN 2025,02003,Information Mas,9445MSI,User Experience Design MSI,2470,WN 2024,GINF,040667,SI,681
82401820,FA 2023,GINF,WN 2025,WN 2025,02003,Information Mas,9445MSI,User Experience Design MSI,2470,WN 2024,GINF,045393,SI,552
82401820,FA 2023,GINF,WN 2025,WN 2025,02003,Information Mas,9445MSI,User Experience Design MSI,2470,WN 2024,GINF,045732,SI,554
82401820,FA 2023,GINF,WN 2025,WN 2025,02003,Information Mas,9445MSI,User Experience Design MSI,2510,FA 2024,GINF,001459,SI,690
82401820,FA 2023,GINF,WN 2025,WN 2025,02003,Information Mas,9445MSI,User Experience Design MSI,2510,FA 2024,GINF,021391,SI,511
82401820,FA 2023,GINF,WN 2025,WN 2025,02003,Information Mas,9445MSI,User Experience Design MSI,2510,FA 2024,GINF,039178,SI,539
82401820,FA 2023,GINF,WN 2025,WN 2025,02003,Information Mas,9445MSI,User Experience Design MSI,2510,FA 2024,GINF,047228,ENTR,500
82401820,FA 2023,GINF,WN 2025,WN 2025,02003,Information Mas,9445MSI,User Experience Design MSI,2510,FA 2024,GINF,048831,SI,547
82401820,FA 2023,GINF,WN 2025,WN 2025,02003,Information Mas,9445MSI,User Experience Design MSI,2520,WN 2025,GINF,047901,SI,699
82827377,FA 2023,GINF,WN 2025,WN 2025,02003,Information Mas,9455MSI,User-Centered Agile Dev MSI,2460,FA 2023,GINF,017281,SI,588
82827377,FA 2023,GINF,WN 2025,WN 2025,02003,Information Mas,9455MSI,User-Centered Agile Dev MSI,2460,FA 2023,GINF,021400,SI,520
82827377,FA 2023,GINF,WN 2025,WN 2025,02003,Information Mas,9455MSI,User-Centered Agile Dev MSI,2460,FA 2023,GINF,039178,SI,539
82827377,FA 2023,GINF,WN 2025,WN 2025,02003,Information Mas,9455MSI,User-Centered Agile Dev MSI,2460,FA 2023,GINF,042104,SI,501
82827377,FA 2023,GINF,WN 2025,WN 2025,02003,Information Mas,9455MSI,User-Centered Agile Dev MSI,2470,WN 2024,GINF,020934,SI,649
82827377,FA 2023,GINF,WN 2025,WN 2025,02003,Information Mas,9455MSI,User-Centered Agile Dev MSI,2470,WN 2024,GINF,022099,SI,658
82827377,FA 2023,GINF,WN 2025,WN 2025,02003,Information Mas,9455MSI,User-Centered Agile Dev MSI,2470,WN 2024,GINF,049601,SI,564
82827377,FA 2023,GINF,WN 2025,WN 2025,02003,Information Mas,9455MSI,User-Centered Agile Dev MSI,2470,WN 2024,GINF,050159,SI,579
82827377,FA 2023,GINF,WN 2025,WN 2025,02003,Information Mas,9455MSI,User-Centered Agile Dev MSI,2470,WN 2024,GINF,050164,SI,504
82827377,FA 2023,GINF,WN 2025,WN 2025,02003,Information Mas,9455MSI,User-Centered Agile Dev MSI,2510,FA 2024,GINF,001459,SI,690
82827377,FA 2023,GINF,WN 2025,WN 2025,02003,Information Mas,9455MSI,User-Centered Agile Dev MSI,2510,FA 2024,GINF,041626,SI,664
82827377,FA 2023,GINF,WN 2025,WN 2025,02003,Information Mas,9455MSI,User-Centered Agile Dev MSI,2510,FA 2024,GINF,044600,MO,620
82827377,FA 2023,GINF,WN 2025,WN 2025,02003,Information Mas,9455MSI,User-Centered Agile Dev MSI,2510,FA 2024,GINF,044772,SI,582
82827377,FA 2023,GINF,WN 2025,WN 2025,02003,Information Mas,9455MSI,User-Centered Agile Dev MSI,2510,FA 2024,GINF,047228,ENTR,500
82827377,FA 2023,GINF,WN 2025,WN 2025,02003,Information Mas,9455MSI,User-Centered Agile Dev MSI,2520,WN 2025,GINF,001459,SI,690
82827377,FA 2023,GINF,WN 2025,WN 2025,02003,Information Mas,9455MSI,User-Centered Agile Dev MSI,2520,WN 2025,GINF,020401,SI,622
82827377,FA 2023,GINF,WN 2025,WN 2025,02003,Information Mas,9455MSI,User-Centered Agile Dev MSI,2520,WN 2025,GINF,047901,SI,699
83033915,FA 2023,GINF,FA 2025,FA 2025,02003,Information Mas,9445MSI,User Experience Design MSI,2460,FA 2023,GINF,016607,SI,544
83033915,FA 2023,GINF,FA 2025,FA 2025,02003,Information Mas,9445MSI,User Experience Design MSI,2460,FA 2023,GINF,042104,SI,501
83033915,FA 2023,GINF,FA 2025,FA 2025,02003,Information Mas,9445MSI,User Experience Design MSI,2460,FA 2023,GINF,047246,SI,506
83033915,FA 2023,GINF,FA 2025,FA 2025,02003,Information Mas,9445MSI,User Experience Design MSI,2460,FA 2023,GINF,048129,SI,505
83033915,FA 2023,GINF,FA 2025,FA 2025,02003,Information Mas,9445MSI,User Experience Design MSI,2460,FA 2023,GINF,050164,SI,504
83033915,FA 2023,GINF,FA 2025,FA 2025,02003,Information Mas,9445MSI,User Experience Design MSI,2470,WN 2024,GINF,042091,SI,618
83033915,FA 2023,GINF,FA 2025,FA 2025,02003,Information Mas,9445MSI,User Experience Design MSI,2470,WN 2024,GINF,047640,SI,507
83033915,FA 2023,GINF,FA 2025,FA 2025,02003,Information Mas,9445MSI,User Experience Design MSI,2470,WN 2024,GINF,050663,SI,568
83033915,FA 2023,GINF,FA 2025,FA 2025,02003,Information Mas,9445MSI,User Experience Design MSI,2470,WN 2024,GINF,050983,SI,602
83033915,FA 2023,GINF,FA 2025,FA 2025,02003,Information Mas,9445MSI,User Experience Design MSI,2510,FA 2024,GINF,017281,SI,588
83033915,FA 2023,GINF,FA 2025,FA 2025,02003,Information Mas,9445MSI,User Experience Design MSI,2510,FA 2024,GINF,039178,SI,539
83033915,FA 2023,GINF,FA 2025,FA 2025,02003,Information Mas,9445MSI,User Experience Design MSI,2510,FA 2024,GINF,044772,SI,582
83033915,FA 2023,GINF,FA 2025,FA 2025,02003,Information Mas,9445MSI,User Experience Design MSI,2510,FA 2024,GINF,049601,SI,564
83033915,FA 2023,GINF,FA 2025,FA 2025,02003,Information Mas,9445MSI,User Experience Design MSI,2520,WN 2025,GINF,020401,SI,622
83033915,FA 2023,GINF,FA 2025,FA 2025,02003,Information Mas,9445MSI,User Experience Design MSI,2520,WN 2025,GINF,021400,SI,520
83033915,FA 2023,GINF,FA 2025,FA 2025,02003,Information Mas,9445MSI,User Experience Design MSI,2520,WN 2025,GINF,039081,SI,529
83033915,FA 2023,GINF,FA 2025,FA 2025,02003,Information Mas,9445MSI,User Experience Design MSI,2560,FA 2025,GINF,043863,SI,612
83033915,FA 2023,GINF,FA 2025,FA 2025,02003,Information Mas,9445MSI,User Experience Design MSI,2560,FA 2025,GINF,045687,SI,538
83033915,FA 2023,GINF,FA 2025,FA 2025,02003,Information Mas,9445MSI,User Experience Design MSI,2560,FA 2025,GINF,047901,SI,699
83711462,FA 2023,GINF,WN 2025,WN 2025,02003,Information Mas,0775MSI,Big Data Analytics MSI,2460,FA 2023,GINF,016607,SI,544
83711462,FA 2023,GINF,WN 2025,WN 2025,02003,Information Mas,0775MSI,Big Data Analytics MSI,2460,FA 2023,GINF,042104,SI,501
83711462,FA 2023,GINF,WN 2025,WN 2025,02003,Information Mas,0775MSI,Big Data Analytics MSI,2460,FA 2023,GINF,047246,SI,506
83711462,FA 2023,GINF,WN 2025,WN 2025,02003,Information Mas,0775MSI,Big Data Analytics MSI,2460,FA 2023,GINF,050164,SI,504
83711462,FA 2023,GINF,WN 2025,WN 2025,02003,Information Mas,0775MSI,Big Data Analytics MSI,2470,WN 2024,GINF,017508,TO,512
83711462,FA 2023,GINF,WN 2025,WN 2025,02003,Information Mas,0775MSI,Big Data Analytics MSI,2470,WN 2024,GINF,040667,SI,681
83711462,FA 2023,GINF,WN 2025,WN 2025,02003,Information Mas,0775MSI,Big Data Analytics MSI,2470,WN 2024,GINF,042091,SI,618
83711462,FA 2023,GINF,WN 2025,WN 2025,02003,Information Mas,0775MSI,Big Data Analytics MSI,2470,WN 2024,GINF,047640,SI,507
83711462,FA 2023,GINF,WN 2025,WN 2025,02003,Information Mas,0775MSI,Big Data Analytics MSI,2470,WN 2024,GINF,049601,SI,564
83711462,FA 2023,GINF,WN 2025,WN 2025,02003,Information Mas,0775MSI,Big Data Analytics MSI,2470,WN 2024,GINF,050663,SI,568
83711462,FA 2023,GINF,WN 2025,WN 2025,02003,Information Mas,0775MSI,Big Data Analytics MSI,2510,FA 2024,GINF,039543,PUBPOL,750
83711462,FA 2023,GINF,WN 2025,WN 2025,02003,Information Mas,0775MSI,Big Data Analytics MSI,2510,FA 2024,GINF,041934,SI,608
83711462,FA 2023,GINF,WN 2025,WN 2025,02003,Information Mas,0775MSI,Big Data Analytics MSI,2510,FA 2024,GINF,045930,SI,671
83711462,FA 2023,GINF,WN 2025,WN 2025,02003,Information Mas,0775MSI,Big Data Analytics MSI,2510,FA 2024,GINF,048949,PUBPOL,577
83711462,FA 2023,GINF,WN 2025,WN 2025,02003,Information Mas,0775MSI,Big Data Analytics MSI,2510,FA 2024,GINF,051462,SI,644
83711462,FA 2023,GINF,WN 2025,WN 2025,02003,Information Mas,0775MSI,Big Data Analytics MSI,2520,WN 2025,GINF,020934,SI,649
83711462,FA 2023,GINF,WN 2025,WN 2025,02003,Information Mas,0775MSI,Big Data Analytics MSI,2520,WN 2025,GINF,047901,SI,699
83711462,FA 2023,GINF,WN 2025,WN 2025,02003,Information Mas,0775MSI,Big Data Analytics MSI,2520,WN 2025,GINF,050983,SI,602
84375194,FA 2023,GINF,SU 2024,SU 2024,02003,Information Mas,4470MSI9,Information MSI,2460,FA 2023,GINF,043863,SI,612
84375194,FA 2023,GINF,SU 2024,SU 2024,02003,Information Mas,4470MSI9,Information MSI,2460,FA 2023,GINF,048487,SI,669
84375194,FA 2023,GINF,SU 2024,SU 2024,02003,Information Mas,4470MSI9,Information MSI,2460,FA 2023,GINF,048831,SI,547
84375194,FA 2023,GINF,SU 2024,SU 2024,02003,Information Mas,4470MSI9,Information MSI,2460,FA 2023,GINF,050159,SI,579
84375194,FA 2023,GINF,SU 2024,SU 2024,02003,Information Mas,4470MSI9,Information MSI,2460,FA 2023,GINF,050164,SI,504
84375194,FA 2023,GINF,SU 2024,SU 2024,02003,Information Mas,4470MSI9,Information MSI,2470,WN 2024,GINF,014799,ELI,544
84375194,FA 2023,GINF,SU 2024,SU 2024,02003,Information Mas,4470MSI9,Information MSI,2470,WN 2024,GINF,040667,SI,681
84375194,FA 2023,GINF,SU 2024,SU 2024,02003,Information Mas,4470MSI9,Information MSI,2470,WN 2024,GINF,044798,ENTR,599
84375194,FA 2023,GINF,SU 2024,SU 2024,02003,Information Mas,4470MSI9,Information MSI,2470,WN 2024,GINF,047901,SI,699
84375194,FA 2023,GINF,SU 2024,SU 2024,02003,Information Mas,4470MSI9,Information MSI,2470,WN 2024,GINF,049834,SI,591
84375194,FA 2023,GINF,SU 2024,SU 2024,02003,Information Mas,4470MSI9,Information MSI,2470,WN 2024,GINF,050956,ELI,535
84704984,FA 2023,GINF,WN 2025,WN 2025,02003,Information Mas,9455MSI,User-Centered Agile Dev MSI,2460,FA 2023,GINF,016607,SI,544
84704984,FA 2023,GINF,WN 2025,WN 2025,02003,Information Mas,9455MSI,User-Centered Agile Dev MSI,2460,FA 2023,GINF,039178,SI,539
84704984,FA 2023,GINF,WN 2025,WN 2025,02003,Information Mas,9455MSI,User-Centered Agile Dev MSI,2460,FA 2023,GINF,042104,SI,501
84704984,FA 2023,GINF,WN 2025,WN 2025,02003,Information Mas,9455MSI,User-Centered Agile Dev MSI,2460,FA 2023,GINF,047640,SI,507
84704984,FA 2023,GINF,WN 2025,WN 2025,02003,Information Mas,9455MSI,User-Centered Agile Dev MSI,2460,FA 2023,GINF,049601,SI,564
84704984,FA 2023,GINF,WN 2025,WN 2025,02003,Information Mas,9455MSI,User-Centered Agile Dev MSI,2460,FA 2023,GINF,050164,SI,504
84704984,FA 2023,GINF,WN 2025,WN 2025,02003,Information Mas,9455MSI,User-Centered Agile Dev MSI,2470,WN 2024,GINF,020401,SI,622
84704984,FA 2023,GINF,WN 2025,WN 2025,02003,Information Mas,9455MSI,User-Centered Agile Dev MSI,2470,WN 2024,GINF,022099,SI,658
84704984,FA 2023,GINF,WN 2025,WN 2025,02003,Information Mas,9455MSI,User-Centered Agile Dev MSI,2470,WN 2024,GINF,040667,SI,681
84704984,FA 2023,GINF,WN 2025,WN 2025,02003,Information Mas,9455MSI,User-Centered Agile Dev MSI,2470,WN 2024,GINF,044772,SI,582
84704984,FA 2023,GINF,WN 2025,WN 2025,02003,Information Mas,9455MSI,User-Centered Agile Dev MSI,2470,WN 2024,GINF,050159,SI,579
84704984,FA 2023,GINF,WN 2025,WN 2025,02003,Information Mas,9455MSI,User-Centered Agile Dev MSI,2510,FA 2024,GINF,017281,SI,588
84704984,FA 2023,GINF,WN 2025,WN 2025,02003,Information Mas,9455MSI,User-Centered Agile Dev MSI,2510,FA 2024,GINF,021391,SI,511
84704984,FA 2023,GINF,WN 2025,WN 2025,02003,Information Mas,9455MSI,User-Centered Agile Dev MSI,2510,FA 2024,GINF,041626,SI,664
84704984,FA 2023,GINF,WN 2025,WN 2025,02003,Information Mas,9455MSI,User-Centered Agile Dev MSI,2510,FA 2024,GINF,041855,SI,631
84704984,FA 2023,GINF,WN 2025,WN 2025,02003,Information Mas,9455MSI,User-Centered Agile Dev MSI,2510,FA 2024,GINF,048129,SI,505
84704984,FA 2023,GINF,WN 2025,WN 2025,02003,Information Mas,9455MSI,User-Centered Agile Dev MSI,2510,FA 2024,GINF,050159,SI,579
84704984,FA 2023,GINF,WN 2025,WN 2025,02003,Information Mas,9455MSI,User-Centered Agile Dev MSI,2520,WN 2025,GINF,047901,SI,699
85156406,FA 2023,GINF,WN 2025,WN 2025,02003,Information Mas,0775MSI,Big Data Analytics MSI,2460,FA 2023,GINF,016607,SI,544
85156406,FA 2023,GINF,WN 2025,WN 2025,02003,Information Mas,0775MSI,Big Data Analytics MSI,2460,FA 2023,GINF,017281,SI,588
85156406,FA 2023,GINF,WN 2025,WN 2025,02003,Information Mas,0775MSI,Big Data Analytics MSI,2460,FA 2023,GINF,042104,SI,501
85156406,FA 2023,GINF,WN 2025,WN 2025,02003,Information Mas,0775MSI,Big Data Analytics MSI,2460,FA 2023,GINF,047246,SI,506
85156406,FA 2023,GINF,WN 2025,WN 2025,02003,Information Mas,0775MSI,Big Data Analytics MSI,2460,FA 2023,GINF,050164,SI,504
85156406,FA 2023,GINF,WN 2025,WN 2025,02003,Information Mas,0775MSI,Big Data Analytics MSI,2470,WN 2024,GINF,040667,SI,681
85156406,FA 2023,GINF,WN 2025,WN 2025,02003,Information Mas,0775MSI,Big Data Analytics MSI,2470,WN 2024,GINF,042091,SI,618
85156406,FA 2023,GINF,WN 2025,WN 2025,02003,Information Mas,0775MSI,Big Data Analytics MSI,2470,WN 2024,GINF,047640,SI,507
85156406,FA 2023,GINF,WN 2025,WN 2025,02003,Information Mas,0775MSI,Big Data Analytics MSI,2470,WN 2024,GINF,050663,SI,568
85156406,FA 2023,GINF,WN 2025,WN 2025,02003,Information Mas,0775MSI,Big Data Analytics MSI,2470,WN 2024,GINF,050983,SI,602
85156406,FA 2023,GINF,WN 2025,WN 2025,02003,Information Mas,0775MSI,Big Data Analytics MSI,2510,FA 2024,GINF,009732,SI,650
85156406,FA 2023,GINF,WN 2025,WN 2025,02003,Information Mas,0775MSI,Big Data Analytics MSI,2510,FA 2024,GINF,041934,SI,608
85156406,FA 2023,GINF,WN 2025,WN 2025,02003,Information Mas,0775MSI,Big Data Analytics MSI,2510,FA 2024,GINF,045930,SI,671
85156406,FA 2023,GINF,WN 2025,WN 2025,02003,Information Mas,0775MSI,Big Data Analytics MSI,2520,WN 2025,GINF,001459,SI,690
85156406,FA 2023,GINF,WN 2025,WN 2025,02003,Information Mas,0775MSI,Big Data Analytics MSI,2520,WN 2025,GINF,041626,SI,664
85156406,FA 2023,GINF,WN 2025,WN 2025,02003,Information Mas,0775MSI,Big Data Analytics MSI,2520,WN 2025,GINF,047901,SI,699
85156406,FA 2023,GINF,WN 2025,WN 2025,02003,Information Mas,0775MSI,Big Data Analytics MSI,2520,WN 2025,GINF,048129,SI,505
85193982,FA 2023,GINF,WN 2025,WN 2025,02003,Information Mas,4470MSI9,Information MSI,2460,FA 2023,GINF,009731,SI,580
85193982,FA 2023,GINF,WN 2025,WN 2025,02003,Information Mas,4470MSI9,Information MSI,2460,FA 2023,GINF,021045,SI,666
85193982,FA 2023,GINF,WN 2025,WN 2025,02003,Information Mas,4470MSI9,Information MSI,2460,FA 2023,GINF,042104,SI,501
85193982,FA 2023,GINF,WN 2025,WN 2025,02003,Information Mas,4470MSI9,Information MSI,2460,FA 2023,GINF,047246,SI,506
85193982,FA 2023,GINF,WN 2025,WN 2025,02003,Information Mas,4470MSI9,Information MSI,2470,WN 2024,GINF,020803,SI,643
85193982,FA 2023,GINF,WN 2025,WN 2025,02003,Information Mas,4470MSI9,Information MSI,2470,WN 2024,GINF,039979,SI,623
85193982,FA 2023,GINF,WN 2025,WN 2025,02003,Information Mas,4470MSI9,Information MSI,2470,WN 2024,GINF,040667,SI,681
85193982,FA 2023,GINF,WN 2025,WN 2025,02003,Information Mas,4470MSI9,Information MSI,2470,WN 2024,GINF,042324,SI,639
85193982,FA 2023,GINF,WN 2025,WN 2025,02003,Information Mas,4470MSI9,Information MSI,2470,WN 2024,GINF,048280,SI,667
85193982,FA 2023,GINF,WN 2025,WN 2025,02003,Information Mas,4470MSI9,Information MSI,2470,WN 2024,GINF,050164,SI,504
85193982,FA 2023,GINF,WN 2025,WN 2025,02003,Information Mas,4470MSI9,Information MSI,2510,FA 2024,GINF,038948,SI,632
85193982,FA 2023,GINF,WN 2025,WN 2025,02003,Information Mas,4470MSI9,Information MSI,2510,FA 2024,GINF,048831,SI,547
85193982,FA 2023,GINF,WN 2025,WN 2025,02003,Information Mas,4470MSI9,Information MSI,2510,FA 2024,GINF,049601,SI,564
85193982,FA 2023,GINF,WN 2025,WN 2025,02003,Information Mas,4470MSI9,Information MSI,2510,FA 2024,GINF,050161,SI,676
85193982,FA 2023,GINF,WN 2025,WN 2025,02003,Information Mas,4470MSI9,Information MSI,2520,WN 2025,GINF,047901,SI,699
85193982,FA 2023,GINF,WN 2025,WN 2025,02003,Information Mas,4470MSI9,Information MSI,2520,WN 2025,GINF,050162,SI,510
85193982,FA 2023,GINF,WN 2025,WN 2025,02003,Information Mas,4470MSI9,Information MSI,2520,WN 2025,GINF,051074,SI,626
85750884,FA 2023,GINF,WN 2025,WN 2025,02003,Information Mas,9445MSI,User Experience Design MSI,2460,FA 2023,GINF,017281,SI,588
85750884,FA 2023,GINF,WN 2025,WN 2025,02003,Information Mas,9445MSI,User Experience Design MSI,2460,FA 2023,GINF,042104,SI,501
85750884,FA 2023,GINF,WN 2025,WN 2025,02003,Information Mas,9445MSI,User Experience Design MSI,2460,FA 2023,GINF,044772,SI,582
85750884,FA 2023,GINF,WN 2025,WN 2025,02003,Information Mas,9445MSI,User Experience Design MSI,2460,FA 2023,GINF,047246,SI,506
85750884,FA 2023,GINF,WN 2025,WN 2025,02003,Information Mas,9445MSI,User Experience Design MSI,2460,FA 2023,GINF,048129,SI,505
85750884,FA 2023,GINF,WN 2025,WN 2025,02003,Information Mas,9445MSI,User Experience Design MSI,2460,FA 2023,GINF,048488,SI,559
85750884,FA 2023,GINF,WN 2025,WN 2025,02003,Information Mas,9445MSI,User Experience Design MSI,2470,WN 2024,GINF,020401,SI,622
85750884,FA 2023,GINF,WN 2025,WN 2025,02003,Information Mas,9445MSI,User Experience Design MSI,2470,WN 2024,GINF,021391,SI,511
85750884,FA 2023,GINF,WN 2025,WN 2025,02003,Information Mas,9445MSI,User Experience Design MSI,2470,WN 2024,GINF,021400,SI,520
85750884,FA 2023,GINF,WN 2025,WN 2025,02003,Information Mas,9445MSI,User Experience Design MSI,2470,WN 2024,GINF,043863,SI,612
85750884,FA 2023,GINF,WN 2025,WN 2025,02003,Information Mas,9445MSI,User Experience Design MSI,2510,FA 2024,GINF,039178,SI,539
85750884,FA 2023,GINF,WN 2025,WN 2025,02003,Information Mas,9445MSI,User Experience Design MSI,2510,FA 2024,GINF,045393,SI,552
85750884,FA 2023,GINF,WN 2025,WN 2025,02003,Information Mas,9445MSI,User Experience Design MSI,2510,FA 2024,GINF,045771,SI,684
85750884,FA 2023,GINF,WN 2025,WN 2025,02003,Information Mas,9445MSI,User Experience Design MSI,2510,FA 2024,GINF,046306,SI,616
85750884,FA 2023,GINF,WN 2025,WN 2025,02003,Information Mas,9445MSI,User Experience Design MSI,2520,WN 2025,GINF,047901,SI,699
85750884,FA 2023,GINF,WN 2025,WN 2025,02003,Information Mas,9445MSI,User Experience Design MSI,2520,WN 2025,GINF,051454,SI,594
85750884,FA 2023,GINF,WN 2025,WN 2025,02003,Information Mas,9445MSI,User Experience Design MSI,2520,WN 2025,GINF,051836,SI,611
86277152,FA 2023,GINF,WN 2025,WN 2025,02003,Information Mas,9445MSI,User Experience Design MSI,2460,FA 2023,GINF,042104,SI,501
86277152,FA 2023,GINF,WN 2025,WN 2025,02003,Information Mas,9445MSI,User Experience Design MSI,2460,FA 2023,GINF,044772,SI,582
86277152,FA 2023,GINF,WN 2025,WN 2025,02003,Information Mas,9445MSI,User Experience Design MSI,2460,FA 2023,GINF,047246,SI,506
86277152,FA 2023,GINF,WN 2025,WN 2025,02003,Information Mas,9445MSI,User Experience Design MSI,2460,FA 2023,GINF,048129,SI,505
86277152,FA 2023,GINF,WN 2025,WN 2025,02003,Information Mas,9445MSI,User Experience Design MSI,2470,WN 2024,GINF,020401,SI,622
86277152,FA 2023,GINF,WN 2025,WN 2025,02003,Information Mas,9445MSI,User Experience Design MSI,2470,WN 2024,GINF,022099,SI,658
86277152,FA 2023,GINF,WN 2025,WN 2025,02003,Information Mas,9445MSI,User Experience Design MSI,2470,WN 2024,GINF,039178,SI,539
86277152,FA 2023,GINF,WN 2025,WN 2025,02003,Information Mas,9445MSI,User Experience Design MSI,2470,WN 2024,GINF,040667,SI,681
86277152,FA 2023,GINF,WN 2025,WN 2025,02003,Information Mas,9445MSI,User Experience Design MSI,2470,WN 2024,GINF,046386,SI,311
86277152,FA 2023,GINF,WN 2025,WN 2025,02003,Information Mas,9445MSI,User Experience Design MSI,2510,FA 2024,GINF,001459,SI,690
86277152,FA 2023,GINF,WN 2025,WN 2025,02003,Information Mas,9445MSI,User Experience Design MSI,2510,FA 2024,GINF,021391,SI,511
86277152,FA 2023,GINF,WN 2025,WN 2025,02003,Information Mas,9445MSI,User Experience Design MSI,2510,FA 2024,GINF,043863,SI,612
86277152,FA 2023,GINF,WN 2025,WN 2025,02003,Information Mas,9445MSI,User Experience Design MSI,2510,FA 2024,GINF,048488,SI,559
86277152,FA 2023,GINF,WN 2025,WN 2025,02003,Information Mas,9445MSI,User Experience Design MSI,2520,WN 2025,GINF,021400,SI,520
86277152,FA 2023,GINF,WN 2025,WN 2025,02003,Information Mas,9445MSI,User Experience Design MSI,2520,WN 2025,GINF,041945,ARCH,507
86277152,FA 2023,GINF,WN 2025,WN 2025,02003,Information Mas,9445MSI,User Experience Design MSI,2520,WN 2025,GINF,047901,SI,699
86277152,FA 2023,GINF,WN 2025,WN 2025,02003,Information Mas,9445MSI,User Experience Design MSI,2520,WN 2025,GINF,051454,SI,594
87145064,FA 2023,GINF,WN 2025,WN 2025,02003,Information Mas,9445MSI,User Experience Design MSI,2460,FA 2023,GINF,016607,SI,544
87145064,FA 2023,GINF,WN 2025,WN 2025,02003,Information Mas,9445MSI,User Experience Design MSI,2460,FA 2023,GINF,017281,SI,588
87145064,FA 2023,GINF,WN 2025,WN 2025,02003,Information Mas,9445MSI,User Experience Design MSI,2460,FA 2023,GINF,039178,SI,539
87145064,FA 2023,GINF,WN 2025,WN 2025,02003,Information Mas,9445MSI,User Experience Design MSI,2460,FA 2023,GINF,042104,SI,501
87145064,FA 2023,GINF,WN 2025,WN 2025,02003,Information Mas,9445MSI,User Experience Design MSI,2460,FA 2023,GINF,044772,SI,582
87145064,FA 2023,GINF,WN 2025,WN 2025,02003,Information Mas,9445MSI,User Experience Design MSI,2460,FA 2023,GINF,047246,SI,506
87145064,FA 2023,GINF,WN 2025,WN 2025,02003,Information Mas,9445MSI,User Experience Design MSI,2470,WN 2024,GINF,020401,SI,622
87145064,FA 2023,GINF,WN 2025,WN 2025,02003,Information Mas,9445MSI,User Experience Design MSI,2470,WN 2024,GINF,048488,SI,559
87145064,FA 2023,GINF,WN 2025,WN 2025,02003,Information Mas,9445MSI,User Experience Design MSI,2470,WN 2024,GINF,050159,SI,579
87145064,FA 2023,GINF,WN 2025,WN 2025,02003,Information Mas,9445MSI,User Experience Design MSI,2470,WN 2024,GINF,050164,SI,504
87145064,FA 2023,GINF,WN 2025,WN 2025,02003,Information Mas,9445MSI,User Experience Design MSI,2510,FA 2024,GINF,006252,SOC,510
87145064,FA 2023,GINF,WN 2025,WN 2025,02003,Information Mas,9445MSI,User Experience Design MSI,2510,FA 2024,GINF,021050,SI,691
87145064,FA 2023,GINF,WN 2025,WN 2025,02003,Information Mas,9445MSI,User Experience Design MSI,2510,FA 2024,GINF,021400,SI,520
87145064,FA 2023,GINF,WN 2025,WN 2025,02003,Information Mas,9445MSI,User Experience Design MSI,2510,FA 2024,GINF,048487,SI,669
87145064,FA 2023,GINF,WN 2025,WN 2025,02003,Information Mas,9445MSI,User Experience Design MSI,2520,WN 2025,GINF,008900,PSYCH,614
87145064,FA 2023,GINF,WN 2025,WN 2025,02003,Information Mas,9445MSI,User Experience Design MSI,2520,WN 2025,GINF,021050,SI,691
87145064,FA 2023,GINF,WN 2025,WN 2025,02003,Information Mas,9445MSI,User Experience Design MSI,2520,WN 2025,GINF,022099,SI,658
87145064,FA 2023,GINF,WN 2025,WN 2025,02003,Information Mas,9445MSI,User Experience Design MSI,2520,WN 2025,GINF,047901,SI,699
87145064,FA 2023,GINF,WN 2025,WN 2025,02003,Information Mas,9445MSI,User Experience Design MSI,2520,WN 2025,GINF,048870,STATS,507
87755882,FA 2023,GINF,WN 2025,WN 2025,02003,Information Mas,9445MSI,User Experience Design MSI,2460,FA 2023,GINF,017281,SI,588
87755882,FA 2023,GINF,WN 2025,WN 2025,02003,Information Mas,9445MSI,User Experience Design MSI,2460,FA 2023,GINF,039178,SI,539
87755882,FA 2023,GINF,WN 2025,WN 2025,02003,Information Mas,9445MSI,User Experience Design MSI,2460,FA 2023,GINF,042104,SI,501
87755882,FA 2023,GINF,WN 2025,WN 2025,02003,Information Mas,9445MSI,User Experience Design MSI,2460,FA 2023,GINF,044772,SI,582
87755882,FA 2023,GINF,WN 2025,WN 2025,02003,Information Mas,9445MSI,User Experience Design MSI,2460,FA 2023,GINF,047246,SI,506
87755882,FA 2023,GINF,WN 2025,WN 2025,02003,Information Mas,9445MSI,User Experience Design MSI,2470,WN 2024,GINF,020401,SI,622
87755882,FA 2023,GINF,WN 2025,WN 2025,02003,Information Mas,9445MSI,User Experience Design MSI,2470,WN 2024,GINF,021391,SI,511
87755882,FA 2023,GINF,WN 2025,WN 2025,02003,Information Mas,9445MSI,User Experience Design MSI,2470,WN 2024,GINF,022099,SI,658
87755882,FA 2023,GINF,WN 2025,WN 2025,02003,Information Mas,9445MSI,User Experience Design MSI,2470,WN 2024,GINF,039081,SI,529
87755882,FA 2023,GINF,WN 2025,WN 2025,02003,Information Mas,9445MSI,User Experience Design MSI,2470,WN 2024,GINF,043863,SI,612
87755882,FA 2023,GINF,WN 2025,WN 2025,02003,Information Mas,9445MSI,User Experience Design MSI,2470,WN 2024,GINF,048488,SI,559
87755882,FA 2023,GINF,WN 2025,WN 2025,02003,Information Mas,9445MSI,User Experience Design MSI,2510,FA 2024,GINF,021391,SI,511
87755882,FA 2023,GINF,WN 2025,WN 2025,02003,Information Mas,9445MSI,User Experience Design MSI,2510,FA 2024,GINF,021400,SI,520
87755882,FA 2023,GINF,WN 2025,WN 2025,02003,Information Mas,9445MSI,User Experience Design MSI,2510,FA 2024,GINF,045393,SI,552
87755882,FA 2023,GINF,WN 2025,WN 2025,02003,Information Mas,9445MSI,User Experience Design MSI,2510,FA 2024,GINF,048421,ENTR,560
87755882,FA 2023,GINF,WN 2025,WN 2025,02003,Information Mas,9445MSI,User Experience Design MSI,2520,WN 2025,GINF,047901,SI,699
87755882,FA 2023,GINF,WN 2025,WN 2025,02003,Information Mas,9445MSI,User Experience Design MSI,2520,WN 2025,GINF,051454,SI,594
88530246,FA 2023,GINF,WN 2025,WN 2025,02003,Information Mas,5005MSI,Master's ThesisOption Prog MSI,2460,FA 2023,GINF,039178,SI,539
88530246,FA 2023,GINF,WN 2025,WN 2025,02003,Information Mas,5005MSI,Master's ThesisOption Prog MSI,2460,FA 2023,GINF,044772,SI,582
88530246,FA 2023,GINF,WN 2025,WN 2025,02003,Information Mas,5005MSI,Master's ThesisOption Prog MSI,2460,FA 2023,GINF,047246,SI,506
88530246,FA 2023,GINF,WN 2025,WN 2025,02003,Information Mas,5005MSI,Master's ThesisOption Prog MSI,2460,FA 2023,GINF,048488,SI,559
88530246,FA 2023,GINF,WN 2025,WN 2025,02003,Information Mas,5005MSI,Master's ThesisOption Prog MSI,2470,WN 2024,GINF,007395,ARCH,509
88530246,FA 2023,GINF,WN 2025,WN 2025,02003,Information Mas,5005MSI,Master's ThesisOption Prog MSI,2470,WN 2024,GINF,020401,SI,622
88530246,FA 2023,GINF,WN 2025,WN 2025,02003,Information Mas,5005MSI,Master's ThesisOption Prog MSI,2470,WN 2024,GINF,040667,SI,681
88530246,FA 2023,GINF,WN 2025,WN 2025,02003,Information Mas,5005MSI,Master's ThesisOption Prog MSI,2470,WN 2024,GINF,048486,SI,659
88530246,FA 2023,GINF,WN 2025,WN 2025,02003,Information Mas,5005MSI,Master's ThesisOption Prog MSI,2470,WN 2024,GINF,049999,EAS,620
88530246,FA 2023,GINF,WN 2025,WN 2025,02003,Information Mas,5005MSI,Master's ThesisOption Prog MSI,2510,FA 2024,GINF,001459,SI,690
88530246,FA 2023,GINF,WN 2025,WN 2025,02003,Information Mas,5005MSI,Master's ThesisOption Prog MSI,2510,FA 2024,GINF,007395,ARCH,509
88530246,FA 2023,GINF,WN 2025,WN 2025,02003,Information Mas,5005MSI,Master's ThesisOption Prog MSI,2510,FA 2024,GINF,049365,SI,697
88530246,FA 2023,GINF,WN 2025,WN 2025,02003,Information Mas,5005MSI,Master's ThesisOption Prog MSI,2520,WN 2025,GINF,022099,SI,658
88530246,FA 2023,GINF,WN 2025,WN 2025,02003,Information Mas,5005MSI,Master's ThesisOption Prog MSI,2520,WN 2025,GINF,045393,SI,552
88530246,FA 2023,GINF,WN 2025,WN 2025,02003,Information Mas,5005MSI,Master's ThesisOption Prog MSI,2520,WN 2025,GINF,049040,SI,698
88770332,FA 2023,GINF,WN 2026, ,02003,Information Mas,9445MSI,User Experience Design MSI,2460,FA 2023,GINF,017281,SI,588
88770332,FA 2023,GINF,WN 2026, ,02003,Information Mas,9445MSI,User Experience Design MSI,2460,FA 2023,GINF,021400,SI,520
88770332,FA 2023,GINF,WN 2026, ,02003,Information Mas,9445MSI,User Experience Design MSI,2460,FA 2023,GINF,042104,SI,501
88770332,FA 2023,GINF,WN 2026, ,02003,Information Mas,9445MSI,User Experience Design MSI,2460,FA 2023,GINF,047246,SI,506
88770332,FA 2023,GINF,WN 2026, ,02003,Information Mas,9445MSI,User Experience Design MSI,2470,WN 2024,GINF,020401,SI,622
88770332,FA 2023,GINF,WN 2026, ,02003,Information Mas,9445MSI,User Experience Design MSI,2470,WN 2024,GINF,022099,SI,658
88770332,FA 2023,GINF,WN 2026, ,02003,Information Mas,9445MSI,User Experience Design MSI,2470,WN 2024,GINF,039178,SI,539
88770332,FA 2023,GINF,WN 2026, ,02003,Information Mas,9445MSI,User Experience Design MSI,2470,WN 2024,GINF,044772,SI,582
88770332,FA 2023,GINF,WN 2026, ,02003,Information Mas,9445MSI,User Experience Design MSI,2510,FA 2024,GINF,021391,SI,511
88770332,FA 2023,GINF,WN 2026, ,02003,Information Mas,9445MSI,User Experience Design MSI,2510,FA 2024,GINF,043241,SI,657
88770332,FA 2023,GINF,WN 2026, ,02003,Information Mas,9445MSI,User Experience Design MSI,2510,FA 2024,GINF,045771,SI,684
88770332,FA 2023,GINF,WN 2026, ,02003,Information Mas,9445MSI,User Experience Design MSI,2510,FA 2024,GINF,047228,ENTR,500
88770332,FA 2023,GINF,WN 2026, ,02003,Information Mas,9445MSI,User Experience Design MSI,2520,WN 2025,GINF,020803,SI,643
88770332,FA 2023,GINF,WN 2026, ,02003,Information Mas,9445MSI,User Experience Design MSI,2520,WN 2025,GINF,047901,SI,699
88770332,FA 2023,GINF,WN 2026, ,02003,Information Mas,9445MSI,User Experience Design MSI,2520,WN 2025,GINF,049082,SI,682
88770332,FA 2023,GINF,WN 2026, ,02003,Information Mas,9445MSI,User Experience Design MSI,2520,WN 2025,GINF,051836,SI,611
88919521,FA 2023,GINF,FA 2025,FA 2025,02003,Information Mas,9445MSI,User Experience Design MSI,2460,FA 2023,GINF,017281,SI,588
88919521,FA 2023,GINF,FA 2025,FA 2025,02003,Information Mas,9445MSI,User Experience Design MSI,2460,FA 2023,GINF,042104,SI,501
88919521,FA 2023,GINF,FA 2025,FA 2025,02003,Information Mas,9445MSI,User Experience Design MSI,2460,FA 2023,GINF,047246,SI,506
88919521,FA 2023,GINF,FA 2025,FA 2025,02003,Information Mas,9445MSI,User Experience Design MSI,2460,FA 2023,GINF,048129,SI,505
88919521,FA 2023,GINF,FA 2025,FA 2025,02003,Information Mas,9445MSI,User Experience Design MSI,2470,WN 2024,GINF,039979,SI,623
88919521,FA 2023,GINF,FA 2025,FA 2025,02003,Information Mas,9445MSI,User Experience Design MSI,2470,WN 2024,GINF,045393,SI,552
88919521,FA 2023,GINF,FA 2025,FA 2025,02003,Information Mas,9445MSI,User Experience Design MSI,2470,WN 2024,GINF,050162,SI,510
88919521,FA 2023,GINF,FA 2025,FA 2025,02003,Information Mas,9445MSI,User Experience Design MSI,2510,FA 2024,GINF,001459,SI,690
88919521,FA 2023,GINF,FA 2025,FA 2025,02003,Information Mas,9445MSI,User Experience Design MSI,2510,FA 2024,GINF,021391,SI,511
88919521,FA 2023,GINF,FA 2025,FA 2025,02003,Information Mas,9445MSI,User Experience Design MSI,2510,FA 2024,GINF,044772,SI,582
88919521,FA 2023,GINF,FA 2025,FA 2025,02003,Information Mas,9445MSI,User Experience Design MSI,2510,FA 2024,GINF,048488,SI,559
88919521,FA 2023,GINF,FA 2025,FA 2025,02003,Information Mas,9445MSI,User Experience Design MSI,2520,WN 2025,GINF,001459,SI,690
88919521,FA 2023,GINF,FA 2025,FA 2025,02003,Information Mas,9445MSI,User Experience Design MSI,2520,WN 2025,GINF,020401,SI,622
88919521,FA 2023,GINF,FA 2025,FA 2025,02003,Information Mas,9445MSI,User Experience Design MSI,2520,WN 2025,GINF,021400,SI,520
88919521,FA 2023,GINF,FA 2025,FA 2025,02003,Information Mas,9445MSI,User Experience Design MSI,2520,WN 2025,GINF,022099,SI,658
88919521,FA 2023,GINF,FA 2025,FA 2025,02003,Information Mas,9445MSI,User Experience Design MSI,2520,WN 2025,GINF,040667,SI,681
88919521,FA 2023,GINF,FA 2025,FA 2025,02003,Information Mas,9445MSI,User Experience Design MSI,2560,FA 2025,GINF,039178,SI,539
88919521,FA 2023,GINF,FA 2025,FA 2025,02003,Information Mas,9445MSI,User Experience Design MSI,2560,FA 2025,GINF,047901,SI,699
89093801,FA 2023,GINF,WN 2025,WN 2025,02003,Information Mas,0775MSI,Big Data Analytics MSI,2460,FA 2023,GINF,009732,SI,650
89093801,FA 2023,GINF,WN 2025,WN 2025,02003,Information Mas,0775MSI,Big Data Analytics MSI,2460,FA 2023,GINF,039178,SI,539
89093801,FA 2023,GINF,WN 2025,WN 2025,02003,Information Mas,0775MSI,Big Data Analytics MSI,2460,FA 2023,GINF,042091,SI,618
89093801,FA 2023,GINF,WN 2025,WN 2025,02003,Information Mas,0775MSI,Big Data Analytics MSI,2460,FA 2023,GINF,047640,SI,507
89093801,FA 2023,GINF,WN 2025,WN 2025,02003,Information Mas,0775MSI,Big Data Analytics MSI,2460,FA 2023,GINF,050164,SI,504
89093801,FA 2023,GINF,WN 2025,WN 2025,02003,Information Mas,0775MSI,Big Data Analytics MSI,2470,WN 2024,GINF,014801,ELI,536
89093801,FA 2023,GINF,WN 2025,WN 2025,02003,Information Mas,0775MSI,Big Data Analytics MSI,2470,WN 2024,GINF,020934,SI,649
89093801,FA 2023,GINF,WN 2025,WN 2025,02003,Information Mas,0775MSI,Big Data Analytics MSI,2470,WN 2024,GINF,040667,SI,681
89093801,FA 2023,GINF,WN 2025,WN 2025,02003,Information Mas,0775MSI,Big Data Analytics MSI,2470,WN 2024,GINF,041626,SI,664
89093801,FA 2023,GINF,WN 2025,WN 2025,02003,Information Mas,0775MSI,Big Data Analytics MSI,2470,WN 2024,GINF,050663,SI,568
89093801,FA 2023,GINF,WN 2025,WN 2025,02003,Information Mas,0775MSI,Big Data Analytics MSI,2470,WN 2024,GINF,050983,SI,602
89093801,FA 2023,GINF,WN 2025,WN 2025,02003,Information Mas,0775MSI,Big Data Analytics MSI,2510,FA 2024,GINF,001459,SI,690
89093801,FA 2023,GINF,WN 2025,WN 2025,02003,Information Mas,0775MSI,Big Data Analytics MSI,2510,FA 2024,GINF,014276,ASIANLAN,429
89093801,FA 2023,GINF,WN 2025,WN 2025,02003,Information Mas,0775MSI,Big Data Analytics MSI,2510,FA 2024,GINF,045930,SI,671
89093801,FA 2023,GINF,WN 2025,WN 2025,02003,Information Mas,0775MSI,Big Data Analytics MSI,2510,FA 2024,GINF,048500,SI,670
89093801,FA 2023,GINF,WN 2025,WN 2025,02003,Information Mas,0775MSI,Big Data Analytics MSI,2510,FA 2024,GINF,051462,SI,644
89093801,FA 2023,GINF,WN 2025,WN 2025,02003,Information Mas,0775MSI,Big Data Analytics MSI,2520,WN 2025,GINF,001459,SI,690
89093801,FA 2023,GINF,WN 2025,WN 2025,02003,Information Mas,0775MSI,Big Data Analytics MSI,2520,WN 2025,GINF,021550,ASIANLAN,425
89093801,FA 2023,GINF,WN 2025,WN 2025,02003,Information Mas,0775MSI,Big Data Analytics MSI,2520,WN 2025,GINF,047901,SI,699
89093801,FA 2023,GINF,WN 2025,WN 2025,02003,Information Mas,0775MSI,Big Data Analytics MSI,2520,WN 2025,GINF,050159,SI,579
89191946,FA 2023,GINF,WN 2025,WN 2025,02003,Information Mas,9445MSI,User Experience Design MSI,2460,FA 2023,GINF,017281,SI,588
89191946,FA 2023,GINF,WN 2025,WN 2025,02003,Information Mas,9445MSI,User Experience Design MSI,2460,FA 2023,GINF,042104,SI,501
89191946,FA 2023,GINF,WN 2025,WN 2025,02003,Information Mas,9445MSI,User Experience Design MSI,2460,FA 2023,GINF,044772,SI,582
89191946,FA 2023,GINF,WN 2025,WN 2025,02003,Information Mas,9445MSI,User Experience Design MSI,2460,FA 2023,GINF,047246,SI,506
89191946,FA 2023,GINF,WN 2025,WN 2025,02003,Information Mas,9445MSI,User Experience Design MSI,2460,FA 2023,GINF,048129,SI,505
89191946,FA 2023,GINF,WN 2025,WN 2025,02003,Information Mas,9445MSI,User Experience Design MSI,2470,WN 2024,GINF,020401,SI,622
89191946,FA 2023,GINF,WN 2025,WN 2025,02003,Information Mas,9445MSI,User Experience Design MSI,2470,WN 2024,GINF,021400,SI,520
89191946,FA 2023,GINF,WN 2025,WN 2025,02003,Information Mas,9445MSI,User Experience Design MSI,2470,WN 2024,GINF,022099,SI,658
89191946,FA 2023,GINF,WN 2025,WN 2025,02003,Information Mas,9445MSI,User Experience Design MSI,2470,WN 2024,GINF,043863,SI,612
89191946,FA 2023,GINF,WN 2025,WN 2025,02003,Information Mas,9445MSI,User Experience Design MSI,2510,FA 2024,GINF,016607,SI,544
89191946,FA 2023,GINF,WN 2025,WN 2025,02003,Information Mas,9445MSI,User Experience Design MSI,2510,FA 2024,GINF,039178,SI,539
89191946,FA 2023,GINF,WN 2025,WN 2025,02003,Information Mas,9445MSI,User Experience Design MSI,2510,FA 2024,GINF,045771,SI,684
89191946,FA 2023,GINF,WN 2025,WN 2025,02003,Information Mas,9445MSI,User Experience Design MSI,2510,FA 2024,GINF,048488,SI,559
89191946,FA 2023,GINF,WN 2025,WN 2025,02003,Information Mas,9445MSI,User Experience Design MSI,2520,WN 2025,GINF,001459,SI,690
89191946,FA 2023,GINF,WN 2025,WN 2025,02003,Information Mas,9445MSI,User Experience Design MSI,2520,WN 2025,GINF,021391,SI,511
89191946,FA 2023,GINF,WN 2025,WN 2025,02003,Information Mas,9445MSI,User Experience Design MSI,2520,WN 2025,GINF,047850,ARTSADMN,550
89191946,FA 2023,GINF,WN 2025,WN 2025,02003,Information Mas,9445MSI,User Experience Design MSI,2520,WN 2025,GINF,047901,SI,699
89191946,FA 2023,GINF,WN 2025,WN 2025,02003,Information Mas,9445MSI,User Experience Design MSI,2520,WN 2025,GINF,048277,ARTSADMN,538
90021333,FA 2023,GINF,WN 2026, ,02003,Information Mas,5005MSI,Master's ThesisOption Prog MSI,2460,FA 2023,GINF,017281,SI,588
90021333,FA 2023,GINF,WN 2026, ,02003,Information Mas,5005MSI,Master's ThesisOption Prog MSI,2460,FA 2023,GINF,039178,SI,539
90021333,FA 2023,GINF,WN 2026, ,02003,Information Mas,5005MSI,Master's ThesisOption Prog MSI,2460,FA 2023,GINF,042104,SI,501
90021333,FA 2023,GINF,WN 2026, ,02003,Information Mas,5005MSI,Master's ThesisOption Prog MSI,2460,FA 2023,GINF,047640,SI,507
90021333,FA 2023,GINF,WN 2026, ,02003,Information Mas,5005MSI,Master's ThesisOption Prog MSI,2460,FA 2023,GINF,050164,SI,504
90021333,FA 2023,GINF,WN 2026, ,02003,Information Mas,5005MSI,Master's ThesisOption Prog MSI,2470,WN 2024,GINF,039979,SI,623
90021333,FA 2023,GINF,WN 2026, ,02003,Information Mas,5005MSI,Master's ThesisOption Prog MSI,2470,WN 2024,GINF,040667,SI,681
90021333,FA 2023,GINF,WN 2026, ,02003,Information Mas,5005MSI,Master's ThesisOption Prog MSI,2470,WN 2024,GINF,048486,SI,659
90021333,FA 2023,GINF,WN 2026, ,02003,Information Mas,5005MSI,Master's ThesisOption Prog MSI,2470,WN 2024,GINF,050159,SI,579
90021333,FA 2023,GINF,WN 2026, ,02003,Information Mas,5005MSI,Master's ThesisOption Prog MSI,2470,WN 2024,GINF,050771,EECS,602
90021333,FA 2023,GINF,WN 2026, ,02003,Information Mas,5005MSI,Master's ThesisOption Prog MSI,2510,FA 2024,GINF,012195,CSE,592
90021333,FA 2023,GINF,WN 2026, ,02003,Information Mas,5005MSI,Master's ThesisOption Prog MSI,2510,FA 2024,GINF,021391,SI,511
90021333,FA 2023,GINF,WN 2026, ,02003,Information Mas,5005MSI,Master's ThesisOption Prog MSI,2510,FA 2024,GINF,049365,SI,697
90021333,FA 2023,GINF,WN 2026, ,02003,Information Mas,5005MSI,Master's ThesisOption Prog MSI,2520,WN 2025,GINF,041626,SI,664
90021333,FA 2023,GINF,WN 2026, ,02003,Information Mas,5005MSI,Master's ThesisOption Prog MSI,2520,WN 2025,GINF,049040,SI,698
90021333,FA 2023,GINF,WN 2026, ,02003,Information Mas,5005MSI,Master's ThesisOption Prog MSI,2520,WN 2025,GINF,051519,ECE,598
90246112,FA 2023,GINF,FA 2024,FA 2024,02003,Information Mas,9445MSI,User Experience Design MSI,2460,FA 2023,GINF,039081,SI,529
90246112,FA 2023,GINF,FA 2024,FA 2024,02003,Information Mas,9445MSI,User Experience Design MSI,2460,FA 2023,GINF,042104,SI,501
90246112,FA 2023,GINF,FA 2024,FA 2024,02003,Information Mas,9445MSI,User Experience Design MSI,2460,FA 2023,GINF,045771,SI,684
90246112,FA 2023,GINF,FA 2024,FA 2024,02003,Information Mas,9445MSI,User Experience Design MSI,2460,FA 2023,GINF,050164,SI,504
90246112,FA 2023,GINF,FA 2024,FA 2024,02003,Information Mas,9445MSI,User Experience Design MSI,2460,FA 2023,GINF,050252,DIGITAL,601
90246112,FA 2023,GINF,FA 2024,FA 2024,02003,Information Mas,9445MSI,User Experience Design MSI,2470,WN 2024,GINF,002987,MUSED,501
90246112,FA 2023,GINF,FA 2024,FA 2024,02003,Information Mas,9445MSI,User Experience Design MSI,2470,WN 2024,GINF,043366,SI,617
90246112,FA 2023,GINF,FA 2024,FA 2024,02003,Information Mas,9445MSI,User Experience Design MSI,2470,WN 2024,GINF,043863,SI,612
90246112,FA 2023,GINF,FA 2024,FA 2024,02003,Information Mas,9445MSI,User Experience Design MSI,2470,WN 2024,GINF,047901,SI,699
90246112,FA 2023,GINF,FA 2024,FA 2024,02003,Information Mas,9445MSI,User Experience Design MSI,2510,FA 2024,GINF,038659,SI,519
90246112,FA 2023,GINF,FA 2024,FA 2024,02003,Information Mas,9445MSI,User Experience Design MSI,2510,FA 2024,GINF,040779,ENGLISH,580
90246112,FA 2023,GINF,FA 2024,FA 2024,02003,Information Mas,9445MSI,User Experience Design MSI,2510,FA 2024,GINF,045393,SI,552
90567684,FA 2023,GINF,WN 2025,WN 2025,02003,Information Mas,5005MSI,Master's ThesisOption Prog MSI,2460,FA 2023,GINF,017281,SI,588
90567684,FA 2023,GINF,WN 2025,WN 2025,02003,Information Mas,5005MSI,Master's ThesisOption Prog MSI,2460,FA 2023,GINF,042104,SI,501
90567684,FA 2023,GINF,WN 2025,WN 2025,02003,Information Mas,5005MSI,Master's ThesisOption Prog MSI,2460,FA 2023,GINF,044772,SI,582
90567684,FA 2023,GINF,WN 2025,WN 2025,02003,Information Mas,5005MSI,Master's ThesisOption Prog MSI,2460,FA 2023,GINF,047246,SI,506
90567684,FA 2023,GINF,WN 2025,WN 2025,02003,Information Mas,5005MSI,Master's ThesisOption Prog MSI,2460,FA 2023,GINF,048129,SI,505
90567684,FA 2023,GINF,WN 2025,WN 2025,02003,Information Mas,5005MSI,Master's ThesisOption Prog MSI,2470,WN 2024,GINF,040667,SI,681
90567684,FA 2023,GINF,WN 2025,WN 2025,02003,Information Mas,5005MSI,Master's ThesisOption Prog MSI,2470,WN 2024,GINF,042091,SI,618
90567684,FA 2023,GINF,WN 2025,WN 2025,02003,Information Mas,5005MSI,Master's ThesisOption Prog MSI,2470,WN 2024,GINF,043863,SI,612
90567684,FA 2023,GINF,WN 2025,WN 2025,02003,Information Mas,5005MSI,Master's ThesisOption Prog MSI,2470,WN 2024,GINF,047640,SI,507
90567684,FA 2023,GINF,WN 2025,WN 2025,02003,Information Mas,5005MSI,Master's ThesisOption Prog MSI,2470,WN 2024,GINF,049601,SI,564
90567684,FA 2023,GINF,WN 2025,WN 2025,02003,Information Mas,5005MSI,Master's ThesisOption Prog MSI,2470,WN 2024,GINF,050164,SI,504
90567684,FA 2023,GINF,WN 2025,WN 2025,02003,Information Mas,5005MSI,Master's ThesisOption Prog MSI,2470,WN 2024,GINF,050663,SI,568
90567684,FA 2023,GINF,WN 2025,WN 2025,02003,Information Mas,5005MSI,Master's ThesisOption Prog MSI,2510,FA 2024,GINF,020934,SI,649
90567684,FA 2023,GINF,WN 2025,WN 2025,02003,Information Mas,5005MSI,Master's ThesisOption Prog MSI,2510,FA 2024,GINF,021391,SI,511
90567684,FA 2023,GINF,WN 2025,WN 2025,02003,Information Mas,5005MSI,Master's ThesisOption Prog MSI,2510,FA 2024,GINF,048500,SI,670
90567684,FA 2023,GINF,WN 2025,WN 2025,02003,Information Mas,5005MSI,Master's ThesisOption Prog MSI,2510,FA 2024,GINF,049365,SI,697
90567684,FA 2023,GINF,WN 2025,WN 2025,02003,Information Mas,5005MSI,Master's ThesisOption Prog MSI,2520,WN 2025,GINF,021050,SI,691
90567684,FA 2023,GINF,WN 2025,WN 2025,02003,Information Mas,5005MSI,Master's ThesisOption Prog MSI,2520,WN 2025,GINF,049040,SI,698
90614841,FA 2023,GINF,WN 2025,WN 2025,02003,Information Mas,0775MSI,Big Data Analytics MSI,2460,FA 2023,GINF,009732,SI,650
90614841,FA 2023,GINF,WN 2025,WN 2025,02003,Information Mas,0775MSI,Big Data Analytics MSI,2460,FA 2023,GINF,039178,SI,539
90614841,FA 2023,GINF,WN 2025,WN 2025,02003,Information Mas,0775MSI,Big Data Analytics MSI,2460,FA 2023,GINF,041626,SI,664
90614841,FA 2023,GINF,WN 2025,WN 2025,02003,Information Mas,0775MSI,Big Data Analytics MSI,2460,FA 2023,GINF,042091,SI,618
90614841,FA 2023,GINF,WN 2025,WN 2025,02003,Information Mas,0775MSI,Big Data Analytics MSI,2460,FA 2023,GINF,042104,SI,501
90614841,FA 2023,GINF,WN 2025,WN 2025,02003,Information Mas,0775MSI,Big Data Analytics MSI,2460,FA 2023,GINF,049601,SI,564
90614841,FA 2023,GINF,WN 2025,WN 2025,02003,Information Mas,0775MSI,Big Data Analytics MSI,2460,FA 2023,GINF,050164,SI,504
90614841,FA 2023,GINF,WN 2025,WN 2025,02003,Information Mas,0775MSI,Big Data Analytics MSI,2470,WN 2024,GINF,040667,SI,681
90614841,FA 2023,GINF,WN 2025,WN 2025,02003,Information Mas,0775MSI,Big Data Analytics MSI,2470,WN 2024,GINF,042324,SI,639
90614841,FA 2023,GINF,WN 2025,WN 2025,02003,Information Mas,0775MSI,Big Data Analytics MSI,2470,WN 2024,GINF,048268,SI,630
90614841,FA 2023,GINF,WN 2025,WN 2025,02003,Information Mas,0775MSI,Big Data Analytics MSI,2470,WN 2024,GINF,050663,SI,568
90614841,FA 2023,GINF,WN 2025,WN 2025,02003,Information Mas,0775MSI,Big Data Analytics MSI,2470,WN 2024,GINF,050771,EECS,602
90614841,FA 2023,GINF,WN 2025,WN 2025,02003,Information Mas,0775MSI,Big Data Analytics MSI,2470,WN 2024,GINF,050983,SI,602
90614841,FA 2023,GINF,WN 2025,WN 2025,02003,Information Mas,0775MSI,Big Data Analytics MSI,2510,FA 2024,GINF,045930,SI,671
90614841,FA 2023,GINF,WN 2025,WN 2025,02003,Information Mas,0775MSI,Big Data Analytics MSI,2510,FA 2024,GINF,047640,SI,507
90614841,FA 2023,GINF,WN 2025,WN 2025,02003,Information Mas,0775MSI,Big Data Analytics MSI,2510,FA 2024,GINF,048500,SI,670
90614841,FA 2023,GINF,WN 2025,WN 2025,02003,Information Mas,0775MSI,Big Data Analytics MSI,2510,FA 2024,GINF,051462,SI,644
90614841,FA 2023,GINF,WN 2025,WN 2025,02003,Information Mas,0775MSI,Big Data Analytics MSI,2520,WN 2025,GINF,047901,SI,699
90742890,FA 2023,GINF,WN 2025,WN 2025,02003,Information Mas,9445MSI,User Experience Design MSI,2460,FA 2023,GINF,017281,SI,588
90742890,FA 2023,GINF,WN 2025,WN 2025,02003,Information Mas,9445MSI,User Experience Design MSI,2460,FA 2023,GINF,021400,SI,520
90742890,FA 2023,GINF,WN 2025,WN 2025,02003,Information Mas,9445MSI,User Experience Design MSI,2460,FA 2023,GINF,042104,SI,501
90742890,FA 2023,GINF,WN 2025,WN 2025,02003,Information Mas,9445MSI,User Experience Design MSI,2460,FA 2023,GINF,044772,SI,582
90742890,FA 2023,GINF,WN 2025,WN 2025,02003,Information Mas,9445MSI,User Experience Design MSI,2460,FA 2023,GINF,047246,SI,506
90742890,FA 2023,GINF,WN 2025,WN 2025,02003,Information Mas,9445MSI,User Experience Design MSI,2470,WN 2024,GINF,020401,SI,622
90742890,FA 2023,GINF,WN 2025,WN 2025,02003,Information Mas,9445MSI,User Experience Design MSI,2470,WN 2024,GINF,022099,SI,658
90742890,FA 2023,GINF,WN 2025,WN 2025,02003,Information Mas,9445MSI,User Experience Design MSI,2470,WN 2024,GINF,039178,SI,539
90742890,FA 2023,GINF,WN 2025,WN 2025,02003,Information Mas,9445MSI,User Experience Design MSI,2470,WN 2024,GINF,047641,SI,540
90742890,FA 2023,GINF,WN 2025,WN 2025,02003,Information Mas,9445MSI,User Experience Design MSI,2510,FA 2024,GINF,016607,SI,544
90742890,FA 2023,GINF,WN 2025,WN 2025,02003,Information Mas,9445MSI,User Experience Design MSI,2510,FA 2024,GINF,021391,SI,511
90742890,FA 2023,GINF,WN 2025,WN 2025,02003,Information Mas,9445MSI,User Experience Design MSI,2510,FA 2024,GINF,045393,SI,552
90742890,FA 2023,GINF,WN 2025,WN 2025,02003,Information Mas,9445MSI,User Experience Design MSI,2510,FA 2024,GINF,047640,SI,507
90742890,FA 2023,GINF,WN 2025,WN 2025,02003,Information Mas,9445MSI,User Experience Design MSI,2510,FA 2024,GINF,050164,SI,504
90742890,FA 2023,GINF,WN 2025,WN 2025,02003,Information Mas,9445MSI,User Experience Design MSI,2520,WN 2025,GINF,020934,SI,649
90742890,FA 2023,GINF,WN 2025,WN 2025,02003,Information Mas,9445MSI,User Experience Design MSI,2520,WN 2025,GINF,039979,SI,623
90742890,FA 2023,GINF,WN 2025,WN 2025,02003,Information Mas,9445MSI,User Experience Design MSI,2520,WN 2025,GINF,047901,SI,699
90742890,FA 2023,GINF,WN 2025,WN 2025,02003,Information Mas,9445MSI,User Experience Design MSI,2520,WN 2025,GINF,049082,SI,682
91031478,FA 2023,GINF,WN 2025,WN 2025,02003,Information Mas,9455MSI,User-Centered Agile Dev MSI,2460,FA 2023,GINF,016607,SI,544
91031478,FA 2023,GINF,WN 2025,WN 2025,02003,Information Mas,9455MSI,User-Centered Agile Dev MSI,2460,FA 2023,GINF,042104,SI,501
91031478,FA 2023,GINF,WN 2025,WN 2025,02003,Information Mas,9455MSI,User-Centered Agile Dev MSI,2460,FA 2023,GINF,047246,SI,506
91031478,FA 2023,GINF,WN 2025,WN 2025,02003,Information Mas,9455MSI,User-Centered Agile Dev MSI,2470,WN 2024,GINF,020401,SI,622
91031478,FA 2023,GINF,WN 2025,WN 2025,02003,Information Mas,9455MSI,User-Centered Agile Dev MSI,2470,WN 2024,GINF,039178,SI,539
91031478,FA 2023,GINF,WN 2025,WN 2025,02003,Information Mas,9455MSI,User-Centered Agile Dev MSI,2470,WN 2024,GINF,040667,SI,681
91031478,FA 2023,GINF,WN 2025,WN 2025,02003,Information Mas,9455MSI,User-Centered Agile Dev MSI,2470,WN 2024,GINF,050159,SI,579
91031478,FA 2023,GINF,WN 2025,WN 2025,02003,Information Mas,9455MSI,User-Centered Agile Dev MSI,2470,WN 2024,GINF,050164,SI,504
91031478,FA 2023,GINF,WN 2025,WN 2025,02003,Information Mas,9455MSI,User-Centered Agile Dev MSI,2510,FA 2024,GINF,017281,SI,588
91031478,FA 2023,GINF,WN 2025,WN 2025,02003,Information Mas,9455MSI,User-Centered Agile Dev MSI,2510,FA 2024,GINF,041855,SI,631
91031478,FA 2023,GINF,WN 2025,WN 2025,02003,Information Mas,9455MSI,User-Centered Agile Dev MSI,2510,FA 2024,GINF,044772,SI,582
91031478,FA 2023,GINF,WN 2025,WN 2025,02003,Information Mas,9455MSI,User-Centered Agile Dev MSI,2510,FA 2024,GINF,048487,SI,669
91031478,FA 2023,GINF,WN 2025,WN 2025,02003,Information Mas,9455MSI,User-Centered Agile Dev MSI,2510,FA 2024,GINF,048488,SI,559
91031478,FA 2023,GINF,WN 2025,WN 2025,02003,Information Mas,9455MSI,User-Centered Agile Dev MSI,2520,WN 2025,GINF,047234,ENTR,510
91031478,FA 2023,GINF,WN 2025,WN 2025,02003,Information Mas,9455MSI,User-Centered Agile Dev MSI,2520,WN 2025,GINF,047901,SI,699
91031478,FA 2023,GINF,WN 2025,WN 2025,02003,Information Mas,9455MSI,User-Centered Agile Dev MSI,2520,WN 2025,GINF,050852,ANTHRCUL,551
91171233,FA 2023,GINF,WN 2025,WN 2025,02003,Information Mas,9445MSI,User Experience Design MSI,2460,FA 2023,GINF,021400,SI,520
91171233,FA 2023,GINF,WN 2025,WN 2025,02003,Information Mas,9445MSI,User Experience Design MSI,2460,FA 2023,GINF,042104,SI,501
91171233,FA 2023,GINF,WN 2025,WN 2025,02003,Information Mas,9445MSI,User Experience Design MSI,2460,FA 2023,GINF,044772,SI,582
91171233,FA 2023,GINF,WN 2025,WN 2025,02003,Information Mas,9445MSI,User Experience Design MSI,2460,FA 2023,GINF,047246,SI,506
91171233,FA 2023,GINF,WN 2025,WN 2025,02003,Information Mas,9445MSI,User Experience Design MSI,2460,FA 2023,GINF,048129,SI,505
91171233,FA 2023,GINF,WN 2025,WN 2025,02003,Information Mas,9445MSI,User Experience Design MSI,2470,WN 2024,GINF,020401,SI,622
91171233,FA 2023,GINF,WN 2025,WN 2025,02003,Information Mas,9445MSI,User Experience Design MSI,2470,WN 2024,GINF,022099,SI,658
91171233,FA 2023,GINF,WN 2025,WN 2025,02003,Information Mas,9445MSI,User Experience Design MSI,2470,WN 2024,GINF,039178,SI,539
91171233,FA 2023,GINF,WN 2025,WN 2025,02003,Information Mas,9445MSI,User Experience Design MSI,2470,WN 2024,GINF,039979,SI,623
91171233,FA 2023,GINF,WN 2025,WN 2025,02003,Information Mas,9445MSI,User Experience Design MSI,2470,WN 2024,GINF,040667,SI,681
91171233,FA 2023,GINF,WN 2025,WN 2025,02003,Information Mas,9445MSI,User Experience Design MSI,2470,WN 2024,GINF,043863,SI,612
91171233,FA 2023,GINF,WN 2025,WN 2025,02003,Information Mas,9445MSI,User Experience Design MSI,2510,FA 2024,GINF,001459,SI,690
91171233,FA 2023,GINF,WN 2025,WN 2025,02003,Information Mas,9445MSI,User Experience Design MSI,2510,FA 2024,GINF,016655,ELI,538
91171233,FA 2023,GINF,WN 2025,WN 2025,02003,Information Mas,9445MSI,User Experience Design MSI,2510,FA 2024,GINF,017281,SI,588
91171233,FA 2023,GINF,WN 2025,WN 2025,02003,Information Mas,9445MSI,User Experience Design MSI,2510,FA 2024,GINF,045393,SI,552
91171233,FA 2023,GINF,WN 2025,WN 2025,02003,Information Mas,9445MSI,User Experience Design MSI,2520,WN 2025,GINF,001459,SI,690
91171233,FA 2023,GINF,WN 2025,WN 2025,02003,Information Mas,9445MSI,User Experience Design MSI,2520,WN 2025,GINF,047901,SI,699
91498586,FA 2023,GINF,WN 2025,WN 2025,02003,Information Mas,9445MSI,User Experience Design MSI,2460,FA 2023,GINF,039081,SI,529
91498586,FA 2023,GINF,WN 2025,WN 2025,02003,Information Mas,9445MSI,User Experience Design MSI,2460,FA 2023,GINF,042104,SI,501
91498586,FA 2023,GINF,WN 2025,WN 2025,02003,Information Mas,9445MSI,User Experience Design MSI,2460,FA 2023,GINF,044772,SI,582
91498586,FA 2023,GINF,WN 2025,WN 2025,02003,Information Mas,9445MSI,User Experience Design MSI,2460,FA 2023,GINF,047246,SI,506
91498586,FA 2023,GINF,WN 2025,WN 2025,02003,Information Mas,9445MSI,User Experience Design MSI,2460,FA 2023,GINF,048129,SI,505
91498586,FA 2023,GINF,WN 2025,WN 2025,02003,Information Mas,9445MSI,User Experience Design MSI,2470,WN 2024,GINF,020401,SI,622
91498586,FA 2023,GINF,WN 2025,WN 2025,02003,Information Mas,9445MSI,User Experience Design MSI,2470,WN 2024,GINF,021400,SI,520
91498586,FA 2023,GINF,WN 2025,WN 2025,02003,Information Mas,9445MSI,User Experience Design MSI,2470,WN 2024,GINF,022099,SI,658
91498586,FA 2023,GINF,WN 2025,WN 2025,02003,Information Mas,9445MSI,User Experience Design MSI,2470,WN 2024,GINF,039178,SI,539
91498586,FA 2023,GINF,WN 2025,WN 2025,02003,Information Mas,9445MSI,User Experience Design MSI,2470,WN 2024,GINF,040667,SI,681
91498586,FA 2023,GINF,WN 2025,WN 2025,02003,Information Mas,9445MSI,User Experience Design MSI,2470,WN 2024,GINF,050136,UARTS,560
91498586,FA 2023,GINF,WN 2025,WN 2025,02003,Information Mas,9445MSI,User Experience Design MSI,2510,FA 2024,GINF,001459,SI,690
91498586,FA 2023,GINF,WN 2025,WN 2025,02003,Information Mas,9445MSI,User Experience Design MSI,2510,FA 2024,GINF,017281,SI,588
91498586,FA 2023,GINF,WN 2025,WN 2025,02003,Information Mas,9445MSI,User Experience Design MSI,2510,FA 2024,GINF,043210,SI,534
91498586,FA 2023,GINF,WN 2025,WN 2025,02003,Information Mas,9445MSI,User Experience Design MSI,2510,FA 2024,GINF,043863,SI,612
91498586,FA 2023,GINF,WN 2025,WN 2025,02003,Information Mas,9445MSI,User Experience Design MSI,2510,FA 2024,GINF,050136,UARTS,560
91498586,FA 2023,GINF,WN 2025,WN 2025,02003,Information Mas,9445MSI,User Experience Design MSI,2520,WN 2025,GINF,001459,SI,690
91498586,FA 2023,GINF,WN 2025,WN 2025,02003,Information Mas,9445MSI,User Experience Design MSI,2520,WN 2025,GINF,021391,SI,511
91498586,FA 2023,GINF,WN 2025,WN 2025,02003,Information Mas,9445MSI,User Experience Design MSI,2520,WN 2025,GINF,046306,SI,616
91498586,FA 2023,GINF,WN 2025,WN 2025,02003,Information Mas,9445MSI,User Experience Design MSI,2520,WN 2025,GINF,047901,SI,699
91498586,FA 2023,GINF,WN 2025,WN 2025,02003,Information Mas,9445MSI,User Experience Design MSI,2520,WN 2025,GINF,049082,SI,682
91779241,FA 2023,GINF,WN 2025,WN 2025,02003,Information Mas,0775MSI,Big Data Analytics MSI,2460,FA 2023,GINF,047246,SI,506
91779241,FA 2023,GINF,WN 2025,WN 2025,02003,Information Mas,0775MSI,Big Data Analytics MSI,2460,FA 2023,GINF,049601,SI,564
91779241,FA 2023,GINF,WN 2025,WN 2025,02003,Information Mas,0775MSI,Big Data Analytics MSI,2460,FA 2023,GINF,050164,SI,504
91779241,FA 2023,GINF,WN 2025,WN 2025,02003,Information Mas,0775MSI,Big Data Analytics MSI,2470,WN 2024,GINF,040667,SI,681
91779241,FA 2023,GINF,WN 2025,WN 2025,02003,Information Mas,0775MSI,Big Data Analytics MSI,2470,WN 2024,GINF,042091,SI,618
91779241,FA 2023,GINF,WN 2025,WN 2025,02003,Information Mas,0775MSI,Big Data Analytics MSI,2470,WN 2024,GINF,047640,SI,507
91779241,FA 2023,GINF,WN 2025,WN 2025,02003,Information Mas,0775MSI,Big Data Analytics MSI,2470,WN 2024,GINF,050663,SI,568
91779241,FA 2023,GINF,WN 2025,WN 2025,02003,Information Mas,0775MSI,Big Data Analytics MSI,2470,WN 2024,GINF,050983,SI,602
91779241,FA 2023,GINF,WN 2025,WN 2025,02003,Information Mas,0775MSI,Big Data Analytics MSI,2510,FA 2024,GINF,001459,SI,690
91779241,FA 2023,GINF,WN 2025,WN 2025,02003,Information Mas,0775MSI,Big Data Analytics MSI,2510,FA 2024,GINF,045930,SI,671
91779241,FA 2023,GINF,WN 2025,WN 2025,02003,Information Mas,0775MSI,Big Data Analytics MSI,2510,FA 2024,GINF,048500,SI,670
91779241,FA 2023,GINF,WN 2025,WN 2025,02003,Information Mas,0775MSI,Big Data Analytics MSI,2520,WN 2025,GINF,020934,SI,649
91779241,FA 2023,GINF,WN 2025,WN 2025,02003,Information Mas,0775MSI,Big Data Analytics MSI,2520,WN 2025,GINF,041626,SI,664
91779241,FA 2023,GINF,WN 2025,WN 2025,02003,Information Mas,0775MSI,Big Data Analytics MSI,2520,WN 2025,GINF,047901,SI,699
91972536,FA 2023,GINF,WN 2025,WN 2025,02003,Information Mas,9455MSI,User-Centered Agile Dev MSI,2460,FA 2023,GINF,017281,SI,588
91972536,FA 2023,GINF,WN 2025,WN 2025,02003,Information Mas,9455MSI,User-Centered Agile Dev MSI,2460,FA 2023,GINF,021400,SI,520
91972536,FA 2023,GINF,WN 2025,WN 2025,02003,Information Mas,9455MSI,User-Centered Agile Dev MSI,2460,FA 2023,GINF,042104,SI,501
91972536,FA 2023,GINF,WN 2025,WN 2025,02003,Information Mas,9455MSI,User-Centered Agile Dev MSI,2460,FA 2023,GINF,044772,SI,582
91972536,FA 2023,GINF,WN 2025,WN 2025,02003,Information Mas,9455MSI,User-Centered Agile Dev MSI,2460,FA 2023,GINF,047640,SI,507
91972536,FA 2023,GINF,WN 2025,WN 2025,02003,Information Mas,9455MSI,User-Centered Agile Dev MSI,2460,FA 2023,GINF,050159,SI,579
91972536,FA 2023,GINF,WN 2025,WN 2025,02003,Information Mas,9455MSI,User-Centered Agile Dev MSI,2470,WN 2024,GINF,020401,SI,622
91972536,FA 2023,GINF,WN 2025,WN 2025,02003,Information Mas,9455MSI,User-Centered Agile Dev MSI,2470,WN 2024,GINF,039081,SI,529
91972536,FA 2023,GINF,WN 2025,WN 2025,02003,Information Mas,9455MSI,User-Centered Agile Dev MSI,2470,WN 2024,GINF,040667,SI,681
91972536,FA 2023,GINF,WN 2025,WN 2025,02003,Information Mas,9455MSI,User-Centered Agile Dev MSI,2470,WN 2024,GINF,041626,SI,664
91972536,FA 2023,GINF,WN 2025,WN 2025,02003,Information Mas,9455MSI,User-Centered Agile Dev MSI,2470,WN 2024,GINF,048486,SI,659
91972536,FA 2023,GINF,WN 2025,WN 2025,02003,Information Mas,9455MSI,User-Centered Agile Dev MSI,2470,WN 2024,GINF,049601,SI,564
91972536,FA 2023,GINF,WN 2025,WN 2025,02003,Information Mas,9455MSI,User-Centered Agile Dev MSI,2470,WN 2024,GINF,051454,SI,594
91972536,FA 2023,GINF,WN 2025,WN 2025,02003,Information Mas,9455MSI,User-Centered Agile Dev MSI,2510,FA 2024,GINF,041855,SI,631
91972536,FA 2023,GINF,WN 2025,WN 2025,02003,Information Mas,9455MSI,User-Centered Agile Dev MSI,2510,FA 2024,GINF,045771,SI,684
91972536,FA 2023,GINF,WN 2025,WN 2025,02003,Information Mas,9455MSI,User-Centered Agile Dev MSI,2510,FA 2024,GINF,047901,SI,699
91972536,FA 2023,GINF,WN 2025,WN 2025,02003,Information Mas,9455MSI,User-Centered Agile Dev MSI,2510,FA 2024,GINF,048487,SI,669
91972536,FA 2023,GINF,WN 2025,WN 2025,02003,Information Mas,9455MSI,User-Centered Agile Dev MSI,2520,WN 2025,GINF,047901,SI,699
92200821,FA 2023,GINF,FA 2025,FA 2025,02003,Information Mas,9455MSI,User-Centered Agile Dev MSI,2460,FA 2023,GINF,021400,SI,520
92200821,FA 2023,GINF,FA 2025,FA 2025,02003,Information Mas,9455MSI,User-Centered Agile Dev MSI,2460,FA 2023,GINF,042104,SI,501
92200821,FA 2023,GINF,FA 2025,FA 2025,02003,Information Mas,9455MSI,User-Centered Agile Dev MSI,2460,FA 2023,GINF,044772,SI,582
92200821,FA 2023,GINF,FA 2025,FA 2025,02003,Information Mas,9455MSI,User-Centered Agile Dev MSI,2460,FA 2023,GINF,047246,SI,506
92200821,FA 2023,GINF,FA 2025,FA 2025,02003,Information Mas,9455MSI,User-Centered Agile Dev MSI,2460,FA 2023,GINF,050164,SI,504
92200821,FA 2023,GINF,FA 2025,FA 2025,02003,Information Mas,9455MSI,User-Centered Agile Dev MSI,2470,WN 2024,GINF,020401,SI,622
92200821,FA 2023,GINF,FA 2025,FA 2025,02003,Information Mas,9455MSI,User-Centered Agile Dev MSI,2470,WN 2024,GINF,039178,SI,539
92200821,FA 2023,GINF,FA 2025,FA 2025,02003,Information Mas,9455MSI,User-Centered Agile Dev MSI,2470,WN 2024,GINF,040667,SI,681
92200821,FA 2023,GINF,FA 2025,FA 2025,02003,Information Mas,9455MSI,User-Centered Agile Dev MSI,2470,WN 2024,GINF,041626,SI,664
92200821,FA 2023,GINF,FA 2025,FA 2025,02003,Information Mas,9455MSI,User-Centered Agile Dev MSI,2470,WN 2024,GINF,050159,SI,579
92200821,FA 2023,GINF,FA 2025,FA 2025,02003,Information Mas,9455MSI,User-Centered Agile Dev MSI,2520,WN 2025,GINF,012085,MKT,613
92200821,FA 2023,GINF,FA 2025,FA 2025,02003,Information Mas,9455MSI,User-Centered Agile Dev MSI,2520,WN 2025,GINF,021391,SI,511
92200821,FA 2023,GINF,FA 2025,FA 2025,02003,Information Mas,9455MSI,User-Centered Agile Dev MSI,2520,WN 2025,GINF,040667,SI,681
92200821,FA 2023,GINF,FA 2025,FA 2025,02003,Information Mas,9455MSI,User-Centered Agile Dev MSI,2520,WN 2025,GINF,041044,ELI,510
92200821,FA 2023,GINF,FA 2025,FA 2025,02003,Information Mas,9455MSI,User-Centered Agile Dev MSI,2520,WN 2025,GINF,047901,SI,699
92200821,FA 2023,GINF,FA 2025,FA 2025,02003,Information Mas,9455MSI,User-Centered Agile Dev MSI,2560,FA 2025,GINF,044798,ENTR,599
92200821,FA 2023,GINF,FA 2025,FA 2025,02003,Information Mas,9455MSI,User-Centered Agile Dev MSI,2560,FA 2025,GINF,052063,ENTR,404
92221083,FA 2023,GINF,WN 2025,WN 2025,02003,Information Mas,9455MSI,User-Centered Agile Dev MSI,2460,FA 2023,GINF,017281,SI,588
92221083,FA 2023,GINF,WN 2025,WN 2025,02003,Information Mas,9455MSI,User-Centered Agile Dev MSI,2460,FA 2023,GINF,039178,SI,539
92221083,FA 2023,GINF,WN 2025,WN 2025,02003,Information Mas,9455MSI,User-Centered Agile Dev MSI,2460,FA 2023,GINF,042104,SI,501
92221083,FA 2023,GINF,WN 2025,WN 2025,02003,Information Mas,9455MSI,User-Centered Agile Dev MSI,2460,FA 2023,GINF,044772,SI,582
92221083,FA 2023,GINF,WN 2025,WN 2025,02003,Information Mas,9455MSI,User-Centered Agile Dev MSI,2460,FA 2023,GINF,047246,SI,506
92221083,FA 2023,GINF,WN 2025,WN 2025,02003,Information Mas,9455MSI,User-Centered Agile Dev MSI,2470,WN 2024,GINF,020401,SI,622
92221083,FA 2023,GINF,WN 2025,WN 2025,02003,Information Mas,9455MSI,User-Centered Agile Dev MSI,2470,WN 2024,GINF,039081,SI,529
92221083,FA 2023,GINF,WN 2025,WN 2025,02003,Information Mas,9455MSI,User-Centered Agile Dev MSI,2470,WN 2024,GINF,044772,SI,582
92221083,FA 2023,GINF,WN 2025,WN 2025,02003,Information Mas,9455MSI,User-Centered Agile Dev MSI,2470,WN 2024,GINF,050159,SI,579
92221083,FA 2023,GINF,WN 2025,WN 2025,02003,Information Mas,9455MSI,User-Centered Agile Dev MSI,2470,WN 2024,GINF,050164,SI,504
92221083,FA 2023,GINF,WN 2025,WN 2025,02003,Information Mas,9455MSI,User-Centered Agile Dev MSI,2510,FA 2024,GINF,003736,MKT,625
92221083,FA 2023,GINF,WN 2025,WN 2025,02003,Information Mas,9455MSI,User-Centered Agile Dev MSI,2510,FA 2024,GINF,039081,SI,529
92221083,FA 2023,GINF,WN 2025,WN 2025,02003,Information Mas,9455MSI,User-Centered Agile Dev MSI,2510,FA 2024,GINF,041855,SI,631
92221083,FA 2023,GINF,WN 2025,WN 2025,02003,Information Mas,9455MSI,User-Centered Agile Dev MSI,2510,FA 2024,GINF,045393,SI,552
92221083,FA 2023,GINF,WN 2025,WN 2025,02003,Information Mas,9455MSI,User-Centered Agile Dev MSI,2510,FA 2024,GINF,048421,ENTR,560
92221083,FA 2023,GINF,WN 2025,WN 2025,02003,Information Mas,9455MSI,User-Centered Agile Dev MSI,2510,FA 2024,GINF,048487,SI,669
92221083,FA 2023,GINF,WN 2025,WN 2025,02003,Information Mas,9455MSI,User-Centered Agile Dev MSI,2520,WN 2025,GINF,021391,SI,511
92221083,FA 2023,GINF,WN 2025,WN 2025,02003,Information Mas,9455MSI,User-Centered Agile Dev MSI,2520,WN 2025,GINF,022099,SI,658
92221083,FA 2023,GINF,WN 2025,WN 2025,02003,Information Mas,9455MSI,User-Centered Agile Dev MSI,2520,WN 2025,GINF,047901,SI,699
92221083,FA 2023,GINF,WN 2025,WN 2025,02003,Information Mas,9455MSI,User-Centered Agile Dev MSI,2520,WN 2025,GINF,048486,SI,659
93203423,FA 2023,GINF,WN 2025,WN 2025,02003,Information Mas,4470MSI9,Information MSI,2460,FA 2023,GINF,009731,SI,580
93203423,FA 2023,GINF,WN 2025,WN 2025,02003,Information Mas,4470MSI9,Information MSI,2460,FA 2023,GINF,021045,SI,666
93203423,FA 2023,GINF,WN 2025,WN 2025,02003,Information Mas,4470MSI9,Information MSI,2460,FA 2023,GINF,038659,SI,519
93203423,FA 2023,GINF,WN 2025,WN 2025,02003,Information Mas,4470MSI9,Information MSI,2460,FA 2023,GINF,042104,SI,501
93203423,FA 2023,GINF,WN 2025,WN 2025,02003,Information Mas,4470MSI9,Information MSI,2470,WN 2024,GINF,020803,SI,643
93203423,FA 2023,GINF,WN 2025,WN 2025,02003,Information Mas,4470MSI9,Information MSI,2470,WN 2024,GINF,040667,SI,681
93203423,FA 2023,GINF,WN 2025,WN 2025,02003,Information Mas,4470MSI9,Information MSI,2470,WN 2024,GINF,048280,SI,667
93203423,FA 2023,GINF,WN 2025,WN 2025,02003,Information Mas,4470MSI9,Information MSI,2470,WN 2024,GINF,050162,SI,510
93203423,FA 2023,GINF,WN 2025,WN 2025,02003,Information Mas,4470MSI9,Information MSI,2470,WN 2024,GINF,051074,SI,626
93203423,FA 2023,GINF,WN 2025,WN 2025,02003,Information Mas,4470MSI9,Information MSI,2510,FA 2024,GINF,039178,SI,539
93203423,FA 2023,GINF,WN 2025,WN 2025,02003,Information Mas,4470MSI9,Information MSI,2510,FA 2024,GINF,049601,SI,564
93203423,FA 2023,GINF,WN 2025,WN 2025,02003,Information Mas,4470MSI9,Information MSI,2510,FA 2024,GINF,050028,SI,583
93203423,FA 2023,GINF,WN 2025,WN 2025,02003,Information Mas,4470MSI9,Information MSI,2510,FA 2024,GINF,050161,SI,676
93203423,FA 2023,GINF,WN 2025,WN 2025,02003,Information Mas,4470MSI9,Information MSI,2510,FA 2024,GINF,050164,SI,504
93203423,FA 2023,GINF,WN 2025,WN 2025,02003,Information Mas,4470MSI9,Information MSI,2520,WN 2025,GINF,001459,SI,690
93203423,FA 2023,GINF,WN 2025,WN 2025,02003,Information Mas,4470MSI9,Information MSI,2520,WN 2025,GINF,042324,SI,639
93203423,FA 2023,GINF,WN 2025,WN 2025,02003,Information Mas,4470MSI9,Information MSI,2520,WN 2025,GINF,047901,SI,699
93203423,FA 2023,GINF,WN 2025,WN 2025,02003,Information Mas,4470MSI9,Information MSI,2520,WN 2025,GINF,050165,SI,585
93203423,FA 2023,GINF,WN 2025,WN 2025,02003,Information Mas,4470MSI9,Information MSI,2520,WN 2025,GINF,050252,DIGITAL,601
94073293,FA 2023,GINF,WN 2025,WN 2025,02003,Information Mas,9445MSI,User Experience Design MSI,2460,FA 2023,GINF,017281,SI,588
94073293,FA 2023,GINF,WN 2025,WN 2025,02003,Information Mas,9445MSI,User Experience Design MSI,2460,FA 2023,GINF,021400,SI,520
94073293,FA 2023,GINF,WN 2025,WN 2025,02003,Information Mas,9445MSI,User Experience Design MSI,2460,FA 2023,GINF,042104,SI,501
94073293,FA 2023,GINF,WN 2025,WN 2025,02003,Information Mas,9445MSI,User Experience Design MSI,2460,FA 2023,GINF,044772,SI,582
94073293,FA 2023,GINF,WN 2025,WN 2025,02003,Information Mas,9445MSI,User Experience Design MSI,2460,FA 2023,GINF,047246,SI,506
94073293,FA 2023,GINF,WN 2025,WN 2025,02003,Information Mas,9445MSI,User Experience Design MSI,2470,WN 2024,GINF,020401,SI,622
94073293,FA 2023,GINF,WN 2025,WN 2025,02003,Information Mas,9445MSI,User Experience Design MSI,2470,WN 2024,GINF,039178,SI,539
94073293,FA 2023,GINF,WN 2025,WN 2025,02003,Information Mas,9445MSI,User Experience Design MSI,2470,WN 2024,GINF,040667,SI,681
94073293,FA 2023,GINF,WN 2025,WN 2025,02003,Information Mas,9445MSI,User Experience Design MSI,2470,WN 2024,GINF,046306,SI,616
94073293,FA 2023,GINF,WN 2025,WN 2025,02003,Information Mas,9445MSI,User Experience Design MSI,2470,WN 2024,GINF,048147,BA,657
94073293,FA 2023,GINF,WN 2025,WN 2025,02003,Information Mas,9445MSI,User Experience Design MSI,2470,WN 2024,GINF,048289,TO,428
94073293,FA 2023,GINF,WN 2025,WN 2025,02003,Information Mas,9445MSI,User Experience Design MSI,2510,FA 2024,GINF,003736,MKT,625
94073293,FA 2023,GINF,WN 2025,WN 2025,02003,Information Mas,9445MSI,User Experience Design MSI,2510,FA 2024,GINF,045393,SI,552
94073293,FA 2023,GINF,WN 2025,WN 2025,02003,Information Mas,9445MSI,User Experience Design MSI,2510,FA 2024,GINF,047901,SI,699
94073293,FA 2023,GINF,WN 2025,WN 2025,02003,Information Mas,9445MSI,User Experience Design MSI,2510,FA 2024,GINF,048488,SI,559
94073293,FA 2023,GINF,WN 2025,WN 2025,02003,Information Mas,9445MSI,User Experience Design MSI,2520,WN 2025,GINF,048486,SI,659
94124835,FA 2023,GINF,WN 2025,WN 2025,02003,Information Mas,9445MSI,User Experience Design MSI,2460,FA 2023,GINF,017281,SI,588
94124835,FA 2023,GINF,WN 2025,WN 2025,02003,Information Mas,9445MSI,User Experience Design MSI,2460,FA 2023,GINF,042104,SI,501
94124835,FA 2023,GINF,WN 2025,WN 2025,02003,Information Mas,9445MSI,User Experience Design MSI,2460,FA 2023,GINF,044772,SI,582
94124835,FA 2023,GINF,WN 2025,WN 2025,02003,Information Mas,9445MSI,User Experience Design MSI,2460,FA 2023,GINF,047246,SI,506
94124835,FA 2023,GINF,WN 2025,WN 2025,02003,Information Mas,9445MSI,User Experience Design MSI,2470,WN 2024,GINF,020401,SI,622
94124835,FA 2023,GINF,WN 2025,WN 2025,02003,Information Mas,9445MSI,User Experience Design MSI,2470,WN 2024,GINF,021400,SI,520
94124835,FA 2023,GINF,WN 2025,WN 2025,02003,Information Mas,9445MSI,User Experience Design MSI,2470,WN 2024,GINF,022099,SI,658
94124835,FA 2023,GINF,WN 2025,WN 2025,02003,Information Mas,9445MSI,User Experience Design MSI,2470,WN 2024,GINF,039178,SI,539
94124835,FA 2023,GINF,WN 2025,WN 2025,02003,Information Mas,9445MSI,User Experience Design MSI,2510,FA 2024,GINF,043863,SI,612
94124835,FA 2023,GINF,WN 2025,WN 2025,02003,Information Mas,9445MSI,User Experience Design MSI,2510,FA 2024,GINF,045393,SI,552
94124835,FA 2023,GINF,WN 2025,WN 2025,02003,Information Mas,9445MSI,User Experience Design MSI,2510,FA 2024,GINF,046306,SI,616
94124835,FA 2023,GINF,WN 2025,WN 2025,02003,Information Mas,9445MSI,User Experience Design MSI,2510,FA 2024,GINF,048488,SI,559
94124835,FA 2023,GINF,WN 2025,WN 2025,02003,Information Mas,9445MSI,User Experience Design MSI,2520,WN 2025,GINF,047901,SI,699
94124835,FA 2023,GINF,WN 2025,WN 2025,02003,Information Mas,9445MSI,User Experience Design MSI,2520,WN 2025,GINF,051454,SI,594
94124835,FA 2023,GINF,WN 2025,WN 2025,02003,Information Mas,9445MSI,User Experience Design MSI,2520,WN 2025,GINF,051836,SI,611
95013318,FA 2023,GINF,FA 2025,FA 2025,02003,Information Mas,4470MSI9,Information MSI,2460,FA 2023,GINF,039178,SI,539
95013318,FA 2023,GINF,FA 2025,FA 2025,02003,Information Mas,4470MSI9,Information MSI,2460,FA 2023,GINF,042104,SI,501
95013318,FA 2023,GINF,FA 2025,FA 2025,02003,Information Mas,4470MSI9,Information MSI,2460,FA 2023,GINF,047246,SI,506
95013318,FA 2023,GINF,FA 2025,FA 2025,02003,Information Mas,4470MSI9,Information MSI,2470,WN 2024,GINF,020803,SI,643
95013318,FA 2023,GINF,FA 2025,FA 2025,02003,Information Mas,4470MSI9,Information MSI,2470,WN 2024,GINF,022326,SI,581
95013318,FA 2023,GINF,FA 2025,FA 2025,02003,Information Mas,4470MSI9,Information MSI,2470,WN 2024,GINF,039979,SI,623
95013318,FA 2023,GINF,FA 2025,FA 2025,02003,Information Mas,4470MSI9,Information MSI,2470,WN 2024,GINF,051074,SI,626
95013318,FA 2023,GINF,FA 2025,FA 2025,02003,Information Mas,4470MSI9,Information MSI,2510,FA 2024,GINF,009731,SI,580
95013318,FA 2023,GINF,FA 2025,FA 2025,02003,Information Mas,4470MSI9,Information MSI,2510,FA 2024,GINF,047246,SI,506
95013318,FA 2023,GINF,FA 2025,FA 2025,02003,Information Mas,4470MSI9,Information MSI,2510,FA 2024,GINF,048831,SI,547
95013318,FA 2023,GINF,FA 2025,FA 2025,02003,Information Mas,4470MSI9,Information MSI,2510,FA 2024,GINF,050163,SI,633
95013318,FA 2023,GINF,FA 2025,FA 2025,02003,Information Mas,4470MSI9,Information MSI,2520,WN 2025,GINF,021400,SI,520
95013318,FA 2023,GINF,FA 2025,FA 2025,02003,Information Mas,4470MSI9,Information MSI,2520,WN 2025,GINF,045393,SI,552
95013318,FA 2023,GINF,FA 2025,FA 2025,02003,Information Mas,4470MSI9,Information MSI,2520,WN 2025,GINF,047901,SI,699
95013318,FA 2023,GINF,FA 2025,FA 2025,02003,Information Mas,4470MSI9,Information MSI,2520,WN 2025,GINF,050162,SI,510
95013318,FA 2023,GINF,FA 2025,FA 2025,02003,Information Mas,4470MSI9,Information MSI,2560,FA 2025,GINF,021045,SI,666
95013318,FA 2023,GINF,FA 2025,FA 2025,02003,Information Mas,4470MSI9,Information MSI,2560,FA 2025,GINF,038948,SI,632
95013318,FA 2023,GINF,FA 2025,FA 2025,02003,Information Mas,4470MSI9,Information MSI,2560,FA 2025,GINF,050028,SI,583
95353334,FA 2023,GINF,WN 2025,WN 2025,02003,Information Mas,0775MSI,Big Data Analytics MSI,2460,FA 2023,GINF,016607,SI,544
95353334,FA 2023,GINF,WN 2025,WN 2025,02003,Information Mas,0775MSI,Big Data Analytics MSI,2460,FA 2023,GINF,042104,SI,501
95353334,FA 2023,GINF,WN 2025,WN 2025,02003,Information Mas,0775MSI,Big Data Analytics MSI,2460,FA 2023,GINF,047246,SI,506
95353334,FA 2023,GINF,WN 2025,WN 2025,02003,Information Mas,0775MSI,Big Data Analytics MSI,2460,FA 2023,GINF,049601,SI,564
95353334,FA 2023,GINF,WN 2025,WN 2025,02003,Information Mas,0775MSI,Big Data Analytics MSI,2460,FA 2023,GINF,050164,SI,504
95353334,FA 2023,GINF,WN 2025,WN 2025,02003,Information Mas,0775MSI,Big Data Analytics MSI,2470,WN 2024,GINF,040667,SI,681
95353334,FA 2023,GINF,WN 2025,WN 2025,02003,Information Mas,0775MSI,Big Data Analytics MSI,2470,WN 2024,GINF,042091,SI,618
95353334,FA 2023,GINF,WN 2025,WN 2025,02003,Information Mas,0775MSI,Big Data Analytics MSI,2470,WN 2024,GINF,047640,SI,507
95353334,FA 2023,GINF,WN 2025,WN 2025,02003,Information Mas,0775MSI,Big Data Analytics MSI,2470,WN 2024,GINF,050663,SI,568
95353334,FA 2023,GINF,WN 2025,WN 2025,02003,Information Mas,0775MSI,Big Data Analytics MSI,2470,WN 2024,GINF,050983,SI,602
95353334,FA 2023,GINF,WN 2025,WN 2025,02003,Information Mas,0775MSI,Big Data Analytics MSI,2510,FA 2024,GINF,009732,SI,650
95353334,FA 2023,GINF,WN 2025,WN 2025,02003,Information Mas,0775MSI,Big Data Analytics MSI,2510,FA 2024,GINF,041934,SI,608
95353334,FA 2023,GINF,WN 2025,WN 2025,02003,Information Mas,0775MSI,Big Data Analytics MSI,2510,FA 2024,GINF,045930,SI,671
95353334,FA 2023,GINF,WN 2025,WN 2025,02003,Information Mas,0775MSI,Big Data Analytics MSI,2510,FA 2024,GINF,048421,ENTR,560
95353334,FA 2023,GINF,WN 2025,WN 2025,02003,Information Mas,0775MSI,Big Data Analytics MSI,2520,WN 2025,GINF,006971,NUTR,540
95353334,FA 2023,GINF,WN 2025,WN 2025,02003,Information Mas,0775MSI,Big Data Analytics MSI,2520,WN 2025,GINF,020934,SI,649
95353334,FA 2023,GINF,WN 2025,WN 2025,02003,Information Mas,0775MSI,Big Data Analytics MSI,2520,WN 2025,GINF,047304,ENTR,550
95353334,FA 2023,GINF,WN 2025,WN 2025,02003,Information Mas,0775MSI,Big Data Analytics MSI,2520,WN 2025,GINF,047901,SI,699
96017920,FA 2023,GINF,WN 2025,WN 2025,02003,Information Mas,9445MSI,User Experience Design MSI,2460,FA 2023,GINF,039178,SI,539
96017920,FA 2023,GINF,WN 2025,WN 2025,02003,Information Mas,9445MSI,User Experience Design MSI,2460,FA 2023,GINF,042104,SI,501
96017920,FA 2023,GINF,WN 2025,WN 2025,02003,Information Mas,9445MSI,User Experience Design MSI,2460,FA 2023,GINF,044772,SI,582
96017920,FA 2023,GINF,WN 2025,WN 2025,02003,Information Mas,9445MSI,User Experience Design MSI,2460,FA 2023,GINF,047246,SI,506
96017920,FA 2023,GINF,WN 2025,WN 2025,02003,Information Mas,9445MSI,User Experience Design MSI,2470,WN 2024,GINF,020401,SI,622
96017920,FA 2023,GINF,WN 2025,WN 2025,02003,Information Mas,9445MSI,User Experience Design MSI,2470,WN 2024,GINF,021400,SI,520
96017920,FA 2023,GINF,WN 2025,WN 2025,02003,Information Mas,9445MSI,User Experience Design MSI,2470,WN 2024,GINF,039081,SI,529
96017920,FA 2023,GINF,WN 2025,WN 2025,02003,Information Mas,9445MSI,User Experience Design MSI,2470,WN 2024,GINF,050164,SI,504
96017920,FA 2023,GINF,WN 2025,WN 2025,02003,Information Mas,9445MSI,User Experience Design MSI,2510,FA 2024,GINF,017281,SI,588
96017920,FA 2023,GINF,WN 2025,WN 2025,02003,Information Mas,9445MSI,User Experience Design MSI,2510,FA 2024,GINF,041855,SI,631
96017920,FA 2023,GINF,WN 2025,WN 2025,02003,Information Mas,9445MSI,User Experience Design MSI,2510,FA 2024,GINF,046306,SI,616
96017920,FA 2023,GINF,WN 2025,WN 2025,02003,Information Mas,9445MSI,User Experience Design MSI,2510,FA 2024,GINF,048488,SI,559
96017920,FA 2023,GINF,WN 2025,WN 2025,02003,Information Mas,9445MSI,User Experience Design MSI,2510,FA 2024,GINF,050159,SI,579
96017920,FA 2023,GINF,WN 2025,WN 2025,02003,Information Mas,9445MSI,User Experience Design MSI,2520,WN 2025,GINF,021391,SI,511
96017920,FA 2023,GINF,WN 2025,WN 2025,02003,Information Mas,9445MSI,User Experience Design MSI,2520,WN 2025,GINF,045393,SI,552
96017920,FA 2023,GINF,WN 2025,WN 2025,02003,Information Mas,9445MSI,User Experience Design MSI,2520,WN 2025,GINF,047901,SI,699
96017920,FA 2023,GINF,WN 2025,WN 2025,02003,Information Mas,9445MSI,User Experience Design MSI,2520,WN 2025,GINF,048129,SI,505
96017920,FA 2023,GINF,WN 2025,WN 2025,02003,Information Mas,9445MSI,User Experience Design MSI,2520,WN 2025,GINF,051836,SI,611
96285457,FA 2023,GINF,WN 2025,WN 2025,02003,Information Mas,4470MSI9,Information MSI,2460,FA 2023,GINF,009731,SI,580
96285457,FA 2023,GINF,WN 2025,WN 2025,02003,Information Mas,4470MSI9,Information MSI,2460,FA 2023,GINF,042104,SI,501
96285457,FA 2023,GINF,WN 2025,WN 2025,02003,Information Mas,4470MSI9,Information MSI,2460,FA 2023,GINF,043526,DANCE,213
96285457,FA 2023,GINF,WN 2025,WN 2025,02003,Information Mas,4470MSI9,Information MSI,2460,FA 2023,GINF,047246,SI,506
96285457,FA 2023,GINF,WN 2025,WN 2025,02003,Information Mas,4470MSI9,Information MSI,2460,FA 2023,GINF,048831,SI,547
96285457,FA 2023,GINF,WN 2025,WN 2025,02003,Information Mas,4470MSI9,Information MSI,2470,WN 2024,GINF,006629,DANCE,511
96285457,FA 2023,GINF,WN 2025,WN 2025,02003,Information Mas,4470MSI9,Information MSI,2470,WN 2024,GINF,021270,AMCULT,601
96285457,FA 2023,GINF,WN 2025,WN 2025,02003,Information Mas,4470MSI9,Information MSI,2470,WN 2024,GINF,040667,SI,681
96285457,FA 2023,GINF,WN 2025,WN 2025,02003,Information Mas,4470MSI9,Information MSI,2470,WN 2024,GINF,043768,DANCE,212
96285457,FA 2023,GINF,WN 2025,WN 2025,02003,Information Mas,4470MSI9,Information MSI,2470,WN 2024,GINF,050162,SI,510
96285457,FA 2023,GINF,WN 2025,WN 2025,02003,Information Mas,4470MSI9,Information MSI,2470,WN 2024,GINF,050165,SI,585
96285457,FA 2023,GINF,WN 2025,WN 2025,02003,Information Mas,4470MSI9,Information MSI,2510,FA 2024,GINF,001459,SI,690
96285457,FA 2023,GINF,WN 2025,WN 2025,02003,Information Mas,4470MSI9,Information MSI,2510,FA 2024,GINF,006630,DANCE,521
96285457,FA 2023,GINF,WN 2025,WN 2025,02003,Information Mas,4470MSI9,Information MSI,2510,FA 2024,GINF,038659,SI,519
96285457,FA 2023,GINF,WN 2025,WN 2025,02003,Information Mas,4470MSI9,Information MSI,2510,FA 2024,GINF,038948,SI,632
96285457,FA 2023,GINF,WN 2025,WN 2025,02003,Information Mas,4470MSI9,Information MSI,2510,FA 2024,GINF,045687,SI,538
96285457,FA 2023,GINF,WN 2025,WN 2025,02003,Information Mas,4470MSI9,Information MSI,2510,FA 2024,GINF,050163,SI,633
96285457,FA 2023,GINF,WN 2025,WN 2025,02003,Information Mas,4470MSI9,Information MSI,2510,FA 2024,GINF,050979,DANCE,115
96285457,FA 2023,GINF,WN 2025,WN 2025,02003,Information Mas,4470MSI9,Information MSI,2520,WN 2025,GINF,006629,DANCE,511
96285457,FA 2023,GINF,WN 2025,WN 2025,02003,Information Mas,4470MSI9,Information MSI,2520,WN 2025,GINF,020803,SI,643
96285457,FA 2023,GINF,WN 2025,WN 2025,02003,Information Mas,4470MSI9,Information MSI,2520,WN 2025,GINF,021050,SI,691
96285457,FA 2023,GINF,WN 2025,WN 2025,02003,Information Mas,4470MSI9,Information MSI,2520,WN 2025,GINF,047901,SI,699
96337311,FA 2023,GINF,WN 2025,WN 2025,02003,Information Mas,9455MSI,User-Centered Agile Dev MSI,2460,FA 2023,GINF,017281,SI,588
96337311,FA 2023,GINF,WN 2025,WN 2025,02003,Information Mas,9455MSI,User-Centered Agile Dev MSI,2460,FA 2023,GINF,039178,SI,539
96337311,FA 2023,GINF,WN 2025,WN 2025,02003,Information Mas,9455MSI,User-Centered Agile Dev MSI,2460,FA 2023,GINF,042104,SI,501
96337311,FA 2023,GINF,WN 2025,WN 2025,02003,Information Mas,9455MSI,User-Centered Agile Dev MSI,2460,FA 2023,GINF,047246,SI,506
96337311,FA 2023,GINF,WN 2025,WN 2025,02003,Information Mas,9455MSI,User-Centered Agile Dev MSI,2460,FA 2023,GINF,048129,SI,505
96337311,FA 2023,GINF,WN 2025,WN 2025,02003,Information Mas,9455MSI,User-Centered Agile Dev MSI,2470,WN 2024,GINF,020401,SI,622
96337311,FA 2023,GINF,WN 2025,WN 2025,02003,Information Mas,9455MSI,User-Centered Agile Dev MSI,2470,WN 2024,GINF,044772,SI,582
96337311,FA 2023,GINF,WN 2025,WN 2025,02003,Information Mas,9455MSI,User-Centered Agile Dev MSI,2470,WN 2024,GINF,047640,SI,507
96337311,FA 2023,GINF,WN 2025,WN 2025,02003,Information Mas,9455MSI,User-Centered Agile Dev MSI,2470,WN 2024,GINF,050159,SI,579
96337311,FA 2023,GINF,WN 2025,WN 2025,02003,Information Mas,9455MSI,User-Centered Agile Dev MSI,2470,WN 2024,GINF,050164,SI,504
96337311,FA 2023,GINF,WN 2025,WN 2025,02003,Information Mas,9455MSI,User-Centered Agile Dev MSI,2510,FA 2024,GINF,041855,SI,631
96337311,FA 2023,GINF,WN 2025,WN 2025,02003,Information Mas,9455MSI,User-Centered Agile Dev MSI,2510,FA 2024,GINF,043863,SI,612
96337311,FA 2023,GINF,WN 2025,WN 2025,02003,Information Mas,9455MSI,User-Centered Agile Dev MSI,2510,FA 2024,GINF,045393,SI,552
96337311,FA 2023,GINF,WN 2025,WN 2025,02003,Information Mas,9455MSI,User-Centered Agile Dev MSI,2510,FA 2024,GINF,048487,SI,669
96337311,FA 2023,GINF,WN 2025,WN 2025,02003,Information Mas,9455MSI,User-Centered Agile Dev MSI,2510,FA 2024,GINF,048488,SI,559
96337311,FA 2023,GINF,WN 2025,WN 2025,02003,Information Mas,9455MSI,User-Centered Agile Dev MSI,2520,WN 2025,GINF,041626,SI,664
96337311,FA 2023,GINF,WN 2025,WN 2025,02003,Information Mas,9455MSI,User-Centered Agile Dev MSI,2520,WN 2025,GINF,047901,SI,699
96337311,FA 2023,GINF,WN 2025,WN 2025,02003,Information Mas,9455MSI,User-Centered Agile Dev MSI,2520,WN 2025,GINF,048486,SI,659
96337311,FA 2023,GINF,WN 2025,WN 2025,02003,Information Mas,9455MSI,User-Centered Agile Dev MSI,2520,WN 2025,GINF,049601,SI,564
96884188,FA 2023,GINF,WN 2025,WN 2025,02003,Information Mas,9445MSI,User Experience Design MSI,2460,FA 2023,GINF,017281,SI,588
96884188,FA 2023,GINF,WN 2025,WN 2025,02003,Information Mas,9445MSI,User Experience Design MSI,2460,FA 2023,GINF,021400,SI,520
96884188,FA 2023,GINF,WN 2025,WN 2025,02003,Information Mas,9445MSI,User Experience Design MSI,2460,FA 2023,GINF,042104,SI,501
96884188,FA 2023,GINF,WN 2025,WN 2025,02003,Information Mas,9445MSI,User Experience Design MSI,2460,FA 2023,GINF,044772,SI,582
96884188,FA 2023,GINF,WN 2025,WN 2025,02003,Information Mas,9445MSI,User Experience Design MSI,2460,FA 2023,GINF,048129,SI,505
96884188,FA 2023,GINF,WN 2025,WN 2025,02003,Information Mas,9445MSI,User Experience Design MSI,2470,WN 2024,GINF,020401,SI,622
96884188,FA 2023,GINF,WN 2025,WN 2025,02003,Information Mas,9445MSI,User Experience Design MSI,2470,WN 2024,GINF,022099,SI,658
96884188,FA 2023,GINF,WN 2025,WN 2025,02003,Information Mas,9445MSI,User Experience Design MSI,2470,WN 2024,GINF,040667,SI,681
96884188,FA 2023,GINF,WN 2025,WN 2025,02003,Information Mas,9445MSI,User Experience Design MSI,2470,WN 2024,GINF,046306,SI,616
96884188,FA 2023,GINF,WN 2025,WN 2025,02003,Information Mas,9445MSI,User Experience Design MSI,2470,WN 2024,GINF,048486,SI,659
96884188,FA 2023,GINF,WN 2025,WN 2025,02003,Information Mas,9445MSI,User Experience Design MSI,2510,FA 2024,GINF,003736,MKT,625
96884188,FA 2023,GINF,WN 2025,WN 2025,02003,Information Mas,9445MSI,User Experience Design MSI,2510,FA 2024,GINF,043863,SI,612
96884188,FA 2023,GINF,WN 2025,WN 2025,02003,Information Mas,9445MSI,User Experience Design MSI,2510,FA 2024,GINF,045393,SI,552
96884188,FA 2023,GINF,WN 2025,WN 2025,02003,Information Mas,9445MSI,User Experience Design MSI,2510,FA 2024,GINF,045771,SI,684
96884188,FA 2023,GINF,WN 2025,WN 2025,02003,Information Mas,9445MSI,User Experience Design MSI,2520,WN 2025,GINF,047901,SI,699
96884188,FA 2023,GINF,WN 2025,WN 2025,02003,Information Mas,9445MSI,User Experience Design MSI,2520,WN 2025,GINF,051454,SI,594
97131225,FA 2023,GINF,WN 2025,WN 2025,02003,Information Mas,4470MSI9,Information MSI,2460,FA 2023,GINF,009731,SI,580
97131225,FA 2023,GINF,WN 2025,WN 2025,02003,Information Mas,4470MSI9,Information MSI,2460,FA 2023,GINF,038659,SI,519
97131225,FA 2023,GINF,WN 2025,WN 2025,02003,Information Mas,4470MSI9,Information MSI,2460,FA 2023,GINF,042104,SI,501
97131225,FA 2023,GINF,WN 2025,WN 2025,02003,Information Mas,4470MSI9,Information MSI,2460,FA 2023,GINF,047246,SI,506
97131225,FA 2023,GINF,WN 2025,WN 2025,02003,Information Mas,4470MSI9,Information MSI,2470,WN 2024,GINF,022326,SI,581
97131225,FA 2023,GINF,WN 2025,WN 2025,02003,Information Mas,4470MSI9,Information MSI,2470,WN 2024,GINF,039979,SI,623
97131225,FA 2023,GINF,WN 2025,WN 2025,02003,Information Mas,4470MSI9,Information MSI,2470,WN 2024,GINF,040667,SI,681
97131225,FA 2023,GINF,WN 2025,WN 2025,02003,Information Mas,4470MSI9,Information MSI,2470,WN 2024,GINF,048280,SI,667
97131225,FA 2023,GINF,WN 2025,WN 2025,02003,Information Mas,4470MSI9,Information MSI,2470,WN 2024,GINF,051074,SI,626
97131225,FA 2023,GINF,WN 2025,WN 2025,02003,Information Mas,4470MSI9,Information MSI,2510,FA 2024,GINF,021045,SI,666
97131225,FA 2023,GINF,WN 2025,WN 2025,02003,Information Mas,4470MSI9,Information MSI,2510,FA 2024,GINF,047640,SI,507
97131225,FA 2023,GINF,WN 2025,WN 2025,02003,Information Mas,4470MSI9,Information MSI,2510,FA 2024,GINF,050028,SI,583
97131225,FA 2023,GINF,WN 2025,WN 2025,02003,Information Mas,4470MSI9,Information MSI,2510,FA 2024,GINF,050164,SI,504
97131225,FA 2023,GINF,WN 2025,WN 2025,02003,Information Mas,4470MSI9,Information MSI,2520,WN 2025,GINF,042324,SI,639
97131225,FA 2023,GINF,WN 2025,WN 2025,02003,Information Mas,4470MSI9,Information MSI,2520,WN 2025,GINF,045393,SI,552
97131225,FA 2023,GINF,WN 2025,WN 2025,02003,Information Mas,4470MSI9,Information MSI,2520,WN 2025,GINF,047901,SI,699
97131225,FA 2023,GINF,WN 2025,WN 2025,02003,Information Mas,4470MSI9,Information MSI,2520,WN 2025,GINF,050162,SI,510
97485092,FA 2023,GINF,WN 2025,WN 2025,02003,Information Mas,4470MSI9,Information MSI,2460,FA 2023,GINF,017281,SI,588
97485092,FA 2023,GINF,WN 2025,WN 2025,02003,Information Mas,4470MSI9,Information MSI,2460,FA 2023,GINF,042104,SI,501
97485092,FA 2023,GINF,WN 2025,WN 2025,02003,Information Mas,4470MSI9,Information MSI,2460,FA 2023,GINF,044772,SI,582
97485092,FA 2023,GINF,WN 2025,WN 2025,02003,Information Mas,4470MSI9,Information MSI,2460,FA 2023,GINF,047246,SI,506
97485092,FA 2023,GINF,WN 2025,WN 2025,02003,Information Mas,4470MSI9,Information MSI,2470,WN 2024,GINF,020401,SI,622
97485092,FA 2023,GINF,WN 2025,WN 2025,02003,Information Mas,4470MSI9,Information MSI,2470,WN 2024,GINF,021391,SI,511
97485092,FA 2023,GINF,WN 2025,WN 2025,02003,Information Mas,4470MSI9,Information MSI,2470,WN 2024,GINF,022099,SI,658
97485092,FA 2023,GINF,WN 2025,WN 2025,02003,Information Mas,4470MSI9,Information MSI,2470,WN 2024,GINF,039178,SI,539
97485092,FA 2023,GINF,WN 2025,WN 2025,02003,Information Mas,4470MSI9,Information MSI,2470,WN 2024,GINF,040667,SI,681
97485092,FA 2023,GINF,WN 2025,WN 2025,02003,Information Mas,4470MSI9,Information MSI,2510,FA 2024,GINF,021400,SI,520
97485092,FA 2023,GINF,WN 2025,WN 2025,02003,Information Mas,4470MSI9,Information MSI,2510,FA 2024,GINF,044798,ENTR,599
97485092,FA 2023,GINF,WN 2025,WN 2025,02003,Information Mas,4470MSI9,Information MSI,2510,FA 2024,GINF,045393,SI,552
97485092,FA 2023,GINF,WN 2025,WN 2025,02003,Information Mas,4470MSI9,Information MSI,2510,FA 2024,GINF,047850,ARTSADMN,550
97485092,FA 2023,GINF,WN 2025,WN 2025,02003,Information Mas,4470MSI9,Information MSI,2510,FA 2024,GINF,048514,WELLNESS,512
97485092,FA 2023,GINF,WN 2025,WN 2025,02003,Information Mas,4470MSI9,Information MSI,2520,WN 2025,GINF,001459,SI,690
97485092,FA 2023,GINF,WN 2025,WN 2025,02003,Information Mas,4470MSI9,Information MSI,2520,WN 2025,GINF,045785,JAZZ,555
97485092,FA 2023,GINF,WN 2025,WN 2025,02003,Information Mas,4470MSI9,Information MSI,2520,WN 2025,GINF,047844,ARTSADMN,523
97485092,FA 2023,GINF,WN 2025,WN 2025,02003,Information Mas,4470MSI9,Information MSI,2520,WN 2025,GINF,047901,SI,699
97627080,FA 2023,GINF,WN 2025,WN 2025,02003,Information Mas,9445MSI,User Experience Design MSI,2460,FA 2023,GINF,017281,SI,588
97627080,FA 2023,GINF,WN 2025,WN 2025,02003,Information Mas,9445MSI,User Experience Design MSI,2460,FA 2023,GINF,039178,SI,539
97627080,FA 2023,GINF,WN 2025,WN 2025,02003,Information Mas,9445MSI,User Experience Design MSI,2460,FA 2023,GINF,042104,SI,501
97627080,FA 2023,GINF,WN 2025,WN 2025,02003,Information Mas,9445MSI,User Experience Design MSI,2460,FA 2023,GINF,044772,SI,582
97627080,FA 2023,GINF,WN 2025,WN 2025,02003,Information Mas,9445MSI,User Experience Design MSI,2470,WN 2024,GINF,020401,SI,622
97627080,FA 2023,GINF,WN 2025,WN 2025,02003,Information Mas,9445MSI,User Experience Design MSI,2470,WN 2024,GINF,021400,SI,520
97627080,FA 2023,GINF,WN 2025,WN 2025,02003,Information Mas,9445MSI,User Experience Design MSI,2470,WN 2024,GINF,039081,SI,529
97627080,FA 2023,GINF,WN 2025,WN 2025,02003,Information Mas,9445MSI,User Experience Design MSI,2470,WN 2024,GINF,040667,SI,681
97627080,FA 2023,GINF,WN 2025,WN 2025,02003,Information Mas,9445MSI,User Experience Design MSI,2470,WN 2024,GINF,045393,SI,552
97627080,FA 2023,GINF,WN 2025,WN 2025,02003,Information Mas,9445MSI,User Experience Design MSI,2510,FA 2024,GINF,021391,SI,511
97627080,FA 2023,GINF,WN 2025,WN 2025,02003,Information Mas,9445MSI,User Experience Design MSI,2510,FA 2024,GINF,044798,ENTR,599
97627080,FA 2023,GINF,WN 2025,WN 2025,02003,Information Mas,9445MSI,User Experience Design MSI,2510,FA 2024,GINF,045687,SI,538
97627080,FA 2023,GINF,WN 2025,WN 2025,02003,Information Mas,9445MSI,User Experience Design MSI,2510,FA 2024,GINF,048831,SI,547
97627080,FA 2023,GINF,WN 2025,WN 2025,02003,Information Mas,9445MSI,User Experience Design MSI,2520,WN 2025,GINF,021391,SI,511
97627080,FA 2023,GINF,WN 2025,WN 2025,02003,Information Mas,9445MSI,User Experience Design MSI,2520,WN 2025,GINF,047901,SI,699
97627080,FA 2023,GINF,WN 2025,WN 2025,02003,Information Mas,9445MSI,User Experience Design MSI,2520,WN 2025,GINF,051836,SI,611
97747779,FA 2023,GINF,WN 2025,WN 2025,02003,Information Mas,9445MSI,User Experience Design MSI,2460,FA 2023,GINF,017281,SI,588
97747779,FA 2023,GINF,WN 2025,WN 2025,02003,Information Mas,9445MSI,User Experience Design MSI,2460,FA 2023,GINF,042104,SI,501
97747779,FA 2023,GINF,WN 2025,WN 2025,02003,Information Mas,9445MSI,User Experience Design MSI,2460,FA 2023,GINF,044772,SI,582
97747779,FA 2023,GINF,WN 2025,WN 2025,02003,Information Mas,9445MSI,User Experience Design MSI,2460,FA 2023,GINF,047246,SI,506
97747779,FA 2023,GINF,WN 2025,WN 2025,02003,Information Mas,9445MSI,User Experience Design MSI,2470,WN 2024,GINF,020401,SI,622
97747779,FA 2023,GINF,WN 2025,WN 2025,02003,Information Mas,9445MSI,User Experience Design MSI,2470,WN 2024,GINF,022099,SI,658
97747779,FA 2023,GINF,WN 2025,WN 2025,02003,Information Mas,9445MSI,User Experience Design MSI,2470,WN 2024,GINF,039178,SI,539
97747779,FA 2023,GINF,WN 2025,WN 2025,02003,Information Mas,9445MSI,User Experience Design MSI,2470,WN 2024,GINF,040667,SI,681
97747779,FA 2023,GINF,WN 2025,WN 2025,02003,Information Mas,9445MSI,User Experience Design MSI,2470,WN 2024,GINF,043574,SW,503
97747779,FA 2023,GINF,WN 2025,WN 2025,02003,Information Mas,9445MSI,User Experience Design MSI,2510,FA 2024,GINF,021400,SI,520
97747779,FA 2023,GINF,WN 2025,WN 2025,02003,Information Mas,9445MSI,User Experience Design MSI,2510,FA 2024,GINF,045393,SI,552
97747779,FA 2023,GINF,WN 2025,WN 2025,02003,Information Mas,9445MSI,User Experience Design MSI,2510,FA 2024,GINF,045771,SI,684
97747779,FA 2023,GINF,WN 2025,WN 2025,02003,Information Mas,9445MSI,User Experience Design MSI,2510,FA 2024,GINF,047228,ENTR,500
97747779,FA 2023,GINF,WN 2025,WN 2025,02003,Information Mas,9445MSI,User Experience Design MSI,2520,WN 2025,GINF,021400,SI,520
97747779,FA 2023,GINF,WN 2025,WN 2025,02003,Information Mas,9445MSI,User Experience Design MSI,2520,WN 2025,GINF,047901,SI,699
97747779,FA 2023,GINF,WN 2025,WN 2025,02003,Information Mas,9445MSI,User Experience Design MSI,2520,WN 2025,GINF,049082,SI,682
97926682,FA 2023,GINF,WN 2025,WN 2025,02003,Information Mas,9445MSI,User Experience Design MSI,2460,FA 2023,GINF,017281,SI,588
97926682,FA 2023,GINF,WN 2025,WN 2025,02003,Information Mas,9445MSI,User Experience Design MSI,2460,FA 2023,GINF,042104,SI,501
97926682,FA 2023,GINF,WN 2025,WN 2025,02003,Information Mas,9445MSI,User Experience Design MSI,2460,FA 2023,GINF,044772,SI,582
97926682,FA 2023,GINF,WN 2025,WN 2025,02003,Information Mas,9445MSI,User Experience Design MSI,2460,FA 2023,GINF,047246,SI,506
97926682,FA 2023,GINF,WN 2025,WN 2025,02003,Information Mas,9445MSI,User Experience Design MSI,2460,FA 2023,GINF,048129,SI,505
97926682,FA 2023,GINF,WN 2025,WN 2025,02003,Information Mas,9445MSI,User Experience Design MSI,2470,WN 2024,GINF,020401,SI,622
97926682,FA 2023,GINF,WN 2025,WN 2025,02003,Information Mas,9445MSI,User Experience Design MSI,2470,WN 2024,GINF,021400,SI,520
97926682,FA 2023,GINF,WN 2025,WN 2025,02003,Information Mas,9445MSI,User Experience Design MSI,2470,WN 2024,GINF,022099,SI,658
97926682,FA 2023,GINF,WN 2025,WN 2025,02003,Information Mas,9445MSI,User Experience Design MSI,2470,WN 2024,GINF,039178,SI,539
97926682,FA 2023,GINF,WN 2025,WN 2025,02003,Information Mas,9445MSI,User Experience Design MSI,2470,WN 2024,GINF,040667,SI,681
97926682,FA 2023,GINF,WN 2025,WN 2025,02003,Information Mas,9445MSI,User Experience Design MSI,2510,FA 2024,GINF,021391,SI,511
97926682,FA 2023,GINF,WN 2025,WN 2025,02003,Information Mas,9445MSI,User Experience Design MSI,2510,FA 2024,GINF,045687,SI,538
97926682,FA 2023,GINF,WN 2025,WN 2025,02003,Information Mas,9445MSI,User Experience Design MSI,2510,FA 2024,GINF,045771,SI,684
97926682,FA 2023,GINF,WN 2025,WN 2025,02003,Information Mas,9445MSI,User Experience Design MSI,2520,WN 2025,GINF,047901,SI,699
97926682,FA 2023,GINF,WN 2025,WN 2025,02003,Information Mas,9445MSI,User Experience Design MSI,2520,WN 2025,GINF,051454,SI,594
98188192,FA 2023,GINF,WN 2025,WN 2025,02003,Information Mas,0775MSI,Big Data Analytics MSI,2460,FA 2023,GINF,016607,SI,544
98188192,FA 2023,GINF,WN 2025,WN 2025,02003,Information Mas,0775MSI,Big Data Analytics MSI,2460,FA 2023,GINF,042104,SI,501
98188192,FA 2023,GINF,WN 2025,WN 2025,02003,Information Mas,0775MSI,Big Data Analytics MSI,2460,FA 2023,GINF,047246,SI,506
98188192,FA 2023,GINF,WN 2025,WN 2025,02003,Information Mas,0775MSI,Big Data Analytics MSI,2460,FA 2023,GINF,050164,SI,504
98188192,FA 2023,GINF,WN 2025,WN 2025,02003,Information Mas,0775MSI,Big Data Analytics MSI,2470,WN 2024,GINF,015660,WRITING,993
98188192,FA 2023,GINF,WN 2025,WN 2025,02003,Information Mas,0775MSI,Big Data Analytics MSI,2470,WN 2024,GINF,039979,SI,623
98188192,FA 2023,GINF,WN 2025,WN 2025,02003,Information Mas,0775MSI,Big Data Analytics MSI,2470,WN 2024,GINF,040667,SI,681
98188192,FA 2023,GINF,WN 2025,WN 2025,02003,Information Mas,0775MSI,Big Data Analytics MSI,2470,WN 2024,GINF,042091,SI,618
98188192,FA 2023,GINF,WN 2025,WN 2025,02003,Information Mas,0775MSI,Big Data Analytics MSI,2470,WN 2024,GINF,047640,SI,507
98188192,FA 2023,GINF,WN 2025,WN 2025,02003,Information Mas,0775MSI,Big Data Analytics MSI,2470,WN 2024,GINF,050663,SI,568
98188192,FA 2023,GINF,WN 2025,WN 2025,02003,Information Mas,0775MSI,Big Data Analytics MSI,2510,FA 2024,GINF,001459,SI,690
98188192,FA 2023,GINF,WN 2025,WN 2025,02003,Information Mas,0775MSI,Big Data Analytics MSI,2510,FA 2024,GINF,041934,SI,608
98188192,FA 2023,GINF,WN 2025,WN 2025,02003,Information Mas,0775MSI,Big Data Analytics MSI,2510,FA 2024,GINF,045930,SI,671
98188192,FA 2023,GINF,WN 2025,WN 2025,02003,Information Mas,0775MSI,Big Data Analytics MSI,2520,WN 2025,GINF,020803,SI,643
98188192,FA 2023,GINF,WN 2025,WN 2025,02003,Information Mas,0775MSI,Big Data Analytics MSI,2520,WN 2025,GINF,020934,SI,649
98188192,FA 2023,GINF,WN 2025,WN 2025,02003,Information Mas,0775MSI,Big Data Analytics MSI,2520,WN 2025,GINF,047901,SI,699
98188192,FA 2023,GINF,WN 2025,WN 2025,02003,Information Mas,0775MSI,Big Data Analytics MSI,2520,WN 2025,GINF,050983,SI,602
98816740,FA 2023,GINF,FA 2024,FA 2024,02003,Information Mas,9445MSI,User Experience Design MSI,2460,FA 2023,GINF,021400,SI,520
98816740,FA 2023,GINF,FA 2024,FA 2024,02003,Information Mas,9445MSI,User Experience Design MSI,2460,FA 2023,GINF,042104,SI,501
98816740,FA 2023,GINF,FA 2024,FA 2024,02003,Information Mas,9445MSI,User Experience Design MSI,2460,FA 2023,GINF,045771,SI,684
98816740,FA 2023,GINF,FA 2024,FA 2024,02003,Information Mas,9445MSI,User Experience Design MSI,2460,FA 2023,GINF,047246,SI,506
98816740,FA 2023,GINF,FA 2024,FA 2024,02003,Information Mas,9445MSI,User Experience Design MSI,2470,WN 2024,GINF,040667,SI,681
98816740,FA 2023,GINF,FA 2024,FA 2024,02003,Information Mas,9445MSI,User Experience Design MSI,2470,WN 2024,GINF,047901,SI,699
98816740,FA 2023,GINF,FA 2024,FA 2024,02003,Information Mas,9445MSI,User Experience Design MSI,2470,WN 2024,GINF,049417,BA,670
98816740,FA 2023,GINF,FA 2024,FA 2024,02003,Information Mas,9445MSI,User Experience Design MSI,2510,FA 2024,GINF,016607,SI,544