Emplid,Admit Term Descrshort,Acad Prog.Acad Career,Exp Grad Term Descrshort,Completion Term Descrshort,Acad Prog,Acad Prog Descr,Acad Plan,Acad Plan Descr,Term,Term Descrshort,Stdnt Car Term.Acad Career,Crse ID,Subject,Catalog Nbr
00416306,FA 2025,GINF,WN 2026, ,02003,Information Mas,9445MSI,User Experience Design MSI,2560,FA 2025,GINF,021400,SI,520
00416306,FA 2025,GINF,WN 2026, ,02003,Information Mas,9445MSI,User Experience Design MSI,2560,FA 2025,GINF,039178,SI,539
00416306,FA 2025,GINF,WN 2026, ,02003,Information Mas,9445MSI,User Experience Design MSI,2560,FA 2025,GINF,043210,SI,534
00416306,FA 2025,GINF,WN 2026, ,02003,Information Mas,9445MSI,User Experience Design MSI,2560,FA 2025,GINF,043863,SI,612
00416306,FA 2025,GINF,WN 2026, ,02003,Information Mas,9445MSI,User Experience Design MSI,2570,WN 2026,GINF,022099,SI,658
00416306,FA 2025,GINF,WN 2026, ,02003,Information Mas,9445MSI,User Experience Design MSI,2570,WN 2026,GINF,047901,SI,699
00416306,FA 2025,GINF,WN 2026, ,02003,Information Mas,9445MSI,User Experience Design MSI,2570,WN 2026,GINF,048531,PAT,543
00416306,FA 2025,GINF,WN 2026, ,02003,Information Mas,9445MSI,User Experience Design MSI,2570,WN 2026,GINF,051836,SI,611
00589722,FA 2025,GINF,WN 2027, ,02003,Information Mas,9445MSI,User Experience Design MSI,2560,FA 2025,GINF,017281,SI,588
00589722,FA 2025,GINF,WN 2027, ,02003,Information Mas,9445MSI,User Experience Design MSI,2560,FA 2025,GINF,044772,SI,582
00589722,FA 2025,GINF,WN 2027, ,02003,Information Mas,9445MSI,User Experience Design MSI,2560,FA 2025,GINF,047246,SI,506
00589722,FA 2025,GINF,WN 2027, ,02003,Information Mas,9445MSI,User Experience Design MSI,2560,FA 2025,GINF,051553,SI,500
00589722,FA 2025,GINF,WN 2027, ,02003,Information Mas,9445MSI,User Experience Design MSI,2570,WN 2026,GINF,020401,SI,622
00589722,FA 2025,GINF,WN 2027, ,02003,Information Mas,9445MSI,User Experience Design MSI,2570,WN 2026,GINF,021400,SI,520
00589722,FA 2025,GINF,WN 2027, ,02003,Information Mas,9445MSI,User Experience Design MSI,2570,WN 2026,GINF,045393,SI,552
00589722,FA 2025,GINF,WN 2027, ,02003,Information Mas,9445MSI,User Experience Design MSI,2570,WN 2026,GINF,052256,ENTR,475
00749375,FA 2025,GINF,WN 2027, ,02003,Information Mas,9445MSI,User Experience Design MSI,2560,FA 2025,GINF,017281,SI,588
00749375,FA 2025,GINF,WN 2027, ,02003,Information Mas,9445MSI,User Experience Design MSI,2560,FA 2025,GINF,021400,SI,520
00749375,FA 2025,GINF,WN 2027, ,02003,Information Mas,9445MSI,User Experience Design MSI,2560,FA 2025,GINF,047246,SI,506
00749375,FA 2025,GINF,WN 2027, ,02003,Information Mas,9445MSI,User Experience Design MSI,2560,FA 2025,GINF,051553,SI,500
00749375,FA 2025,GINF,WN 2027, ,02003,Information Mas,9445MSI,User Experience Design MSI,2570,WN 2026,GINF,020401,SI,622
00749375,FA 2025,GINF,WN 2027, ,02003,Information Mas,9445MSI,User Experience Design MSI,2570,WN 2026,GINF,039178,SI,539
00749375,FA 2025,GINF,WN 2027, ,02003,Information Mas,9445MSI,User Experience Design MSI,2570,WN 2026,GINF,044772,SI,582
00749375,FA 2025,GINF,WN 2027, ,02003,Information Mas,9445MSI,User Experience Design MSI,2570,WN 2026,GINF,046306,SI,616
00749375,FA 2025,GINF,WN 2027, ,02003,Information Mas,9445MSI,User Experience Design MSI,2570,WN 2026,GINF,049112,PAT,500
00750361,FA 2025,GINF,WN 2027, ,02003,Information Mas,4865MSI,"Lib, Arch&Knwl Envs in Soc MSI",2560,FA 2025,GINF,021045,SI,666
00750361,FA 2025,GINF,WN 2027, ,02003,Information Mas,4865MSI,"Lib, Arch&Knwl Envs in Soc MSI",2560,FA 2025,GINF,021391,SI,511
00750361,FA 2025,GINF,WN 2027, ,02003,Information Mas,4865MSI,"Lib, Arch&Knwl Envs in Soc MSI",2560,FA 2025,GINF,051553,SI,500
00750361,FA 2025,GINF,WN 2027, ,02003,Information Mas,4865MSI,"Lib, Arch&Knwl Envs in Soc MSI",2570,WN 2026,GINF,009731,SI,580
00750361,FA 2025,GINF,WN 2027, ,02003,Information Mas,4865MSI,"Lib, Arch&Knwl Envs in Soc MSI",2570,WN 2026,GINF,047246,SI,506
00750361,FA 2025,GINF,WN 2027, ,02003,Information Mas,4865MSI,"Lib, Arch&Knwl Envs in Soc MSI",2570,WN 2026,GINF,048280,SI,667
00750361,FA 2025,GINF,WN 2027, ,02003,Information Mas,4865MSI,"Lib, Arch&Knwl Envs in Soc MSI",2570,WN 2026,GINF,050162,SI,510
00907334,FA 2025,GINF,WN 2027, ,02003,Information Mas,9455MSI,User-Centered Agile Dev MSI,2560,FA 2025,GINF,039178,SI,539
00907334,FA 2025,GINF,WN 2027, ,02003,Information Mas,9455MSI,User-Centered Agile Dev MSI,2560,FA 2025,GINF,044772,SI,582
00907334,FA 2025,GINF,WN 2027, ,02003,Information Mas,9455MSI,User-Centered Agile Dev MSI,2560,FA 2025,GINF,050159,SI,579
00907334,FA 2025,GINF,WN 2027, ,02003,Information Mas,9455MSI,User-Centered Agile Dev MSI,2560,FA 2025,GINF,050164,SI,504
00907334,FA 2025,GINF,WN 2027, ,02003,Information Mas,9455MSI,User-Centered Agile Dev MSI,2560,FA 2025,GINF,051553,SI,500
00907334,FA 2025,GINF,WN 2027, ,02003,Information Mas,9455MSI,User-Centered Agile Dev MSI,2570,WN 2026,GINF,020401,SI,622
00907334,FA 2025,GINF,WN 2027, ,02003,Information Mas,9455MSI,User-Centered Agile Dev MSI,2570,WN 2026,GINF,041626,SI,664
00907334,FA 2025,GINF,WN 2027, ,02003,Information Mas,9455MSI,User-Centered Agile Dev MSI,2570,WN 2026,GINF,048129,SI,505
00907334,FA 2025,GINF,WN 2027, ,02003,Information Mas,9455MSI,User-Centered Agile Dev MSI,2570,WN 2026,GINF,050510,CSE,593
00908022,FA 2025,GINF,WN 2027, ,02003,Information Mas,0775MSI,Big Data Analytics MSI,2560,FA 2025,GINF,016607,SI,544
00908022,FA 2025,GINF,WN 2027, ,02003,Information Mas,0775MSI,Big Data Analytics MSI,2560,FA 2025,GINF,047246,SI,506
00908022,FA 2025,GINF,WN 2027, ,02003,Information Mas,0775MSI,Big Data Analytics MSI,2560,FA 2025,GINF,050164,SI,504
00908022,FA 2025,GINF,WN 2027, ,02003,Information Mas,0775MSI,Big Data Analytics MSI,2560,FA 2025,GINF,050916,EAS,529
00908022,FA 2025,GINF,WN 2027, ,02003,Information Mas,0775MSI,Big Data Analytics MSI,2560,FA 2025,GINF,051308,EAS,551
00908022,FA 2025,GINF,WN 2027, ,02003,Information Mas,0775MSI,Big Data Analytics MSI,2560,FA 2025,GINF,051553,SI,500
00908022,FA 2025,GINF,WN 2027, ,02003,Information Mas,0775MSI,Big Data Analytics MSI,2570,WN 2026,GINF,042091,SI,618
00908022,FA 2025,GINF,WN 2027, ,02003,Information Mas,0775MSI,Big Data Analytics MSI,2570,WN 2026,GINF,047640,SI,507
00908022,FA 2025,GINF,WN 2027, ,02003,Information Mas,0775MSI,Big Data Analytics MSI,2570,WN 2026,GINF,050663,SI,568
00908022,FA 2025,GINF,WN 2027, ,02003,Information Mas,0775MSI,Big Data Analytics MSI,2570,WN 2026,GINF,050983,SI,602
00933791,FA 2024,GINF,WN 2026, ,02003,Information Mas,9445MSI,User Experience Design MSI,2510,FA 2024,GINF,017281,SI,588
00933791,FA 2024,GINF,WN 2026, ,02003,Information Mas,9445MSI,User Experience Design MSI,2510,FA 2024,GINF,039178,SI,539
00933791,FA 2024,GINF,WN 2026, ,02003,Information Mas,9445MSI,User Experience Design MSI,2510,FA 2024,GINF,047246,SI,506
00933791,FA 2024,GINF,WN 2026, ,02003,Information Mas,9445MSI,User Experience Design MSI,2510,FA 2024,GINF,048129,SI,505
00933791,FA 2024,GINF,WN 2026, ,02003,Information Mas,9445MSI,User Experience Design MSI,2510,FA 2024,GINF,051553,SI,500
00933791,FA 2024,GINF,WN 2026, ,02003,Information Mas,9445MSI,User Experience Design MSI,2520,WN 2025,GINF,020401,SI,622
00933791,FA 2024,GINF,WN 2026, ,02003,Information Mas,9445MSI,User Experience Design MSI,2520,WN 2025,GINF,022099,SI,658
00933791,FA 2024,GINF,WN 2026, ,02003,Information Mas,9445MSI,User Experience Design MSI,2520,WN 2025,GINF,040667,SI,681
00933791,FA 2024,GINF,WN 2026, ,02003,Information Mas,9445MSI,User Experience Design MSI,2520,WN 2025,GINF,043515,DANCE,100
00933791,FA 2024,GINF,WN 2026, ,02003,Information Mas,9445MSI,User Experience Design MSI,2520,WN 2025,GINF,044772,SI,582
00933791,FA 2024,GINF,WN 2026, ,02003,Information Mas,9445MSI,User Experience Design MSI,2520,WN 2025,GINF,048486,SI,659
00933791,FA 2024,GINF,WN 2026, ,02003,Information Mas,9445MSI,User Experience Design MSI,2560,FA 2025,GINF,021391,SI,511
00933791,FA 2024,GINF,WN 2026, ,02003,Information Mas,9445MSI,User Experience Design MSI,2560,FA 2025,GINF,021400,SI,520
00933791,FA 2024,GINF,WN 2026, ,02003,Information Mas,9445MSI,User Experience Design MSI,2560,FA 2025,GINF,041855,SI,631
00933791,FA 2024,GINF,WN 2026, ,02003,Information Mas,9445MSI,User Experience Design MSI,2560,FA 2025,GINF,042925,ENTR,407
00933791,FA 2024,GINF,WN 2026, ,02003,Information Mas,9445MSI,User Experience Design MSI,2560,FA 2025,GINF,043581,ENTR,417
00933791,FA 2024,GINF,WN 2026, ,02003,Information Mas,9445MSI,User Experience Design MSI,2570,WN 2026,GINF,021391,SI,511
00933791,FA 2024,GINF,WN 2026, ,02003,Information Mas,9445MSI,User Experience Design MSI,2570,WN 2026,GINF,047901,SI,699
00933791,FA 2024,GINF,WN 2026, ,02003,Information Mas,9445MSI,User Experience Design MSI,2570,WN 2026,GINF,051454,SI,594
00933791,FA 2024,GINF,WN 2026, ,02003,Information Mas,9445MSI,User Experience Design MSI,2570,WN 2026,GINF,051455,SI,569
01154741,FA 2025,GINF,WN 2027, ,02003,Information Mas,9445MSI,User Experience Design MSI,2560,FA 2025,GINF,017281,SI,588
01154741,FA 2025,GINF,WN 2027, ,02003,Information Mas,9445MSI,User Experience Design MSI,2560,FA 2025,GINF,044772,SI,582
01154741,FA 2025,GINF,WN 2027, ,02003,Information Mas,9445MSI,User Experience Design MSI,2560,FA 2025,GINF,047246,SI,506
01154741,FA 2025,GINF,WN 2027, ,02003,Information Mas,9445MSI,User Experience Design MSI,2560,FA 2025,GINF,048129,SI,505
01154741,FA 2025,GINF,WN 2027, ,02003,Information Mas,9445MSI,User Experience Design MSI,2560,FA 2025,GINF,051553,SI,500
01154741,FA 2025,GINF,WN 2027, ,02003,Information Mas,9445MSI,User Experience Design MSI,2570,WN 2026,GINF,020401,SI,622
01154741,FA 2025,GINF,WN 2027, ,02003,Information Mas,9445MSI,User Experience Design MSI,2570,WN 2026,GINF,021391,SI,511
01154741,FA 2025,GINF,WN 2027, ,02003,Information Mas,9445MSI,User Experience Design MSI,2570,WN 2026,GINF,039178,SI,539
01154741,FA 2025,GINF,WN 2027, ,02003,Information Mas,9445MSI,User Experience Design MSI,2570,WN 2026,GINF,043863,SI,612
01154741,FA 2025,GINF,WN 2027, ,02003,Information Mas,9445MSI,User Experience Design MSI,2570,WN 2026,GINF,051836,SI,611
01680001,FA 2024,GINF,WN 2025,WN 2025,02003,Information Mas,9445MSI,User Experience Design MSI,2510,FA 2024,GINF,001459,SI,690
01680001,FA 2024,GINF,WN 2025,WN 2025,02003,Information Mas,9445MSI,User Experience Design MSI,2510,FA 2024,GINF,038659,SI,519
01680001,FA 2024,GINF,WN 2025,WN 2025,02003,Information Mas,9445MSI,User Experience Design MSI,2510,FA 2024,GINF,045771,SI,684
01680001,FA 2024,GINF,WN 2025,WN 2025,02003,Information Mas,9445MSI,User Experience Design MSI,2510,FA 2024,GINF,048488,SI,559
01680001,FA 2024,GINF,WN 2025,WN 2025,02003,Information Mas,9445MSI,User Experience Design MSI,2510,FA 2024,GINF,051553,SI,500
01680001,FA 2024,GINF,WN 2025,WN 2025,02003,Information Mas,9445MSI,User Experience Design MSI,2520,WN 2025,GINF,022099,SI,658
01680001,FA 2024,GINF,WN 2025,WN 2025,02003,Information Mas,9445MSI,User Experience Design MSI,2520,WN 2025,GINF,047892,SI,605
01680001,FA 2024,GINF,WN 2025,WN 2025,02003,Information Mas,9445MSI,User Experience Design MSI,2520,WN 2025,GINF,047901,SI,699
01680001,FA 2024,GINF,WN 2025,WN 2025,02003,Information Mas,9445MSI,User Experience Design MSI,2520,WN 2025,GINF,051836,SI,611
01913035,FA 2024,GINF,WN 2026, ,02003,Information Mas,9445MSI,User Experience Design MSI,2510,FA 2024,GINF,017281,SI,588
01913035,FA 2024,GINF,WN 2026, ,02003,Information Mas,9445MSI,User Experience Design MSI,2510,FA 2024,GINF,039178,SI,539
01913035,FA 2024,GINF,WN 2026, ,02003,Information Mas,9445MSI,User Experience Design MSI,2510,FA 2024,GINF,047246,SI,506
01913035,FA 2024,GINF,WN 2026, ,02003,Information Mas,9445MSI,User Experience Design MSI,2510,FA 2024,GINF,048129,SI,505
01913035,FA 2024,GINF,WN 2026, ,02003,Information Mas,9445MSI,User Experience Design MSI,2510,FA 2024,GINF,051553,SI,500
01913035,FA 2024,GINF,WN 2026, ,02003,Information Mas,9445MSI,User Experience Design MSI,2520,WN 2025,GINF,020401,SI,622
01913035,FA 2024,GINF,WN 2026, ,02003,Information Mas,9445MSI,User Experience Design MSI,2520,WN 2025,GINF,021391,SI,511
01913035,FA 2024,GINF,WN 2026, ,02003,Information Mas,9445MSI,User Experience Design MSI,2520,WN 2025,GINF,040667,SI,681
01913035,FA 2024,GINF,WN 2026, ,02003,Information Mas,9445MSI,User Experience Design MSI,2520,WN 2025,GINF,044772,SI,582
01913035,FA 2024,GINF,WN 2026, ,02003,Information Mas,9445MSI,User Experience Design MSI,2520,WN 2025,GINF,051454,SI,594
01913035,FA 2024,GINF,WN 2026, ,02003,Information Mas,9445MSI,User Experience Design MSI,2560,FA 2025,GINF,021050,SI,691
01913035,FA 2024,GINF,WN 2026, ,02003,Information Mas,9445MSI,User Experience Design MSI,2560,FA 2025,GINF,021391,SI,511
01913035,FA 2024,GINF,WN 2026, ,02003,Information Mas,9445MSI,User Experience Design MSI,2560,FA 2025,GINF,048488,SI,559
01913035,FA 2024,GINF,WN 2026, ,02003,Information Mas,9445MSI,User Experience Design MSI,2570,WN 2026,GINF,021050,SI,691
01913035,FA 2024,GINF,WN 2026, ,02003,Information Mas,9445MSI,User Experience Design MSI,2570,WN 2026,GINF,021391,SI,511
01913035,FA 2024,GINF,WN 2026, ,02003,Information Mas,9445MSI,User Experience Design MSI,2570,WN 2026,GINF,043863,SI,612
01913035,FA 2024,GINF,WN 2026, ,02003,Information Mas,9445MSI,User Experience Design MSI,2570,WN 2026,GINF,047901,SI,699
02085620,FA 2025,GINF,WN 2026, ,02003,Information Mas,9445MSI,User Experience Design MSI,2560,FA 2025,GINF,001459,SI,690
02085620,FA 2025,GINF,WN 2026, ,02003,Information Mas,9445MSI,User Experience Design MSI,2560,FA 2025,GINF,043210,SI,534
02085620,FA 2025,GINF,WN 2026, ,02003,Information Mas,9445MSI,User Experience Design MSI,2560,FA 2025,GINF,043863,SI,612
02085620,FA 2025,GINF,WN 2026, ,02003,Information Mas,9445MSI,User Experience Design MSI,2560,FA 2025,GINF,048488,SI,559
02085620,FA 2025,GINF,WN 2026, ,02003,Information Mas,9445MSI,User Experience Design MSI,2570,WN 2026,GINF,021391,SI,511
02085620,FA 2025,GINF,WN 2026, ,02003,Information Mas,9445MSI,User Experience Design MSI,2570,WN 2026,GINF,043366,SI,617
02085620,FA 2025,GINF,WN 2026, ,02003,Information Mas,9445MSI,User Experience Design MSI,2570,WN 2026,GINF,047901,SI,699
02276334,FA 2025,GINF,WN 2027, ,02003,Information Mas,4865MSI,"Lib, Arch&Knwl Envs in Soc MSI",2560,FA 2025,GINF,021042,SI,647
02276334,FA 2025,GINF,WN 2027, ,02003,Information Mas,4865MSI,"Lib, Arch&Knwl Envs in Soc MSI",2560,FA 2025,GINF,021045,SI,666
02276334,FA 2025,GINF,WN 2027, ,02003,Information Mas,4865MSI,"Lib, Arch&Knwl Envs in Soc MSI",2560,FA 2025,GINF,021391,SI,511
02276334,FA 2025,GINF,WN 2027, ,02003,Information Mas,4865MSI,"Lib, Arch&Knwl Envs in Soc MSI",2560,FA 2025,GINF,051553,SI,500
02276334,FA 2025,GINF,WN 2027, ,02003,Information Mas,4865MSI,"Lib, Arch&Knwl Envs in Soc MSI",2570,WN 2026,GINF,047246,SI,506
02276334,FA 2025,GINF,WN 2027, ,02003,Information Mas,4865MSI,"Lib, Arch&Knwl Envs in Soc MSI",2570,WN 2026,GINF,048129,SI,505
02276334,FA 2025,GINF,WN 2027, ,02003,Information Mas,4865MSI,"Lib, Arch&Knwl Envs in Soc MSI",2570,WN 2026,GINF,048280,SI,667
02276334,FA 2025,GINF,WN 2027, ,02003,Information Mas,4865MSI,"Lib, Arch&Knwl Envs in Soc MSI",2570,WN 2026,GINF,050162,SI,510
02276334,FA 2025,GINF,WN 2027, ,02003,Information Mas,4865MSI,"Lib, Arch&Knwl Envs in Soc MSI",2570,WN 2026,GINF,051074,SI,626
02277838,FA 2024,GINF,WN 2026, ,02003,Information Mas,9445MSI,User Experience Design MSI,2510,FA 2024,GINF,017281,SI,588
02277838,FA 2024,GINF,WN 2026, ,02003,Information Mas,9445MSI,User Experience Design MSI,2510,FA 2024,GINF,039178,SI,539
02277838,FA 2024,GINF,WN 2026, ,02003,Information Mas,9445MSI,User Experience Design MSI,2510,FA 2024,GINF,041626,SI,664
02277838,FA 2024,GINF,WN 2026, ,02003,Information Mas,9445MSI,User Experience Design MSI,2510,FA 2024,GINF,044772,SI,582
02277838,FA 2024,GINF,WN 2026, ,02003,Information Mas,9445MSI,User Experience Design MSI,2510,FA 2024,GINF,051553,SI,500
02277838,FA 2024,GINF,WN 2026, ,02003,Information Mas,9445MSI,User Experience Design MSI,2520,WN 2025,GINF,020401,SI,622
02277838,FA 2024,GINF,WN 2026, ,02003,Information Mas,9445MSI,User Experience Design MSI,2520,WN 2025,GINF,022099,SI,658
02277838,FA 2024,GINF,WN 2026, ,02003,Information Mas,9445MSI,User Experience Design MSI,2520,WN 2025,GINF,040667,SI,681
02277838,FA 2024,GINF,WN 2026, ,02003,Information Mas,9445MSI,User Experience Design MSI,2520,WN 2025,GINF,042091,SI,618
02277838,FA 2024,GINF,WN 2026, ,02003,Information Mas,9445MSI,User Experience Design MSI,2520,WN 2025,GINF,047640,SI,507
02277838,FA 2024,GINF,WN 2026, ,02003,Information Mas,9445MSI,User Experience Design MSI,2520,WN 2025,GINF,049601,SI,564
02277838,FA 2024,GINF,WN 2026, ,02003,Information Mas,9445MSI,User Experience Design MSI,2520,WN 2025,GINF,050159,SI,579
02277838,FA 2024,GINF,WN 2026, ,02003,Information Mas,9445MSI,User Experience Design MSI,2560,FA 2025,GINF,021400,SI,520
02277838,FA 2024,GINF,WN 2026, ,02003,Information Mas,9445MSI,User Experience Design MSI,2560,FA 2025,GINF,042071,SI,563
02277838,FA 2024,GINF,WN 2026, ,02003,Information Mas,9445MSI,User Experience Design MSI,2560,FA 2025,GINF,048488,SI,559
02277838,FA 2024,GINF,WN 2026, ,02003,Information Mas,9445MSI,User Experience Design MSI,2570,WN 2026,GINF,047901,SI,699
02626614,FA 2024,GINF,WN 2025,WN 2025,02003,Information Mas,0775MSI,Big Data Analytics MSI,2510,FA 2024,GINF,001459,SI,690
02626614,FA 2024,GINF,WN 2025,WN 2025,02003,Information Mas,0775MSI,Big Data Analytics MSI,2510,FA 2024,GINF,009732,SI,650
02626614,FA 2024,GINF,WN 2025,WN 2025,02003,Information Mas,0775MSI,Big Data Analytics MSI,2510,FA 2024,GINF,020934,SI,649
02626614,FA 2024,GINF,WN 2025,WN 2025,02003,Information Mas,0775MSI,Big Data Analytics MSI,2510,FA 2024,GINF,048500,SI,670
02626614,FA 2024,GINF,WN 2025,WN 2025,02003,Information Mas,0775MSI,Big Data Analytics MSI,2510,FA 2024,GINF,051553,SI,500
02626614,FA 2024,GINF,WN 2025,WN 2025,02003,Information Mas,0775MSI,Big Data Analytics MSI,2520,WN 2025,GINF,045732,SI,554
02626614,FA 2024,GINF,WN 2025,WN 2025,02003,Information Mas,0775MSI,Big Data Analytics MSI,2520,WN 2025,GINF,047901,SI,699
02626614,FA 2024,GINF,WN 2025,WN 2025,02003,Information Mas,0775MSI,Big Data Analytics MSI,2520,WN 2025,GINF,049601,SI,564
02626614,FA 2024,GINF,WN 2025,WN 2025,02003,Information Mas,0775MSI,Big Data Analytics MSI,2520,WN 2025,GINF,050663,SI,568
02626614,FA 2024,GINF,WN 2025,WN 2025,02003,Information Mas,0775MSI,Big Data Analytics MSI,2520,WN 2025,GINF,050983,SI,602
02723626,FA 2025,GINF,WN 2027, ,02003,Information Mas,9445MSI,User Experience Design MSI,2560,FA 2025,GINF,017281,SI,588
02723626,FA 2025,GINF,WN 2027, ,02003,Information Mas,9445MSI,User Experience Design MSI,2560,FA 2025,GINF,039178,SI,539
02723626,FA 2025,GINF,WN 2027, ,02003,Information Mas,9445MSI,User Experience Design MSI,2560,FA 2025,GINF,047246,SI,506
02723626,FA 2025,GINF,WN 2027, ,02003,Information Mas,9445MSI,User Experience Design MSI,2560,FA 2025,GINF,051553,SI,500
02723626,FA 2025,GINF,WN 2027, ,02003,Information Mas,9445MSI,User Experience Design MSI,2570,WN 2026,GINF,020401,SI,622
02723626,FA 2025,GINF,WN 2027, ,02003,Information Mas,9445MSI,User Experience Design MSI,2570,WN 2026,GINF,021391,SI,511
02723626,FA 2025,GINF,WN 2027, ,02003,Information Mas,9445MSI,User Experience Design MSI,2570,WN 2026,GINF,044772,SI,582
02723626,FA 2025,GINF,WN 2027, ,02003,Information Mas,9445MSI,User Experience Design MSI,2570,WN 2026,GINF,051836,SI,611
03040190,FA 2024,GINF,WN 2025,WN 2025,02003,Information Mas,4470MSI9,Information MSI,2510,FA 2024,GINF,001459,SI,690
03040190,FA 2024,GINF,WN 2025,WN 2025,02003,Information Mas,4470MSI9,Information MSI,2510,FA 2024,GINF,021045,SI,666
03040190,FA 2024,GINF,WN 2025,WN 2025,02003,Information Mas,4470MSI9,Information MSI,2510,FA 2024,GINF,038948,SI,632
03040190,FA 2024,GINF,WN 2025,WN 2025,02003,Information Mas,4470MSI9,Information MSI,2510,FA 2024,GINF,050028,SI,583
03040190,FA 2024,GINF,WN 2025,WN 2025,02003,Information Mas,4470MSI9,Information MSI,2510,FA 2024,GINF,051553,SI,500
03040190,FA 2024,GINF,WN 2025,WN 2025,02003,Information Mas,4470MSI9,Information MSI,2520,WN 2025,GINF,039979,SI,623
03040190,FA 2024,GINF,WN 2025,WN 2025,02003,Information Mas,4470MSI9,Information MSI,2520,WN 2025,GINF,047901,SI,699
03040190,FA 2024,GINF,WN 2025,WN 2025,02003,Information Mas,4470MSI9,Information MSI,2520,WN 2025,GINF,050162,SI,510
03319072,FA 2024,GINF,WN 2026, ,02003,Information Mas,9445MSI,User Experience Design MSI,2510,FA 2024,GINF,038659,SI,519
03319072,FA 2024,GINF,WN 2026, ,02003,Information Mas,9445MSI,User Experience Design MSI,2510,FA 2024,GINF,039595,BCOM,521
03319072,FA 2024,GINF,WN 2026, ,02003,Information Mas,9445MSI,User Experience Design MSI,2510,FA 2024,GINF,047246,SI,506
03319072,FA 2024,GINF,WN 2026, ,02003,Information Mas,9445MSI,User Experience Design MSI,2510,FA 2024,GINF,048129,SI,505
03319072,FA 2024,GINF,WN 2026, ,02003,Information Mas,9445MSI,User Experience Design MSI,2510,FA 2024,GINF,050164,SI,504
03319072,FA 2024,GINF,WN 2026, ,02003,Information Mas,9445MSI,User Experience Design MSI,2510,FA 2024,GINF,051553,SI,500
03319072,FA 2024,GINF,WN 2026, ,02003,Information Mas,9445MSI,User Experience Design MSI,2520,WN 2025,GINF,021400,SI,520
03319072,FA 2024,GINF,WN 2026, ,02003,Information Mas,9445MSI,User Experience Design MSI,2520,WN 2025,GINF,039979,SI,623
03319072,FA 2024,GINF,WN 2026, ,02003,Information Mas,9445MSI,User Experience Design MSI,2520,WN 2025,GINF,040667,SI,681
03319072,FA 2024,GINF,WN 2026, ,02003,Information Mas,9445MSI,User Experience Design MSI,2520,WN 2025,GINF,044772,SI,582
03319072,FA 2024,GINF,WN 2026, ,02003,Information Mas,9445MSI,User Experience Design MSI,2560,FA 2025,GINF,001753,PUBPOL,700
03319072,FA 2024,GINF,WN 2026, ,02003,Information Mas,9445MSI,User Experience Design MSI,2560,FA 2025,GINF,039178,SI,539
03319072,FA 2024,GINF,WN 2026, ,02003,Information Mas,9445MSI,User Experience Design MSI,2560,FA 2025,GINF,045687,SI,538
03319072,FA 2024,GINF,WN 2026, ,02003,Information Mas,9445MSI,User Experience Design MSI,2560,FA 2025,GINF,045771,SI,684
03319072,FA 2024,GINF,WN 2026, ,02003,Information Mas,9445MSI,User Experience Design MSI,2560,FA 2025,GINF,047246,SI,506
03319072,FA 2024,GINF,WN 2026, ,02003,Information Mas,9445MSI,User Experience Design MSI,2570,WN 2026,GINF,021391,SI,511
03319072,FA 2024,GINF,WN 2026, ,02003,Information Mas,9445MSI,User Experience Design MSI,2570,WN 2026,GINF,022099,SI,658
03319072,FA 2024,GINF,WN 2026, ,02003,Information Mas,9445MSI,User Experience Design MSI,2570,WN 2026,GINF,041736,PUBPOL,650
03319072,FA 2024,GINF,WN 2026, ,02003,Information Mas,9445MSI,User Experience Design MSI,2570,WN 2026,GINF,044289,PUBPOL,510
03319072,FA 2024,GINF,WN 2026, ,02003,Information Mas,9445MSI,User Experience Design MSI,2570,WN 2026,GINF,047209,EDUC,591
03319072,FA 2024,GINF,WN 2026, ,02003,Information Mas,9445MSI,User Experience Design MSI,2570,WN 2026,GINF,047901,SI,699
03420107,FA 2024,GINF,WN 2025,WN 2025,02003,Information Mas,9445MSI,User Experience Design MSI,2510,FA 2024,GINF,001459,SI,690
03420107,FA 2024,GINF,WN 2025,WN 2025,02003,Information Mas,9445MSI,User Experience Design MSI,2510,FA 2024,GINF,021391,SI,511
03420107,FA 2024,GINF,WN 2025,WN 2025,02003,Information Mas,9445MSI,User Experience Design MSI,2510,FA 2024,GINF,021400,SI,520
03420107,FA 2024,GINF,WN 2025,WN 2025,02003,Information Mas,9445MSI,User Experience Design MSI,2510,FA 2024,GINF,048488,SI,559
03420107,FA 2024,GINF,WN 2025,WN 2025,02003,Information Mas,9445MSI,User Experience Design MSI,2510,FA 2024,GINF,051553,SI,500
03420107,FA 2024,GINF,WN 2025,WN 2025,02003,Information Mas,9445MSI,User Experience Design MSI,2520,WN 2025,GINF,022099,SI,658
03420107,FA 2024,GINF,WN 2025,WN 2025,02003,Information Mas,9445MSI,User Experience Design MSI,2520,WN 2025,GINF,047901,SI,699
03420107,FA 2024,GINF,WN 2025,WN 2025,02003,Information Mas,9445MSI,User Experience Design MSI,2520,WN 2025,GINF,051836,SI,611
03472808,FA 2024,GINF,WN 2026, ,02003,Information Mas,4865MSI,"Lib, Arch&Knwl Envs in Soc MSI",2510,FA 2024,GINF,009731,SI,580
03472808,FA 2024,GINF,WN 2026, ,02003,Information Mas,4865MSI,"Lib, Arch&Knwl Envs in Soc MSI",2510,FA 2024,GINF,021045,SI,666
03472808,FA 2024,GINF,WN 2026, ,02003,Information Mas,4865MSI,"Lib, Arch&Knwl Envs in Soc MSI",2510,FA 2024,GINF,047246,SI,506
03472808,FA 2024,GINF,WN 2026, ,02003,Information Mas,4865MSI,"Lib, Arch&Knwl Envs in Soc MSI",2510,FA 2024,GINF,051553,SI,500
03472808,FA 2024,GINF,WN 2026, ,02003,Information Mas,4865MSI,"Lib, Arch&Knwl Envs in Soc MSI",2520,WN 2025,GINF,022326,SI,581
03472808,FA 2024,GINF,WN 2026, ,02003,Information Mas,4865MSI,"Lib, Arch&Knwl Envs in Soc MSI",2520,WN 2025,GINF,040667,SI,681
03472808,FA 2024,GINF,WN 2026, ,02003,Information Mas,4865MSI,"Lib, Arch&Knwl Envs in Soc MSI",2520,WN 2025,GINF,048280,SI,667
03472808,FA 2024,GINF,WN 2026, ,02003,Information Mas,4865MSI,"Lib, Arch&Knwl Envs in Soc MSI",2520,WN 2025,GINF,050162,SI,510
03472808,FA 2024,GINF,WN 2026, ,02003,Information Mas,4865MSI,"Lib, Arch&Knwl Envs in Soc MSI",2520,WN 2025,GINF,050165,SI,585
03472808,FA 2024,GINF,WN 2026, ,02003,Information Mas,4865MSI,"Lib, Arch&Knwl Envs in Soc MSI",2560,FA 2025,GINF,021042,SI,647
03472808,FA 2024,GINF,WN 2026, ,02003,Information Mas,4865MSI,"Lib, Arch&Knwl Envs in Soc MSI",2560,FA 2025,GINF,038659,SI,519
03472808,FA 2024,GINF,WN 2026, ,02003,Information Mas,4865MSI,"Lib, Arch&Knwl Envs in Soc MSI",2560,FA 2025,GINF,049601,SI,564
03472808,FA 2024,GINF,WN 2026, ,02003,Information Mas,4865MSI,"Lib, Arch&Knwl Envs in Soc MSI",2560,FA 2025,GINF,050161,SI,676
03472808,FA 2024,GINF,WN 2026, ,02003,Information Mas,4865MSI,"Lib, Arch&Knwl Envs in Soc MSI",2560,FA 2025,GINF,050164,SI,504
03472808,FA 2024,GINF,WN 2026, ,02003,Information Mas,4865MSI,"Lib, Arch&Knwl Envs in Soc MSI",2570,WN 2026,GINF,020803,SI,643
03472808,FA 2024,GINF,WN 2026, ,02003,Information Mas,4865MSI,"Lib, Arch&Knwl Envs in Soc MSI",2570,WN 2026,GINF,042324,SI,639
03472808,FA 2024,GINF,WN 2026, ,02003,Information Mas,4865MSI,"Lib, Arch&Knwl Envs in Soc MSI",2570,WN 2026,GINF,047901,SI,699
03472808,FA 2024,GINF,WN 2026, ,02003,Information Mas,4865MSI,"Lib, Arch&Knwl Envs in Soc MSI",2570,WN 2026,GINF,048129,SI,505
03514514,FA 2025,GINF,WN 2027, ,02003,Information Mas,9445MSI,User Experience Design MSI,2560,FA 2025,GINF,017281,SI,588
03514514,FA 2025,GINF,WN 2027, ,02003,Information Mas,9445MSI,User Experience Design MSI,2560,FA 2025,GINF,039178,SI,539
03514514,FA 2025,GINF,WN 2027, ,02003,Information Mas,9445MSI,User Experience Design MSI,2560,FA 2025,GINF,047246,SI,506
03514514,FA 2025,GINF,WN 2027, ,02003,Information Mas,9445MSI,User Experience Design MSI,2560,FA 2025,GINF,051553,SI,500
03514514,FA 2025,GINF,WN 2027, ,02003,Information Mas,9445MSI,User Experience Design MSI,2570,WN 2026,GINF,020401,SI,622
03514514,FA 2025,GINF,WN 2027, ,02003,Information Mas,9445MSI,User Experience Design MSI,2570,WN 2026,GINF,021400,SI,520
03514514,FA 2025,GINF,WN 2027, ,02003,Information Mas,9445MSI,User Experience Design MSI,2570,WN 2026,GINF,044772,SI,582
03514514,FA 2025,GINF,WN 2027, ,02003,Information Mas,9445MSI,User Experience Design MSI,2570,WN 2026,GINF,047246,SI,506
03575347,FA 2024,GINF,WN 2026, ,02003,Information Mas,9445MSI,User Experience Design MSI,2510,FA 2024,GINF,017281,SI,588
03575347,FA 2024,GINF,WN 2026, ,02003,Information Mas,9445MSI,User Experience Design MSI,2510,FA 2024,GINF,039178,SI,539
03575347,FA 2024,GINF,WN 2026, ,02003,Information Mas,9445MSI,User Experience Design MSI,2510,FA 2024,GINF,044772,SI,582
03575347,FA 2024,GINF,WN 2026, ,02003,Information Mas,9445MSI,User Experience Design MSI,2510,FA 2024,GINF,047246,SI,506
03575347,FA 2024,GINF,WN 2026, ,02003,Information Mas,9445MSI,User Experience Design MSI,2510,FA 2024,GINF,051553,SI,500
03575347,FA 2024,GINF,WN 2026, ,02003,Information Mas,9445MSI,User Experience Design MSI,2520,WN 2025,GINF,020401,SI,622
03575347,FA 2024,GINF,WN 2026, ,02003,Information Mas,9445MSI,User Experience Design MSI,2520,WN 2025,GINF,021391,SI,511
03575347,FA 2024,GINF,WN 2026, ,02003,Information Mas,9445MSI,User Experience Design MSI,2520,WN 2025,GINF,040667,SI,681
03575347,FA 2024,GINF,WN 2026, ,02003,Information Mas,9445MSI,User Experience Design MSI,2520,WN 2025,GINF,045393,SI,552
03575347,FA 2024,GINF,WN 2026, ,02003,Information Mas,9445MSI,User Experience Design MSI,2520,WN 2025,GINF,046306,SI,616
03575347,FA 2024,GINF,WN 2026, ,02003,Information Mas,9445MSI,User Experience Design MSI,2520,WN 2025,GINF,051836,SI,611
03575347,FA 2024,GINF,WN 2026, ,02003,Information Mas,9445MSI,User Experience Design MSI,2560,FA 2025,GINF,003736,MKT,625
03575347,FA 2024,GINF,WN 2026, ,02003,Information Mas,9445MSI,User Experience Design MSI,2560,FA 2025,GINF,047304,ENTR,550
03575347,FA 2024,GINF,WN 2026, ,02003,Information Mas,9445MSI,User Experience Design MSI,2560,FA 2025,GINF,048421,ENTR,560
03575347,FA 2024,GINF,WN 2026, ,02003,Information Mas,9445MSI,User Experience Design MSI,2560,FA 2025,GINF,048488,SI,559
03575347,FA 2024,GINF,WN 2026, ,02003,Information Mas,9445MSI,User Experience Design MSI,2570,WN 2026,GINF,047901,SI,699
03735149,FA 2025,GINF,WN 2027, ,02003,Information Mas,4865MSI,"Lib, Arch&Knwl Envs in Soc MSI",2560,FA 2025,GINF,009731,SI,580
03735149,FA 2025,GINF,WN 2027, ,02003,Information Mas,4865MSI,"Lib, Arch&Knwl Envs in Soc MSI",2560,FA 2025,GINF,021045,SI,666
03735149,FA 2025,GINF,WN 2027, ,02003,Information Mas,4865MSI,"Lib, Arch&Knwl Envs in Soc MSI",2560,FA 2025,GINF,021391,SI,511
03735149,FA 2025,GINF,WN 2027, ,02003,Information Mas,4865MSI,"Lib, Arch&Knwl Envs in Soc MSI",2560,FA 2025,GINF,051553,SI,500
03735149,FA 2025,GINF,WN 2027, ,02003,Information Mas,4865MSI,"Lib, Arch&Knwl Envs in Soc MSI",2570,WN 2026,GINF,022326,SI,581
03735149,FA 2025,GINF,WN 2027, ,02003,Information Mas,4865MSI,"Lib, Arch&Knwl Envs in Soc MSI",2570,WN 2026,GINF,047246,SI,506
03735149,FA 2025,GINF,WN 2027, ,02003,Information Mas,4865MSI,"Lib, Arch&Knwl Envs in Soc MSI",2570,WN 2026,GINF,048129,SI,505
03735149,FA 2025,GINF,WN 2027, ,02003,Information Mas,4865MSI,"Lib, Arch&Knwl Envs in Soc MSI",2570,WN 2026,GINF,048280,SI,667
03735149,FA 2025,GINF,WN 2027, ,02003,Information Mas,4865MSI,"Lib, Arch&Knwl Envs in Soc MSI",2570,WN 2026,GINF,050162,SI,510
03976003,FA 2024,GINF,WN 2025,WN 2025,02003,Information Mas,0775MSI,Big Data Analytics MSI,2510,FA 2024,GINF,001459,SI,690
03976003,FA 2024,GINF,WN 2025,WN 2025,02003,Information Mas,0775MSI,Big Data Analytics MSI,2510,FA 2024,GINF,020934,SI,649
03976003,FA 2024,GINF,WN 2025,WN 2025,02003,Information Mas,0775MSI,Big Data Analytics MSI,2510,FA 2024,GINF,045930,SI,671
03976003,FA 2024,GINF,WN 2025,WN 2025,02003,Information Mas,0775MSI,Big Data Analytics MSI,2510,FA 2024,GINF,048500,SI,670
03976003,FA 2024,GINF,WN 2025,WN 2025,02003,Information Mas,0775MSI,Big Data Analytics MSI,2510,FA 2024,GINF,051553,SI,500
03976003,FA 2024,GINF,WN 2025,WN 2025,02003,Information Mas,0775MSI,Big Data Analytics MSI,2520,WN 2025,GINF,047228,ENTR,500
03976003,FA 2024,GINF,WN 2025,WN 2025,02003,Information Mas,0775MSI,Big Data Analytics MSI,2520,WN 2025,GINF,047641,SI,540
03976003,FA 2024,GINF,WN 2025,WN 2025,02003,Information Mas,0775MSI,Big Data Analytics MSI,2520,WN 2025,GINF,047901,SI,699
03976003,FA 2024,GINF,WN 2025,WN 2025,02003,Information Mas,0775MSI,Big Data Analytics MSI,2520,WN 2025,GINF,050663,SI,568
03976003,FA 2024,GINF,WN 2025,WN 2025,02003,Information Mas,0775MSI,Big Data Analytics MSI,2520,WN 2025,GINF,050983,SI,602
04070256,FA 2025,GINF,WN 2027, ,02003,Information Mas,9455MSI,User-Centered Agile Dev MSI,2560,FA 2025,GINF,017281,SI,588
04070256,FA 2025,GINF,WN 2027, ,02003,Information Mas,9455MSI,User-Centered Agile Dev MSI,2560,FA 2025,GINF,039178,SI,539
04070256,FA 2025,GINF,WN 2027, ,02003,Information Mas,9455MSI,User-Centered Agile Dev MSI,2560,FA 2025,GINF,047246,SI,506
04070256,FA 2025,GINF,WN 2027, ,02003,Information Mas,9455MSI,User-Centered Agile Dev MSI,2560,FA 2025,GINF,051553,SI,500
04070256,FA 2025,GINF,WN 2027, ,02003,Information Mas,9455MSI,User-Centered Agile Dev MSI,2570,WN 2026,GINF,020401,SI,622
04070256,FA 2025,GINF,WN 2027, ,02003,Information Mas,9455MSI,User-Centered Agile Dev MSI,2570,WN 2026,GINF,041626,SI,664
04070256,FA 2025,GINF,WN 2027, ,02003,Information Mas,9455MSI,User-Centered Agile Dev MSI,2570,WN 2026,GINF,044772,SI,582
04070256,FA 2025,GINF,WN 2027, ,02003,Information Mas,9455MSI,User-Centered Agile Dev MSI,2570,WN 2026,GINF,048129,SI,505
04070256,FA 2025,GINF,WN 2027, ,02003,Information Mas,9455MSI,User-Centered Agile Dev MSI,2570,WN 2026,GINF,050159,SI,579
04070256,FA 2025,GINF,WN 2027, ,02003,Information Mas,9455MSI,User-Centered Agile Dev MSI,2570,WN 2026,GINF,050164,SI,504
04192850,FA 2024,GINF,WN 2026, ,02003,Information Mas,9445MSI,User Experience Design MSI,2510,FA 2024,GINF,017281,SI,588
04192850,FA 2024,GINF,WN 2026, ,02003,Information Mas,9445MSI,User Experience Design MSI,2510,FA 2024,GINF,039178,SI,539
04192850,FA 2024,GINF,WN 2026, ,02003,Information Mas,9445MSI,User Experience Design MSI,2510,FA 2024,GINF,044772,SI,582
04192850,FA 2024,GINF,WN 2026, ,02003,Information Mas,9445MSI,User Experience Design MSI,2510,FA 2024,GINF,051553,SI,500
04192850,FA 2024,GINF,WN 2026, ,02003,Information Mas,9445MSI,User Experience Design MSI,2520,WN 2025,GINF,020401,SI,622
04192850,FA 2024,GINF,WN 2026, ,02003,Information Mas,9445MSI,User Experience Design MSI,2520,WN 2025,GINF,021400,SI,520
04192850,FA 2024,GINF,WN 2026, ,02003,Information Mas,9445MSI,User Experience Design MSI,2520,WN 2025,GINF,022099,SI,658
04192850,FA 2024,GINF,WN 2026, ,02003,Information Mas,9445MSI,User Experience Design MSI,2520,WN 2025,GINF,040667,SI,681
04192850,FA 2024,GINF,WN 2026, ,02003,Information Mas,9445MSI,User Experience Design MSI,2520,WN 2025,GINF,048488,SI,559
04192850,FA 2024,GINF,WN 2026, ,02003,Information Mas,9445MSI,User Experience Design MSI,2560,FA 2025,GINF,001459,SI,690
04192850,FA 2024,GINF,WN 2026, ,02003,Information Mas,9445MSI,User Experience Design MSI,2560,FA 2025,GINF,043210,SI,534
04192850,FA 2024,GINF,WN 2026, ,02003,Information Mas,9445MSI,User Experience Design MSI,2560,FA 2025,GINF,048129,SI,505
04192850,FA 2024,GINF,WN 2026, ,02003,Information Mas,9445MSI,User Experience Design MSI,2560,FA 2025,GINF,050159,SI,579
04192850,FA 2024,GINF,WN 2026, ,02003,Information Mas,9445MSI,User Experience Design MSI,2560,FA 2025,GINF,050164,SI,504
04192850,FA 2024,GINF,WN 2026, ,02003,Information Mas,9445MSI,User Experience Design MSI,2570,WN 2026,GINF,001459,SI,690
04192850,FA 2024,GINF,WN 2026, ,02003,Information Mas,9445MSI,User Experience Design MSI,2570,WN 2026,GINF,043366,SI,617
04192850,FA 2024,GINF,WN 2026, ,02003,Information Mas,9445MSI,User Experience Design MSI,2570,WN 2026,GINF,047901,SI,699
04473332,FA 2025,GINF,WN 2027, ,02003,Information Mas,9445MSI,User Experience Design MSI,2560,FA 2025,GINF,017281,SI,588
04473332,FA 2025,GINF,WN 2027, ,02003,Information Mas,9445MSI,User Experience Design MSI,2560,FA 2025,GINF,039178,SI,539
04473332,FA 2025,GINF,WN 2027, ,02003,Information Mas,9445MSI,User Experience Design MSI,2560,FA 2025,GINF,047246,SI,506
04473332,FA 2025,GINF,WN 2027, ,02003,Information Mas,9445MSI,User Experience Design MSI,2560,FA 2025,GINF,048129,SI,505
04473332,FA 2025,GINF,WN 2027, ,02003,Information Mas,9445MSI,User Experience Design MSI,2560,FA 2025,GINF,051553,SI,500
04473332,FA 2025,GINF,WN 2027, ,02003,Information Mas,9445MSI,User Experience Design MSI,2570,WN 2026,GINF,020401,SI,622
04473332,FA 2025,GINF,WN 2027, ,02003,Information Mas,9445MSI,User Experience Design MSI,2570,WN 2026,GINF,021391,SI,511
04473332,FA 2025,GINF,WN 2027, ,02003,Information Mas,9445MSI,User Experience Design MSI,2570,WN 2026,GINF,021400,SI,520
04473332,FA 2025,GINF,WN 2027, ,02003,Information Mas,9445MSI,User Experience Design MSI,2570,WN 2026,GINF,044772,SI,582
04473332,FA 2025,GINF,WN 2027, ,02003,Information Mas,9445MSI,User Experience Design MSI,2570,WN 2026,GINF,050164,SI,504
04473332,FA 2025,GINF,WN 2027, ,02003,Information Mas,9445MSI,User Experience Design MSI,2570,WN 2026,GINF,052216,SI,512
04491340,FA 2025,GINF,WN 2027, ,02003,Information Mas,9445MSI,User Experience Design MSI,2560,FA 2025,GINF,044772,SI,582
04491340,FA 2025,GINF,WN 2027, ,02003,Information Mas,9445MSI,User Experience Design MSI,2560,FA 2025,GINF,047246,SI,506
04491340,FA 2025,GINF,WN 2027, ,02003,Information Mas,9445MSI,User Experience Design MSI,2560,FA 2025,GINF,051553,SI,500
04491340,FA 2025,GINF,WN 2027, ,02003,Information Mas,9445MSI,User Experience Design MSI,2570,WN 2026,GINF,020401,SI,622
04491340,FA 2025,GINF,WN 2027, ,02003,Information Mas,9445MSI,User Experience Design MSI,2570,WN 2026,GINF,021400,SI,520
04491340,FA 2025,GINF,WN 2027, ,02003,Information Mas,9445MSI,User Experience Design MSI,2570,WN 2026,GINF,043863,SI,612
04491340,FA 2025,GINF,WN 2027, ,02003,Information Mas,9445MSI,User Experience Design MSI,2570,WN 2026,GINF,045393,SI,552
04491340,FA 2025,GINF,WN 2027, ,02003,Information Mas,9445MSI,User Experience Design MSI,2570,WN 2026,GINF,048129,SI,505
04492158,FA 2024,GINF,WN 2025,WN 2025,02003,Information Mas,9445MSI,User Experience Design MSI,2510,FA 2024,GINF,001459,SI,690
04492158,FA 2024,GINF,WN 2025,WN 2025,02003,Information Mas,9445MSI,User Experience Design MSI,2510,FA 2024,GINF,021400,SI,520
04492158,FA 2024,GINF,WN 2025,WN 2025,02003,Information Mas,9445MSI,User Experience Design MSI,2510,FA 2024,GINF,039081,SI,529
04492158,FA 2024,GINF,WN 2025,WN 2025,02003,Information Mas,9445MSI,User Experience Design MSI,2510,FA 2024,GINF,043210,SI,534
04492158,FA 2024,GINF,WN 2025,WN 2025,02003,Information Mas,9445MSI,User Experience Design MSI,2510,FA 2024,GINF,051553,SI,500
04492158,FA 2024,GINF,WN 2025,WN 2025,02003,Information Mas,9445MSI,User Experience Design MSI,2520,WN 2025,GINF,021391,SI,511
04492158,FA 2024,GINF,WN 2025,WN 2025,02003,Information Mas,9445MSI,User Experience Design MSI,2520,WN 2025,GINF,045393,SI,552
04492158,FA 2024,GINF,WN 2025,WN 2025,02003,Information Mas,9445MSI,User Experience Design MSI,2520,WN 2025,GINF,045732,SI,554
04492158,FA 2024,GINF,WN 2025,WN 2025,02003,Information Mas,9445MSI,User Experience Design MSI,2520,WN 2025,GINF,047901,SI,699
04885204,FA 2024,GINF,WN 2025,WN 2025,02003,Information Mas,0775MSI,Big Data Analytics MSI,2510,FA 2024,GINF,001459,SI,690
04885204,FA 2024,GINF,WN 2025,WN 2025,02003,Information Mas,0775MSI,Big Data Analytics MSI,2510,FA 2024,GINF,038659,SI,519
04885204,FA 2024,GINF,WN 2025,WN 2025,02003,Information Mas,0775MSI,Big Data Analytics MSI,2510,FA 2024,GINF,045930,SI,671
04885204,FA 2024,GINF,WN 2025,WN 2025,02003,Information Mas,0775MSI,Big Data Analytics MSI,2510,FA 2024,GINF,048500,SI,670
04885204,FA 2024,GINF,WN 2025,WN 2025,02003,Information Mas,0775MSI,Big Data Analytics MSI,2510,FA 2024,GINF,051553,SI,500
04885204,FA 2024,GINF,WN 2025,WN 2025,02003,Information Mas,0775MSI,Big Data Analytics MSI,2520,WN 2025,GINF,012974,ENS,346
04885204,FA 2024,GINF,WN 2025,WN 2025,02003,Information Mas,0775MSI,Big Data Analytics MSI,2520,WN 2025,GINF,020934,SI,649
04885204,FA 2024,GINF,WN 2025,WN 2025,02003,Information Mas,0775MSI,Big Data Analytics MSI,2520,WN 2025,GINF,021391,SI,511
04885204,FA 2024,GINF,WN 2025,WN 2025,02003,Information Mas,0775MSI,Big Data Analytics MSI,2520,WN 2025,GINF,047901,SI,699
04885204,FA 2024,GINF,WN 2025,WN 2025,02003,Information Mas,0775MSI,Big Data Analytics MSI,2520,WN 2025,GINF,050663,SI,568
04885204,FA 2024,GINF,WN 2025,WN 2025,02003,Information Mas,0775MSI,Big Data Analytics MSI,2520,WN 2025,GINF,050983,SI,602
05130600,FA 2024,GINF,WN 2027, ,02003,Information Mas,9445MSI,User Experience Design MSI,2510,FA 2024,GINF,044772,SI,582
05130600,FA 2024,GINF,WN 2027, ,02003,Information Mas,9445MSI,User Experience Design MSI,2510,FA 2024,GINF,047246,SI,506
05130600,FA 2024,GINF,WN 2027, ,02003,Information Mas,9445MSI,User Experience Design MSI,2520,WN 2025,GINF,020401,SI,622
05130600,FA 2024,GINF,WN 2027, ,02003,Information Mas,9445MSI,User Experience Design MSI,2520,WN 2025,GINF,051553,SI,500
05138770,FA 2025,GINF,WN 2027, ,02003,Information Mas,9445MSI,User Experience Design MSI,2560,FA 2025,GINF,017281,SI,588
05138770,FA 2025,GINF,WN 2027, ,02003,Information Mas,9445MSI,User Experience Design MSI,2560,FA 2025,GINF,039178,SI,539
05138770,FA 2025,GINF,WN 2027, ,02003,Information Mas,9445MSI,User Experience Design MSI,2560,FA 2025,GINF,047246,SI,506
05138770,FA 2025,GINF,WN 2027, ,02003,Information Mas,9445MSI,User Experience Design MSI,2560,FA 2025,GINF,051553,SI,500
05138770,FA 2025,GINF,WN 2027, ,02003,Information Mas,9445MSI,User Experience Design MSI,2570,WN 2026,GINF,020401,SI,622
05138770,FA 2025,GINF,WN 2027, ,02003,Information Mas,9445MSI,User Experience Design MSI,2570,WN 2026,GINF,021400,SI,520
05138770,FA 2025,GINF,WN 2027, ,02003,Information Mas,9445MSI,User Experience Design MSI,2570,WN 2026,GINF,044772,SI,582
05138770,FA 2025,GINF,WN 2027, ,02003,Information Mas,9445MSI,User Experience Design MSI,2570,WN 2026,GINF,045393,SI,552
05138770,FA 2025,GINF,WN 2027, ,02003,Information Mas,9445MSI,User Experience Design MSI,2570,WN 2026,GINF,049038,SI,688
05431165,FA 2025,GINF,WN 2027, ,02003,Information Mas,4865MSI,"Lib, Arch&Knwl Envs in Soc MSI",2560,FA 2025,GINF,009731,SI,580
05431165,FA 2025,GINF,WN 2027, ,02003,Information Mas,4865MSI,"Lib, Arch&Knwl Envs in Soc MSI",2560,FA 2025,GINF,021045,SI,666
05431165,FA 2025,GINF,WN 2027, ,02003,Information Mas,4865MSI,"Lib, Arch&Knwl Envs in Soc MSI",2560,FA 2025,GINF,021391,SI,511
05431165,FA 2025,GINF,WN 2027, ,02003,Information Mas,4865MSI,"Lib, Arch&Knwl Envs in Soc MSI",2560,FA 2025,GINF,051553,SI,500
05431165,FA 2025,GINF,WN 2027, ,02003,Information Mas,4865MSI,"Lib, Arch&Knwl Envs in Soc MSI",2570,WN 2026,GINF,022326,SI,581
05431165,FA 2025,GINF,WN 2027, ,02003,Information Mas,4865MSI,"Lib, Arch&Knwl Envs in Soc MSI",2570,WN 2026,GINF,047246,SI,506
05431165,FA 2025,GINF,WN 2027, ,02003,Information Mas,4865MSI,"Lib, Arch&Knwl Envs in Soc MSI",2570,WN 2026,GINF,048280,SI,667
05431165,FA 2025,GINF,WN 2027, ,02003,Information Mas,4865MSI,"Lib, Arch&Knwl Envs in Soc MSI",2570,WN 2026,GINF,049038,SI,688
05431165,FA 2025,GINF,WN 2027, ,02003,Information Mas,4865MSI,"Lib, Arch&Knwl Envs in Soc MSI",2570,WN 2026,GINF,050162,SI,510
05479492,FA 2024,GINF,WN 2026, ,02003,Information Mas,9445MSI,User Experience Design MSI,2510,FA 2024,GINF,017281,SI,588
05479492,FA 2024,GINF,WN 2026, ,02003,Information Mas,9445MSI,User Experience Design MSI,2510,FA 2024,GINF,047246,SI,506
05479492,FA 2024,GINF,WN 2026, ,02003,Information Mas,9445MSI,User Experience Design MSI,2510,FA 2024,GINF,048831,SI,547
05479492,FA 2024,GINF,WN 2026, ,02003,Information Mas,9445MSI,User Experience Design MSI,2510,FA 2024,GINF,051553,SI,500
05479492,FA 2024,GINF,WN 2026, ,02003,Information Mas,9445MSI,User Experience Design MSI,2520,WN 2025,GINF,020401,SI,622
05479492,FA 2024,GINF,WN 2026, ,02003,Information Mas,9445MSI,User Experience Design MSI,2520,WN 2025,GINF,039178,SI,539
05479492,FA 2024,GINF,WN 2026, ,02003,Information Mas,9445MSI,User Experience Design MSI,2520,WN 2025,GINF,040667,SI,681
05479492,FA 2024,GINF,WN 2026, ,02003,Information Mas,9445MSI,User Experience Design MSI,2520,WN 2025,GINF,047641,SI,540
05479492,FA 2024,GINF,WN 2026, ,02003,Information Mas,9445MSI,User Experience Design MSI,2520,WN 2025,GINF,048421,ENTR,560
05479492,FA 2024,GINF,WN 2026, ,02003,Information Mas,9445MSI,User Experience Design MSI,2520,WN 2025,GINF,051111,EAS,506
05479492,FA 2024,GINF,WN 2026, ,02003,Information Mas,9445MSI,User Experience Design MSI,2560,FA 2025,GINF,021400,SI,520
05479492,FA 2024,GINF,WN 2026, ,02003,Information Mas,9445MSI,User Experience Design MSI,2560,FA 2025,GINF,041336,STRATEGY,675
05479492,FA 2024,GINF,WN 2026, ,02003,Information Mas,9445MSI,User Experience Design MSI,2560,FA 2025,GINF,045687,SI,538
05479492,FA 2024,GINF,WN 2026, ,02003,Information Mas,9445MSI,User Experience Design MSI,2560,FA 2025,GINF,048488,SI,559
05479492,FA 2024,GINF,WN 2026, ,02003,Information Mas,9445MSI,User Experience Design MSI,2570,WN 2026,GINF,022099,SI,658
05479492,FA 2024,GINF,WN 2026, ,02003,Information Mas,9445MSI,User Experience Design MSI,2570,WN 2026,GINF,047901,SI,699
05479492,FA 2024,GINF,WN 2026, ,02003,Information Mas,9445MSI,User Experience Design MSI,2570,WN 2026,GINF,051836,SI,611
05597124,FA 2025,GINF,WN 2027, ,02003,Information Mas,9445MSI,User Experience Design MSI,2560,FA 2025,GINF,017281,SI,588
05597124,FA 2025,GINF,WN 2027, ,02003,Information Mas,9445MSI,User Experience Design MSI,2560,FA 2025,GINF,044772,SI,582
05597124,FA 2025,GINF,WN 2027, ,02003,Information Mas,9445MSI,User Experience Design MSI,2560,FA 2025,GINF,047246,SI,506
05597124,FA 2025,GINF,WN 2027, ,02003,Information Mas,9445MSI,User Experience Design MSI,2560,FA 2025,GINF,048129,SI,505
05597124,FA 2025,GINF,WN 2027, ,02003,Information Mas,9445MSI,User Experience Design MSI,2560,FA 2025,GINF,051553,SI,500
05597124,FA 2025,GINF,WN 2027, ,02003,Information Mas,9445MSI,User Experience Design MSI,2570,WN 2026,GINF,020401,SI,622
05597124,FA 2025,GINF,WN 2027, ,02003,Information Mas,9445MSI,User Experience Design MSI,2570,WN 2026,GINF,021391,SI,511
05597124,FA 2025,GINF,WN 2027, ,02003,Information Mas,9445MSI,User Experience Design MSI,2570,WN 2026,GINF,021400,SI,520
05597124,FA 2025,GINF,WN 2027, ,02003,Information Mas,9445MSI,User Experience Design MSI,2570,WN 2026,GINF,039178,SI,539
05597124,FA 2025,GINF,WN 2027, ,02003,Information Mas,9445MSI,User Experience Design MSI,2570,WN 2026,GINF,051454,SI,594
05685577,FA 2025,GINF,WN 2027, ,02003,Information Mas,0775MSI,Big Data Analytics MSI,2560,FA 2025,GINF,041626,SI,664
05685577,FA 2025,GINF,WN 2027, ,02003,Information Mas,0775MSI,Big Data Analytics MSI,2560,FA 2025,GINF,042091,SI,618
05685577,FA 2025,GINF,WN 2027, ,02003,Information Mas,0775MSI,Big Data Analytics MSI,2560,FA 2025,GINF,047640,SI,507
05685577,FA 2025,GINF,WN 2027, ,02003,Information Mas,0775MSI,Big Data Analytics MSI,2560,FA 2025,GINF,050164,SI,504
05685577,FA 2025,GINF,WN 2027, ,02003,Information Mas,0775MSI,Big Data Analytics MSI,2560,FA 2025,GINF,051553,SI,500
05685577,FA 2025,GINF,WN 2027, ,02003,Information Mas,0775MSI,Big Data Analytics MSI,2570,WN 2026,GINF,039178,SI,539
05685577,FA 2025,GINF,WN 2027, ,02003,Information Mas,0775MSI,Big Data Analytics MSI,2570,WN 2026,GINF,048268,SI,630
05685577,FA 2025,GINF,WN 2027, ,02003,Information Mas,0775MSI,Big Data Analytics MSI,2570,WN 2026,GINF,050159,SI,579
05685577,FA 2025,GINF,WN 2027, ,02003,Information Mas,0775MSI,Big Data Analytics MSI,2570,WN 2026,GINF,050663,SI,568
05685577,FA 2025,GINF,WN 2027, ,02003,Information Mas,0775MSI,Big Data Analytics MSI,2570,WN 2026,GINF,051462,SI,644
05685577,FA 2025,GINF,WN 2027, ,02003,Information Mas,0775MSI,Big Data Analytics MSI,2570,WN 2026,GINF,052216,SI,512
05867384,FA 2024,GINF,WN 2027, ,02003,Information Mas,9455MSI,User-Centered Agile Dev MSI,2510,FA 2024,GINF,017281,SI,588
05867384,FA 2024,GINF,WN 2027, ,02003,Information Mas,9455MSI,User-Centered Agile Dev MSI,2510,FA 2024,GINF,039178,SI,539
05867384,FA 2024,GINF,WN 2027, ,02003,Information Mas,9455MSI,User-Centered Agile Dev MSI,2510,FA 2024,GINF,047246,SI,506
05867384,FA 2024,GINF,WN 2027, ,02003,Information Mas,9455MSI,User-Centered Agile Dev MSI,2510,FA 2024,GINF,051553,SI,500
05965333,FA 2025,GINF,WN 2027, ,02003,Information Mas,9455MSI,User-Centered Agile Dev MSI,2560,FA 2025,GINF,017281,SI,588
05965333,FA 2025,GINF,WN 2027, ,02003,Information Mas,9455MSI,User-Centered Agile Dev MSI,2560,FA 2025,GINF,039178,SI,539
05965333,FA 2025,GINF,WN 2027, ,02003,Information Mas,9455MSI,User-Centered Agile Dev MSI,2560,FA 2025,GINF,047246,SI,506
05965333,FA 2025,GINF,WN 2027, ,02003,Information Mas,9455MSI,User-Centered Agile Dev MSI,2560,FA 2025,GINF,051553,SI,500
05965333,FA 2025,GINF,WN 2027, ,02003,Information Mas,9455MSI,User-Centered Agile Dev MSI,2570,WN 2026,GINF,041626,SI,664
05965333,FA 2025,GINF,WN 2027, ,02003,Information Mas,9455MSI,User-Centered Agile Dev MSI,2570,WN 2026,GINF,050159,SI,579
05965333,FA 2025,GINF,WN 2027, ,02003,Information Mas,9455MSI,User-Centered Agile Dev MSI,2570,WN 2026,GINF,050164,SI,504
05965333,FA 2025,GINF,WN 2027, ,02003,Information Mas,9455MSI,User-Centered Agile Dev MSI,2570,WN 2026,GINF,051455,SI,569
05965333,FA 2025,GINF,WN 2027, ,02003,Information Mas,9455MSI,User-Centered Agile Dev MSI,2570,WN 2026,GINF,052216,SI,512
06050850,FA 2024,GINF,WN 2026, ,02003,Information Mas,0775MSI,Big Data Analytics MSI,2510,FA 2024,GINF,016607,SI,544
06050850,FA 2024,GINF,WN 2026, ,02003,Information Mas,0775MSI,Big Data Analytics MSI,2510,FA 2024,GINF,047246,SI,506
06050850,FA 2024,GINF,WN 2026, ,02003,Information Mas,0775MSI,Big Data Analytics MSI,2510,FA 2024,GINF,050164,SI,504
06050850,FA 2024,GINF,WN 2026, ,02003,Information Mas,0775MSI,Big Data Analytics MSI,2510,FA 2024,GINF,051553,SI,500
06050850,FA 2024,GINF,WN 2026, ,02003,Information Mas,0775MSI,Big Data Analytics MSI,2520,WN 2025,GINF,040667,SI,681
06050850,FA 2024,GINF,WN 2026, ,02003,Information Mas,0775MSI,Big Data Analytics MSI,2520,WN 2025,GINF,042091,SI,618
06050850,FA 2024,GINF,WN 2026, ,02003,Information Mas,0775MSI,Big Data Analytics MSI,2520,WN 2025,GINF,047640,SI,507
06050850,FA 2024,GINF,WN 2026, ,02003,Information Mas,0775MSI,Big Data Analytics MSI,2520,WN 2025,GINF,050663,SI,568
06050850,FA 2024,GINF,WN 2026, ,02003,Information Mas,0775MSI,Big Data Analytics MSI,2520,WN 2025,GINF,050983,SI,602
06050850,FA 2024,GINF,WN 2026, ,02003,Information Mas,0775MSI,Big Data Analytics MSI,2560,FA 2025,GINF,001459,SI,690
06050850,FA 2024,GINF,WN 2026, ,02003,Information Mas,0775MSI,Big Data Analytics MSI,2560,FA 2025,GINF,041626,SI,664
06050850,FA 2024,GINF,WN 2026, ,02003,Information Mas,0775MSI,Big Data Analytics MSI,2560,FA 2025,GINF,041934,SI,608
06050850,FA 2024,GINF,WN 2026, ,02003,Information Mas,0775MSI,Big Data Analytics MSI,2560,FA 2025,GINF,045930,SI,671
06050850,FA 2024,GINF,WN 2026, ,02003,Information Mas,0775MSI,Big Data Analytics MSI,2570,WN 2026,GINF,020934,SI,649
06050850,FA 2024,GINF,WN 2026, ,02003,Information Mas,0775MSI,Big Data Analytics MSI,2570,WN 2026,GINF,021391,SI,511
06050850,FA 2024,GINF,WN 2026, ,02003,Information Mas,0775MSI,Big Data Analytics MSI,2570,WN 2026,GINF,047901,SI,699
06418267,FA 2024,GINF,WN 2026, ,02003,Information Mas,9445MSI,User Experience Design MSI,2510,FA 2024,GINF,017281,SI,588
06418267,FA 2024,GINF,WN 2026, ,02003,Information Mas,9445MSI,User Experience Design MSI,2510,FA 2024,GINF,044772,SI,582
06418267,FA 2024,GINF,WN 2026, ,02003,Information Mas,9445MSI,User Experience Design MSI,2510,FA 2024,GINF,047246,SI,506
06418267,FA 2024,GINF,WN 2026, ,02003,Information Mas,9445MSI,User Experience Design MSI,2510,FA 2024,GINF,048129,SI,505
06418267,FA 2024,GINF,WN 2026, ,02003,Information Mas,9445MSI,User Experience Design MSI,2510,FA 2024,GINF,051553,SI,500
06418267,FA 2024,GINF,WN 2026, ,02003,Information Mas,9445MSI,User Experience Design MSI,2520,WN 2025,GINF,020401,SI,622
06418267,FA 2024,GINF,WN 2026, ,02003,Information Mas,9445MSI,User Experience Design MSI,2520,WN 2025,GINF,039178,SI,539
06418267,FA 2024,GINF,WN 2026, ,02003,Information Mas,9445MSI,User Experience Design MSI,2520,WN 2025,GINF,043863,SI,612
06418267,FA 2024,GINF,WN 2026, ,02003,Information Mas,9445MSI,User Experience Design MSI,2520,WN 2025,GINF,045393,SI,552
06418267,FA 2024,GINF,WN 2026, ,02003,Information Mas,9445MSI,User Experience Design MSI,2560,FA 2025,GINF,021391,SI,511
06418267,FA 2024,GINF,WN 2026, ,02003,Information Mas,9445MSI,User Experience Design MSI,2560,FA 2025,GINF,021400,SI,520
06418267,FA 2024,GINF,WN 2026, ,02003,Information Mas,9445MSI,User Experience Design MSI,2560,FA 2025,GINF,041626,SI,664
06418267,FA 2024,GINF,WN 2026, ,02003,Information Mas,9445MSI,User Experience Design MSI,2560,FA 2025,GINF,050159,SI,579
06418267,FA 2024,GINF,WN 2026, ,02003,Information Mas,9445MSI,User Experience Design MSI,2560,FA 2025,GINF,050164,SI,504
06418267,FA 2024,GINF,WN 2026, ,02003,Information Mas,9445MSI,User Experience Design MSI,2570,WN 2026,GINF,021391,SI,511
06418267,FA 2024,GINF,WN 2026, ,02003,Information Mas,9445MSI,User Experience Design MSI,2570,WN 2026,GINF,047901,SI,699
06418267,FA 2024,GINF,WN 2026, ,02003,Information Mas,9445MSI,User Experience Design MSI,2570,WN 2026,GINF,051454,SI,594
06519309,FA 2025,GINF,WN 2027, ,02003,Information Mas,9455MSI,User-Centered Agile Dev MSI,2560,FA 2025,GINF,017281,SI,588
06519309,FA 2025,GINF,WN 2027, ,02003,Information Mas,9455MSI,User-Centered Agile Dev MSI,2560,FA 2025,GINF,039178,SI,539
06519309,FA 2025,GINF,WN 2027, ,02003,Information Mas,9455MSI,User-Centered Agile Dev MSI,2560,FA 2025,GINF,047246,SI,506
06519309,FA 2025,GINF,WN 2027, ,02003,Information Mas,9455MSI,User-Centered Agile Dev MSI,2560,FA 2025,GINF,051553,SI,500
06519309,FA 2025,GINF,WN 2027, ,02003,Information Mas,9455MSI,User-Centered Agile Dev MSI,2570,WN 2026,GINF,020401,SI,622
06519309,FA 2025,GINF,WN 2027, ,02003,Information Mas,9455MSI,User-Centered Agile Dev MSI,2570,WN 2026,GINF,021391,SI,511
06519309,FA 2025,GINF,WN 2027, ,02003,Information Mas,9455MSI,User-Centered Agile Dev MSI,2570,WN 2026,GINF,021400,SI,520
06519309,FA 2025,GINF,WN 2027, ,02003,Information Mas,9455MSI,User-Centered Agile Dev MSI,2570,WN 2026,GINF,043515,DANCE,100
06519309,FA 2025,GINF,WN 2027, ,02003,Information Mas,9455MSI,User-Centered Agile Dev MSI,2570,WN 2026,GINF,044772,SI,582
06791062,FA 2025,GINF,WN 2027, ,02003,Information Mas,4865MSI,"Lib, Arch&Knwl Envs in Soc MSI",2560,FA 2025,GINF,009731,SI,580
06791062,FA 2025,GINF,WN 2027, ,02003,Information Mas,4865MSI,"Lib, Arch&Knwl Envs in Soc MSI",2560,FA 2025,GINF,021045,SI,666
06791062,FA 2025,GINF,WN 2027, ,02003,Information Mas,4865MSI,"Lib, Arch&Knwl Envs in Soc MSI",2560,FA 2025,GINF,047246,SI,506
06791062,FA 2025,GINF,WN 2027, ,02003,Information Mas,4865MSI,"Lib, Arch&Knwl Envs in Soc MSI",2560,FA 2025,GINF,051553,SI,500
06791062,FA 2025,GINF,WN 2027, ,02003,Information Mas,4865MSI,"Lib, Arch&Knwl Envs in Soc MSI",2570,WN 2026,GINF,022326,SI,581
06791062,FA 2025,GINF,WN 2027, ,02003,Information Mas,4865MSI,"Lib, Arch&Knwl Envs in Soc MSI",2570,WN 2026,GINF,048280,SI,667
06791062,FA 2025,GINF,WN 2027, ,02003,Information Mas,4865MSI,"Lib, Arch&Knwl Envs in Soc MSI",2570,WN 2026,GINF,049601,SI,564
06791062,FA 2025,GINF,WN 2027, ,02003,Information Mas,4865MSI,"Lib, Arch&Knwl Envs in Soc MSI",2570,WN 2026,GINF,050162,SI,510
06791062,FA 2025,GINF,WN 2027, ,02003,Information Mas,4865MSI,"Lib, Arch&Knwl Envs in Soc MSI",2570,WN 2026,GINF,050164,SI,504
06798992,FA 2024,GINF,WN 2026, ,02003,Information Mas,4865MSI,"Lib, Arch&Knwl Envs in Soc MSI",2510,FA 2024,GINF,009731,SI,580
06798992,FA 2024,GINF,WN 2026, ,02003,Information Mas,4865MSI,"Lib, Arch&Knwl Envs in Soc MSI",2510,FA 2024,GINF,021045,SI,666
06798992,FA 2024,GINF,WN 2026, ,02003,Information Mas,4865MSI,"Lib, Arch&Knwl Envs in Soc MSI",2510,FA 2024,GINF,047246,SI,506
06798992,FA 2024,GINF,WN 2026, ,02003,Information Mas,4865MSI,"Lib, Arch&Knwl Envs in Soc MSI",2510,FA 2024,GINF,051553,SI,500
06798992,FA 2024,GINF,WN 2026, ,02003,Information Mas,4865MSI,"Lib, Arch&Knwl Envs in Soc MSI",2520,WN 2025,GINF,006652,ENS,348
06798992,FA 2024,GINF,WN 2026, ,02003,Information Mas,4865MSI,"Lib, Arch&Knwl Envs in Soc MSI",2520,WN 2025,GINF,022326,SI,581
06798992,FA 2024,GINF,WN 2026, ,02003,Information Mas,4865MSI,"Lib, Arch&Knwl Envs in Soc MSI",2520,WN 2025,GINF,039979,SI,623
06798992,FA 2024,GINF,WN 2026, ,02003,Information Mas,4865MSI,"Lib, Arch&Knwl Envs in Soc MSI",2520,WN 2025,GINF,048280,SI,667
06798992,FA 2024,GINF,WN 2026, ,02003,Information Mas,4865MSI,"Lib, Arch&Knwl Envs in Soc MSI",2520,WN 2025,GINF,050162,SI,510
06798992,FA 2024,GINF,WN 2026, ,02003,Information Mas,4865MSI,"Lib, Arch&Knwl Envs in Soc MSI",2560,FA 2025,GINF,021042,SI,647
06798992,FA 2024,GINF,WN 2026, ,02003,Information Mas,4865MSI,"Lib, Arch&Knwl Envs in Soc MSI",2560,FA 2025,GINF,038659,SI,519
06798992,FA 2024,GINF,WN 2026, ,02003,Information Mas,4865MSI,"Lib, Arch&Knwl Envs in Soc MSI",2560,FA 2025,GINF,038948,SI,632
06798992,FA 2024,GINF,WN 2026, ,02003,Information Mas,4865MSI,"Lib, Arch&Knwl Envs in Soc MSI",2560,FA 2025,GINF,050028,SI,583
06798992,FA 2024,GINF,WN 2026, ,02003,Information Mas,4865MSI,"Lib, Arch&Knwl Envs in Soc MSI",2570,WN 2026,GINF,020803,SI,643
06798992,FA 2024,GINF,WN 2026, ,02003,Information Mas,4865MSI,"Lib, Arch&Knwl Envs in Soc MSI",2570,WN 2026,GINF,041914,PUBPOL,564
06798992,FA 2024,GINF,WN 2026, ,02003,Information Mas,4865MSI,"Lib, Arch&Knwl Envs in Soc MSI",2570,WN 2026,GINF,047901,SI,699
06798992,FA 2024,GINF,WN 2026, ,02003,Information Mas,4865MSI,"Lib, Arch&Knwl Envs in Soc MSI",2570,WN 2026,GINF,051074,SI,626
06861022,FA 2024,GINF,WN 2025,WN 2025,02003,Information Mas,9445MSI,User Experience Design MSI,2510,FA 2024,GINF,001459,SI,690
06861022,FA 2024,GINF,WN 2025,WN 2025,02003,Information Mas,9445MSI,User Experience Design MSI,2510,FA 2024,GINF,043863,SI,612
06861022,FA 2024,GINF,WN 2025,WN 2025,02003,Information Mas,9445MSI,User Experience Design MSI,2510,FA 2024,GINF,045771,SI,684
06861022,FA 2024,GINF,WN 2025,WN 2025,02003,Information Mas,9445MSI,User Experience Design MSI,2510,FA 2024,GINF,051553,SI,500
06861022,FA 2024,GINF,WN 2025,WN 2025,02003,Information Mas,9445MSI,User Experience Design MSI,2520,WN 2025,GINF,022099,SI,658
06861022,FA 2024,GINF,WN 2025,WN 2025,02003,Information Mas,9445MSI,User Experience Design MSI,2520,WN 2025,GINF,045393,SI,552
06861022,FA 2024,GINF,WN 2025,WN 2025,02003,Information Mas,9445MSI,User Experience Design MSI,2520,WN 2025,GINF,047901,SI,699
07234793,FA 2025,GINF,WN 2027, ,02003,Information Mas,9445MSI,User Experience Design MSI,2560,FA 2025,GINF,016607,SI,544
07234793,FA 2025,GINF,WN 2027, ,02003,Information Mas,9445MSI,User Experience Design MSI,2560,FA 2025,GINF,017281,SI,588
07234793,FA 2025,GINF,WN 2027, ,02003,Information Mas,9445MSI,User Experience Design MSI,2560,FA 2025,GINF,047246,SI,506
07234793,FA 2025,GINF,WN 2027, ,02003,Information Mas,9445MSI,User Experience Design MSI,2560,FA 2025,GINF,048488,SI,559
07234793,FA 2025,GINF,WN 2027, ,02003,Information Mas,9445MSI,User Experience Design MSI,2560,FA 2025,GINF,051553,SI,500
07234793,FA 2025,GINF,WN 2027, ,02003,Information Mas,9445MSI,User Experience Design MSI,2570,WN 2026,GINF,020401,SI,622
07234793,FA 2025,GINF,WN 2027, ,02003,Information Mas,9445MSI,User Experience Design MSI,2570,WN 2026,GINF,039178,SI,539
07234793,FA 2025,GINF,WN 2027, ,02003,Information Mas,9445MSI,User Experience Design MSI,2570,WN 2026,GINF,041626,SI,664
07234793,FA 2025,GINF,WN 2027, ,02003,Information Mas,9445MSI,User Experience Design MSI,2570,WN 2026,GINF,050164,SI,504
07234793,FA 2025,GINF,WN 2027, ,02003,Information Mas,9445MSI,User Experience Design MSI,2570,WN 2026,GINF,052256,ENTR,475
07422305,FA 2025,GINF,WN 2027, ,02003,Information Mas,9445MSI,User Experience Design MSI,2560,FA 2025,GINF,017281,SI,588
07422305,FA 2025,GINF,WN 2027, ,02003,Information Mas,9445MSI,User Experience Design MSI,2560,FA 2025,GINF,021400,SI,520
07422305,FA 2025,GINF,WN 2027, ,02003,Information Mas,9445MSI,User Experience Design MSI,2560,FA 2025,GINF,044772,SI,582
07422305,FA 2025,GINF,WN 2027, ,02003,Information Mas,9445MSI,User Experience Design MSI,2560,FA 2025,GINF,047246,SI,506
07422305,FA 2025,GINF,WN 2027, ,02003,Information Mas,9445MSI,User Experience Design MSI,2560,FA 2025,GINF,051553,SI,500
07422305,FA 2025,GINF,WN 2027, ,02003,Information Mas,9445MSI,User Experience Design MSI,2570,WN 2026,GINF,020401,SI,622
07422305,FA 2025,GINF,WN 2027, ,02003,Information Mas,9445MSI,User Experience Design MSI,2570,WN 2026,GINF,039178,SI,539
07422305,FA 2025,GINF,WN 2027, ,02003,Information Mas,9445MSI,User Experience Design MSI,2570,WN 2026,GINF,039979,SI,623
07422305,FA 2025,GINF,WN 2027, ,02003,Information Mas,9445MSI,User Experience Design MSI,2570,WN 2026,GINF,043863,SI,612
07422305,FA 2025,GINF,WN 2027, ,02003,Information Mas,9445MSI,User Experience Design MSI,2570,WN 2026,GINF,050136,UARTS,560
07422305,FA 2025,GINF,WN 2027, ,02003,Information Mas,9445MSI,User Experience Design MSI,2570,WN 2026,GINF,052324,ENGR,555
07495797,FA 2025,GINF,WN 2027, ,02003,Information Mas,9445MSI,User Experience Design MSI,2560,FA 2025,GINF,017281,SI,588
07495797,FA 2025,GINF,WN 2027, ,02003,Information Mas,9445MSI,User Experience Design MSI,2560,FA 2025,GINF,021400,SI,520
07495797,FA 2025,GINF,WN 2027, ,02003,Information Mas,9445MSI,User Experience Design MSI,2560,FA 2025,GINF,047246,SI,506
07495797,FA 2025,GINF,WN 2027, ,02003,Information Mas,9445MSI,User Experience Design MSI,2560,FA 2025,GINF,051553,SI,500
07495797,FA 2025,GINF,WN 2027, ,02003,Information Mas,9445MSI,User Experience Design MSI,2570,WN 2026,GINF,020401,SI,622
07495797,FA 2025,GINF,WN 2027, ,02003,Information Mas,9445MSI,User Experience Design MSI,2570,WN 2026,GINF,021391,SI,511
07495797,FA 2025,GINF,WN 2027, ,02003,Information Mas,9445MSI,User Experience Design MSI,2570,WN 2026,GINF,039178,SI,539
07495797,FA 2025,GINF,WN 2027, ,02003,Information Mas,9445MSI,User Experience Design MSI,2570,WN 2026,GINF,044772,SI,582
07495797,FA 2025,GINF,WN 2027, ,02003,Information Mas,9445MSI,User Experience Design MSI,2570,WN 2026,GINF,045393,SI,552
08138060,FA 2024,GINF,WN 2027, ,02003,Information Mas,9445MSI,User Experience Design MSI,2510,FA 2024,GINF,044772,SI,582
08138060,FA 2024,GINF,WN 2027, ,02003,Information Mas,9445MSI,User Experience Design MSI,2510,FA 2024,GINF,048129,SI,505
08138060,FA 2024,GINF,WN 2027, ,02003,Information Mas,9445MSI,User Experience Design MSI,2520,WN 2025,GINF,021391,SI,511
08138060,FA 2024,GINF,WN 2027, ,02003,Information Mas,9445MSI,User Experience Design MSI,2520,WN 2025,GINF,041957,ENGR,599
08138060,FA 2024,GINF,WN 2027, ,02003,Information Mas,9445MSI,User Experience Design MSI,2520,WN 2025,GINF,045393,SI,552
08138060,FA 2024,GINF,WN 2027, ,02003,Information Mas,9445MSI,User Experience Design MSI,2520,WN 2025,GINF,050136,UARTS,560
08138060,FA 2024,GINF,WN 2027, ,02003,Information Mas,9445MSI,User Experience Design MSI,2560,FA 2025,GINF,017281,SI,588
08138060,FA 2024,GINF,WN 2027, ,02003,Information Mas,9445MSI,User Experience Design MSI,2560,FA 2025,GINF,051553,SI,500
08138060,FA 2024,GINF,WN 2027, ,02003,Information Mas,9445MSI,User Experience Design MSI,2570,WN 2026,GINF,020401,SI,622
08138060,FA 2024,GINF,WN 2027, ,02003,Information Mas,9445MSI,User Experience Design MSI,2570,WN 2026,GINF,039979,SI,623
08151506,FA 2025,GINF,WN 2027, ,02003,Information Mas,4865MSI,"Lib, Arch&Knwl Envs in Soc MSI",2560,FA 2025,GINF,009731,SI,580
08151506,FA 2025,GINF,WN 2027, ,02003,Information Mas,4865MSI,"Lib, Arch&Knwl Envs in Soc MSI",2560,FA 2025,GINF,021045,SI,666
08151506,FA 2025,GINF,WN 2027, ,02003,Information Mas,4865MSI,"Lib, Arch&Knwl Envs in Soc MSI",2560,FA 2025,GINF,051553,SI,500
08151506,FA 2025,GINF,WN 2027, ,02003,Information Mas,4865MSI,"Lib, Arch&Knwl Envs in Soc MSI",2570,WN 2026,GINF,040667,SI,681
08151506,FA 2025,GINF,WN 2027, ,02003,Information Mas,4865MSI,"Lib, Arch&Knwl Envs in Soc MSI",2570,WN 2026,GINF,047246,SI,506
08151506,FA 2025,GINF,WN 2027, ,02003,Information Mas,4865MSI,"Lib, Arch&Knwl Envs in Soc MSI",2570,WN 2026,GINF,048280,SI,667
08151506,FA 2025,GINF,WN 2027, ,02003,Information Mas,4865MSI,"Lib, Arch&Knwl Envs in Soc MSI",2570,WN 2026,GINF,050162,SI,510
08219740,FA 2025,GINF,WN 2027, ,02003,Information Mas,9445MSI,User Experience Design MSI,2560,FA 2025,GINF,021391,SI,511
08219740,FA 2025,GINF,WN 2027, ,02003,Information Mas,9445MSI,User Experience Design MSI,2560,FA 2025,GINF,021400,SI,520
08219740,FA 2025,GINF,WN 2027, ,02003,Information Mas,9445MSI,User Experience Design MSI,2560,FA 2025,GINF,043515,DANCE,100
08219740,FA 2025,GINF,WN 2027, ,02003,Information Mas,9445MSI,User Experience Design MSI,2560,FA 2025,GINF,051553,SI,500
08219740,FA 2025,GINF,WN 2027, ,02003,Information Mas,9445MSI,User Experience Design MSI,2560,FA 2025,GINF,052216,SI,512
08219740,FA 2025,GINF,WN 2027, ,02003,Information Mas,9445MSI,User Experience Design MSI,2570,WN 2026,GINF,009876,SURVMETH,630
08219740,FA 2025,GINF,WN 2027, ,02003,Information Mas,9445MSI,User Experience Design MSI,2570,WN 2026,GINF,012772,SI,548
08219740,FA 2025,GINF,WN 2027, ,02003,Information Mas,9445MSI,User Experience Design MSI,2570,WN 2026,GINF,021391,SI,511
08219740,FA 2025,GINF,WN 2027, ,02003,Information Mas,9445MSI,User Experience Design MSI,2570,WN 2026,GINF,022099,SI,658
08219740,FA 2025,GINF,WN 2027, ,02003,Information Mas,9445MSI,User Experience Design MSI,2570,WN 2026,GINF,047246,SI,506
08237824,FA 2025,GINF,WN 2026, ,02003,Information Mas,9445MSI,User Experience Design MSI,2560,FA 2025,GINF,045393,SI,552
08237824,FA 2025,GINF,WN 2026, ,02003,Information Mas,9445MSI,User Experience Design MSI,2560,FA 2025,GINF,045687,SI,538
08237824,FA 2025,GINF,WN 2026, ,02003,Information Mas,9445MSI,User Experience Design MSI,2560,FA 2025,GINF,051836,SI,611
08237824,FA 2025,GINF,WN 2026, ,02003,Information Mas,9445MSI,User Experience Design MSI,2570,WN 2026,GINF,001459,SI,690
08237824,FA 2025,GINF,WN 2026, ,02003,Information Mas,9445MSI,User Experience Design MSI,2570,WN 2026,GINF,022099,SI,658
08237824,FA 2025,GINF,WN 2026, ,02003,Information Mas,9445MSI,User Experience Design MSI,2570,WN 2026,GINF,047901,SI,699
08237824,FA 2025,GINF,WN 2026, ,02003,Information Mas,9445MSI,User Experience Design MSI,2570,WN 2026,GINF,048421,ENTR,560
08237824,FA 2025,GINF,WN 2026, ,02003,Information Mas,9445MSI,User Experience Design MSI,2570,WN 2026,GINF,051836,SI,611
08830724,FA 2025,GINF,WN 2027, ,02003,Information Mas,0775MSI,Big Data Analytics MSI,2560,FA 2025,GINF,016607,SI,544
08830724,FA 2025,GINF,WN 2027, ,02003,Information Mas,0775MSI,Big Data Analytics MSI,2560,FA 2025,GINF,042071,SI,563
08830724,FA 2025,GINF,WN 2027, ,02003,Information Mas,0775MSI,Big Data Analytics MSI,2560,FA 2025,GINF,043210,SI,534
08830724,FA 2025,GINF,WN 2027, ,02003,Information Mas,0775MSI,Big Data Analytics MSI,2560,FA 2025,GINF,047246,SI,506
08830724,FA 2025,GINF,WN 2027, ,02003,Information Mas,0775MSI,Big Data Analytics MSI,2560,FA 2025,GINF,049601,SI,564
08830724,FA 2025,GINF,WN 2027, ,02003,Information Mas,0775MSI,Big Data Analytics MSI,2560,FA 2025,GINF,050164,SI,504
08830724,FA 2025,GINF,WN 2027, ,02003,Information Mas,0775MSI,Big Data Analytics MSI,2560,FA 2025,GINF,051553,SI,500
08830724,FA 2025,GINF,WN 2027, ,02003,Information Mas,0775MSI,Big Data Analytics MSI,2570,WN 2026,GINF,021391,SI,511
08830724,FA 2025,GINF,WN 2027, ,02003,Information Mas,0775MSI,Big Data Analytics MSI,2570,WN 2026,GINF,042091,SI,618
08830724,FA 2025,GINF,WN 2027, ,02003,Information Mas,0775MSI,Big Data Analytics MSI,2570,WN 2026,GINF,047640,SI,507
08830724,FA 2025,GINF,WN 2027, ,02003,Information Mas,0775MSI,Big Data Analytics MSI,2570,WN 2026,GINF,048129,SI,505
08830724,FA 2025,GINF,WN 2027, ,02003,Information Mas,0775MSI,Big Data Analytics MSI,2570,WN 2026,GINF,050663,SI,568
08830724,FA 2025,GINF,WN 2027, ,02003,Information Mas,0775MSI,Big Data Analytics MSI,2570,WN 2026,GINF,050983,SI,602
08830724,FA 2025,GINF,WN 2027, ,02003,Information Mas,0775MSI,Big Data Analytics MSI,2570,WN 2026,GINF,051462,SI,644
09193480,FA 2024,GINF,WN 2027, ,02003,Information Mas,9445MSI,User Experience Design MSI,2510,FA 2024,GINF,047246,SI,506
09193480,FA 2024,GINF,WN 2027, ,02003,Information Mas,9445MSI,User Experience Design MSI,2510,FA 2024,GINF,051553,SI,500
09193480,FA 2024,GINF,WN 2027, ,02003,Information Mas,9445MSI,User Experience Design MSI,2520,WN 2025,GINF,020401,SI,622
09193480,FA 2024,GINF,WN 2027, ,02003,Information Mas,9445MSI,User Experience Design MSI,2520,WN 2025,GINF,039178,SI,539
09193480,FA 2024,GINF,WN 2027, ,02003,Information Mas,9445MSI,User Experience Design MSI,2550,SU 2025,GINF,001459,SI,690
09193480,FA 2024,GINF,WN 2027, ,02003,Information Mas,9445MSI,User Experience Design MSI,2560,FA 2025,GINF,042071,SI,563
09193480,FA 2024,GINF,WN 2027, ,02003,Information Mas,9445MSI,User Experience Design MSI,2560,FA 2025,GINF,044772,SI,582
09193480,FA 2024,GINF,WN 2027, ,02003,Information Mas,9445MSI,User Experience Design MSI,2570,WN 2026,GINF,045393,SI,552
09193480,FA 2024,GINF,WN 2027, ,02003,Information Mas,9445MSI,User Experience Design MSI,2570,WN 2026,GINF,050162,SI,510
09193480,FA 2024,GINF,WN 2027, ,02003,Information Mas,9445MSI,User Experience Design MSI,2570,WN 2026,GINF,051836,SI,611
09229262,FA 2025,GINF,WN 2027, ,02003,Information Mas,9445MSI,User Experience Design MSI,2560,FA 2025,GINF,017281,SI,588
09229262,FA 2025,GINF,WN 2027, ,02003,Information Mas,9445MSI,User Experience Design MSI,2560,FA 2025,GINF,039178,SI,539
09229262,FA 2025,GINF,WN 2027, ,02003,Information Mas,9445MSI,User Experience Design MSI,2560,FA 2025,GINF,047246,SI,506
09229262,FA 2025,GINF,WN 2027, ,02003,Information Mas,9445MSI,User Experience Design MSI,2560,FA 2025,GINF,048129,SI,505
09229262,FA 2025,GINF,WN 2027, ,02003,Information Mas,9445MSI,User Experience Design MSI,2560,FA 2025,GINF,051553,SI,500
09229262,FA 2025,GINF,WN 2027, ,02003,Information Mas,9445MSI,User Experience Design MSI,2570,WN 2026,GINF,020401,SI,622
09229262,FA 2025,GINF,WN 2027, ,02003,Information Mas,9445MSI,User Experience Design MSI,2570,WN 2026,GINF,021391,SI,511
09229262,FA 2025,GINF,WN 2027, ,02003,Information Mas,9445MSI,User Experience Design MSI,2570,WN 2026,GINF,021400,SI,520
09229262,FA 2025,GINF,WN 2027, ,02003,Information Mas,9445MSI,User Experience Design MSI,2570,WN 2026,GINF,050164,SI,504
09243088,FA 2025,GINF,WN 2027, ,02003,Information Mas,9455MSI,User-Centered Agile Dev MSI,2560,FA 2025,GINF,039178,SI,539
09243088,FA 2025,GINF,WN 2027, ,02003,Information Mas,9455MSI,User-Centered Agile Dev MSI,2560,FA 2025,GINF,047246,SI,506
09243088,FA 2025,GINF,WN 2027, ,02003,Information Mas,9455MSI,User-Centered Agile Dev MSI,2560,FA 2025,GINF,050164,SI,504
09243088,FA 2025,GINF,WN 2027, ,02003,Information Mas,9455MSI,User-Centered Agile Dev MSI,2560,FA 2025,GINF,051553,SI,500
09243088,FA 2025,GINF,WN 2027, ,02003,Information Mas,9455MSI,User-Centered Agile Dev MSI,2570,WN 2026,GINF,041626,SI,664
09243088,FA 2025,GINF,WN 2027, ,02003,Information Mas,9455MSI,User-Centered Agile Dev MSI,2570,WN 2026,GINF,044772,SI,582
09243088,FA 2025,GINF,WN 2027, ,02003,Information Mas,9455MSI,User-Centered Agile Dev MSI,2570,WN 2026,GINF,048488,SI,559
09243088,FA 2025,GINF,WN 2027, ,02003,Information Mas,9455MSI,User-Centered Agile Dev MSI,2570,WN 2026,GINF,048515,WELLNESS,500
09243088,FA 2025,GINF,WN 2027, ,02003,Information Mas,9455MSI,User-Centered Agile Dev MSI,2570,WN 2026,GINF,050159,SI,579
09346928,FA 2024,GINF,WN 2026, ,02003,Information Mas,9445MSI,User Experience Design MSI,2510,FA 2024,GINF,039178,SI,539
09346928,FA 2024,GINF,WN 2026, ,02003,Information Mas,9445MSI,User Experience Design MSI,2510,FA 2024,GINF,044772,SI,582
09346928,FA 2024,GINF,WN 2026, ,02003,Information Mas,9445MSI,User Experience Design MSI,2510,FA 2024,GINF,047246,SI,506
09346928,FA 2024,GINF,WN 2026, ,02003,Information Mas,9445MSI,User Experience Design MSI,2510,FA 2024,GINF,051553,SI,500
09346928,FA 2024,GINF,WN 2026, ,02003,Information Mas,9445MSI,User Experience Design MSI,2520,WN 2025,GINF,020401,SI,622
09346928,FA 2024,GINF,WN 2026, ,02003,Information Mas,9445MSI,User Experience Design MSI,2520,WN 2025,GINF,021400,SI,520
09346928,FA 2024,GINF,WN 2026, ,02003,Information Mas,9445MSI,User Experience Design MSI,2520,WN 2025,GINF,039081,SI,529
09346928,FA 2024,GINF,WN 2026, ,02003,Information Mas,9445MSI,User Experience Design MSI,2520,WN 2025,GINF,040667,SI,681
09346928,FA 2024,GINF,WN 2026, ,02003,Information Mas,9445MSI,User Experience Design MSI,2520,WN 2025,GINF,043863,SI,612
09346928,FA 2024,GINF,WN 2026, ,02003,Information Mas,9445MSI,User Experience Design MSI,2560,FA 2025,GINF,001459,SI,690
09346928,FA 2024,GINF,WN 2026, ,02003,Information Mas,9445MSI,User Experience Design MSI,2560,FA 2025,GINF,017281,SI,588
09346928,FA 2024,GINF,WN 2026, ,02003,Information Mas,9445MSI,User Experience Design MSI,2560,FA 2025,GINF,021391,SI,511
09346928,FA 2024,GINF,WN 2026, ,02003,Information Mas,9445MSI,User Experience Design MSI,2560,FA 2025,GINF,045393,SI,552
09346928,FA 2024,GINF,WN 2026, ,02003,Information Mas,9445MSI,User Experience Design MSI,2570,WN 2026,GINF,047901,SI,699
09346928,FA 2024,GINF,WN 2026, ,02003,Information Mas,9445MSI,User Experience Design MSI,2570,WN 2026,GINF,051836,SI,611
09477253,FA 2025,GINF,WN 2027, ,02003,Information Mas,9445MSI,User Experience Design MSI,2560,FA 2025,GINF,017281,SI,588
09477253,FA 2025,GINF,WN 2027, ,02003,Information Mas,9445MSI,User Experience Design MSI,2560,FA 2025,GINF,039178,SI,539
09477253,FA 2025,GINF,WN 2027, ,02003,Information Mas,9445MSI,User Experience Design MSI,2560,FA 2025,GINF,047246,SI,506
09477253,FA 2025,GINF,WN 2027, ,02003,Information Mas,9445MSI,User Experience Design MSI,2560,FA 2025,GINF,048129,SI,505
09477253,FA 2025,GINF,WN 2027, ,02003,Information Mas,9445MSI,User Experience Design MSI,2560,FA 2025,GINF,051553,SI,500
09477253,FA 2025,GINF,WN 2027, ,02003,Information Mas,9445MSI,User Experience Design MSI,2570,WN 2026,GINF,020401,SI,622
09477253,FA 2025,GINF,WN 2027, ,02003,Information Mas,9445MSI,User Experience Design MSI,2570,WN 2026,GINF,021391,SI,511
09477253,FA 2025,GINF,WN 2027, ,02003,Information Mas,9445MSI,User Experience Design MSI,2570,WN 2026,GINF,021400,SI,520
09477253,FA 2025,GINF,WN 2027, ,02003,Information Mas,9445MSI,User Experience Design MSI,2570,WN 2026,GINF,044772,SI,582
09550672,FA 2025,GINF,WN 2027, ,02003,Information Mas,0775MSI,Big Data Analytics MSI,2560,FA 2025,GINF,016607,SI,544
09550672,FA 2025,GINF,WN 2027, ,02003,Information Mas,0775MSI,Big Data Analytics MSI,2560,FA 2025,GINF,047246,SI,506
09550672,FA 2025,GINF,WN 2027, ,02003,Information Mas,0775MSI,Big Data Analytics MSI,2560,FA 2025,GINF,050164,SI,504
09550672,FA 2025,GINF,WN 2027, ,02003,Information Mas,0775MSI,Big Data Analytics MSI,2560,FA 2025,GINF,051553,SI,500
09550672,FA 2025,GINF,WN 2027, ,02003,Information Mas,0775MSI,Big Data Analytics MSI,2570,WN 2026,GINF,042091,SI,618
09550672,FA 2025,GINF,WN 2027, ,02003,Information Mas,0775MSI,Big Data Analytics MSI,2570,WN 2026,GINF,047640,SI,507
09550672,FA 2025,GINF,WN 2027, ,02003,Information Mas,0775MSI,Big Data Analytics MSI,2570,WN 2026,GINF,050663,SI,568
09550672,FA 2025,GINF,WN 2027, ,02003,Information Mas,0775MSI,Big Data Analytics MSI,2570,WN 2026,GINF,050983,SI,602
09618421,FA 2025,GINF,WN 2027, ,02003,Information Mas,9445MSI,User Experience Design MSI,2560,FA 2025,GINF,017281,SI,588
09618421,FA 2025,GINF,WN 2027, ,02003,Information Mas,9445MSI,User Experience Design MSI,2560,FA 2025,GINF,021400,SI,520
09618421,FA 2025,GINF,WN 2027, ,02003,Information Mas,9445MSI,User Experience Design MSI,2560,FA 2025,GINF,047246,SI,506
09618421,FA 2025,GINF,WN 2027, ,02003,Information Mas,9445MSI,User Experience Design MSI,2560,FA 2025,GINF,051553,SI,500
09618421,FA 2025,GINF,WN 2027, ,02003,Information Mas,9445MSI,User Experience Design MSI,2570,WN 2026,GINF,020401,SI,622
09618421,FA 2025,GINF,WN 2027, ,02003,Information Mas,9445MSI,User Experience Design MSI,2570,WN 2026,GINF,021391,SI,511
09618421,FA 2025,GINF,WN 2027, ,02003,Information Mas,9445MSI,User Experience Design MSI,2570,WN 2026,GINF,039178,SI,539
09618421,FA 2025,GINF,WN 2027, ,02003,Information Mas,9445MSI,User Experience Design MSI,2570,WN 2026,GINF,044772,SI,582
09618421,FA 2025,GINF,WN 2027, ,02003,Information Mas,9445MSI,User Experience Design MSI,2570,WN 2026,GINF,046306,SI,616
09772256,FA 2025,GINF,WN 2027, ,02003,Information Mas,4865MSI,"Lib, Arch&Knwl Envs in Soc MSI",2560,FA 2025,GINF,009731,SI,580
09772256,FA 2025,GINF,WN 2027, ,02003,Information Mas,4865MSI,"Lib, Arch&Knwl Envs in Soc MSI",2560,FA 2025,GINF,021045,SI,666
09772256,FA 2025,GINF,WN 2027, ,02003,Information Mas,4865MSI,"Lib, Arch&Knwl Envs in Soc MSI",2560,FA 2025,GINF,021391,SI,511
09772256,FA 2025,GINF,WN 2027, ,02003,Information Mas,4865MSI,"Lib, Arch&Knwl Envs in Soc MSI",2560,FA 2025,GINF,051553,SI,500
09772256,FA 2025,GINF,WN 2027, ,02003,Information Mas,4865MSI,"Lib, Arch&Knwl Envs in Soc MSI",2570,WN 2026,GINF,047246,SI,506
09772256,FA 2025,GINF,WN 2027, ,02003,Information Mas,4865MSI,"Lib, Arch&Knwl Envs in Soc MSI",2570,WN 2026,GINF,048280,SI,667
09772256,FA 2025,GINF,WN 2027, ,02003,Information Mas,4865MSI,"Lib, Arch&Knwl Envs in Soc MSI",2570,WN 2026,GINF,050162,SI,510
09772256,FA 2025,GINF,WN 2027, ,02003,Information Mas,4865MSI,"Lib, Arch&Knwl Envs in Soc MSI",2570,WN 2026,GINF,051074,SI,626
09870336,FA 2024,GINF,WN 2026, ,02003,Information Mas,4865MSI,"Lib, Arch&Knwl Envs in Soc MSI",2510,FA 2024,GINF,009731,SI,580
09870336,FA 2024,GINF,WN 2026, ,02003,Information Mas,4865MSI,"Lib, Arch&Knwl Envs in Soc MSI",2510,FA 2024,GINF,021045,SI,666
09870336,FA 2024,GINF,WN 2026, ,02003,Information Mas,4865MSI,"Lib, Arch&Knwl Envs in Soc MSI",2510,FA 2024,GINF,047246,SI,506
09870336,FA 2024,GINF,WN 2026, ,02003,Information Mas,4865MSI,"Lib, Arch&Knwl Envs in Soc MSI",2510,FA 2024,GINF,051553,SI,500
09870336,FA 2024,GINF,WN 2026, ,02003,Information Mas,4865MSI,"Lib, Arch&Knwl Envs in Soc MSI",2520,WN 2025,GINF,020803,SI,643
09870336,FA 2024,GINF,WN 2026, ,02003,Information Mas,4865MSI,"Lib, Arch&Knwl Envs in Soc MSI",2520,WN 2025,GINF,040667,SI,681
09870336,FA 2024,GINF,WN 2026, ,02003,Information Mas,4865MSI,"Lib, Arch&Knwl Envs in Soc MSI",2520,WN 2025,GINF,048280,SI,667
09870336,FA 2024,GINF,WN 2026, ,02003,Information Mas,4865MSI,"Lib, Arch&Knwl Envs in Soc MSI",2520,WN 2025,GINF,050162,SI,510
09870336,FA 2024,GINF,WN 2026, ,02003,Information Mas,4865MSI,"Lib, Arch&Knwl Envs in Soc MSI",2520,WN 2025,GINF,050165,SI,585
09870336,FA 2024,GINF,WN 2026, ,02003,Information Mas,4865MSI,"Lib, Arch&Knwl Envs in Soc MSI",2560,FA 2025,GINF,021042,SI,647
09870336,FA 2024,GINF,WN 2026, ,02003,Information Mas,4865MSI,"Lib, Arch&Knwl Envs in Soc MSI",2560,FA 2025,GINF,038948,SI,632
09870336,FA 2024,GINF,WN 2026, ,02003,Information Mas,4865MSI,"Lib, Arch&Knwl Envs in Soc MSI",2560,FA 2025,GINF,050028,SI,583
09870336,FA 2024,GINF,WN 2026, ,02003,Information Mas,4865MSI,"Lib, Arch&Knwl Envs in Soc MSI",2560,FA 2025,GINF,050161,SI,676
09870336,FA 2024,GINF,WN 2026, ,02003,Information Mas,4865MSI,"Lib, Arch&Knwl Envs in Soc MSI",2570,WN 2026,GINF,021050,SI,691
09870336,FA 2024,GINF,WN 2026, ,02003,Information Mas,4865MSI,"Lib, Arch&Knwl Envs in Soc MSI",2570,WN 2026,GINF,042324,SI,639
09870336,FA 2024,GINF,WN 2026, ,02003,Information Mas,4865MSI,"Lib, Arch&Knwl Envs in Soc MSI",2570,WN 2026,GINF,047901,SI,699
09870336,FA 2024,GINF,WN 2026, ,02003,Information Mas,4865MSI,"Lib, Arch&Knwl Envs in Soc MSI",2570,WN 2026,GINF,049601,SI,564
10082670,FA 2025,GINF,WN 2027, ,02003,Information Mas,9445MSI,User Experience Design MSI,2560,FA 2025,GINF,017281,SI,588
10082670,FA 2025,GINF,WN 2027, ,02003,Information Mas,9445MSI,User Experience Design MSI,2560,FA 2025,GINF,044772,SI,582
10082670,FA 2025,GINF,WN 2027, ,02003,Information Mas,9445MSI,User Experience Design MSI,2560,FA 2025,GINF,047246,SI,506
10082670,FA 2025,GINF,WN 2027, ,02003,Information Mas,9445MSI,User Experience Design MSI,2560,FA 2025,GINF,048129,SI,505
10082670,FA 2025,GINF,WN 2027, ,02003,Information Mas,9445MSI,User Experience Design MSI,2560,FA 2025,GINF,051553,SI,500
10082670,FA 2025,GINF,WN 2027, ,02003,Information Mas,9445MSI,User Experience Design MSI,2570,WN 2026,GINF,020401,SI,622
10082670,FA 2025,GINF,WN 2027, ,02003,Information Mas,9445MSI,User Experience Design MSI,2570,WN 2026,GINF,021391,SI,511
10082670,FA 2025,GINF,WN 2027, ,02003,Information Mas,9445MSI,User Experience Design MSI,2570,WN 2026,GINF,021400,SI,520
10082670,FA 2025,GINF,WN 2027, ,02003,Information Mas,9445MSI,User Experience Design MSI,2570,WN 2026,GINF,051836,SI,611
10119449,FA 2024,GINF,WN 2026, ,02003,Information Mas,9445MSI,User Experience Design MSI,2510,FA 2024,GINF,017281,SI,588
10119449,FA 2024,GINF,WN 2026, ,02003,Information Mas,9445MSI,User Experience Design MSI,2510,FA 2024,GINF,044772,SI,582
10119449,FA 2024,GINF,WN 2026, ,02003,Information Mas,9445MSI,User Experience Design MSI,2510,FA 2024,GINF,047246,SI,506
10119449,FA 2024,GINF,WN 2026, ,02003,Information Mas,9445MSI,User Experience Design MSI,2510,FA 2024,GINF,048129,SI,505
10119449,FA 2024,GINF,WN 2026, ,02003,Information Mas,9445MSI,User Experience Design MSI,2510,FA 2024,GINF,051553,SI,500
10119449,FA 2024,GINF,WN 2026, ,02003,Information Mas,9445MSI,User Experience Design MSI,2520,WN 2025,GINF,020401,SI,622
10119449,FA 2024,GINF,WN 2026, ,02003,Information Mas,9445MSI,User Experience Design MSI,2520,WN 2025,GINF,021400,SI,520
10119449,FA 2024,GINF,WN 2026, ,02003,Information Mas,9445MSI,User Experience Design MSI,2520,WN 2025,GINF,039178,SI,539
10119449,FA 2024,GINF,WN 2026, ,02003,Information Mas,9445MSI,User Experience Design MSI,2520,WN 2025,GINF,040667,SI,681
10119449,FA 2024,GINF,WN 2026, ,02003,Information Mas,9445MSI,User Experience Design MSI,2520,WN 2025,GINF,048421,ENTR,560
10119449,FA 2024,GINF,WN 2026, ,02003,Information Mas,9445MSI,User Experience Design MSI,2560,FA 2025,GINF,016607,SI,544
10119449,FA 2024,GINF,WN 2026, ,02003,Information Mas,9445MSI,User Experience Design MSI,2560,FA 2025,GINF,021400,SI,520
10119449,FA 2024,GINF,WN 2026, ,02003,Information Mas,9445MSI,User Experience Design MSI,2560,FA 2025,GINF,045393,SI,552
10119449,FA 2024,GINF,WN 2026, ,02003,Information Mas,9445MSI,User Experience Design MSI,2560,FA 2025,GINF,048488,SI,559
10119449,FA 2024,GINF,WN 2026, ,02003,Information Mas,9445MSI,User Experience Design MSI,2570,WN 2026,GINF,017508,TO,512
10119449,FA 2024,GINF,WN 2026, ,02003,Information Mas,9445MSI,User Experience Design MSI,2570,WN 2026,GINF,021391,SI,511
10119449,FA 2024,GINF,WN 2026, ,02003,Information Mas,9445MSI,User Experience Design MSI,2570,WN 2026,GINF,039081,SI,529
10119449,FA 2024,GINF,WN 2026, ,02003,Information Mas,9445MSI,User Experience Design MSI,2570,WN 2026,GINF,047901,SI,699
10119449,FA 2024,GINF,WN 2026, ,02003,Information Mas,9445MSI,User Experience Design MSI,2570,WN 2026,GINF,049601,SI,564
10181000,FA 2024,GINF,WN 2026, ,02003,Information Mas,0775MSI,Big Data Analytics MSI,2510,FA 2024,GINF,016607,SI,544
10181000,FA 2024,GINF,WN 2026, ,02003,Information Mas,0775MSI,Big Data Analytics MSI,2510,FA 2024,GINF,047246,SI,506
10181000,FA 2024,GINF,WN 2026, ,02003,Information Mas,0775MSI,Big Data Analytics MSI,2510,FA 2024,GINF,048129,SI,505
10181000,FA 2024,GINF,WN 2026, ,02003,Information Mas,0775MSI,Big Data Analytics MSI,2510,FA 2024,GINF,050164,SI,504
10181000,FA 2024,GINF,WN 2026, ,02003,Information Mas,0775MSI,Big Data Analytics MSI,2510,FA 2024,GINF,051553,SI,500
10181000,FA 2024,GINF,WN 2026, ,02003,Information Mas,0775MSI,Big Data Analytics MSI,2520,WN 2025,GINF,040667,SI,681
10181000,FA 2024,GINF,WN 2026, ,02003,Information Mas,0775MSI,Big Data Analytics MSI,2520,WN 2025,GINF,042091,SI,618
10181000,FA 2024,GINF,WN 2026, ,02003,Information Mas,0775MSI,Big Data Analytics MSI,2520,WN 2025,GINF,047640,SI,507
10181000,FA 2024,GINF,WN 2026, ,02003,Information Mas,0775MSI,Big Data Analytics MSI,2520,WN 2025,GINF,049601,SI,564
10181000,FA 2024,GINF,WN 2026, ,02003,Information Mas,0775MSI,Big Data Analytics MSI,2520,WN 2025,GINF,050663,SI,568
10181000,FA 2024,GINF,WN 2026, ,02003,Information Mas,0775MSI,Big Data Analytics MSI,2520,WN 2025,GINF,050983,SI,602
10181000,FA 2024,GINF,WN 2026, ,02003,Information Mas,0775MSI,Big Data Analytics MSI,2560,FA 2025,GINF,020934,SI,649
10181000,FA 2024,GINF,WN 2026, ,02003,Information Mas,0775MSI,Big Data Analytics MSI,2560,FA 2025,GINF,041626,SI,664
10181000,FA 2024,GINF,WN 2026, ,02003,Information Mas,0775MSI,Big Data Analytics MSI,2560,FA 2025,GINF,045930,SI,671
10181000,FA 2024,GINF,WN 2026, ,02003,Information Mas,0775MSI,Big Data Analytics MSI,2560,FA 2025,GINF,051111,EAS,506
10181000,FA 2024,GINF,WN 2026, ,02003,Information Mas,0775MSI,Big Data Analytics MSI,2570,WN 2026,GINF,015847,BL,536
10181000,FA 2024,GINF,WN 2026, ,02003,Information Mas,0775MSI,Big Data Analytics MSI,2570,WN 2026,GINF,047901,SI,699
10181000,FA 2024,GINF,WN 2026, ,02003,Information Mas,0775MSI,Big Data Analytics MSI,2570,WN 2026,GINF,048268,SI,630
10181000,FA 2024,GINF,WN 2026, ,02003,Information Mas,0775MSI,Big Data Analytics MSI,2570,WN 2026,GINF,050610,STRATEGY,688
10535124,FA 2025,GINF,WN 2027, ,02003,Information Mas,9445MSI,User Experience Design MSI,2560,FA 2025,GINF,017281,SI,588
10535124,FA 2025,GINF,WN 2027, ,02003,Information Mas,9445MSI,User Experience Design MSI,2560,FA 2025,GINF,045393,SI,552
10535124,FA 2025,GINF,WN 2027, ,02003,Information Mas,9445MSI,User Experience Design MSI,2560,FA 2025,GINF,047246,SI,506
10535124,FA 2025,GINF,WN 2027, ,02003,Information Mas,9445MSI,User Experience Design MSI,2560,FA 2025,GINF,048129,SI,505
10535124,FA 2025,GINF,WN 2027, ,02003,Information Mas,9445MSI,User Experience Design MSI,2560,FA 2025,GINF,051553,SI,500
10535124,FA 2025,GINF,WN 2027, ,02003,Information Mas,9445MSI,User Experience Design MSI,2570,WN 2026,GINF,020401,SI,622
10535124,FA 2025,GINF,WN 2027, ,02003,Information Mas,9445MSI,User Experience Design MSI,2570,WN 2026,GINF,021400,SI,520
10535124,FA 2025,GINF,WN 2027, ,02003,Information Mas,9445MSI,User Experience Design MSI,2570,WN 2026,GINF,039178,SI,539
10535124,FA 2025,GINF,WN 2027, ,02003,Information Mas,9445MSI,User Experience Design MSI,2570,WN 2026,GINF,043863,SI,612
10535124,FA 2025,GINF,WN 2027, ,02003,Information Mas,9445MSI,User Experience Design MSI,2570,WN 2026,GINF,051454,SI,594
10594087,FA 2025,GINF,WN 2027, ,02003,Information Mas,9455MSI,User-Centered Agile Dev MSI,2560,FA 2025,GINF,017281,SI,588
10594087,FA 2025,GINF,WN 2027, ,02003,Information Mas,9455MSI,User-Centered Agile Dev MSI,2560,FA 2025,GINF,044772,SI,582
10594087,FA 2025,GINF,WN 2027, ,02003,Information Mas,9455MSI,User-Centered Agile Dev MSI,2560,FA 2025,GINF,047246,SI,506
10594087,FA 2025,GINF,WN 2027, ,02003,Information Mas,9455MSI,User-Centered Agile Dev MSI,2560,FA 2025,GINF,051553,SI,500
10594087,FA 2025,GINF,WN 2027, ,02003,Information Mas,9455MSI,User-Centered Agile Dev MSI,2570,WN 2026,GINF,020401,SI,622
10594087,FA 2025,GINF,WN 2027, ,02003,Information Mas,9455MSI,User-Centered Agile Dev MSI,2570,WN 2026,GINF,021391,SI,511
10594087,FA 2025,GINF,WN 2027, ,02003,Information Mas,9455MSI,User-Centered Agile Dev MSI,2570,WN 2026,GINF,039178,SI,539
10594087,FA 2025,GINF,WN 2027, ,02003,Information Mas,9455MSI,User-Centered Agile Dev MSI,2570,WN 2026,GINF,049601,SI,564
10594087,FA 2025,GINF,WN 2027, ,02003,Information Mas,9455MSI,User-Centered Agile Dev MSI,2570,WN 2026,GINF,050159,SI,579
10594087,FA 2025,GINF,WN 2027, ,02003,Information Mas,9455MSI,User-Centered Agile Dev MSI,2570,WN 2026,GINF,050164,SI,504
10647510,FA 2024,GINF,WN 2025,WN 2025,02003,Information Mas,9445MSI,User Experience Design MSI,2510,FA 2024,GINF,001459,SI,690
10647510,FA 2024,GINF,WN 2025,WN 2025,02003,Information Mas,9445MSI,User Experience Design MSI,2510,FA 2024,GINF,045771,SI,684
10647510,FA 2024,GINF,WN 2025,WN 2025,02003,Information Mas,9445MSI,User Experience Design MSI,2510,FA 2024,GINF,048488,SI,559
10647510,FA 2024,GINF,WN 2025,WN 2025,02003,Information Mas,9445MSI,User Experience Design MSI,2510,FA 2024,GINF,051553,SI,500
10647510,FA 2024,GINF,WN 2025,WN 2025,02003,Information Mas,9445MSI,User Experience Design MSI,2520,WN 2025,GINF,012772,SI,548
10647510,FA 2024,GINF,WN 2025,WN 2025,02003,Information Mas,9445MSI,User Experience Design MSI,2520,WN 2025,GINF,022099,SI,658
10647510,FA 2024,GINF,WN 2025,WN 2025,02003,Information Mas,9445MSI,User Experience Design MSI,2520,WN 2025,GINF,047901,SI,699
10834434,FA 2024,GINF,WN 2027, ,02003,Information Mas,5005MSI,Master's ThesisOption Prog MSI,2510,FA 2024,GINF,009731,SI,580
10834434,FA 2024,GINF,WN 2027, ,02003,Information Mas,5005MSI,Master's ThesisOption Prog MSI,2510,FA 2024,GINF,021045,SI,666
10834434,FA 2024,GINF,WN 2027, ,02003,Information Mas,5005MSI,Master's ThesisOption Prog MSI,2510,FA 2024,GINF,047246,SI,506
10834434,FA 2024,GINF,WN 2027, ,02003,Information Mas,5005MSI,Master's ThesisOption Prog MSI,2510,FA 2024,GINF,051553,SI,500
10834434,FA 2024,GINF,WN 2027, ,02003,Information Mas,5005MSI,Master's ThesisOption Prog MSI,2520,WN 2025,GINF,020803,SI,643
10834434,FA 2024,GINF,WN 2027, ,02003,Information Mas,5005MSI,Master's ThesisOption Prog MSI,2520,WN 2025,GINF,021486,ANTHRCUL,553
10834434,FA 2024,GINF,WN 2027, ,02003,Information Mas,5005MSI,Master's ThesisOption Prog MSI,2520,WN 2025,GINF,022326,SI,581
10834434,FA 2024,GINF,WN 2027, ,02003,Information Mas,5005MSI,Master's ThesisOption Prog MSI,2520,WN 2025,GINF,040667,SI,681
10834434,FA 2024,GINF,WN 2027, ,02003,Information Mas,5005MSI,Master's ThesisOption Prog MSI,2520,WN 2025,GINF,050162,SI,510
10834434,FA 2024,GINF,WN 2027, ,02003,Information Mas,5005MSI,Master's ThesisOption Prog MSI,2560,FA 2025,GINF,017895,ANTHRCUL,652
10834434,FA 2024,GINF,WN 2027, ,02003,Information Mas,5005MSI,Master's ThesisOption Prog MSI,2560,FA 2025,GINF,021042,SI,647
10834434,FA 2024,GINF,WN 2027, ,02003,Information Mas,5005MSI,Master's ThesisOption Prog MSI,2560,FA 2025,GINF,048831,SI,547
10834434,FA 2024,GINF,WN 2027, ,02003,Information Mas,5005MSI,Master's ThesisOption Prog MSI,2560,FA 2025,GINF,049365,SI,697
10834434,FA 2024,GINF,WN 2027, ,02003,Information Mas,5005MSI,Master's ThesisOption Prog MSI,2560,FA 2025,GINF,052100,SI,597
10858759,FA 2025,GINF,WN 2027, ,02003,Information Mas,9455MSI,User-Centered Agile Dev MSI,2560,FA 2025,GINF,039178,SI,539
10858759,FA 2025,GINF,WN 2027, ,02003,Information Mas,9455MSI,User-Centered Agile Dev MSI,2560,FA 2025,GINF,044772,SI,582
10858759,FA 2025,GINF,WN 2027, ,02003,Information Mas,9455MSI,User-Centered Agile Dev MSI,2560,FA 2025,GINF,047246,SI,506
10858759,FA 2025,GINF,WN 2027, ,02003,Information Mas,9455MSI,User-Centered Agile Dev MSI,2560,FA 2025,GINF,050164,SI,504
10858759,FA 2025,GINF,WN 2027, ,02003,Information Mas,9455MSI,User-Centered Agile Dev MSI,2560,FA 2025,GINF,051553,SI,500
10858759,FA 2025,GINF,WN 2027, ,02003,Information Mas,9455MSI,User-Centered Agile Dev MSI,2570,WN 2026,GINF,020401,SI,622
10858759,FA 2025,GINF,WN 2027, ,02003,Information Mas,9455MSI,User-Centered Agile Dev MSI,2570,WN 2026,GINF,050159,SI,579
10858759,FA 2025,GINF,WN 2027, ,02003,Information Mas,9455MSI,User-Centered Agile Dev MSI,2570,WN 2026,GINF,051836,SI,611
11094310,FA 2025,GINF,WN 2026, ,02003,Information Mas,9445MSI,User Experience Design MSI,2560,FA 2025,GINF,001459,SI,690
11094310,FA 2025,GINF,WN 2026, ,02003,Information Mas,9445MSI,User Experience Design MSI,2560,FA 2025,GINF,021391,SI,511
11094310,FA 2025,GINF,WN 2026, ,02003,Information Mas,9445MSI,User Experience Design MSI,2560,FA 2025,GINF,021400,SI,520
11094310,FA 2025,GINF,WN 2026, ,02003,Information Mas,9445MSI,User Experience Design MSI,2560,FA 2025,GINF,039178,SI,539
11094310,FA 2025,GINF,WN 2026, ,02003,Information Mas,9445MSI,User Experience Design MSI,2570,WN 2026,GINF,021400,SI,520
11094310,FA 2025,GINF,WN 2026, ,02003,Information Mas,9445MSI,User Experience Design MSI,2570,WN 2026,GINF,043863,SI,612
11094310,FA 2025,GINF,WN 2026, ,02003,Information Mas,9445MSI,User Experience Design MSI,2570,WN 2026,GINF,047304,ENTR,550
11094310,FA 2025,GINF,WN 2026, ,02003,Information Mas,9445MSI,User Experience Design MSI,2570,WN 2026,GINF,047901,SI,699
11094310,FA 2025,GINF,WN 2026, ,02003,Information Mas,9445MSI,User Experience Design MSI,2570,WN 2026,GINF,048488,SI,559
11463086,FA 2024,GINF,WN 2026, ,02003,Information Mas,0775MSI,Big Data Analytics MSI,2510,FA 2024,GINF,016607,SI,544
11463086,FA 2024,GINF,WN 2026, ,02003,Information Mas,0775MSI,Big Data Analytics MSI,2510,FA 2024,GINF,047246,SI,506
11463086,FA 2024,GINF,WN 2026, ,02003,Information Mas,0775MSI,Big Data Analytics MSI,2510,FA 2024,GINF,050164,SI,504
11463086,FA 2024,GINF,WN 2026, ,02003,Information Mas,0775MSI,Big Data Analytics MSI,2510,FA 2024,GINF,051553,SI,500
11463086,FA 2024,GINF,WN 2026, ,02003,Information Mas,0775MSI,Big Data Analytics MSI,2520,WN 2025,GINF,040667,SI,681
11463086,FA 2024,GINF,WN 2026, ,02003,Information Mas,0775MSI,Big Data Analytics MSI,2520,WN 2025,GINF,041626,SI,664
11463086,FA 2024,GINF,WN 2026, ,02003,Information Mas,0775MSI,Big Data Analytics MSI,2520,WN 2025,GINF,042091,SI,618
11463086,FA 2024,GINF,WN 2026, ,02003,Information Mas,0775MSI,Big Data Analytics MSI,2520,WN 2025,GINF,047640,SI,507
11463086,FA 2024,GINF,WN 2026, ,02003,Information Mas,0775MSI,Big Data Analytics MSI,2520,WN 2025,GINF,049601,SI,564
11463086,FA 2024,GINF,WN 2026, ,02003,Information Mas,0775MSI,Big Data Analytics MSI,2520,WN 2025,GINF,050663,SI,568
11463086,FA 2024,GINF,WN 2026, ,02003,Information Mas,0775MSI,Big Data Analytics MSI,2520,WN 2025,GINF,050983,SI,602
11463086,FA 2024,GINF,WN 2026, ,02003,Information Mas,0775MSI,Big Data Analytics MSI,2560,FA 2025,GINF,009732,SI,650
11463086,FA 2024,GINF,WN 2026, ,02003,Information Mas,0775MSI,Big Data Analytics MSI,2560,FA 2025,GINF,041855,SI,631
11463086,FA 2024,GINF,WN 2026, ,02003,Information Mas,0775MSI,Big Data Analytics MSI,2560,FA 2025,GINF,048500,SI,670
11463086,FA 2024,GINF,WN 2026, ,02003,Information Mas,0775MSI,Big Data Analytics MSI,2560,FA 2025,GINF,050509,EECS,553
11463086,FA 2024,GINF,WN 2026, ,02003,Information Mas,0775MSI,Big Data Analytics MSI,2570,WN 2026,GINF,020934,SI,649
11463086,FA 2024,GINF,WN 2026, ,02003,Information Mas,0775MSI,Big Data Analytics MSI,2570,WN 2026,GINF,047901,SI,699
11683856,FA 2024,GINF,WN 2026, ,02003,Information Mas,0775MSI,Big Data Analytics MSI,2510,FA 2024,GINF,016607,SI,544
11683856,FA 2024,GINF,WN 2026, ,02003,Information Mas,0775MSI,Big Data Analytics MSI,2510,FA 2024,GINF,039178,SI,539
11683856,FA 2024,GINF,WN 2026, ,02003,Information Mas,0775MSI,Big Data Analytics MSI,2510,FA 2024,GINF,041626,SI,664
11683856,FA 2024,GINF,WN 2026, ,02003,Information Mas,0775MSI,Big Data Analytics MSI,2510,FA 2024,GINF,047640,SI,507
11683856,FA 2024,GINF,WN 2026, ,02003,Information Mas,0775MSI,Big Data Analytics MSI,2510,FA 2024,GINF,049601,SI,564
11683856,FA 2024,GINF,WN 2026, ,02003,Information Mas,0775MSI,Big Data Analytics MSI,2510,FA 2024,GINF,050164,SI,504
11683856,FA 2024,GINF,WN 2026, ,02003,Information Mas,0775MSI,Big Data Analytics MSI,2510,FA 2024,GINF,051553,SI,500
11683856,FA 2024,GINF,WN 2026, ,02003,Information Mas,0775MSI,Big Data Analytics MSI,2520,WN 2025,GINF,020934,SI,649
11683856,FA 2024,GINF,WN 2026, ,02003,Information Mas,0775MSI,Big Data Analytics MSI,2520,WN 2025,GINF,040667,SI,681
11683856,FA 2024,GINF,WN 2026, ,02003,Information Mas,0775MSI,Big Data Analytics MSI,2520,WN 2025,GINF,042091,SI,618
11683856,FA 2024,GINF,WN 2026, ,02003,Information Mas,0775MSI,Big Data Analytics MSI,2520,WN 2025,GINF,050663,SI,568
11683856,FA 2024,GINF,WN 2026, ,02003,Information Mas,0775MSI,Big Data Analytics MSI,2520,WN 2025,GINF,050983,SI,602
11683856,FA 2024,GINF,WN 2026, ,02003,Information Mas,0775MSI,Big Data Analytics MSI,2520,WN 2025,GINF,051462,SI,644
11683856,FA 2024,GINF,WN 2026, ,02003,Information Mas,0775MSI,Big Data Analytics MSI,2560,FA 2025,GINF,017281,SI,588
11683856,FA 2024,GINF,WN 2026, ,02003,Information Mas,0775MSI,Big Data Analytics MSI,2560,FA 2025,GINF,042071,SI,563
11683856,FA 2024,GINF,WN 2026, ,02003,Information Mas,0775MSI,Big Data Analytics MSI,2560,FA 2025,GINF,045930,SI,671
11683856,FA 2024,GINF,WN 2026, ,02003,Information Mas,0775MSI,Big Data Analytics MSI,2560,FA 2025,GINF,048500,SI,670
11683856,FA 2024,GINF,WN 2026, ,02003,Information Mas,0775MSI,Big Data Analytics MSI,2570,WN 2026,GINF,047901,SI,699
11784982,FA 2024,GINF,WN 2026, ,02003,Information Mas,9445MSI,User Experience Design MSI,2510,FA 2024,GINF,001459,SI,690
11784982,FA 2024,GINF,WN 2026, ,02003,Information Mas,9445MSI,User Experience Design MSI,2510,FA 2024,GINF,021400,SI,520
11784982,FA 2024,GINF,WN 2026, ,02003,Information Mas,9445MSI,User Experience Design MSI,2510,FA 2024,GINF,045393,SI,552
11784982,FA 2024,GINF,WN 2026, ,02003,Information Mas,9445MSI,User Experience Design MSI,2510,FA 2024,GINF,045771,SI,684
11784982,FA 2024,GINF,WN 2026, ,02003,Information Mas,9445MSI,User Experience Design MSI,2510,FA 2024,GINF,051553,SI,500
11784982,FA 2024,GINF,WN 2026, ,02003,Information Mas,9445MSI,User Experience Design MSI,2520,WN 2025,GINF,040667,SI,681
11784982,FA 2024,GINF,WN 2026, ,02003,Information Mas,9445MSI,User Experience Design MSI,2520,WN 2025,GINF,047849,ARTSADMN,533
11784982,FA 2024,GINF,WN 2026, ,02003,Information Mas,9445MSI,User Experience Design MSI,2520,WN 2025,GINF,047901,SI,699
11784982,FA 2024,GINF,WN 2026, ,02003,Information Mas,9445MSI,User Experience Design MSI,2520,WN 2025,GINF,048514,WELLNESS,512
11784982,FA 2024,GINF,WN 2026, ,02003,Information Mas,9445MSI,User Experience Design MSI,2560,FA 2025,GINF,052182,SIABRD,504
11788806,FA 2024,GINF,WN 2026, ,02003,Information Mas,0775MSI,Big Data Analytics MSI,2510,FA 2024,GINF,016607,SI,544
11788806,FA 2024,GINF,WN 2026, ,02003,Information Mas,0775MSI,Big Data Analytics MSI,2510,FA 2024,GINF,047246,SI,506
11788806,FA 2024,GINF,WN 2026, ,02003,Information Mas,0775MSI,Big Data Analytics MSI,2510,FA 2024,GINF,050164,SI,504
11788806,FA 2024,GINF,WN 2026, ,02003,Information Mas,0775MSI,Big Data Analytics MSI,2510,FA 2024,GINF,051553,SI,500
11788806,FA 2024,GINF,WN 2026, ,02003,Information Mas,0775MSI,Big Data Analytics MSI,2520,WN 2025,GINF,042091,SI,618
11788806,FA 2024,GINF,WN 2026, ,02003,Information Mas,0775MSI,Big Data Analytics MSI,2520,WN 2025,GINF,047640,SI,507
11788806,FA 2024,GINF,WN 2026, ,02003,Information Mas,0775MSI,Big Data Analytics MSI,2520,WN 2025,GINF,049601,SI,564
11788806,FA 2024,GINF,WN 2026, ,02003,Information Mas,0775MSI,Big Data Analytics MSI,2520,WN 2025,GINF,050663,SI,568
11788806,FA 2024,GINF,WN 2026, ,02003,Information Mas,0775MSI,Big Data Analytics MSI,2520,WN 2025,GINF,050983,SI,602
11788806,FA 2024,GINF,WN 2026, ,02003,Information Mas,0775MSI,Big Data Analytics MSI,2560,FA 2025,GINF,041934,SI,608
11788806,FA 2024,GINF,WN 2026, ,02003,Information Mas,0775MSI,Big Data Analytics MSI,2560,FA 2025,GINF,045930,SI,671
11788806,FA 2024,GINF,WN 2026, ,02003,Information Mas,0775MSI,Big Data Analytics MSI,2560,FA 2025,GINF,048500,SI,670
11788806,FA 2024,GINF,WN 2026, ,02003,Information Mas,0775MSI,Big Data Analytics MSI,2560,FA 2025,GINF,050983,SI,602
11788806,FA 2024,GINF,WN 2026, ,02003,Information Mas,0775MSI,Big Data Analytics MSI,2560,FA 2025,GINF,051462,SI,644
11788806,FA 2024,GINF,WN 2026, ,02003,Information Mas,0775MSI,Big Data Analytics MSI,2570,WN 2026,GINF,020934,SI,649
11788806,FA 2024,GINF,WN 2026, ,02003,Information Mas,0775MSI,Big Data Analytics MSI,2570,WN 2026,GINF,047901,SI,699
11788806,FA 2024,GINF,WN 2026, ,02003,Information Mas,0775MSI,Big Data Analytics MSI,2570,WN 2026,GINF,048268,SI,630
11788806,FA 2024,GINF,WN 2026, ,02003,Information Mas,0775MSI,Big Data Analytics MSI,2570,WN 2026,GINF,050162,SI,510
11788806,FA 2024,GINF,WN 2026, ,02003,Information Mas,0775MSI,Big Data Analytics MSI,2570,WN 2026,GINF,050252,DIGITAL,601
11998096,FA 2024,GINF,WN 2026, ,02003,Information Mas,9445MSI,User Experience Design MSI,2510,FA 2024,GINF,017281,SI,588
11998096,FA 2024,GINF,WN 2026, ,02003,Information Mas,9445MSI,User Experience Design MSI,2510,FA 2024,GINF,039178,SI,539
11998096,FA 2024,GINF,WN 2026, ,02003,Information Mas,9445MSI,User Experience Design MSI,2510,FA 2024,GINF,047246,SI,506
11998096,FA 2024,GINF,WN 2026, ,02003,Information Mas,9445MSI,User Experience Design MSI,2510,FA 2024,GINF,048129,SI,505
11998096,FA 2024,GINF,WN 2026, ,02003,Information Mas,9445MSI,User Experience Design MSI,2510,FA 2024,GINF,051553,SI,500
11998096,FA 2024,GINF,WN 2026, ,02003,Information Mas,9445MSI,User Experience Design MSI,2520,WN 2025,GINF,020401,SI,622
11998096,FA 2024,GINF,WN 2026, ,02003,Information Mas,9445MSI,User Experience Design MSI,2520,WN 2025,GINF,021391,SI,511
11998096,FA 2024,GINF,WN 2026, ,02003,Information Mas,9445MSI,User Experience Design MSI,2520,WN 2025,GINF,039081,SI,529
11998096,FA 2024,GINF,WN 2026, ,02003,Information Mas,9445MSI,User Experience Design MSI,2520,WN 2025,GINF,040667,SI,681
11998096,FA 2024,GINF,WN 2026, ,02003,Information Mas,9445MSI,User Experience Design MSI,2520,WN 2025,GINF,044772,SI,582
11998096,FA 2024,GINF,WN 2026, ,02003,Information Mas,9445MSI,User Experience Design MSI,2520,WN 2025,GINF,045393,SI,552
11998096,FA 2024,GINF,WN 2026, ,02003,Information Mas,9445MSI,User Experience Design MSI,2560,FA 2025,GINF,001459,SI,690
11998096,FA 2024,GINF,WN 2026, ,02003,Information Mas,9445MSI,User Experience Design MSI,2560,FA 2025,GINF,021400,SI,520
11998096,FA 2024,GINF,WN 2026, ,02003,Information Mas,9445MSI,User Experience Design MSI,2560,FA 2025,GINF,045687,SI,538
11998096,FA 2024,GINF,WN 2026, ,02003,Information Mas,9445MSI,User Experience Design MSI,2560,FA 2025,GINF,048488,SI,559
11998096,FA 2024,GINF,WN 2026, ,02003,Information Mas,9445MSI,User Experience Design MSI,2570,WN 2026,GINF,021391,SI,511
11998096,FA 2024,GINF,WN 2026, ,02003,Information Mas,9445MSI,User Experience Design MSI,2570,WN 2026,GINF,047901,SI,699
12061561,FA 2024,GINF,WN 2027, ,02003,Information Mas,9445MSI,User Experience Design MSI,2510,FA 2024,GINF,017281,SI,588
12061561,FA 2024,GINF,WN 2027, ,02003,Information Mas,9445MSI,User Experience Design MSI,2510,FA 2024,GINF,039178,SI,539
12061561,FA 2024,GINF,WN 2027, ,02003,Information Mas,9445MSI,User Experience Design MSI,2510,FA 2024,GINF,047246,SI,506
12061561,FA 2024,GINF,WN 2027, ,02003,Information Mas,9445MSI,User Experience Design MSI,2510,FA 2024,GINF,048129,SI,505
12061561,FA 2024,GINF,WN 2027, ,02003,Information Mas,9445MSI,User Experience Design MSI,2510,FA 2024,GINF,051553,SI,500
12061561,FA 2024,GINF,WN 2027, ,02003,Information Mas,9445MSI,User Experience Design MSI,2520,WN 2025,GINF,020401,SI,622
12061561,FA 2024,GINF,WN 2027, ,02003,Information Mas,9445MSI,User Experience Design MSI,2520,WN 2025,GINF,021400,SI,520
12061561,FA 2024,GINF,WN 2027, ,02003,Information Mas,9445MSI,User Experience Design MSI,2520,WN 2025,GINF,040667,SI,681
12061561,FA 2024,GINF,WN 2027, ,02003,Information Mas,9445MSI,User Experience Design MSI,2520,WN 2025,GINF,044772,SI,582
12061561,FA 2024,GINF,WN 2027, ,02003,Information Mas,9445MSI,User Experience Design MSI,2520,WN 2025,GINF,045393,SI,552
12061561,FA 2024,GINF,WN 2027, ,02003,Information Mas,9445MSI,User Experience Design MSI,2560,FA 2025,GINF,021391,SI,511
12061561,FA 2024,GINF,WN 2027, ,02003,Information Mas,9445MSI,User Experience Design MSI,2560,FA 2025,GINF,044798,ENTR,599
12061561,FA 2024,GINF,WN 2027, ,02003,Information Mas,9445MSI,User Experience Design MSI,2560,FA 2025,GINF,047304,ENTR,550
12061561,FA 2024,GINF,WN 2027, ,02003,Information Mas,9445MSI,User Experience Design MSI,2560,FA 2025,GINF,047901,SI,699
12061561,FA 2024,GINF,WN 2027, ,02003,Information Mas,9445MSI,User Experience Design MSI,2570,WN 2026,GINF,021391,SI,511
12061561,FA 2024,GINF,WN 2027, ,02003,Information Mas,9445MSI,User Experience Design MSI,2570,WN 2026,GINF,046306,SI,616
12321272,FA 2024,GINF,WN 2025,WN 2025,02003,Information Mas,9445MSI,User Experience Design MSI,2510,FA 2024,GINF,001459,SI,690
12321272,FA 2024,GINF,WN 2025,WN 2025,02003,Information Mas,9445MSI,User Experience Design MSI,2510,FA 2024,GINF,045687,SI,538
12321272,FA 2024,GINF,WN 2025,WN 2025,02003,Information Mas,9445MSI,User Experience Design MSI,2510,FA 2024,GINF,046306,SI,616
12321272,FA 2024,GINF,WN 2025,WN 2025,02003,Information Mas,9445MSI,User Experience Design MSI,2510,FA 2024,GINF,048488,SI,559
12321272,FA 2024,GINF,WN 2025,WN 2025,02003,Information Mas,9445MSI,User Experience Design MSI,2510,FA 2024,GINF,051553,SI,500
12321272,FA 2024,GINF,WN 2025,WN 2025,02003,Information Mas,9445MSI,User Experience Design MSI,2520,WN 2025,GINF,047901,SI,699
12321272,FA 2024,GINF,WN 2025,WN 2025,02003,Information Mas,9445MSI,User Experience Design MSI,2520,WN 2025,GINF,051836,SI,611
12404922,FA 2025,GINF,WN 2027, ,02003,Information Mas,0775MSI,Big Data Analytics MSI,2560,FA 2025,GINF,016607,SI,544
12404922,FA 2025,GINF,WN 2027, ,02003,Information Mas,0775MSI,Big Data Analytics MSI,2560,FA 2025,GINF,047246,SI,506
12404922,FA 2025,GINF,WN 2027, ,02003,Information Mas,0775MSI,Big Data Analytics MSI,2560,FA 2025,GINF,049601,SI,564
12404922,FA 2025,GINF,WN 2027, ,02003,Information Mas,0775MSI,Big Data Analytics MSI,2560,FA 2025,GINF,050164,SI,504
12404922,FA 2025,GINF,WN 2027, ,02003,Information Mas,0775MSI,Big Data Analytics MSI,2560,FA 2025,GINF,051553,SI,500
12404922,FA 2025,GINF,WN 2027, ,02003,Information Mas,0775MSI,Big Data Analytics MSI,2570,WN 2026,GINF,041626,SI,664
12404922,FA 2025,GINF,WN 2027, ,02003,Information Mas,0775MSI,Big Data Analytics MSI,2570,WN 2026,GINF,042091,SI,618
12404922,FA 2025,GINF,WN 2027, ,02003,Information Mas,0775MSI,Big Data Analytics MSI,2570,WN 2026,GINF,042324,SI,639
12404922,FA 2025,GINF,WN 2027, ,02003,Information Mas,0775MSI,Big Data Analytics MSI,2570,WN 2026,GINF,047640,SI,507
12404922,FA 2025,GINF,WN 2027, ,02003,Information Mas,0775MSI,Big Data Analytics MSI,2570,WN 2026,GINF,050663,SI,568
12404922,FA 2025,GINF,WN 2027, ,02003,Information Mas,0775MSI,Big Data Analytics MSI,2570,WN 2026,GINF,050983,SI,602
12474321,FA 2024,GINF,WN 2026, ,02003,Information Mas,9445MSI,User Experience Design MSI,2510,FA 2024,GINF,017281,SI,588
12474321,FA 2024,GINF,WN 2026, ,02003,Information Mas,9445MSI,User Experience Design MSI,2510,FA 2024,GINF,021400,SI,520
12474321,FA 2024,GINF,WN 2026, ,02003,Information Mas,9445MSI,User Experience Design MSI,2510,FA 2024,GINF,051553,SI,500
12474321,FA 2024,GINF,WN 2026, ,02003,Information Mas,9445MSI,User Experience Design MSI,2520,WN 2025,GINF,020401,SI,622
12474321,FA 2024,GINF,WN 2026, ,02003,Information Mas,9445MSI,User Experience Design MSI,2520,WN 2025,GINF,021391,SI,511
12474321,FA 2024,GINF,WN 2026, ,02003,Information Mas,9445MSI,User Experience Design MSI,2520,WN 2025,GINF,040667,SI,681
12474321,FA 2024,GINF,WN 2026, ,02003,Information Mas,9445MSI,User Experience Design MSI,2520,WN 2025,GINF,044772,SI,582
12474321,FA 2024,GINF,WN 2026, ,02003,Information Mas,9445MSI,User Experience Design MSI,2520,WN 2025,GINF,047246,SI,506
12474321,FA 2024,GINF,WN 2026, ,02003,Information Mas,9445MSI,User Experience Design MSI,2560,FA 2025,GINF,039178,SI,539
12474321,FA 2024,GINF,WN 2026, ,02003,Information Mas,9445MSI,User Experience Design MSI,2560,FA 2025,GINF,045393,SI,552
12474321,FA 2024,GINF,WN 2026, ,02003,Information Mas,9445MSI,User Experience Design MSI,2560,FA 2025,GINF,045771,SI,684
12474321,FA 2024,GINF,WN 2026, ,02003,Information Mas,9445MSI,User Experience Design MSI,2570,WN 2026,GINF,017446,PAT,502
12474321,FA 2024,GINF,WN 2026, ,02003,Information Mas,9445MSI,User Experience Design MSI,2570,WN 2026,GINF,047901,SI,699
12474321,FA 2024,GINF,WN 2026, ,02003,Information Mas,9445MSI,User Experience Design MSI,2570,WN 2026,GINF,051268,PAT,504
12474321,FA 2024,GINF,WN 2026, ,02003,Information Mas,9445MSI,User Experience Design MSI,2570,WN 2026,GINF,051836,SI,611
12530602,FA 2025,GINF,WN 2027, ,02003,Information Mas,9455MSI,User-Centered Agile Dev MSI,2560,FA 2025,GINF,017281,SI,588
12530602,FA 2025,GINF,WN 2027, ,02003,Information Mas,9455MSI,User-Centered Agile Dev MSI,2560,FA 2025,GINF,047246,SI,506
12530602,FA 2025,GINF,WN 2027, ,02003,Information Mas,9455MSI,User-Centered Agile Dev MSI,2560,FA 2025,GINF,049601,SI,564
12530602,FA 2025,GINF,WN 2027, ,02003,Information Mas,9455MSI,User-Centered Agile Dev MSI,2560,FA 2025,GINF,050164,SI,504
12530602,FA 2025,GINF,WN 2027, ,02003,Information Mas,9455MSI,User-Centered Agile Dev MSI,2560,FA 2025,GINF,051553,SI,500
12530602,FA 2025,GINF,WN 2027, ,02003,Information Mas,9455MSI,User-Centered Agile Dev MSI,2570,WN 2026,GINF,020401,SI,622
12530602,FA 2025,GINF,WN 2027, ,02003,Information Mas,9455MSI,User-Centered Agile Dev MSI,2570,WN 2026,GINF,039178,SI,539
12530602,FA 2025,GINF,WN 2027, ,02003,Information Mas,9455MSI,User-Centered Agile Dev MSI,2570,WN 2026,GINF,044772,SI,582
12530602,FA 2025,GINF,WN 2027, ,02003,Information Mas,9455MSI,User-Centered Agile Dev MSI,2570,WN 2026,GINF,050159,SI,579
12645009,FA 2024,GINF,WN 2026, ,02003,Information Mas,0775MSI,Big Data Analytics MSI,2510,FA 2024,GINF,016607,SI,544
12645009,FA 2024,GINF,WN 2026, ,02003,Information Mas,0775MSI,Big Data Analytics MSI,2510,FA 2024,GINF,047640,SI,507
12645009,FA 2024,GINF,WN 2026, ,02003,Information Mas,0775MSI,Big Data Analytics MSI,2510,FA 2024,GINF,048129,SI,505
12645009,FA 2024,GINF,WN 2026, ,02003,Information Mas,0775MSI,Big Data Analytics MSI,2510,FA 2024,GINF,049601,SI,564
12645009,FA 2024,GINF,WN 2026, ,02003,Information Mas,0775MSI,Big Data Analytics MSI,2510,FA 2024,GINF,050164,SI,504
12645009,FA 2024,GINF,WN 2026, ,02003,Information Mas,0775MSI,Big Data Analytics MSI,2510,FA 2024,GINF,051553,SI,500
12645009,FA 2024,GINF,WN 2026, ,02003,Information Mas,0775MSI,Big Data Analytics MSI,2520,WN 2025,GINF,021391,SI,511
12645009,FA 2024,GINF,WN 2026, ,02003,Information Mas,0775MSI,Big Data Analytics MSI,2520,WN 2025,GINF,040667,SI,681
12645009,FA 2024,GINF,WN 2026, ,02003,Information Mas,0775MSI,Big Data Analytics MSI,2520,WN 2025,GINF,042091,SI,618
12645009,FA 2024,GINF,WN 2026, ,02003,Information Mas,0775MSI,Big Data Analytics MSI,2520,WN 2025,GINF,044798,ENTR,599
12645009,FA 2024,GINF,WN 2026, ,02003,Information Mas,0775MSI,Big Data Analytics MSI,2520,WN 2025,GINF,050663,SI,568
12645009,FA 2024,GINF,WN 2026, ,02003,Information Mas,0775MSI,Big Data Analytics MSI,2520,WN 2025,GINF,050983,SI,602
12645009,FA 2024,GINF,WN 2026, ,02003,Information Mas,0775MSI,Big Data Analytics MSI,2520,WN 2025,GINF,051462,SI,644
12645009,FA 2024,GINF,WN 2026, ,02003,Information Mas,0775MSI,Big Data Analytics MSI,2560,FA 2025,GINF,001459,SI,690
12645009,FA 2024,GINF,WN 2026, ,02003,Information Mas,0775MSI,Big Data Analytics MSI,2560,FA 2025,GINF,020934,SI,649
12645009,FA 2024,GINF,WN 2026, ,02003,Information Mas,0775MSI,Big Data Analytics MSI,2560,FA 2025,GINF,020997,BCOM,561
12645009,FA 2024,GINF,WN 2026, ,02003,Information Mas,0775MSI,Big Data Analytics MSI,2560,FA 2025,GINF,041934,SI,608
12645009,FA 2024,GINF,WN 2026, ,02003,Information Mas,0775MSI,Big Data Analytics MSI,2560,FA 2025,GINF,045930,SI,671
12645009,FA 2024,GINF,WN 2026, ,02003,Information Mas,0775MSI,Big Data Analytics MSI,2560,FA 2025,GINF,047228,ENTR,500
12645009,FA 2024,GINF,WN 2026, ,02003,Information Mas,0775MSI,Big Data Analytics MSI,2560,FA 2025,GINF,047304,ENTR,550
12645009,FA 2024,GINF,WN 2026, ,02003,Information Mas,0775MSI,Big Data Analytics MSI,2570,WN 2026,GINF,001459,SI,690
12645009,FA 2024,GINF,WN 2026, ,02003,Information Mas,0775MSI,Big Data Analytics MSI,2570,WN 2026,GINF,047901,SI,699
12719267,FA 2025,GINF,WN 2027, ,02003,Information Mas,0775MSI,Big Data Analytics MSI,2560,FA 2025,GINF,016607,SI,544
12719267,FA 2025,GINF,WN 2027, ,02003,Information Mas,0775MSI,Big Data Analytics MSI,2560,FA 2025,GINF,047246,SI,506
12719267,FA 2025,GINF,WN 2027, ,02003,Information Mas,0775MSI,Big Data Analytics MSI,2560,FA 2025,GINF,050164,SI,504
12719267,FA 2025,GINF,WN 2027, ,02003,Information Mas,0775MSI,Big Data Analytics MSI,2560,FA 2025,GINF,051553,SI,500
12719267,FA 2025,GINF,WN 2027, ,02003,Information Mas,0775MSI,Big Data Analytics MSI,2570,WN 2026,GINF,014748,EECS,545
12719267,FA 2025,GINF,WN 2027, ,02003,Information Mas,0775MSI,Big Data Analytics MSI,2570,WN 2026,GINF,042091,SI,618
12719267,FA 2025,GINF,WN 2027, ,02003,Information Mas,0775MSI,Big Data Analytics MSI,2570,WN 2026,GINF,047640,SI,507
12719267,FA 2025,GINF,WN 2027, ,02003,Information Mas,0775MSI,Big Data Analytics MSI,2570,WN 2026,GINF,050663,SI,568
12793432,FA 2024,GINF,WN 2026, ,02003,Information Mas,9445MSI,User Experience Design MSI,2510,FA 2024,GINF,017281,SI,588
12793432,FA 2024,GINF,WN 2026, ,02003,Information Mas,9445MSI,User Experience Design MSI,2510,FA 2024,GINF,044772,SI,582
12793432,FA 2024,GINF,WN 2026, ,02003,Information Mas,9445MSI,User Experience Design MSI,2510,FA 2024,GINF,047246,SI,506
12793432,FA 2024,GINF,WN 2026, ,02003,Information Mas,9445MSI,User Experience Design MSI,2510,FA 2024,GINF,048129,SI,505
12793432,FA 2024,GINF,WN 2026, ,02003,Information Mas,9445MSI,User Experience Design MSI,2510,FA 2024,GINF,051553,SI,500
12793432,FA 2024,GINF,WN 2026, ,02003,Information Mas,9445MSI,User Experience Design MSI,2520,WN 2025,GINF,020401,SI,622
12793432,FA 2024,GINF,WN 2026, ,02003,Information Mas,9445MSI,User Experience Design MSI,2520,WN 2025,GINF,021400,SI,520
12793432,FA 2024,GINF,WN 2026, ,02003,Information Mas,9445MSI,User Experience Design MSI,2520,WN 2025,GINF,039178,SI,539
12793432,FA 2024,GINF,WN 2026, ,02003,Information Mas,9445MSI,User Experience Design MSI,2520,WN 2025,GINF,040667,SI,681
12793432,FA 2024,GINF,WN 2026, ,02003,Information Mas,9445MSI,User Experience Design MSI,2520,WN 2025,GINF,045393,SI,552
12793432,FA 2024,GINF,WN 2026, ,02003,Information Mas,9445MSI,User Experience Design MSI,2520,WN 2025,GINF,051836,SI,611
12793432,FA 2024,GINF,WN 2026, ,02003,Information Mas,9445MSI,User Experience Design MSI,2560,FA 2025,GINF,001459,SI,690
12793432,FA 2024,GINF,WN 2026, ,02003,Information Mas,9445MSI,User Experience Design MSI,2560,FA 2025,GINF,021050,SI,691
12793432,FA 2024,GINF,WN 2026, ,02003,Information Mas,9445MSI,User Experience Design MSI,2560,FA 2025,GINF,021391,SI,511
12793432,FA 2024,GINF,WN 2026, ,02003,Information Mas,9445MSI,User Experience Design MSI,2560,FA 2025,GINF,045771,SI,684
12793432,FA 2024,GINF,WN 2026, ,02003,Information Mas,9445MSI,User Experience Design MSI,2570,WN 2026,GINF,021050,SI,691
12793432,FA 2024,GINF,WN 2026, ,02003,Information Mas,9445MSI,User Experience Design MSI,2570,WN 2026,GINF,047901,SI,699
13029352,FA 2025,GINF,WN 2027, ,02003,Information Mas,0775MSI,Big Data Analytics MSI,2560,FA 2025,GINF,016607,SI,544
13029352,FA 2025,GINF,WN 2027, ,02003,Information Mas,0775MSI,Big Data Analytics MSI,2560,FA 2025,GINF,047246,SI,506
13029352,FA 2025,GINF,WN 2027, ,02003,Information Mas,0775MSI,Big Data Analytics MSI,2560,FA 2025,GINF,050164,SI,504
13029352,FA 2025,GINF,WN 2027, ,02003,Information Mas,0775MSI,Big Data Analytics MSI,2560,FA 2025,GINF,051553,SI,500
13029352,FA 2025,GINF,WN 2027, ,02003,Information Mas,0775MSI,Big Data Analytics MSI,2570,WN 2026,GINF,042091,SI,618
13029352,FA 2025,GINF,WN 2027, ,02003,Information Mas,0775MSI,Big Data Analytics MSI,2570,WN 2026,GINF,047640,SI,507
13029352,FA 2025,GINF,WN 2027, ,02003,Information Mas,0775MSI,Big Data Analytics MSI,2570,WN 2026,GINF,050663,SI,568
13029352,FA 2025,GINF,WN 2027, ,02003,Information Mas,0775MSI,Big Data Analytics MSI,2570,WN 2026,GINF,050983,SI,602
13208091,FA 2024,GINF,WN 2026, ,02003,Information Mas,9445MSI,User Experience Design MSI,2510,FA 2024,GINF,017281,SI,588
13208091,FA 2024,GINF,WN 2026, ,02003,Information Mas,9445MSI,User Experience Design MSI,2510,FA 2024,GINF,047246,SI,506
13208091,FA 2024,GINF,WN 2026, ,02003,Information Mas,9445MSI,User Experience Design MSI,2510,FA 2024,GINF,048129,SI,505
13208091,FA 2024,GINF,WN 2026, ,02003,Information Mas,9445MSI,User Experience Design MSI,2510,FA 2024,GINF,051553,SI,500
13208091,FA 2024,GINF,WN 2026, ,02003,Information Mas,9445MSI,User Experience Design MSI,2520,WN 2025,GINF,020401,SI,622
13208091,FA 2024,GINF,WN 2026, ,02003,Information Mas,9445MSI,User Experience Design MSI,2520,WN 2025,GINF,021400,SI,520
13208091,FA 2024,GINF,WN 2026, ,02003,Information Mas,9445MSI,User Experience Design MSI,2520,WN 2025,GINF,040667,SI,681
13208091,FA 2024,GINF,WN 2026, ,02003,Information Mas,9445MSI,User Experience Design MSI,2520,WN 2025,GINF,044772,SI,582
13208091,FA 2024,GINF,WN 2026, ,02003,Information Mas,9445MSI,User Experience Design MSI,2520,WN 2025,GINF,050136,UARTS,560
13208091,FA 2024,GINF,WN 2026, ,02003,Information Mas,9445MSI,User Experience Design MSI,2560,FA 2025,GINF,039178,SI,539
13208091,FA 2024,GINF,WN 2026, ,02003,Information Mas,9445MSI,User Experience Design MSI,2560,FA 2025,GINF,044772,SI,582
13208091,FA 2024,GINF,WN 2026, ,02003,Information Mas,9445MSI,User Experience Design MSI,2560,FA 2025,GINF,044798,ENTR,599
13208091,FA 2024,GINF,WN 2026, ,02003,Information Mas,9445MSI,User Experience Design MSI,2560,FA 2025,GINF,048421,ENTR,560
13208091,FA 2024,GINF,WN 2026, ,02003,Information Mas,9445MSI,User Experience Design MSI,2560,FA 2025,GINF,048488,SI,559
13208091,FA 2024,GINF,WN 2026, ,02003,Information Mas,9445MSI,User Experience Design MSI,2560,FA 2025,GINF,050136,UARTS,560
13208091,FA 2024,GINF,WN 2026, ,02003,Information Mas,9445MSI,User Experience Design MSI,2570,WN 2026,GINF,043863,SI,612
13208091,FA 2024,GINF,WN 2026, ,02003,Information Mas,9445MSI,User Experience Design MSI,2570,WN 2026,GINF,047901,SI,699
13208091,FA 2024,GINF,WN 2026, ,02003,Information Mas,9445MSI,User Experience Design MSI,2570,WN 2026,GINF,051836,SI,611
13445684,FA 2025,GINF,WN 2027, ,02003,Information Mas,0775MSI,Big Data Analytics MSI,2560,FA 2025,GINF,016607,SI,544
13445684,FA 2025,GINF,WN 2027, ,02003,Information Mas,0775MSI,Big Data Analytics MSI,2560,FA 2025,GINF,043396,EECS,402
13445684,FA 2025,GINF,WN 2027, ,02003,Information Mas,0775MSI,Big Data Analytics MSI,2570,WN 2026,GINF,047640,SI,507
13445684,FA 2025,GINF,WN 2027, ,02003,Information Mas,0775MSI,Big Data Analytics MSI,2570,WN 2026,GINF,049601,SI,564
13445684,FA 2025,GINF,WN 2027, ,02003,Information Mas,0775MSI,Big Data Analytics MSI,2570,WN 2026,GINF,050164,SI,504
13445684,FA 2025,GINF,WN 2027, ,02003,Information Mas,0775MSI,Big Data Analytics MSI,2570,WN 2026,GINF,050663,SI,568
13511449,FA 2025,GINF,WN 2027, ,02003,Information Mas,9445MSI,User Experience Design MSI,2560,FA 2025,GINF,021400,SI,520
13511449,FA 2025,GINF,WN 2027, ,02003,Information Mas,9445MSI,User Experience Design MSI,2560,FA 2025,GINF,047246,SI,506
13511449,FA 2025,GINF,WN 2027, ,02003,Information Mas,9445MSI,User Experience Design MSI,2560,FA 2025,GINF,048831,SI,547
13511449,FA 2025,GINF,WN 2027, ,02003,Information Mas,9445MSI,User Experience Design MSI,2560,FA 2025,GINF,051553,SI,500
13511449,FA 2025,GINF,WN 2027, ,02003,Information Mas,9445MSI,User Experience Design MSI,2570,WN 2026,GINF,052182,SIABRD,504
13528833,FA 2025,GINF,WN 2027, ,02003,Information Mas,9445MSI,User Experience Design MSI,2560,FA 2025,GINF,021400,SI,520
13528833,FA 2025,GINF,WN 2027, ,02003,Information Mas,9445MSI,User Experience Design MSI,2560,FA 2025,GINF,045393,SI,552
13528833,FA 2025,GINF,WN 2027, ,02003,Information Mas,9445MSI,User Experience Design MSI,2560,FA 2025,GINF,047246,SI,506
13528833,FA 2025,GINF,WN 2027, ,02003,Information Mas,9445MSI,User Experience Design MSI,2560,FA 2025,GINF,051553,SI,500
13528833,FA 2025,GINF,WN 2027, ,02003,Information Mas,9445MSI,User Experience Design MSI,2570,WN 2026,GINF,020401,SI,622
13528833,FA 2025,GINF,WN 2027, ,02003,Information Mas,9445MSI,User Experience Design MSI,2570,WN 2026,GINF,039178,SI,539
13528833,FA 2025,GINF,WN 2027, ,02003,Information Mas,9445MSI,User Experience Design MSI,2570,WN 2026,GINF,047304,ENTR,550
13528833,FA 2025,GINF,WN 2027, ,02003,Information Mas,9445MSI,User Experience Design MSI,2570,WN 2026,GINF,048421,ENTR,560
13549644,FA 2024,GINF,WN 2026, ,02003,Information Mas,0775MSI,Big Data Analytics MSI,2510,FA 2024,GINF,016607,SI,544
13549644,FA 2024,GINF,WN 2026, ,02003,Information Mas,0775MSI,Big Data Analytics MSI,2510,FA 2024,GINF,047246,SI,506
13549644,FA 2024,GINF,WN 2026, ,02003,Information Mas,0775MSI,Big Data Analytics MSI,2510,FA 2024,GINF,049601,SI,564
13549644,FA 2024,GINF,WN 2026, ,02003,Information Mas,0775MSI,Big Data Analytics MSI,2510,FA 2024,GINF,050164,SI,504
13549644,FA 2024,GINF,WN 2026, ,02003,Information Mas,0775MSI,Big Data Analytics MSI,2510,FA 2024,GINF,051553,SI,500
13549644,FA 2024,GINF,WN 2026, ,02003,Information Mas,0775MSI,Big Data Analytics MSI,2520,WN 2025,GINF,040667,SI,681
13549644,FA 2024,GINF,WN 2026, ,02003,Information Mas,0775MSI,Big Data Analytics MSI,2520,WN 2025,GINF,041626,SI,664
13549644,FA 2024,GINF,WN 2026, ,02003,Information Mas,0775MSI,Big Data Analytics MSI,2520,WN 2025,GINF,042091,SI,618
13549644,FA 2024,GINF,WN 2026, ,02003,Information Mas,0775MSI,Big Data Analytics MSI,2520,WN 2025,GINF,047640,SI,507
13549644,FA 2024,GINF,WN 2026, ,02003,Information Mas,0775MSI,Big Data Analytics MSI,2520,WN 2025,GINF,048129,SI,505
13549644,FA 2024,GINF,WN 2026, ,02003,Information Mas,0775MSI,Big Data Analytics MSI,2520,WN 2025,GINF,050663,SI,568
13549644,FA 2024,GINF,WN 2026, ,02003,Information Mas,0775MSI,Big Data Analytics MSI,2520,WN 2025,GINF,050983,SI,602
13549644,FA 2024,GINF,WN 2026, ,02003,Information Mas,0775MSI,Big Data Analytics MSI,2560,FA 2025,GINF,009732,SI,650
13549644,FA 2024,GINF,WN 2026, ,02003,Information Mas,0775MSI,Big Data Analytics MSI,2560,FA 2025,GINF,041855,SI,631
13549644,FA 2024,GINF,WN 2026, ,02003,Information Mas,0775MSI,Big Data Analytics MSI,2560,FA 2025,GINF,047228,ENTR,500
13549644,FA 2024,GINF,WN 2026, ,02003,Information Mas,0775MSI,Big Data Analytics MSI,2560,FA 2025,GINF,048500,SI,670
13549644,FA 2024,GINF,WN 2026, ,02003,Information Mas,0775MSI,Big Data Analytics MSI,2570,WN 2026,GINF,020934,SI,649
13549644,FA 2024,GINF,WN 2026, ,02003,Information Mas,0775MSI,Big Data Analytics MSI,2570,WN 2026,GINF,047901,SI,699
13619821,FA 2024,GINF,WN 2026, ,02003,Information Mas,9445MSI,User Experience Design MSI,2510,FA 2024,GINF,017281,SI,588
13619821,FA 2024,GINF,WN 2026, ,02003,Information Mas,9445MSI,User Experience Design MSI,2510,FA 2024,GINF,039178,SI,539
13619821,FA 2024,GINF,WN 2026, ,02003,Information Mas,9445MSI,User Experience Design MSI,2510,FA 2024,GINF,047246,SI,506
13619821,FA 2024,GINF,WN 2026, ,02003,Information Mas,9445MSI,User Experience Design MSI,2510,FA 2024,GINF,051553,SI,500
13619821,FA 2024,GINF,WN 2026, ,02003,Information Mas,9445MSI,User Experience Design MSI,2520,WN 2025,GINF,012085,MKT,613
13619821,FA 2024,GINF,WN 2026, ,02003,Information Mas,9445MSI,User Experience Design MSI,2520,WN 2025,GINF,020401,SI,622
13619821,FA 2024,GINF,WN 2026, ,02003,Information Mas,9445MSI,User Experience Design MSI,2520,WN 2025,GINF,040667,SI,681
13619821,FA 2024,GINF,WN 2026, ,02003,Information Mas,9445MSI,User Experience Design MSI,2520,WN 2025,GINF,044799,ENTR,490
13619821,FA 2024,GINF,WN 2026, ,02003,Information Mas,9445MSI,User Experience Design MSI,2520,WN 2025,GINF,047228,ENTR,500
13619821,FA 2024,GINF,WN 2026, ,02003,Information Mas,9445MSI,User Experience Design MSI,2520,WN 2025,GINF,048129,SI,505
13619821,FA 2024,GINF,WN 2026, ,02003,Information Mas,9445MSI,User Experience Design MSI,2520,WN 2025,GINF,048421,ENTR,560
13619821,FA 2024,GINF,WN 2026, ,02003,Information Mas,9445MSI,User Experience Design MSI,2560,FA 2025,GINF,021391,SI,511
13619821,FA 2024,GINF,WN 2026, ,02003,Information Mas,9445MSI,User Experience Design MSI,2560,FA 2025,GINF,021400,SI,520
13619821,FA 2024,GINF,WN 2026, ,02003,Information Mas,9445MSI,User Experience Design MSI,2560,FA 2025,GINF,044772,SI,582
13619821,FA 2024,GINF,WN 2026, ,02003,Information Mas,9445MSI,User Experience Design MSI,2570,WN 2026,GINF,017508,TO,512
13619821,FA 2024,GINF,WN 2026, ,02003,Information Mas,9445MSI,User Experience Design MSI,2570,WN 2026,GINF,039081,SI,529
13619821,FA 2024,GINF,WN 2026, ,02003,Information Mas,9445MSI,User Experience Design MSI,2570,WN 2026,GINF,045393,SI,552
13619821,FA 2024,GINF,WN 2026, ,02003,Information Mas,9445MSI,User Experience Design MSI,2570,WN 2026,GINF,047901,SI,699
13863274,FA 2024,GINF,WN 2026, ,02003,Information Mas,4865MSI,"Lib, Arch&Knwl Envs in Soc MSI",2510,FA 2024,GINF,021045,SI,666
13863274,FA 2024,GINF,WN 2026, ,02003,Information Mas,4865MSI,"Lib, Arch&Knwl Envs in Soc MSI",2510,FA 2024,GINF,047246,SI,506
13863274,FA 2024,GINF,WN 2026, ,02003,Information Mas,4865MSI,"Lib, Arch&Knwl Envs in Soc MSI",2510,FA 2024,GINF,051553,SI,500
13863274,FA 2024,GINF,WN 2026, ,02003,Information Mas,4865MSI,"Lib, Arch&Knwl Envs in Soc MSI",2520,WN 2025,GINF,009731,SI,580
13863274,FA 2024,GINF,WN 2026, ,02003,Information Mas,4865MSI,"Lib, Arch&Knwl Envs in Soc MSI",2520,WN 2025,GINF,040667,SI,681
13863274,FA 2024,GINF,WN 2026, ,02003,Information Mas,4865MSI,"Lib, Arch&Knwl Envs in Soc MSI",2520,WN 2025,GINF,048280,SI,667
13863274,FA 2024,GINF,WN 2026, ,02003,Information Mas,4865MSI,"Lib, Arch&Knwl Envs in Soc MSI",2520,WN 2025,GINF,050162,SI,510
13863274,FA 2024,GINF,WN 2026, ,02003,Information Mas,4865MSI,"Lib, Arch&Knwl Envs in Soc MSI",2520,WN 2025,GINF,050164,SI,504
13863274,FA 2024,GINF,WN 2026, ,02003,Information Mas,4865MSI,"Lib, Arch&Knwl Envs in Soc MSI",2560,FA 2025,GINF,021042,SI,647
13863274,FA 2024,GINF,WN 2026, ,02003,Information Mas,4865MSI,"Lib, Arch&Knwl Envs in Soc MSI",2560,FA 2025,GINF,038948,SI,632
13863274,FA 2024,GINF,WN 2026, ,02003,Information Mas,4865MSI,"Lib, Arch&Knwl Envs in Soc MSI",2560,FA 2025,GINF,050028,SI,583
13863274,FA 2024,GINF,WN 2026, ,02003,Information Mas,4865MSI,"Lib, Arch&Knwl Envs in Soc MSI",2560,FA 2025,GINF,050161,SI,676
13863274,FA 2024,GINF,WN 2026, ,02003,Information Mas,4865MSI,"Lib, Arch&Knwl Envs in Soc MSI",2570,WN 2026,GINF,022326,SI,581
13863274,FA 2024,GINF,WN 2026, ,02003,Information Mas,4865MSI,"Lib, Arch&Knwl Envs in Soc MSI",2570,WN 2026,GINF,042324,SI,639
13863274,FA 2024,GINF,WN 2026, ,02003,Information Mas,4865MSI,"Lib, Arch&Knwl Envs in Soc MSI",2570,WN 2026,GINF,047641,SI,540
13863274,FA 2024,GINF,WN 2026, ,02003,Information Mas,4865MSI,"Lib, Arch&Knwl Envs in Soc MSI",2570,WN 2026,GINF,047901,SI,699
13863274,FA 2024,GINF,WN 2026, ,02003,Information Mas,4865MSI,"Lib, Arch&Knwl Envs in Soc MSI",2570,WN 2026,GINF,048129,SI,505
14065565,FA 2024,GINF,WN 2026, ,02003,Information Mas,9445MSI,User Experience Design MSI,2510,FA 2024,GINF,017281,SI,588
14065565,FA 2024,GINF,WN 2026, ,02003,Information Mas,9445MSI,User Experience Design MSI,2510,FA 2024,GINF,044772,SI,582
14065565,FA 2024,GINF,WN 2026, ,02003,Information Mas,9445MSI,User Experience Design MSI,2510,FA 2024,GINF,047246,SI,506
14065565,FA 2024,GINF,WN 2026, ,02003,Information Mas,9445MSI,User Experience Design MSI,2510,FA 2024,GINF,048129,SI,505
14065565,FA 2024,GINF,WN 2026, ,02003,Information Mas,9445MSI,User Experience Design MSI,2510,FA 2024,GINF,051553,SI,500
14065565,FA 2024,GINF,WN 2026, ,02003,Information Mas,9445MSI,User Experience Design MSI,2520,WN 2025,GINF,017508,TO,512
14065565,FA 2024,GINF,WN 2026, ,02003,Information Mas,9445MSI,User Experience Design MSI,2520,WN 2025,GINF,020401,SI,622
14065565,FA 2024,GINF,WN 2026, ,02003,Information Mas,9445MSI,User Experience Design MSI,2520,WN 2025,GINF,021400,SI,520
14065565,FA 2024,GINF,WN 2026, ,02003,Information Mas,9445MSI,User Experience Design MSI,2520,WN 2025,GINF,039178,SI,539
14065565,FA 2024,GINF,WN 2026, ,02003,Information Mas,9445MSI,User Experience Design MSI,2520,WN 2025,GINF,040667,SI,681
14065565,FA 2024,GINF,WN 2026, ,02003,Information Mas,9445MSI,User Experience Design MSI,2520,WN 2025,GINF,043863,SI,612
14065565,FA 2024,GINF,WN 2026, ,02003,Information Mas,9445MSI,User Experience Design MSI,2560,FA 2025,GINF,001459,SI,690
14065565,FA 2024,GINF,WN 2026, ,02003,Information Mas,9445MSI,User Experience Design MSI,2560,FA 2025,GINF,045393,SI,552
14065565,FA 2024,GINF,WN 2026, ,02003,Information Mas,9445MSI,User Experience Design MSI,2560,FA 2025,GINF,047304,ENTR,550
14065565,FA 2024,GINF,WN 2026, ,02003,Information Mas,9445MSI,User Experience Design MSI,2560,FA 2025,GINF,048488,SI,559
14065565,FA 2024,GINF,WN 2026, ,02003,Information Mas,9445MSI,User Experience Design MSI,2570,WN 2026,GINF,001459,SI,690
14065565,FA 2024,GINF,WN 2026, ,02003,Information Mas,9445MSI,User Experience Design MSI,2570,WN 2026,GINF,047901,SI,699
14065565,FA 2024,GINF,WN 2026, ,02003,Information Mas,9445MSI,User Experience Design MSI,2570,WN 2026,GINF,051454,SI,594
14065565,FA 2024,GINF,WN 2026, ,02003,Information Mas,9445MSI,User Experience Design MSI,2570,WN 2026,GINF,051836,SI,611
14118027,FA 2025,GINF,WN 2027, ,02003,Information Mas,9445MSI,User Experience Design MSI,2560,FA 2025,GINF,017281,SI,588
14118027,FA 2025,GINF,WN 2027, ,02003,Information Mas,9445MSI,User Experience Design MSI,2560,FA 2025,GINF,039178,SI,539
14118027,FA 2025,GINF,WN 2027, ,02003,Information Mas,9445MSI,User Experience Design MSI,2560,FA 2025,GINF,047246,SI,506
14118027,FA 2025,GINF,WN 2027, ,02003,Information Mas,9445MSI,User Experience Design MSI,2560,FA 2025,GINF,051553,SI,500
14118027,FA 2025,GINF,WN 2027, ,02003,Information Mas,9445MSI,User Experience Design MSI,2570,WN 2026,GINF,020401,SI,622
14118027,FA 2025,GINF,WN 2027, ,02003,Information Mas,9445MSI,User Experience Design MSI,2570,WN 2026,GINF,041626,SI,664
14118027,FA 2025,GINF,WN 2027, ,02003,Information Mas,9445MSI,User Experience Design MSI,2570,WN 2026,GINF,044772,SI,582
14118027,FA 2025,GINF,WN 2027, ,02003,Information Mas,9445MSI,User Experience Design MSI,2570,WN 2026,GINF,045393,SI,552
14120242,FA 2024,GINF,WN 2027, ,02003,Information Mas,4865MSI,"Lib, Arch&Knwl Envs in Soc MSI",2510,FA 2024,GINF,009731,SI,580
14120242,FA 2024,GINF,WN 2027, ,02003,Information Mas,4865MSI,"Lib, Arch&Knwl Envs in Soc MSI",2510,FA 2024,GINF,021045,SI,666
14120242,FA 2024,GINF,WN 2027, ,02003,Information Mas,4865MSI,"Lib, Arch&Knwl Envs in Soc MSI",2510,FA 2024,GINF,047246,SI,506
14120242,FA 2024,GINF,WN 2027, ,02003,Information Mas,4865MSI,"Lib, Arch&Knwl Envs in Soc MSI",2510,FA 2024,GINF,051553,SI,500
14120242,FA 2024,GINF,WN 2027, ,02003,Information Mas,4865MSI,"Lib, Arch&Knwl Envs in Soc MSI",2520,WN 2025,GINF,040667,SI,681
14120242,FA 2024,GINF,WN 2027, ,02003,Information Mas,4865MSI,"Lib, Arch&Knwl Envs in Soc MSI",2520,WN 2025,GINF,042313,HISTART,689
14120242,FA 2024,GINF,WN 2027, ,02003,Information Mas,4865MSI,"Lib, Arch&Knwl Envs in Soc MSI",2520,WN 2025,GINF,048280,SI,667
14120242,FA 2024,GINF,WN 2027, ,02003,Information Mas,4865MSI,"Lib, Arch&Knwl Envs in Soc MSI",2520,WN 2025,GINF,050162,SI,510
14120242,FA 2024,GINF,WN 2027, ,02003,Information Mas,4865MSI,"Lib, Arch&Knwl Envs in Soc MSI",2520,WN 2025,GINF,050165,SI,585
14120242,FA 2024,GINF,WN 2027, ,02003,Information Mas,4865MSI,"Lib, Arch&Knwl Envs in Soc MSI",2560,FA 2025,GINF,021042,SI,647
14120242,FA 2024,GINF,WN 2027, ,02003,Information Mas,4865MSI,"Lib, Arch&Knwl Envs in Soc MSI",2560,FA 2025,GINF,038948,SI,632
14120242,FA 2024,GINF,WN 2027, ,02003,Information Mas,4865MSI,"Lib, Arch&Knwl Envs in Soc MSI",2560,FA 2025,GINF,050028,SI,583
14120242,FA 2024,GINF,WN 2027, ,02003,Information Mas,4865MSI,"Lib, Arch&Knwl Envs in Soc MSI",2570,WN 2026,GINF,020803,SI,643
14120242,FA 2024,GINF,WN 2027, ,02003,Information Mas,4865MSI,"Lib, Arch&Knwl Envs in Soc MSI",2570,WN 2026,GINF,047901,SI,699
14529962,FA 2025,GINF,WN 2027, ,02003,Information Mas,9455MSI,User-Centered Agile Dev MSI,2560,FA 2025,GINF,042091,SI,618
14529962,FA 2025,GINF,WN 2027, ,02003,Information Mas,9455MSI,User-Centered Agile Dev MSI,2560,FA 2025,GINF,047640,SI,507
14529962,FA 2025,GINF,WN 2027, ,02003,Information Mas,9455MSI,User-Centered Agile Dev MSI,2560,FA 2025,GINF,048487,SI,669
14529962,FA 2025,GINF,WN 2027, ,02003,Information Mas,9455MSI,User-Centered Agile Dev MSI,2560,FA 2025,GINF,050159,SI,579
14529962,FA 2025,GINF,WN 2027, ,02003,Information Mas,9455MSI,User-Centered Agile Dev MSI,2560,FA 2025,GINF,050164,SI,504
14529962,FA 2025,GINF,WN 2027, ,02003,Information Mas,9455MSI,User-Centered Agile Dev MSI,2560,FA 2025,GINF,051553,SI,500
14529962,FA 2025,GINF,WN 2027, ,02003,Information Mas,9455MSI,User-Centered Agile Dev MSI,2560,FA 2025,GINF,052216,SI,512
14529962,FA 2025,GINF,WN 2027, ,02003,Information Mas,9455MSI,User-Centered Agile Dev MSI,2570,WN 2026,GINF,020803,SI,643
14529962,FA 2025,GINF,WN 2027, ,02003,Information Mas,9455MSI,User-Centered Agile Dev MSI,2570,WN 2026,GINF,021050,SI,691
14529962,FA 2025,GINF,WN 2027, ,02003,Information Mas,9455MSI,User-Centered Agile Dev MSI,2570,WN 2026,GINF,039081,SI,529
14529962,FA 2025,GINF,WN 2027, ,02003,Information Mas,9455MSI,User-Centered Agile Dev MSI,2570,WN 2026,GINF,039979,SI,623
14529962,FA 2025,GINF,WN 2027, ,02003,Information Mas,9455MSI,User-Centered Agile Dev MSI,2570,WN 2026,GINF,052216,SI,512
14589899,FA 2024,GINF,FA 2025,FA 2025,02003,Information Mas,9455MSI,User-Centered Agile Dev MSI,2510,FA 2024,GINF,001459,SI,690
14589899,FA 2024,GINF,FA 2025,FA 2025,02003,Information Mas,9455MSI,User-Centered Agile Dev MSI,2510,FA 2024,GINF,047640,SI,507
14589899,FA 2024,GINF,FA 2025,FA 2025,02003,Information Mas,9455MSI,User-Centered Agile Dev MSI,2510,FA 2024,GINF,050159,SI,579
14589899,FA 2024,GINF,FA 2025,FA 2025,02003,Information Mas,9455MSI,User-Centered Agile Dev MSI,2510,FA 2024,GINF,050164,SI,504
14589899,FA 2024,GINF,FA 2025,FA 2025,02003,Information Mas,9455MSI,User-Centered Agile Dev MSI,2510,FA 2024,GINF,051462,SI,644
14589899,FA 2024,GINF,FA 2025,FA 2025,02003,Information Mas,9455MSI,User-Centered Agile Dev MSI,2510,FA 2024,GINF,051553,SI,500
14589899,FA 2024,GINF,FA 2025,FA 2025,02003,Information Mas,9455MSI,User-Centered Agile Dev MSI,2520,WN 2025,GINF,021033,SI,652
14589899,FA 2024,GINF,FA 2025,FA 2025,02003,Information Mas,9455MSI,User-Centered Agile Dev MSI,2520,WN 2025,GINF,040667,SI,681
14589899,FA 2024,GINF,FA 2025,FA 2025,02003,Information Mas,9455MSI,User-Centered Agile Dev MSI,2520,WN 2025,GINF,047641,SI,540
14589899,FA 2024,GINF,FA 2025,FA 2025,02003,Information Mas,9455MSI,User-Centered Agile Dev MSI,2520,WN 2025,GINF,047901,SI,699
14589899,FA 2024,GINF,FA 2025,FA 2025,02003,Information Mas,9455MSI,User-Centered Agile Dev MSI,2560,FA 2025,GINF,041855,SI,631
14589899,FA 2024,GINF,FA 2025,FA 2025,02003,Information Mas,9455MSI,User-Centered Agile Dev MSI,2560,FA 2025,GINF,051462,SI,644
14748352,FA 2025,GINF,WN 2027, ,02003,Information Mas,4865MSI,"Lib, Arch&Knwl Envs in Soc MSI",2560,FA 2025,GINF,009731,SI,580
14748352,FA 2025,GINF,WN 2027, ,02003,Information Mas,4865MSI,"Lib, Arch&Knwl Envs in Soc MSI",2560,FA 2025,GINF,021045,SI,666
14748352,FA 2025,GINF,WN 2027, ,02003,Information Mas,4865MSI,"Lib, Arch&Knwl Envs in Soc MSI",2560,FA 2025,GINF,021391,SI,511
14748352,FA 2025,GINF,WN 2027, ,02003,Information Mas,4865MSI,"Lib, Arch&Knwl Envs in Soc MSI",2560,FA 2025,GINF,048831,SI,547
14748352,FA 2025,GINF,WN 2027, ,02003,Information Mas,4865MSI,"Lib, Arch&Knwl Envs in Soc MSI",2560,FA 2025,GINF,051553,SI,500
14748352,FA 2025,GINF,WN 2027, ,02003,Information Mas,4865MSI,"Lib, Arch&Knwl Envs in Soc MSI",2570,WN 2026,GINF,022326,SI,581
14748352,FA 2025,GINF,WN 2027, ,02003,Information Mas,4865MSI,"Lib, Arch&Knwl Envs in Soc MSI",2570,WN 2026,GINF,039979,SI,623
14748352,FA 2025,GINF,WN 2027, ,02003,Information Mas,4865MSI,"Lib, Arch&Knwl Envs in Soc MSI",2570,WN 2026,GINF,047246,SI,506
14748352,FA 2025,GINF,WN 2027, ,02003,Information Mas,4865MSI,"Lib, Arch&Knwl Envs in Soc MSI",2570,WN 2026,GINF,048280,SI,667
14748352,FA 2025,GINF,WN 2027, ,02003,Information Mas,4865MSI,"Lib, Arch&Knwl Envs in Soc MSI",2570,WN 2026,GINF,050162,SI,510
15010443,FA 2024,GINF,WN 2026, ,02003,Information Mas,4865MSI,"Lib, Arch&Knwl Envs in Soc MSI",2510,FA 2024,GINF,009731,SI,580
15010443,FA 2024,GINF,WN 2026, ,02003,Information Mas,4865MSI,"Lib, Arch&Knwl Envs in Soc MSI",2510,FA 2024,GINF,021045,SI,666
15010443,FA 2024,GINF,WN 2026, ,02003,Information Mas,4865MSI,"Lib, Arch&Knwl Envs in Soc MSI",2510,FA 2024,GINF,047246,SI,506
15010443,FA 2024,GINF,WN 2026, ,02003,Information Mas,4865MSI,"Lib, Arch&Knwl Envs in Soc MSI",2510,FA 2024,GINF,048129,SI,505
15010443,FA 2024,GINF,WN 2026, ,02003,Information Mas,4865MSI,"Lib, Arch&Knwl Envs in Soc MSI",2510,FA 2024,GINF,051553,SI,500
15010443,FA 2024,GINF,WN 2026, ,02003,Information Mas,4865MSI,"Lib, Arch&Knwl Envs in Soc MSI",2520,WN 2025,GINF,022326,SI,581
15010443,FA 2024,GINF,WN 2026, ,02003,Information Mas,4865MSI,"Lib, Arch&Knwl Envs in Soc MSI",2520,WN 2025,GINF,040667,SI,681
15010443,FA 2024,GINF,WN 2026, ,02003,Information Mas,4865MSI,"Lib, Arch&Knwl Envs in Soc MSI",2520,WN 2025,GINF,042324,SI,639
15010443,FA 2024,GINF,WN 2026, ,02003,Information Mas,4865MSI,"Lib, Arch&Knwl Envs in Soc MSI",2520,WN 2025,GINF,048280,SI,667
15010443,FA 2024,GINF,WN 2026, ,02003,Information Mas,4865MSI,"Lib, Arch&Knwl Envs in Soc MSI",2520,WN 2025,GINF,050162,SI,510
15010443,FA 2024,GINF,WN 2026, ,02003,Information Mas,4865MSI,"Lib, Arch&Knwl Envs in Soc MSI",2560,FA 2025,GINF,021042,SI,647
15010443,FA 2024,GINF,WN 2026, ,02003,Information Mas,4865MSI,"Lib, Arch&Knwl Envs in Soc MSI",2560,FA 2025,GINF,038948,SI,632
15010443,FA 2024,GINF,WN 2026, ,02003,Information Mas,4865MSI,"Lib, Arch&Knwl Envs in Soc MSI",2560,FA 2025,GINF,050028,SI,583
15010443,FA 2024,GINF,WN 2026, ,02003,Information Mas,4865MSI,"Lib, Arch&Knwl Envs in Soc MSI",2560,FA 2025,GINF,051111,EAS,506
15010443,FA 2024,GINF,WN 2026, ,02003,Information Mas,4865MSI,"Lib, Arch&Knwl Envs in Soc MSI",2570,WN 2026,GINF,039081,SI,529
15010443,FA 2024,GINF,WN 2026, ,02003,Information Mas,4865MSI,"Lib, Arch&Knwl Envs in Soc MSI",2570,WN 2026,GINF,047901,SI,699
15010443,FA 2024,GINF,WN 2026, ,02003,Information Mas,4865MSI,"Lib, Arch&Knwl Envs in Soc MSI",2570,WN 2026,GINF,049038,SI,688
15010443,FA 2024,GINF,WN 2026, ,02003,Information Mas,4865MSI,"Lib, Arch&Knwl Envs in Soc MSI",2570,WN 2026,GINF,049601,SI,564
15010443,FA 2024,GINF,WN 2026, ,02003,Information Mas,4865MSI,"Lib, Arch&Knwl Envs in Soc MSI",2570,WN 2026,GINF,051074,SI,626
15527698,FA 2024,GINF,WN 2026, ,02003,Information Mas,9445MSI,User Experience Design MSI,2510,FA 2024,GINF,017281,SI,588
15527698,FA 2024,GINF,WN 2026, ,02003,Information Mas,9445MSI,User Experience Design MSI,2510,FA 2024,GINF,039178,SI,539
15527698,FA 2024,GINF,WN 2026, ,02003,Information Mas,9445MSI,User Experience Design MSI,2510,FA 2024,GINF,047246,SI,506
15527698,FA 2024,GINF,WN 2026, ,02003,Information Mas,9445MSI,User Experience Design MSI,2510,FA 2024,GINF,051553,SI,500
15527698,FA 2024,GINF,WN 2026, ,02003,Information Mas,9445MSI,User Experience Design MSI,2520,WN 2025,GINF,020401,SI,622
15527698,FA 2024,GINF,WN 2026, ,02003,Information Mas,9445MSI,User Experience Design MSI,2520,WN 2025,GINF,021400,SI,520
15527698,FA 2024,GINF,WN 2026, ,02003,Information Mas,9445MSI,User Experience Design MSI,2520,WN 2025,GINF,040667,SI,681
15527698,FA 2024,GINF,WN 2026, ,02003,Information Mas,9445MSI,User Experience Design MSI,2520,WN 2025,GINF,044772,SI,582
15527698,FA 2024,GINF,WN 2026, ,02003,Information Mas,9445MSI,User Experience Design MSI,2520,WN 2025,GINF,048488,SI,559
15527698,FA 2024,GINF,WN 2026, ,02003,Information Mas,9445MSI,User Experience Design MSI,2560,FA 2025,GINF,021391,SI,511
15527698,FA 2024,GINF,WN 2026, ,02003,Information Mas,9445MSI,User Experience Design MSI,2560,FA 2025,GINF,045393,SI,552
15527698,FA 2024,GINF,WN 2026, ,02003,Information Mas,9445MSI,User Experience Design MSI,2560,FA 2025,GINF,047901,SI,699
15527698,FA 2024,GINF,WN 2026, ,02003,Information Mas,9445MSI,User Experience Design MSI,2560,FA 2025,GINF,048421,ENTR,560
15527698,FA 2024,GINF,WN 2026, ,02003,Information Mas,9445MSI,User Experience Design MSI,2570,WN 2026,GINF,022099,SI,658
15527698,FA 2024,GINF,WN 2026, ,02003,Information Mas,9445MSI,User Experience Design MSI,2570,WN 2026,GINF,042925,ENTR,407
15527698,FA 2024,GINF,WN 2026, ,02003,Information Mas,9445MSI,User Experience Design MSI,2570,WN 2026,GINF,050956,ELI,535
15527698,FA 2024,GINF,WN 2026, ,02003,Information Mas,9445MSI,User Experience Design MSI,2570,WN 2026,GINF,051454,SI,594
15566100,FA 2025,GINF,WN 2027, ,02003,Information Mas,9445MSI,User Experience Design MSI,2560,FA 2025,GINF,017281,SI,588
15566100,FA 2025,GINF,WN 2027, ,02003,Information Mas,9445MSI,User Experience Design MSI,2560,FA 2025,GINF,039178,SI,539
15566100,FA 2025,GINF,WN 2027, ,02003,Information Mas,9445MSI,User Experience Design MSI,2560,FA 2025,GINF,044772,SI,582
15566100,FA 2025,GINF,WN 2027, ,02003,Information Mas,9445MSI,User Experience Design MSI,2560,FA 2025,GINF,048129,SI,505
15566100,FA 2025,GINF,WN 2027, ,02003,Information Mas,9445MSI,User Experience Design MSI,2570,WN 2026,GINF,021391,SI,511
15566100,FA 2025,GINF,WN 2027, ,02003,Information Mas,9445MSI,User Experience Design MSI,2570,WN 2026,GINF,021400,SI,520
15623268,FA 2024,GINF,WN 2026, ,02003,Information Mas,9455MSI,User-Centered Agile Dev MSI,2510,FA 2024,GINF,017281,SI,588
15623268,FA 2024,GINF,WN 2026, ,02003,Information Mas,9455MSI,User-Centered Agile Dev MSI,2510,FA 2024,GINF,044772,SI,582
15623268,FA 2024,GINF,WN 2026, ,02003,Information Mas,9455MSI,User-Centered Agile Dev MSI,2510,FA 2024,GINF,047246,SI,506
15623268,FA 2024,GINF,WN 2026, ,02003,Information Mas,9455MSI,User-Centered Agile Dev MSI,2510,FA 2024,GINF,048129,SI,505
15623268,FA 2024,GINF,WN 2026, ,02003,Information Mas,9455MSI,User-Centered Agile Dev MSI,2510,FA 2024,GINF,051553,SI,500
15623268,FA 2024,GINF,WN 2026, ,02003,Information Mas,9455MSI,User-Centered Agile Dev MSI,2520,WN 2025,GINF,020401,SI,622
15623268,FA 2024,GINF,WN 2026, ,02003,Information Mas,9455MSI,User-Centered Agile Dev MSI,2520,WN 2025,GINF,039178,SI,539
15623268,FA 2024,GINF,WN 2026, ,02003,Information Mas,9455MSI,User-Centered Agile Dev MSI,2520,WN 2025,GINF,040667,SI,681
15623268,FA 2024,GINF,WN 2026, ,02003,Information Mas,9455MSI,User-Centered Agile Dev MSI,2520,WN 2025,GINF,050159,SI,579
15623268,FA 2024,GINF,WN 2026, ,02003,Information Mas,9455MSI,User-Centered Agile Dev MSI,2520,WN 2025,GINF,050164,SI,504
15623268,FA 2024,GINF,WN 2026, ,02003,Information Mas,9455MSI,User-Centered Agile Dev MSI,2560,FA 2025,GINF,001459,SI,690
15623268,FA 2024,GINF,WN 2026, ,02003,Information Mas,9455MSI,User-Centered Agile Dev MSI,2560,FA 2025,GINF,021050,SI,691
15623268,FA 2024,GINF,WN 2026, ,02003,Information Mas,9455MSI,User-Centered Agile Dev MSI,2560,FA 2025,GINF,048487,SI,669
15623268,FA 2024,GINF,WN 2026, ,02003,Information Mas,9455MSI,User-Centered Agile Dev MSI,2560,FA 2025,GINF,048488,SI,559
15623268,FA 2024,GINF,WN 2026, ,02003,Information Mas,9455MSI,User-Centered Agile Dev MSI,2560,FA 2025,GINF,052172,SI,679
15623268,FA 2024,GINF,WN 2026, ,02003,Information Mas,9455MSI,User-Centered Agile Dev MSI,2570,WN 2026,GINF,001459,SI,690
15623268,FA 2024,GINF,WN 2026, ,02003,Information Mas,9455MSI,User-Centered Agile Dev MSI,2570,WN 2026,GINF,047901,SI,699
15668726,FA 2025,GINF,WN 2027, ,02003,Information Mas,9445MSI,User Experience Design MSI,2560,FA 2025,GINF,017281,SI,588
15668726,FA 2025,GINF,WN 2027, ,02003,Information Mas,9445MSI,User Experience Design MSI,2560,FA 2025,GINF,044772,SI,582
15668726,FA 2025,GINF,WN 2027, ,02003,Information Mas,9445MSI,User Experience Design MSI,2560,FA 2025,GINF,047246,SI,506
15668726,FA 2025,GINF,WN 2027, ,02003,Information Mas,9445MSI,User Experience Design MSI,2560,FA 2025,GINF,048129,SI,505
15668726,FA 2025,GINF,WN 2027, ,02003,Information Mas,9445MSI,User Experience Design MSI,2560,FA 2025,GINF,051553,SI,500
15668726,FA 2025,GINF,WN 2027, ,02003,Information Mas,9445MSI,User Experience Design MSI,2560,FA 2025,GINF,052216,SI,512
15668726,FA 2025,GINF,WN 2027, ,02003,Information Mas,9445MSI,User Experience Design MSI,2570,WN 2026,GINF,020401,SI,622
15668726,FA 2025,GINF,WN 2027, ,02003,Information Mas,9445MSI,User Experience Design MSI,2570,WN 2026,GINF,021050,SI,691
15668726,FA 2025,GINF,WN 2027, ,02003,Information Mas,9445MSI,User Experience Design MSI,2570,WN 2026,GINF,021400,SI,520
15668726,FA 2025,GINF,WN 2027, ,02003,Information Mas,9445MSI,User Experience Design MSI,2570,WN 2026,GINF,039178,SI,539
15668726,FA 2025,GINF,WN 2027, ,02003,Information Mas,9445MSI,User Experience Design MSI,2570,WN 2026,GINF,045393,SI,552
15668726,FA 2025,GINF,WN 2027, ,02003,Information Mas,9445MSI,User Experience Design MSI,2570,WN 2026,GINF,051836,SI,611
15668726,FA 2025,GINF,WN 2027, ,02003,Information Mas,9445MSI,User Experience Design MSI,2570,WN 2026,GINF,052216,SI,512
15754862,FA 2024,GINF,WN 2026, ,02003,Information Mas,9445MSI,User Experience Design MSI,2510,FA 2024,GINF,017281,SI,588
15754862,FA 2024,GINF,WN 2026, ,02003,Information Mas,9445MSI,User Experience Design MSI,2510,FA 2024,GINF,044772,SI,582
15754862,FA 2024,GINF,WN 2026, ,02003,Information Mas,9445MSI,User Experience Design MSI,2510,FA 2024,GINF,048129,SI,505
15754862,FA 2024,GINF,WN 2026, ,02003,Information Mas,9445MSI,User Experience Design MSI,2510,FA 2024,GINF,048488,SI,559
15754862,FA 2024,GINF,WN 2026, ,02003,Information Mas,9445MSI,User Experience Design MSI,2510,FA 2024,GINF,051553,SI,500
15754862,FA 2024,GINF,WN 2026, ,02003,Information Mas,9445MSI,User Experience Design MSI,2520,WN 2025,GINF,020401,SI,622
15754862,FA 2024,GINF,WN 2026, ,02003,Information Mas,9445MSI,User Experience Design MSI,2520,WN 2025,GINF,021391,SI,511
15754862,FA 2024,GINF,WN 2026, ,02003,Information Mas,9445MSI,User Experience Design MSI,2520,WN 2025,GINF,040667,SI,681
15754862,FA 2024,GINF,WN 2026, ,02003,Information Mas,9445MSI,User Experience Design MSI,2520,WN 2025,GINF,047246,SI,506
15754862,FA 2024,GINF,WN 2026, ,02003,Information Mas,9445MSI,User Experience Design MSI,2520,WN 2025,GINF,051455,SI,569
15754862,FA 2024,GINF,WN 2026, ,02003,Information Mas,9445MSI,User Experience Design MSI,2560,FA 2025,GINF,001459,SI,690
15754862,FA 2024,GINF,WN 2026, ,02003,Information Mas,9445MSI,User Experience Design MSI,2560,FA 2025,GINF,021400,SI,520
15754862,FA 2024,GINF,WN 2026, ,02003,Information Mas,9445MSI,User Experience Design MSI,2560,FA 2025,GINF,039178,SI,539
15754862,FA 2024,GINF,WN 2026, ,02003,Information Mas,9445MSI,User Experience Design MSI,2570,WN 2026,GINF,045393,SI,552
15754862,FA 2024,GINF,WN 2026, ,02003,Information Mas,9445MSI,User Experience Design MSI,2570,WN 2026,GINF,047901,SI,699
15754862,FA 2024,GINF,WN 2026, ,02003,Information Mas,9445MSI,User Experience Design MSI,2570,WN 2026,GINF,051836,SI,611
15907920,FA 2025,GINF,WN 2027, ,02003,Information Mas,9445MSI,User Experience Design MSI,2560,FA 2025,GINF,017281,SI,588
15907920,FA 2025,GINF,WN 2027, ,02003,Information Mas,9445MSI,User Experience Design MSI,2560,FA 2025,GINF,021400,SI,520
15907920,FA 2025,GINF,WN 2027, ,02003,Information Mas,9445MSI,User Experience Design MSI,2560,FA 2025,GINF,047246,SI,506
15907920,FA 2025,GINF,WN 2027, ,02003,Information Mas,9445MSI,User Experience Design MSI,2560,FA 2025,GINF,051553,SI,500
15907920,FA 2025,GINF,WN 2027, ,02003,Information Mas,9445MSI,User Experience Design MSI,2570,WN 2026,GINF,020401,SI,622
15907920,FA 2025,GINF,WN 2027, ,02003,Information Mas,9445MSI,User Experience Design MSI,2570,WN 2026,GINF,021391,SI,511
15907920,FA 2025,GINF,WN 2027, ,02003,Information Mas,9445MSI,User Experience Design MSI,2570,WN 2026,GINF,039178,SI,539
15907920,FA 2025,GINF,WN 2027, ,02003,Information Mas,9445MSI,User Experience Design MSI,2570,WN 2026,GINF,041626,SI,664
15907920,FA 2025,GINF,WN 2027, ,02003,Information Mas,9445MSI,User Experience Design MSI,2570,WN 2026,GINF,048129,SI,505
15907920,FA 2025,GINF,WN 2027, ,02003,Information Mas,9445MSI,User Experience Design MSI,2570,WN 2026,GINF,048486,SI,659
15907920,FA 2025,GINF,WN 2027, ,02003,Information Mas,9445MSI,User Experience Design MSI,2570,WN 2026,GINF,048488,SI,559
16117610,FA 2024,GINF,WN 2026, ,02003,Information Mas,9445MSI,User Experience Design MSI,2510,FA 2024,GINF,017281,SI,588
16117610,FA 2024,GINF,WN 2026, ,02003,Information Mas,9445MSI,User Experience Design MSI,2510,FA 2024,GINF,044772,SI,582
16117610,FA 2024,GINF,WN 2026, ,02003,Information Mas,9445MSI,User Experience Design MSI,2510,FA 2024,GINF,047246,SI,506
16117610,FA 2024,GINF,WN 2026, ,02003,Information Mas,9445MSI,User Experience Design MSI,2510,FA 2024,GINF,048129,SI,505
16117610,FA 2024,GINF,WN 2026, ,02003,Information Mas,9445MSI,User Experience Design MSI,2510,FA 2024,GINF,051553,SI,500
16117610,FA 2024,GINF,WN 2026, ,02003,Information Mas,9445MSI,User Experience Design MSI,2520,WN 2025,GINF,020401,SI,622
16117610,FA 2024,GINF,WN 2026, ,02003,Information Mas,9445MSI,User Experience Design MSI,2520,WN 2025,GINF,021400,SI,520
16117610,FA 2024,GINF,WN 2026, ,02003,Information Mas,9445MSI,User Experience Design MSI,2520,WN 2025,GINF,039178,SI,539
16117610,FA 2024,GINF,WN 2026, ,02003,Information Mas,9445MSI,User Experience Design MSI,2520,WN 2025,GINF,040667,SI,681
16117610,FA 2024,GINF,WN 2026, ,02003,Information Mas,9445MSI,User Experience Design MSI,2520,WN 2025,GINF,051836,SI,611
16117610,FA 2024,GINF,WN 2026, ,02003,Information Mas,9445MSI,User Experience Design MSI,2560,FA 2025,GINF,045393,SI,552
16117610,FA 2024,GINF,WN 2026, ,02003,Information Mas,9445MSI,User Experience Design MSI,2560,FA 2025,GINF,045771,SI,684
16117610,FA 2024,GINF,WN 2026, ,02003,Information Mas,9445MSI,User Experience Design MSI,2560,FA 2025,GINF,051836,SI,611
16117610,FA 2024,GINF,WN 2026, ,02003,Information Mas,9445MSI,User Experience Design MSI,2570,WN 2026,GINF,021391,SI,511
16117610,FA 2024,GINF,WN 2026, ,02003,Information Mas,9445MSI,User Experience Design MSI,2570,WN 2026,GINF,047901,SI,699
16117610,FA 2024,GINF,WN 2026, ,02003,Information Mas,9445MSI,User Experience Design MSI,2570,WN 2026,GINF,051454,SI,594
16246149,FA 2025,GBA,WN 2028, ,02005,MDDP Bus Ad & Informat MBA/MSI,1160MBA37,Business Administration MBA,2560,FA 2025,GBA,016996,ACC,502
16246149,FA 2025,GBA,WN 2028, ,02005,MDDP Bus Ad & Informat MBA/MSI,1160MBA37,Business Administration MBA,2560,FA 2025,GBA,016999,BE,502
16246149,FA 2025,GBA,WN 2028, ,02005,MDDP Bus Ad & Informat MBA/MSI,1160MBA37,Business Administration MBA,2560,FA 2025,GBA,017003,STRATEGY,502
16246149,FA 2025,GBA,WN 2028, ,02005,MDDP Bus Ad & Informat MBA/MSI,1160MBA37,Business Administration MBA,2560,FA 2025,GBA,017014,MKT,503
16246149,FA 2025,GBA,WN 2028, ,02005,MDDP Bus Ad & Informat MBA/MSI,1160MBA37,Business Administration MBA,2560,FA 2025,GBA,017016,TO,502
16246149,FA 2025,GBA,WN 2028, ,02005,MDDP Bus Ad & Informat MBA/MSI,1160MBA37,Business Administration MBA,2560,FA 2025,GBA,040615,MO,503
16246149,FA 2025,GBA,WN 2028, ,02005,MDDP Bus Ad & Informat MBA/MSI,1160MBA37,Business Administration MBA,2560,FA 2025,GBA,040731,FIN,503
16246149,FA 2025,GBA,WN 2028, ,02005,MDDP Bus Ad & Informat MBA/MSI,1160MBA37,Business Administration MBA,2570,WN 2026,GBA,003722,BL,513
16246149,FA 2025,GBA,WN 2028, ,02005,MDDP Bus Ad & Informat MBA/MSI,1160MBA37,Business Administration MBA,2570,WN 2026,GBA,017259,ACC,552
16246149,FA 2025,GBA,WN 2028, ,02005,MDDP Bus Ad & Informat MBA/MSI,1160MBA37,Business Administration MBA,2570,WN 2026,GBA,017262,BA,553
16246149,FA 2025,GBA,WN 2028, ,02005,MDDP Bus Ad & Informat MBA/MSI,1160MBA37,Business Administration MBA,2570,WN 2026,GBA,017268,TO,552
16246149,FA 2025,GBA,WN 2028, ,02005,MDDP Bus Ad & Informat MBA/MSI,1160MBA37,Business Administration MBA,2570,WN 2026,GBA,017508,TO,512
16246149,FA 2025,GBA,WN 2028, ,02005,MDDP Bus Ad & Informat MBA/MSI,1160MBA37,Business Administration MBA,2570,WN 2026,GBA,051031,BUSABRD,688
16246149,FA 2025,GINF,WN 2027, ,02004,MDDP Informat & Bus Ad MSI/MBA,9445MSI1,User Experience Design MSI,2510,FA 2024,GINF,044772,SI,582
16246149,FA 2025,GINF,WN 2027, ,02004,MDDP Informat & Bus Ad MSI/MBA,9445MSI1,User Experience Design MSI,2510,FA 2024,GINF,047246,SI,506
16246149,FA 2025,GINF,WN 2027, ,02004,MDDP Informat & Bus Ad MSI/MBA,9445MSI1,User Experience Design MSI,2510,FA 2024,GINF,048129,SI,505
16246149,FA 2025,GINF,WN 2027, ,02004,MDDP Informat & Bus Ad MSI/MBA,9445MSI1,User Experience Design MSI,2510,FA 2024,GINF,051553,SI,500
16246149,FA 2025,GINF,WN 2027, ,02004,MDDP Informat & Bus Ad MSI/MBA,9445MSI1,User Experience Design MSI,2520,WN 2025,GINF,020401,SI,622
16246149,FA 2025,GINF,WN 2027, ,02004,MDDP Informat & Bus Ad MSI/MBA,9445MSI1,User Experience Design MSI,2520,WN 2025,GINF,021400,SI,520
16246149,FA 2025,GINF,WN 2027, ,02004,MDDP Informat & Bus Ad MSI/MBA,9445MSI1,User Experience Design MSI,2520,WN 2025,GINF,040667,SI,681
16246149,FA 2025,GINF,WN 2027, ,02004,MDDP Informat & Bus Ad MSI/MBA,9445MSI1,User Experience Design MSI,2520,WN 2025,GINF,045393,SI,552
16246149,FA 2025,GINF,WN 2027, ,02004,MDDP Informat & Bus Ad MSI/MBA,9445MSI1,User Experience Design MSI,2520,WN 2025,GINF,047228,ENTR,500
16278061,FA 2025,GINF,WN 2027, ,02003,Information Mas,9445MSI,User Experience Design MSI,2560,FA 2025,GINF,017281,SI,588
16278061,FA 2025,GINF,WN 2027, ,02003,Information Mas,9445MSI,User Experience Design MSI,2560,FA 2025,GINF,021400,SI,520
16278061,FA 2025,GINF,WN 2027, ,02003,Information Mas,9445MSI,User Experience Design MSI,2560,FA 2025,GINF,045393,SI,552
16278061,FA 2025,GINF,WN 2027, ,02003,Information Mas,9445MSI,User Experience Design MSI,2560,FA 2025,GINF,048129,SI,505
16278061,FA 2025,GINF,WN 2027, ,02003,Information Mas,9445MSI,User Experience Design MSI,2560,FA 2025,GINF,050136,UARTS,560
16278061,FA 2025,GINF,WN 2027, ,02003,Information Mas,9445MSI,User Experience Design MSI,2560,FA 2025,GINF,051553,SI,500
16278061,FA 2025,GINF,WN 2027, ,02003,Information Mas,9445MSI,User Experience Design MSI,2570,WN 2026,GINF,020401,SI,622
16278061,FA 2025,GINF,WN 2027, ,02003,Information Mas,9445MSI,User Experience Design MSI,2570,WN 2026,GINF,021391,SI,511
16278061,FA 2025,GINF,WN 2027, ,02003,Information Mas,9445MSI,User Experience Design MSI,2570,WN 2026,GINF,050136,UARTS,560
16278061,FA 2025,GINF,WN 2027, ,02003,Information Mas,9445MSI,User Experience Design MSI,2570,WN 2026,GINF,051836,SI,611
16313880,FA 2025,GINF,WN 2027, ,02003,Information Mas,9445MSI,User Experience Design MSI,2560,FA 2025,GINF,017281,SI,588
16313880,FA 2025,GINF,WN 2027, ,02003,Information Mas,9445MSI,User Experience Design MSI,2560,FA 2025,GINF,039178,SI,539
16313880,FA 2025,GINF,WN 2027, ,02003,Information Mas,9445MSI,User Experience Design MSI,2560,FA 2025,GINF,047246,SI,506
16313880,FA 2025,GINF,WN 2027, ,02003,Information Mas,9445MSI,User Experience Design MSI,2560,FA 2025,GINF,048129,SI,505
16313880,FA 2025,GINF,WN 2027, ,02003,Information Mas,9445MSI,User Experience Design MSI,2560,FA 2025,GINF,051553,SI,500
16313880,FA 2025,GINF,WN 2027, ,02003,Information Mas,9445MSI,User Experience Design MSI,2560,FA 2025,GINF,052216,SI,512
16313880,FA 2025,GINF,WN 2027, ,02003,Information Mas,9445MSI,User Experience Design MSI,2570,WN 2026,GINF,020401,SI,622
16313880,FA 2025,GINF,WN 2027, ,02003,Information Mas,9445MSI,User Experience Design MSI,2570,WN 2026,GINF,021391,SI,511
16313880,FA 2025,GINF,WN 2027, ,02003,Information Mas,9445MSI,User Experience Design MSI,2570,WN 2026,GINF,051454,SI,594
16313880,FA 2025,GINF,WN 2027, ,02003,Information Mas,9445MSI,User Experience Design MSI,2570,WN 2026,GINF,051836,SI,611
16352875,FA 2025,GINF,WN 2027, ,02003,Information Mas,0775MSI,Big Data Analytics MSI,2560,FA 2025,GINF,041626,SI,664
16352875,FA 2025,GINF,WN 2027, ,02003,Information Mas,0775MSI,Big Data Analytics MSI,2560,FA 2025,GINF,042091,SI,618
16352875,FA 2025,GINF,WN 2027, ,02003,Information Mas,0775MSI,Big Data Analytics MSI,2560,FA 2025,GINF,047640,SI,507
16352875,FA 2025,GINF,WN 2027, ,02003,Information Mas,0775MSI,Big Data Analytics MSI,2560,FA 2025,GINF,049601,SI,564
16352875,FA 2025,GINF,WN 2027, ,02003,Information Mas,0775MSI,Big Data Analytics MSI,2560,FA 2025,GINF,050164,SI,504
16352875,FA 2025,GINF,WN 2027, ,02003,Information Mas,0775MSI,Big Data Analytics MSI,2560,FA 2025,GINF,051553,SI,500
16352875,FA 2025,GINF,WN 2027, ,02003,Information Mas,0775MSI,Big Data Analytics MSI,2570,WN 2026,GINF,039178,SI,539
16352875,FA 2025,GINF,WN 2027, ,02003,Information Mas,0775MSI,Big Data Analytics MSI,2570,WN 2026,GINF,047226,EECS,504
16352875,FA 2025,GINF,WN 2027, ,02003,Information Mas,0775MSI,Big Data Analytics MSI,2570,WN 2026,GINF,048268,SI,630
16352875,FA 2025,GINF,WN 2027, ,02003,Information Mas,0775MSI,Big Data Analytics MSI,2570,WN 2026,GINF,050663,SI,568
16352875,FA 2025,GINF,WN 2027, ,02003,Information Mas,0775MSI,Big Data Analytics MSI,2570,WN 2026,GINF,050983,SI,602
16491162,FA 2024,GINF,WN 2026, ,02003,Information Mas,9445MSI,User Experience Design MSI,2510,FA 2024,GINF,017281,SI,588
16491162,FA 2024,GINF,WN 2026, ,02003,Information Mas,9445MSI,User Experience Design MSI,2510,FA 2024,GINF,044772,SI,582
16491162,FA 2024,GINF,WN 2026, ,02003,Information Mas,9445MSI,User Experience Design MSI,2510,FA 2024,GINF,047246,SI,506
16491162,FA 2024,GINF,WN 2026, ,02003,Information Mas,9445MSI,User Experience Design MSI,2510,FA 2024,GINF,048129,SI,505
16491162,FA 2024,GINF,WN 2026, ,02003,Information Mas,9445MSI,User Experience Design MSI,2510,FA 2024,GINF,051553,SI,500
16491162,FA 2024,GINF,WN 2026, ,02003,Information Mas,9445MSI,User Experience Design MSI,2520,WN 2025,GINF,020401,SI,622
16491162,FA 2024,GINF,WN 2026, ,02003,Information Mas,9445MSI,User Experience Design MSI,2520,WN 2025,GINF,039178,SI,539
16491162,FA 2024,GINF,WN 2026, ,02003,Information Mas,9445MSI,User Experience Design MSI,2520,WN 2025,GINF,040667,SI,681
16491162,FA 2024,GINF,WN 2026, ,02003,Information Mas,9445MSI,User Experience Design MSI,2520,WN 2025,GINF,045393,SI,552
16491162,FA 2024,GINF,WN 2026, ,02003,Information Mas,9445MSI,User Experience Design MSI,2520,WN 2025,GINF,051836,SI,611
16491162,FA 2024,GINF,WN 2026, ,02003,Information Mas,9445MSI,User Experience Design MSI,2560,FA 2025,GINF,021391,SI,511
16491162,FA 2024,GINF,WN 2026, ,02003,Information Mas,9445MSI,User Experience Design MSI,2560,FA 2025,GINF,021400,SI,520
16491162,FA 2024,GINF,WN 2026, ,02003,Information Mas,9445MSI,User Experience Design MSI,2560,FA 2025,GINF,044798,ENTR,599
16491162,FA 2024,GINF,WN 2026, ,02003,Information Mas,9445MSI,User Experience Design MSI,2560,FA 2025,GINF,048421,ENTR,560
16491162,FA 2024,GINF,WN 2026, ,02003,Information Mas,9445MSI,User Experience Design MSI,2570,WN 2026,GINF,046306,SI,616
16491162,FA 2024,GINF,WN 2026, ,02003,Information Mas,9445MSI,User Experience Design MSI,2570,WN 2026,GINF,047901,SI,699
16491449,FA 2024,GINF,WN 2026, ,02003,Information Mas,9455MSI,User-Centered Agile Dev MSI,2510,FA 2024,GINF,017281,SI,588
16491449,FA 2024,GINF,WN 2026, ,02003,Information Mas,9455MSI,User-Centered Agile Dev MSI,2510,FA 2024,GINF,044772,SI,582
16491449,FA 2024,GINF,WN 2026, ,02003,Information Mas,9455MSI,User-Centered Agile Dev MSI,2510,FA 2024,GINF,047246,SI,506
16491449,FA 2024,GINF,WN 2026, ,02003,Information Mas,9455MSI,User-Centered Agile Dev MSI,2510,FA 2024,GINF,050164,SI,504
16491449,FA 2024,GINF,WN 2026, ,02003,Information Mas,9455MSI,User-Centered Agile Dev MSI,2510,FA 2024,GINF,051553,SI,500
16491449,FA 2024,GINF,WN 2026, ,02003,Information Mas,9455MSI,User-Centered Agile Dev MSI,2520,WN 2025,GINF,020401,SI,622
16491449,FA 2024,GINF,WN 2026, ,02003,Information Mas,9455MSI,User-Centered Agile Dev MSI,2520,WN 2025,GINF,021391,SI,511
16491449,FA 2024,GINF,WN 2026, ,02003,Information Mas,9455MSI,User-Centered Agile Dev MSI,2520,WN 2025,GINF,039178,SI,539
16491449,FA 2024,GINF,WN 2026, ,02003,Information Mas,9455MSI,User-Centered Agile Dev MSI,2520,WN 2025,GINF,047640,SI,507
16491449,FA 2024,GINF,WN 2026, ,02003,Information Mas,9455MSI,User-Centered Agile Dev MSI,2520,WN 2025,GINF,050159,SI,579
16491449,FA 2024,GINF,WN 2026, ,02003,Information Mas,9455MSI,User-Centered Agile Dev MSI,2560,FA 2025,GINF,038659,SI,519
16491449,FA 2024,GINF,WN 2026, ,02003,Information Mas,9455MSI,User-Centered Agile Dev MSI,2560,FA 2025,GINF,041626,SI,664
16491449,FA 2024,GINF,WN 2026, ,02003,Information Mas,9455MSI,User-Centered Agile Dev MSI,2560,FA 2025,GINF,048487,SI,669
16491449,FA 2024,GINF,WN 2026, ,02003,Information Mas,9455MSI,User-Centered Agile Dev MSI,2560,FA 2025,GINF,051836,SI,611
16491449,FA 2024,GINF,WN 2026, ,02003,Information Mas,9455MSI,User-Centered Agile Dev MSI,2560,FA 2025,GINF,052172,SI,679
16491449,FA 2024,GINF,WN 2026, ,02003,Information Mas,9455MSI,User-Centered Agile Dev MSI,2570,WN 2026,GINF,021050,SI,691
16491449,FA 2024,GINF,WN 2026, ,02003,Information Mas,9455MSI,User-Centered Agile Dev MSI,2570,WN 2026,GINF,047901,SI,699
16546365,FA 2024,GINF,WN 2026, ,02003,Information Mas,0775MSI,Big Data Analytics MSI,2510,FA 2024,GINF,016607,SI,544
16546365,FA 2024,GINF,WN 2026, ,02003,Information Mas,0775MSI,Big Data Analytics MSI,2510,FA 2024,GINF,047246,SI,506
16546365,FA 2024,GINF,WN 2026, ,02003,Information Mas,0775MSI,Big Data Analytics MSI,2510,FA 2024,GINF,049601,SI,564
16546365,FA 2024,GINF,WN 2026, ,02003,Information Mas,0775MSI,Big Data Analytics MSI,2510,FA 2024,GINF,050164,SI,504
16546365,FA 2024,GINF,WN 2026, ,02003,Information Mas,0775MSI,Big Data Analytics MSI,2510,FA 2024,GINF,051553,SI,500
16546365,FA 2024,GINF,WN 2026, ,02003,Information Mas,0775MSI,Big Data Analytics MSI,2520,WN 2025,GINF,040667,SI,681
16546365,FA 2024,GINF,WN 2026, ,02003,Information Mas,0775MSI,Big Data Analytics MSI,2520,WN 2025,GINF,042091,SI,618
16546365,FA 2024,GINF,WN 2026, ,02003,Information Mas,0775MSI,Big Data Analytics MSI,2520,WN 2025,GINF,047640,SI,507
16546365,FA 2024,GINF,WN 2026, ,02003,Information Mas,0775MSI,Big Data Analytics MSI,2520,WN 2025,GINF,050663,SI,568
16546365,FA 2024,GINF,WN 2026, ,02003,Information Mas,0775MSI,Big Data Analytics MSI,2520,WN 2025,GINF,050983,SI,602
16546365,FA 2024,GINF,WN 2026, ,02003,Information Mas,0775MSI,Big Data Analytics MSI,2520,WN 2025,GINF,051462,SI,644
16546365,FA 2024,GINF,WN 2026, ,02003,Information Mas,0775MSI,Big Data Analytics MSI,2560,FA 2025,GINF,041626,SI,664
16546365,FA 2024,GINF,WN 2026, ,02003,Information Mas,0775MSI,Big Data Analytics MSI,2560,FA 2025,GINF,041934,SI,608
16546365,FA 2024,GINF,WN 2026, ,02003,Information Mas,0775MSI,Big Data Analytics MSI,2560,FA 2025,GINF,047228,ENTR,500
16546365,FA 2024,GINF,WN 2026, ,02003,Information Mas,0775MSI,Big Data Analytics MSI,2560,FA 2025,GINF,048500,SI,670
16546365,FA 2024,GINF,WN 2026, ,02003,Information Mas,0775MSI,Big Data Analytics MSI,2570,WN 2026,GINF,001459,SI,690
16546365,FA 2024,GINF,WN 2026, ,02003,Information Mas,0775MSI,Big Data Analytics MSI,2570,WN 2026,GINF,020934,SI,649
16546365,FA 2024,GINF,WN 2026, ,02003,Information Mas,0775MSI,Big Data Analytics MSI,2570,WN 2026,GINF,047901,SI,699
16550400,FA 2024,GINF,WN 2026, ,02003,Information Mas,9455MSI,User-Centered Agile Dev MSI,2510,FA 2024,GINF,039178,SI,539
16550400,FA 2024,GINF,WN 2026, ,02003,Information Mas,9455MSI,User-Centered Agile Dev MSI,2510,FA 2024,GINF,044772,SI,582
16550400,FA 2024,GINF,WN 2026, ,02003,Information Mas,9455MSI,User-Centered Agile Dev MSI,2510,FA 2024,GINF,047246,SI,506
16550400,FA 2024,GINF,WN 2026, ,02003,Information Mas,9455MSI,User-Centered Agile Dev MSI,2510,FA 2024,GINF,051553,SI,500
16550400,FA 2024,GINF,WN 2026, ,02003,Information Mas,9455MSI,User-Centered Agile Dev MSI,2520,WN 2025,GINF,020401,SI,622
16550400,FA 2024,GINF,WN 2026, ,02003,Information Mas,9455MSI,User-Centered Agile Dev MSI,2520,WN 2025,GINF,041626,SI,664
16550400,FA 2024,GINF,WN 2026, ,02003,Information Mas,9455MSI,User-Centered Agile Dev MSI,2520,WN 2025,GINF,041957,ENGR,599
16550400,FA 2024,GINF,WN 2026, ,02003,Information Mas,9455MSI,User-Centered Agile Dev MSI,2520,WN 2025,GINF,048129,SI,505
16550400,FA 2024,GINF,WN 2026, ,02003,Information Mas,9455MSI,User-Centered Agile Dev MSI,2520,WN 2025,GINF,050159,SI,579
16550400,FA 2024,GINF,WN 2026, ,02003,Information Mas,9455MSI,User-Centered Agile Dev MSI,2520,WN 2025,GINF,050164,SI,504
16550400,FA 2024,GINF,WN 2026, ,02003,Information Mas,9455MSI,User-Centered Agile Dev MSI,2560,FA 2025,GINF,017281,SI,588
16550400,FA 2024,GINF,WN 2026, ,02003,Information Mas,9455MSI,User-Centered Agile Dev MSI,2560,FA 2025,GINF,021400,SI,520
16550400,FA 2024,GINF,WN 2026, ,02003,Information Mas,9455MSI,User-Centered Agile Dev MSI,2560,FA 2025,GINF,041957,ENGR,599
16550400,FA 2024,GINF,WN 2026, ,02003,Information Mas,9455MSI,User-Centered Agile Dev MSI,2560,FA 2025,GINF,043863,SI,612
16550400,FA 2024,GINF,WN 2026, ,02003,Information Mas,9455MSI,User-Centered Agile Dev MSI,2560,FA 2025,GINF,048488,SI,559
16550400,FA 2024,GINF,WN 2026, ,02003,Information Mas,9455MSI,User-Centered Agile Dev MSI,2570,WN 2026,GINF,021391,SI,511
16550400,FA 2024,GINF,WN 2026, ,02003,Information Mas,9455MSI,User-Centered Agile Dev MSI,2570,WN 2026,GINF,047901,SI,699
16550400,FA 2024,GINF,WN 2026, ,02003,Information Mas,9455MSI,User-Centered Agile Dev MSI,2570,WN 2026,GINF,051454,SI,594
16615997,FA 2025,GINF,WN 2026, ,02003,Information Mas,9445MSI,User Experience Design MSI,2560,FA 2025,GINF,021400,SI,520
16615997,FA 2025,GINF,WN 2026, ,02003,Information Mas,9445MSI,User Experience Design MSI,2560,FA 2025,GINF,039178,SI,539
16615997,FA 2025,GINF,WN 2026, ,02003,Information Mas,9445MSI,User Experience Design MSI,2560,FA 2025,GINF,043210,SI,534
16615997,FA 2025,GINF,WN 2026, ,02003,Information Mas,9445MSI,User Experience Design MSI,2560,FA 2025,GINF,045393,SI,552
16615997,FA 2025,GINF,WN 2026, ,02003,Information Mas,9445MSI,User Experience Design MSI,2560,FA 2025,GINF,048421,ENTR,560
16615997,FA 2025,GINF,WN 2026, ,02003,Information Mas,9445MSI,User Experience Design MSI,2570,WN 2026,GINF,039081,SI,529
16615997,FA 2025,GINF,WN 2026, ,02003,Information Mas,9445MSI,User Experience Design MSI,2570,WN 2026,GINF,047304,ENTR,550
16615997,FA 2025,GINF,WN 2026, ,02003,Information Mas,9445MSI,User Experience Design MSI,2570,WN 2026,GINF,047901,SI,699
16615997,FA 2025,GINF,WN 2026, ,02003,Information Mas,9445MSI,User Experience Design MSI,2570,WN 2026,GINF,051836,SI,611
16670822,FA 2024,GINF,WN 2026, ,02003,Information Mas,4865MSI,"Lib, Arch&Knwl Envs in Soc MSI",2510,FA 2024,GINF,009731,SI,580
16670822,FA 2024,GINF,WN 2026, ,02003,Information Mas,4865MSI,"Lib, Arch&Knwl Envs in Soc MSI",2510,FA 2024,GINF,021045,SI,666
16670822,FA 2024,GINF,WN 2026, ,02003,Information Mas,4865MSI,"Lib, Arch&Knwl Envs in Soc MSI",2510,FA 2024,GINF,047246,SI,506
16670822,FA 2024,GINF,WN 2026, ,02003,Information Mas,4865MSI,"Lib, Arch&Knwl Envs in Soc MSI",2510,FA 2024,GINF,051553,SI,500
16670822,FA 2024,GINF,WN 2026, ,02003,Information Mas,4865MSI,"Lib, Arch&Knwl Envs in Soc MSI",2520,WN 2025,GINF,022326,SI,581
16670822,FA 2024,GINF,WN 2026, ,02003,Information Mas,4865MSI,"Lib, Arch&Knwl Envs in Soc MSI",2520,WN 2025,GINF,040667,SI,681
16670822,FA 2024,GINF,WN 2026, ,02003,Information Mas,4865MSI,"Lib, Arch&Knwl Envs in Soc MSI",2520,WN 2025,GINF,048280,SI,667
16670822,FA 2024,GINF,WN 2026, ,02003,Information Mas,4865MSI,"Lib, Arch&Knwl Envs in Soc MSI",2520,WN 2025,GINF,050162,SI,510
16670822,FA 2024,GINF,WN 2026, ,02003,Information Mas,4865MSI,"Lib, Arch&Knwl Envs in Soc MSI",2520,WN 2025,GINF,051074,SI,626
16670822,FA 2024,GINF,WN 2026, ,02003,Information Mas,4865MSI,"Lib, Arch&Knwl Envs in Soc MSI",2560,FA 2025,GINF,021042,SI,647
16670822,FA 2024,GINF,WN 2026, ,02003,Information Mas,4865MSI,"Lib, Arch&Knwl Envs in Soc MSI",2560,FA 2025,GINF,038659,SI,519
16670822,FA 2024,GINF,WN 2026, ,02003,Information Mas,4865MSI,"Lib, Arch&Knwl Envs in Soc MSI",2560,FA 2025,GINF,049601,SI,564
16670822,FA 2024,GINF,WN 2026, ,02003,Information Mas,4865MSI,"Lib, Arch&Knwl Envs in Soc MSI",2560,FA 2025,GINF,050161,SI,676
16670822,FA 2024,GINF,WN 2026, ,02003,Information Mas,4865MSI,"Lib, Arch&Knwl Envs in Soc MSI",2560,FA 2025,GINF,050164,SI,504
16670822,FA 2024,GINF,WN 2026, ,02003,Information Mas,4865MSI,"Lib, Arch&Knwl Envs in Soc MSI",2570,WN 2026,GINF,001459,SI,690
16670822,FA 2024,GINF,WN 2026, ,02003,Information Mas,4865MSI,"Lib, Arch&Knwl Envs in Soc MSI",2570,WN 2026,GINF,019142,HISTART,630
16670822,FA 2024,GINF,WN 2026, ,02003,Information Mas,4865MSI,"Lib, Arch&Knwl Envs in Soc MSI",2570,WN 2026,GINF,042324,SI,639
16670822,FA 2024,GINF,WN 2026, ,02003,Information Mas,4865MSI,"Lib, Arch&Knwl Envs in Soc MSI",2570,WN 2026,GINF,047798,ARTSADMN,423
16670822,FA 2024,GINF,WN 2026, ,02003,Information Mas,4865MSI,"Lib, Arch&Knwl Envs in Soc MSI",2570,WN 2026,GINF,047901,SI,699
16670822,FA 2024,GINF,WN 2026, ,02003,Information Mas,4865MSI,"Lib, Arch&Knwl Envs in Soc MSI",2570,WN 2026,GINF,048129,SI,505
16678090,FA 2024,GINF,WN 2026, ,02003,Information Mas,9445MSI,User Experience Design MSI,2510,FA 2024,GINF,017281,SI,588
16678090,FA 2024,GINF,WN 2026, ,02003,Information Mas,9445MSI,User Experience Design MSI,2510,FA 2024,GINF,039178,SI,539
16678090,FA 2024,GINF,WN 2026, ,02003,Information Mas,9445MSI,User Experience Design MSI,2510,FA 2024,GINF,047246,SI,506
16678090,FA 2024,GINF,WN 2026, ,02003,Information Mas,9445MSI,User Experience Design MSI,2510,FA 2024,GINF,051553,SI,500
16678090,FA 2024,GINF,WN 2026, ,02003,Information Mas,9445MSI,User Experience Design MSI,2520,WN 2025,GINF,020401,SI,622
16678090,FA 2024,GINF,WN 2026, ,02003,Information Mas,9445MSI,User Experience Design MSI,2520,WN 2025,GINF,021400,SI,520
16678090,FA 2024,GINF,WN 2026, ,02003,Information Mas,9445MSI,User Experience Design MSI,2520,WN 2025,GINF,044772,SI,582
16678090,FA 2024,GINF,WN 2026, ,02003,Information Mas,9445MSI,User Experience Design MSI,2520,WN 2025,GINF,045393,SI,552
16678090,FA 2024,GINF,WN 2026, ,02003,Information Mas,9445MSI,User Experience Design MSI,2560,FA 2025,GINF,043210,SI,534
16678090,FA 2024,GINF,WN 2026, ,02003,Information Mas,9445MSI,User Experience Design MSI,2560,FA 2025,GINF,043863,SI,612
16678090,FA 2024,GINF,WN 2026, ,02003,Information Mas,9445MSI,User Experience Design MSI,2560,FA 2025,GINF,045771,SI,684
16678090,FA 2024,GINF,WN 2026, ,02003,Information Mas,9445MSI,User Experience Design MSI,2560,FA 2025,GINF,051836,SI,611
16678090,FA 2024,GINF,WN 2026, ,02003,Information Mas,9445MSI,User Experience Design MSI,2570,WN 2026,GINF,021391,SI,511
16678090,FA 2024,GINF,WN 2026, ,02003,Information Mas,9445MSI,User Experience Design MSI,2570,WN 2026,GINF,047901,SI,699
16678090,FA 2024,GINF,WN 2026, ,02003,Information Mas,9445MSI,User Experience Design MSI,2570,WN 2026,GINF,051454,SI,594
16678090,FA 2024,GINF,WN 2026, ,02003,Information Mas,9445MSI,User Experience Design MSI,2570,WN 2026,GINF,051836,SI,611
17546516,FA 2024,GINF,WN 2026, ,02003,Information Mas,5005MSI,Master's ThesisOption Prog MSI,2510,FA 2024,GINF,039178,SI,539
17546516,FA 2024,GINF,WN 2026, ,02003,Information Mas,5005MSI,Master's ThesisOption Prog MSI,2510,FA 2024,GINF,044772,SI,582
17546516,FA 2024,GINF,WN 2026, ,02003,Information Mas,5005MSI,Master's ThesisOption Prog MSI,2510,FA 2024,GINF,048129,SI,505
17546516,FA 2024,GINF,WN 2026, ,02003,Information Mas,5005MSI,Master's ThesisOption Prog MSI,2510,FA 2024,GINF,048488,SI,559
17546516,FA 2024,GINF,WN 2026, ,02003,Information Mas,5005MSI,Master's ThesisOption Prog MSI,2510,FA 2024,GINF,051553,SI,500
17546516,FA 2024,GINF,WN 2026, ,02003,Information Mas,5005MSI,Master's ThesisOption Prog MSI,2520,WN 2025,GINF,007780,EECS,498
17546516,FA 2024,GINF,WN 2026, ,02003,Information Mas,5005MSI,Master's ThesisOption Prog MSI,2520,WN 2025,GINF,020371,EECS,494
17546516,FA 2024,GINF,WN 2026, ,02003,Information Mas,5005MSI,Master's ThesisOption Prog MSI,2520,WN 2025,GINF,020401,SI,622
17546516,FA 2024,GINF,WN 2026, ,02003,Information Mas,5005MSI,Master's ThesisOption Prog MSI,2520,WN 2025,GINF,040667,SI,681
17546516,FA 2024,GINF,WN 2026, ,02003,Information Mas,5005MSI,Master's ThesisOption Prog MSI,2520,WN 2025,GINF,048486,SI,659
17546516,FA 2024,GINF,WN 2026, ,02003,Information Mas,5005MSI,Master's ThesisOption Prog MSI,2520,WN 2025,GINF,051455,SI,569
17546516,FA 2024,GINF,WN 2026, ,02003,Information Mas,5005MSI,Master's ThesisOption Prog MSI,2560,FA 2025,GINF,021391,SI,511
17546516,FA 2024,GINF,WN 2026, ,02003,Information Mas,5005MSI,Master's ThesisOption Prog MSI,2560,FA 2025,GINF,021400,SI,520
17546516,FA 2024,GINF,WN 2026, ,02003,Information Mas,5005MSI,Master's ThesisOption Prog MSI,2560,FA 2025,GINF,049365,SI,697
17546516,FA 2024,GINF,WN 2026, ,02003,Information Mas,5005MSI,Master's ThesisOption Prog MSI,2560,FA 2025,GINF,052100,SI,597
17546516,FA 2024,GINF,WN 2026, ,02003,Information Mas,5005MSI,Master's ThesisOption Prog MSI,2570,WN 2026,GINF,049040,SI,698
17598361,FA 2025,GINF,WN 2027, ,02003,Information Mas,9445MSI,User Experience Design MSI,2560,FA 2025,GINF,016607,SI,544
17598361,FA 2025,GINF,WN 2027, ,02003,Information Mas,9445MSI,User Experience Design MSI,2560,FA 2025,GINF,044772,SI,582
17598361,FA 2025,GINF,WN 2027, ,02003,Information Mas,9445MSI,User Experience Design MSI,2560,FA 2025,GINF,045393,SI,552
17598361,FA 2025,GINF,WN 2027, ,02003,Information Mas,9445MSI,User Experience Design MSI,2560,FA 2025,GINF,051553,SI,500
17598361,FA 2025,GINF,WN 2027, ,02003,Information Mas,9445MSI,User Experience Design MSI,2570,WN 2026,GINF,012772,SI,548
17598361,FA 2025,GINF,WN 2027, ,02003,Information Mas,9445MSI,User Experience Design MSI,2570,WN 2026,GINF,020401,SI,622
17598361,FA 2025,GINF,WN 2027, ,02003,Information Mas,9445MSI,User Experience Design MSI,2570,WN 2026,GINF,021400,SI,520
17598361,FA 2025,GINF,WN 2027, ,02003,Information Mas,9445MSI,User Experience Design MSI,2570,WN 2026,GINF,043863,SI,612
17598361,FA 2025,GINF,WN 2027, ,02003,Information Mas,9445MSI,User Experience Design MSI,2570,WN 2026,GINF,050164,SI,504
18098001,FA 2024,GINF,WN 2026, ,02003,Information Mas,9445MSI,User Experience Design MSI,2510,FA 2024,GINF,017281,SI,588
18098001,FA 2024,GINF,WN 2026, ,02003,Information Mas,9445MSI,User Experience Design MSI,2510,FA 2024,GINF,044772,SI,582
18098001,FA 2024,GINF,WN 2026, ,02003,Information Mas,9445MSI,User Experience Design MSI,2510,FA 2024,GINF,047246,SI,506
18098001,FA 2024,GINF,WN 2026, ,02003,Information Mas,9445MSI,User Experience Design MSI,2510,FA 2024,GINF,048129,SI,505
18098001,FA 2024,GINF,WN 2026, ,02003,Information Mas,9445MSI,User Experience Design MSI,2510,FA 2024,GINF,051553,SI,500
18098001,FA 2024,GINF,WN 2026, ,02003,Information Mas,9445MSI,User Experience Design MSI,2520,WN 2025,GINF,020401,SI,622
18098001,FA 2024,GINF,WN 2026, ,02003,Information Mas,9445MSI,User Experience Design MSI,2520,WN 2025,GINF,039178,SI,539
18098001,FA 2024,GINF,WN 2026, ,02003,Information Mas,9445MSI,User Experience Design MSI,2520,WN 2025,GINF,040667,SI,681
18098001,FA 2024,GINF,WN 2026, ,02003,Information Mas,9445MSI,User Experience Design MSI,2520,WN 2025,GINF,043863,SI,612
18098001,FA 2024,GINF,WN 2026, ,02003,Information Mas,9445MSI,User Experience Design MSI,2520,WN 2025,GINF,045393,SI,552
18098001,FA 2024,GINF,WN 2026, ,02003,Information Mas,9445MSI,User Experience Design MSI,2560,FA 2025,GINF,021391,SI,511
18098001,FA 2024,GINF,WN 2026, ,02003,Information Mas,9445MSI,User Experience Design MSI,2560,FA 2025,GINF,021400,SI,520
18098001,FA 2024,GINF,WN 2026, ,02003,Information Mas,9445MSI,User Experience Design MSI,2560,FA 2025,GINF,050159,SI,579
18098001,FA 2024,GINF,WN 2026, ,02003,Information Mas,9445MSI,User Experience Design MSI,2560,FA 2025,GINF,050164,SI,504
18098001,FA 2024,GINF,WN 2026, ,02003,Information Mas,9445MSI,User Experience Design MSI,2570,WN 2026,GINF,047901,SI,699
18098001,FA 2024,GINF,WN 2026, ,02003,Information Mas,9445MSI,User Experience Design MSI,2570,WN 2026,GINF,051454,SI,594
18144773,FA 2024,GINF,WN 2026, ,02003,Information Mas,0775MSI,Big Data Analytics MSI,2510,FA 2024,GINF,039178,SI,539
18144773,FA 2024,GINF,WN 2026, ,02003,Information Mas,0775MSI,Big Data Analytics MSI,2510,FA 2024,GINF,041626,SI,664
18144773,FA 2024,GINF,WN 2026, ,02003,Information Mas,0775MSI,Big Data Analytics MSI,2510,FA 2024,GINF,042091,SI,618
18144773,FA 2024,GINF,WN 2026, ,02003,Information Mas,0775MSI,Big Data Analytics MSI,2510,FA 2024,GINF,047640,SI,507
18144773,FA 2024,GINF,WN 2026, ,02003,Information Mas,0775MSI,Big Data Analytics MSI,2510,FA 2024,GINF,050164,SI,504
18144773,FA 2024,GINF,WN 2026, ,02003,Information Mas,0775MSI,Big Data Analytics MSI,2510,FA 2024,GINF,051553,SI,500
18144773,FA 2024,GINF,WN 2026, ,02003,Information Mas,0775MSI,Big Data Analytics MSI,2520,WN 2025,GINF,022099,SI,658
18144773,FA 2024,GINF,WN 2026, ,02003,Information Mas,0775MSI,Big Data Analytics MSI,2520,WN 2025,GINF,040667,SI,681
18144773,FA 2024,GINF,WN 2026, ,02003,Information Mas,0775MSI,Big Data Analytics MSI,2520,WN 2025,GINF,042324,SI,639
18144773,FA 2024,GINF,WN 2026, ,02003,Information Mas,0775MSI,Big Data Analytics MSI,2520,WN 2025,GINF,048268,SI,630
18144773,FA 2024,GINF,WN 2026, ,02003,Information Mas,0775MSI,Big Data Analytics MSI,2520,WN 2025,GINF,049601,SI,564
18144773,FA 2024,GINF,WN 2026, ,02003,Information Mas,0775MSI,Big Data Analytics MSI,2520,WN 2025,GINF,050663,SI,568
18144773,FA 2024,GINF,WN 2026, ,02003,Information Mas,0775MSI,Big Data Analytics MSI,2520,WN 2025,GINF,050983,SI,602
18144773,FA 2024,GINF,WN 2026, ,02003,Information Mas,0775MSI,Big Data Analytics MSI,2560,FA 2025,GINF,001459,SI,690
18144773,FA 2024,GINF,WN 2026, ,02003,Information Mas,0775MSI,Big Data Analytics MSI,2560,FA 2025,GINF,045930,SI,671
18144773,FA 2024,GINF,WN 2026, ,02003,Information Mas,0775MSI,Big Data Analytics MSI,2560,FA 2025,GINF,047246,SI,506
18144773,FA 2024,GINF,WN 2026, ,02003,Information Mas,0775MSI,Big Data Analytics MSI,2570,WN 2026,GINF,020934,SI,649
18144773,FA 2024,GINF,WN 2026, ,02003,Information Mas,0775MSI,Big Data Analytics MSI,2570,WN 2026,GINF,047901,SI,699
18228597,FA 2025,GINF,WN 2027, ,02003,Information Mas,9445MSI,User Experience Design MSI,2560,FA 2025,GINF,017281,SI,588
18228597,FA 2025,GINF,WN 2027, ,02003,Information Mas,9445MSI,User Experience Design MSI,2560,FA 2025,GINF,044772,SI,582
18228597,FA 2025,GINF,WN 2027, ,02003,Information Mas,9445MSI,User Experience Design MSI,2560,FA 2025,GINF,047246,SI,506
18228597,FA 2025,GINF,WN 2027, ,02003,Information Mas,9445MSI,User Experience Design MSI,2560,FA 2025,GINF,048129,SI,505
18228597,FA 2025,GINF,WN 2027, ,02003,Information Mas,9445MSI,User Experience Design MSI,2560,FA 2025,GINF,051553,SI,500
18228597,FA 2025,GINF,WN 2027, ,02003,Information Mas,9445MSI,User Experience Design MSI,2570,WN 2026,GINF,020401,SI,622
18228597,FA 2025,GINF,WN 2027, ,02003,Information Mas,9445MSI,User Experience Design MSI,2570,WN 2026,GINF,021400,SI,520
18228597,FA 2025,GINF,WN 2027, ,02003,Information Mas,9445MSI,User Experience Design MSI,2570,WN 2026,GINF,051454,SI,594
18228597,FA 2025,GINF,WN 2027, ,02003,Information Mas,9445MSI,User Experience Design MSI,2570,WN 2026,GINF,051836,SI,611
18288264,FA 2025,GINF,WN 2027, ,02003,Information Mas,9445MSI,User Experience Design MSI,2560,FA 2025,GINF,017281,SI,588
18288264,FA 2025,GINF,WN 2027, ,02003,Information Mas,9445MSI,User Experience Design MSI,2560,FA 2025,GINF,047246,SI,506
18288264,FA 2025,GINF,WN 2027, ,02003,Information Mas,9445MSI,User Experience Design MSI,2560,FA 2025,GINF,051553,SI,500
18288264,FA 2025,GINF,WN 2027, ,02003,Information Mas,9445MSI,User Experience Design MSI,2570,WN 2026,GINF,020401,SI,622
18288264,FA 2025,GINF,WN 2027, ,02003,Information Mas,9445MSI,User Experience Design MSI,2570,WN 2026,GINF,039081,SI,529
18288264,FA 2025,GINF,WN 2027, ,02003,Information Mas,9445MSI,User Experience Design MSI,2570,WN 2026,GINF,044772,SI,582
18324392,FA 2025,GINF,WN 2027, ,02003,Information Mas,9445MSI,User Experience Design MSI,2560,FA 2025,GINF,017281,SI,588
18324392,FA 2025,GINF,WN 2027, ,02003,Information Mas,9445MSI,User Experience Design MSI,2560,FA 2025,GINF,047246,SI,506
18324392,FA 2025,GINF,WN 2027, ,02003,Information Mas,9445MSI,User Experience Design MSI,2560,FA 2025,GINF,051553,SI,500
18324392,FA 2025,GINF,WN 2027, ,02003,Information Mas,9445MSI,User Experience Design MSI,2570,WN 2026,GINF,020803,SI,643
18324392,FA 2025,GINF,WN 2027, ,02003,Information Mas,9445MSI,User Experience Design MSI,2570,WN 2026,GINF,039178,SI,539
18324392,FA 2025,GINF,WN 2027, ,02003,Information Mas,9445MSI,User Experience Design MSI,2570,WN 2026,GINF,039979,SI,623
18551608,FA 2025,GINF,WN 2027, ,02003,Information Mas,0775MSI,Big Data Analytics MSI,2560,FA 2025,GINF,016607,SI,544
18551608,FA 2025,GINF,WN 2027, ,02003,Information Mas,0775MSI,Big Data Analytics MSI,2560,FA 2025,GINF,041626,SI,664
18551608,FA 2025,GINF,WN 2027, ,02003,Information Mas,0775MSI,Big Data Analytics MSI,2560,FA 2025,GINF,043396,EECS,402
18551608,FA 2025,GINF,WN 2027, ,02003,Information Mas,0775MSI,Big Data Analytics MSI,2560,FA 2025,GINF,047640,SI,507
18551608,FA 2025,GINF,WN 2027, ,02003,Information Mas,0775MSI,Big Data Analytics MSI,2560,FA 2025,GINF,050164,SI,504
18551608,FA 2025,GINF,WN 2027, ,02003,Information Mas,0775MSI,Big Data Analytics MSI,2560,FA 2025,GINF,051553,SI,500
18551608,FA 2025,GINF,WN 2027, ,02003,Information Mas,0775MSI,Big Data Analytics MSI,2570,WN 2026,GINF,042091,SI,618
18551608,FA 2025,GINF,WN 2027, ,02003,Information Mas,0775MSI,Big Data Analytics MSI,2570,WN 2026,GINF,048268,SI,630
18551608,FA 2025,GINF,WN 2027, ,02003,Information Mas,0775MSI,Big Data Analytics MSI,2570,WN 2026,GINF,049601,SI,564
18551608,FA 2025,GINF,WN 2027, ,02003,Information Mas,0775MSI,Big Data Analytics MSI,2570,WN 2026,GINF,050663,SI,568
18551608,FA 2025,GINF,WN 2027, ,02003,Information Mas,0775MSI,Big Data Analytics MSI,2570,WN 2026,GINF,050983,SI,602
18726251,FA 2024,GINF,WN 2026, ,02003,Information Mas,0775MSI,Big Data Analytics MSI,2510,FA 2024,GINF,016607,SI,544
18726251,FA 2024,GINF,WN 2026, ,02003,Information Mas,0775MSI,Big Data Analytics MSI,2510,FA 2024,GINF,021391,SI,511
18726251,FA 2024,GINF,WN 2026, ,02003,Information Mas,0775MSI,Big Data Analytics MSI,2510,FA 2024,GINF,047246,SI,506
18726251,FA 2024,GINF,WN 2026, ,02003,Information Mas,0775MSI,Big Data Analytics MSI,2510,FA 2024,GINF,049601,SI,564
18726251,FA 2024,GINF,WN 2026, ,02003,Information Mas,0775MSI,Big Data Analytics MSI,2510,FA 2024,GINF,050164,SI,504
18726251,FA 2024,GINF,WN 2026, ,02003,Information Mas,0775MSI,Big Data Analytics MSI,2510,FA 2024,GINF,051553,SI,500
18726251,FA 2024,GINF,WN 2026, ,02003,Information Mas,0775MSI,Big Data Analytics MSI,2520,WN 2025,GINF,040667,SI,681
18726251,FA 2024,GINF,WN 2026, ,02003,Information Mas,0775MSI,Big Data Analytics MSI,2520,WN 2025,GINF,042091,SI,618
18726251,FA 2024,GINF,WN 2026, ,02003,Information Mas,0775MSI,Big Data Analytics MSI,2520,WN 2025,GINF,047640,SI,507
18726251,FA 2024,GINF,WN 2026, ,02003,Information Mas,0775MSI,Big Data Analytics MSI,2520,WN 2025,GINF,050663,SI,568
18726251,FA 2024,GINF,WN 2026, ,02003,Information Mas,0775MSI,Big Data Analytics MSI,2520,WN 2025,GINF,050983,SI,602
18726251,FA 2024,GINF,WN 2026, ,02003,Information Mas,0775MSI,Big Data Analytics MSI,2560,FA 2025,GINF,041626,SI,664
18726251,FA 2024,GINF,WN 2026, ,02003,Information Mas,0775MSI,Big Data Analytics MSI,2560,FA 2025,GINF,041934,SI,608
18726251,FA 2024,GINF,WN 2026, ,02003,Information Mas,0775MSI,Big Data Analytics MSI,2560,FA 2025,GINF,045930,SI,671
18726251,FA 2024,GINF,WN 2026, ,02003,Information Mas,0775MSI,Big Data Analytics MSI,2560,FA 2025,GINF,050983,SI,602
18726251,FA 2024,GINF,WN 2026, ,02003,Information Mas,0775MSI,Big Data Analytics MSI,2570,WN 2026,GINF,001459,SI,690
18726251,FA 2024,GINF,WN 2026, ,02003,Information Mas,0775MSI,Big Data Analytics MSI,2570,WN 2026,GINF,017508,TO,512
18726251,FA 2024,GINF,WN 2026, ,02003,Information Mas,0775MSI,Big Data Analytics MSI,2570,WN 2026,GINF,020934,SI,649
18726251,FA 2024,GINF,WN 2026, ,02003,Information Mas,0775MSI,Big Data Analytics MSI,2570,WN 2026,GINF,047901,SI,699
19052411,FA 2024,GINF,WN 2026, ,02003,Information Mas,0775MSI,Big Data Analytics MSI,2510,FA 2024,GINF,039178,SI,539
19052411,FA 2024,GINF,WN 2026, ,02003,Information Mas,0775MSI,Big Data Analytics MSI,2510,FA 2024,GINF,042091,SI,618
19052411,FA 2024,GINF,WN 2026, ,02003,Information Mas,0775MSI,Big Data Analytics MSI,2510,FA 2024,GINF,047640,SI,507
19052411,FA 2024,GINF,WN 2026, ,02003,Information Mas,0775MSI,Big Data Analytics MSI,2510,FA 2024,GINF,049601,SI,564
19052411,FA 2024,GINF,WN 2026, ,02003,Information Mas,0775MSI,Big Data Analytics MSI,2510,FA 2024,GINF,050164,SI,504
19052411,FA 2024,GINF,WN 2026, ,02003,Information Mas,0775MSI,Big Data Analytics MSI,2510,FA 2024,GINF,051553,SI,500
19052411,FA 2024,GINF,WN 2026, ,02003,Information Mas,0775MSI,Big Data Analytics MSI,2520,WN 2025,GINF,040667,SI,681
19052411,FA 2024,GINF,WN 2026, ,02003,Information Mas,0775MSI,Big Data Analytics MSI,2520,WN 2025,GINF,041626,SI,664
19052411,FA 2024,GINF,WN 2026, ,02003,Information Mas,0775MSI,Big Data Analytics MSI,2520,WN 2025,GINF,042324,SI,639
19052411,FA 2024,GINF,WN 2026, ,02003,Information Mas,0775MSI,Big Data Analytics MSI,2520,WN 2025,GINF,048268,SI,630
19052411,FA 2024,GINF,WN 2026, ,02003,Information Mas,0775MSI,Big Data Analytics MSI,2520,WN 2025,GINF,050663,SI,568
19052411,FA 2024,GINF,WN 2026, ,02003,Information Mas,0775MSI,Big Data Analytics MSI,2520,WN 2025,GINF,050983,SI,602
19052411,FA 2024,GINF,WN 2026, ,02003,Information Mas,0775MSI,Big Data Analytics MSI,2520,WN 2025,GINF,051462,SI,644
19052411,FA 2024,GINF,WN 2026, ,02003,Information Mas,0775MSI,Big Data Analytics MSI,2560,FA 2025,GINF,045930,SI,671
19052411,FA 2024,GINF,WN 2026, ,02003,Information Mas,0775MSI,Big Data Analytics MSI,2560,FA 2025,GINF,047246,SI,506
19052411,FA 2024,GINF,WN 2026, ,02003,Information Mas,0775MSI,Big Data Analytics MSI,2560,FA 2025,GINF,048500,SI,670
19052411,FA 2024,GINF,WN 2026, ,02003,Information Mas,0775MSI,Big Data Analytics MSI,2560,FA 2025,GINF,050509,EECS,553
19052411,FA 2024,GINF,WN 2026, ,02003,Information Mas,0775MSI,Big Data Analytics MSI,2570,WN 2026,GINF,047901,SI,699
19392944,FA 2024,GINF,WN 2025,WN 2025,02003,Information Mas,9445MSI,User Experience Design MSI,2510,FA 2024,GINF,001459,SI,690
19392944,FA 2024,GINF,WN 2025,WN 2025,02003,Information Mas,9445MSI,User Experience Design MSI,2510,FA 2024,GINF,043863,SI,612
19392944,FA 2024,GINF,WN 2025,WN 2025,02003,Information Mas,9445MSI,User Experience Design MSI,2510,FA 2024,GINF,045687,SI,538
19392944,FA 2024,GINF,WN 2025,WN 2025,02003,Information Mas,9445MSI,User Experience Design MSI,2510,FA 2024,GINF,047228,ENTR,500
19392944,FA 2024,GINF,WN 2025,WN 2025,02003,Information Mas,9445MSI,User Experience Design MSI,2510,FA 2024,GINF,051553,SI,500
19392944,FA 2024,GINF,WN 2025,WN 2025,02003,Information Mas,9445MSI,User Experience Design MSI,2520,WN 2025,GINF,012772,SI,548
19392944,FA 2024,GINF,WN 2025,WN 2025,02003,Information Mas,9445MSI,User Experience Design MSI,2520,WN 2025,GINF,045393,SI,552
19392944,FA 2024,GINF,WN 2025,WN 2025,02003,Information Mas,9445MSI,User Experience Design MSI,2520,WN 2025,GINF,047901,SI,699
19392944,FA 2024,GINF,WN 2025,WN 2025,02003,Information Mas,9445MSI,User Experience Design MSI,2520,WN 2025,GINF,048421,ENTR,560
19466574,FA 2024,GINF,WN 2026, ,02003,Information Mas,5005MSI,Master's ThesisOption Prog MSI,2510,FA 2024,GINF,016607,SI,544
19466574,FA 2024,GINF,WN 2026, ,02003,Information Mas,5005MSI,Master's ThesisOption Prog MSI,2510,FA 2024,GINF,017281,SI,588
19466574,FA 2024,GINF,WN 2026, ,02003,Information Mas,5005MSI,Master's ThesisOption Prog MSI,2510,FA 2024,GINF,047246,SI,506
19466574,FA 2024,GINF,WN 2026, ,02003,Information Mas,5005MSI,Master's ThesisOption Prog MSI,2510,FA 2024,GINF,048129,SI,505
19466574,FA 2024,GINF,WN 2026, ,02003,Information Mas,5005MSI,Master's ThesisOption Prog MSI,2510,FA 2024,GINF,051553,SI,500
19466574,FA 2024,GINF,WN 2026, ,02003,Information Mas,5005MSI,Master's ThesisOption Prog MSI,2520,WN 2025,GINF,020401,SI,622
19466574,FA 2024,GINF,WN 2026, ,02003,Information Mas,5005MSI,Master's ThesisOption Prog MSI,2520,WN 2025,GINF,040667,SI,681
19466574,FA 2024,GINF,WN 2026, ,02003,Information Mas,5005MSI,Master's ThesisOption Prog MSI,2520,WN 2025,GINF,044772,SI,582
19466574,FA 2024,GINF,WN 2026, ,02003,Information Mas,5005MSI,Master's ThesisOption Prog MSI,2520,WN 2025,GINF,045393,SI,552
19466574,FA 2024,GINF,WN 2026, ,02003,Information Mas,5005MSI,Master's ThesisOption Prog MSI,2520,WN 2025,GINF,047641,SI,540
19466574,FA 2024,GINF,WN 2026, ,02003,Information Mas,5005MSI,Master's ThesisOption Prog MSI,2560,FA 2025,GINF,012457,EDUC,602
19466574,FA 2024,GINF,WN 2026, ,02003,Information Mas,5005MSI,Master's ThesisOption Prog MSI,2560,FA 2025,GINF,049365,SI,697
19466574,FA 2024,GINF,WN 2026, ,02003,Information Mas,5005MSI,Master's ThesisOption Prog MSI,2560,FA 2025,GINF,051836,SI,611
19466574,FA 2024,GINF,WN 2026, ,02003,Information Mas,5005MSI,Master's ThesisOption Prog MSI,2560,FA 2025,GINF,051902,PAT,505
19466574,FA 2024,GINF,WN 2026, ,02003,Information Mas,5005MSI,Master's ThesisOption Prog MSI,2560,FA 2025,GINF,052100,SI,597
19466574,FA 2024,GINF,WN 2026, ,02003,Information Mas,5005MSI,Master's ThesisOption Prog MSI,2570,WN 2026,GINF,040408,WRITING,630
19466574,FA 2024,GINF,WN 2026, ,02003,Information Mas,5005MSI,Master's ThesisOption Prog MSI,2570,WN 2026,GINF,049040,SI,698
19466574,FA 2024,GINF,WN 2026, ,02003,Information Mas,5005MSI,Master's ThesisOption Prog MSI,2570,WN 2026,GINF,050162,SI,510
19466574,FA 2024,GINF,WN 2026, ,02003,Information Mas,5005MSI,Master's ThesisOption Prog MSI,2570,WN 2026,GINF,052230,EDUC,620
19476961,FA 2024,GINF,WN 2026, ,02003,Information Mas,9445MSI,User Experience Design MSI,2510,FA 2024,GINF,017281,SI,588
19476961,FA 2024,GINF,WN 2026, ,02003,Information Mas,9445MSI,User Experience Design MSI,2510,FA 2024,GINF,039178,SI,539
19476961,FA 2024,GINF,WN 2026, ,02003,Information Mas,9445MSI,User Experience Design MSI,2510,FA 2024,GINF,047246,SI,506
19476961,FA 2024,GINF,WN 2026, ,02003,Information Mas,9445MSI,User Experience Design MSI,2510,FA 2024,GINF,051553,SI,500
19476961,FA 2024,GINF,WN 2026, ,02003,Information Mas,9445MSI,User Experience Design MSI,2520,WN 2025,GINF,020401,SI,622
19476961,FA 2024,GINF,WN 2026, ,02003,Information Mas,9445MSI,User Experience Design MSI,2520,WN 2025,GINF,021400,SI,520
19476961,FA 2024,GINF,WN 2026, ,02003,Information Mas,9445MSI,User Experience Design MSI,2520,WN 2025,GINF,040667,SI,681
19476961,FA 2024,GINF,WN 2026, ,02003,Information Mas,9445MSI,User Experience Design MSI,2520,WN 2025,GINF,043863,SI,612
19476961,FA 2024,GINF,WN 2026, ,02003,Information Mas,9445MSI,User Experience Design MSI,2520,WN 2025,GINF,048488,SI,559
19476961,FA 2024,GINF,WN 2026, ,02003,Information Mas,9445MSI,User Experience Design MSI,2560,FA 2025,GINF,045393,SI,552
19476961,FA 2024,GINF,WN 2026, ,02003,Information Mas,9445MSI,User Experience Design MSI,2560,FA 2025,GINF,045771,SI,684
19476961,FA 2024,GINF,WN 2026, ,02003,Information Mas,9445MSI,User Experience Design MSI,2560,FA 2025,GINF,047901,SI,699
19476961,FA 2024,GINF,WN 2026, ,02003,Information Mas,9445MSI,User Experience Design MSI,2560,FA 2025,GINF,050136,UARTS,560
19476961,FA 2024,GINF,WN 2026, ,02003,Information Mas,9445MSI,User Experience Design MSI,2560,FA 2025,GINF,051836,SI,611
19476961,FA 2024,GINF,WN 2026, ,02003,Information Mas,9445MSI,User Experience Design MSI,2570,WN 2026,GINF,021050,SI,691
19476961,FA 2024,GINF,WN 2026, ,02003,Information Mas,9445MSI,User Experience Design MSI,2570,WN 2026,GINF,050136,UARTS,560
19770740,FA 2025,GINF,WN 2027, ,02003,Information Mas,9445MSI,User Experience Design MSI,2560,FA 2025,GINF,017281,SI,588
19770740,FA 2025,GINF,WN 2027, ,02003,Information Mas,9445MSI,User Experience Design MSI,2560,FA 2025,GINF,044772,SI,582
19770740,FA 2025,GINF,WN 2027, ,02003,Information Mas,9445MSI,User Experience Design MSI,2560,FA 2025,GINF,047246,SI,506
19770740,FA 2025,GINF,WN 2027, ,02003,Information Mas,9445MSI,User Experience Design MSI,2560,FA 2025,GINF,048129,SI,505
19770740,FA 2025,GINF,WN 2027, ,02003,Information Mas,9445MSI,User Experience Design MSI,2560,FA 2025,GINF,051553,SI,500
19770740,FA 2025,GINF,WN 2027, ,02003,Information Mas,9445MSI,User Experience Design MSI,2570,WN 2026,GINF,020401,SI,622
19770740,FA 2025,GINF,WN 2027, ,02003,Information Mas,9445MSI,User Experience Design MSI,2570,WN 2026,GINF,039081,SI,529
19770740,FA 2025,GINF,WN 2027, ,02003,Information Mas,9445MSI,User Experience Design MSI,2570,WN 2026,GINF,039178,SI,539
19770740,FA 2025,GINF,WN 2027, ,02003,Information Mas,9445MSI,User Experience Design MSI,2570,WN 2026,GINF,043515,DANCE,100
19770740,FA 2025,GINF,WN 2027, ,02003,Information Mas,9445MSI,User Experience Design MSI,2570,WN 2026,GINF,045393,SI,552
19832988,FA 2025,GINF,WN 2027, ,02003,Information Mas,9455MSI,User-Centered Agile Dev MSI,2560,FA 2025,GINF,017281,SI,588
19832988,FA 2025,GINF,WN 2027, ,02003,Information Mas,9455MSI,User-Centered Agile Dev MSI,2560,FA 2025,GINF,044772,SI,582
19832988,FA 2025,GINF,WN 2027, ,02003,Information Mas,9455MSI,User-Centered Agile Dev MSI,2560,FA 2025,GINF,047246,SI,506
19832988,FA 2025,GINF,WN 2027, ,02003,Information Mas,9455MSI,User-Centered Agile Dev MSI,2560,FA 2025,GINF,048129,SI,505
19832988,FA 2025,GINF,WN 2027, ,02003,Information Mas,9455MSI,User-Centered Agile Dev MSI,2560,FA 2025,GINF,051553,SI,500
19832988,FA 2025,GINF,WN 2027, ,02003,Information Mas,9455MSI,User-Centered Agile Dev MSI,2570,WN 2026,GINF,021391,SI,511
19832988,FA 2025,GINF,WN 2027, ,02003,Information Mas,9455MSI,User-Centered Agile Dev MSI,2570,WN 2026,GINF,021400,SI,520
19832988,FA 2025,GINF,WN 2027, ,02003,Information Mas,9455MSI,User-Centered Agile Dev MSI,2570,WN 2026,GINF,039178,SI,539
19832988,FA 2025,GINF,WN 2027, ,02003,Information Mas,9455MSI,User-Centered Agile Dev MSI,2570,WN 2026,GINF,041626,SI,664
19832988,FA 2025,GINF,WN 2027, ,02003,Information Mas,9455MSI,User-Centered Agile Dev MSI,2570,WN 2026,GINF,050159,SI,579
19832988,FA 2025,GINF,WN 2027, ,02003,Information Mas,9455MSI,User-Centered Agile Dev MSI,2570,WN 2026,GINF,050164,SI,504
19963095,FA 2025,GINF,WN 2027, ,02003,Information Mas,9445MSI,User Experience Design MSI,2560,FA 2025,GINF,021400,SI,520
19963095,FA 2025,GINF,WN 2027, ,02003,Information Mas,9445MSI,User Experience Design MSI,2560,FA 2025,GINF,047246,SI,506
19963095,FA 2025,GINF,WN 2027, ,02003,Information Mas,9445MSI,User Experience Design MSI,2560,FA 2025,GINF,048488,SI,559
19963095,FA 2025,GINF,WN 2027, ,02003,Information Mas,9445MSI,User Experience Design MSI,2560,FA 2025,GINF,051553,SI,500
19963095,FA 2025,GINF,WN 2027, ,02003,Information Mas,9445MSI,User Experience Design MSI,2570,WN 2026,GINF,020401,SI,622
19963095,FA 2025,GINF,WN 2027, ,02003,Information Mas,9445MSI,User Experience Design MSI,2570,WN 2026,GINF,039178,SI,539
19963095,FA 2025,GINF,WN 2027, ,02003,Information Mas,9445MSI,User Experience Design MSI,2570,WN 2026,GINF,044772,SI,582
19963095,FA 2025,GINF,WN 2027, ,02003,Information Mas,9445MSI,User Experience Design MSI,2570,WN 2026,GINF,052216,SI,512
19973545,FA 2025,GINF,WN 2027, ,02003,Information Mas,9445MSI,User Experience Design MSI,2560,FA 2025,GINF,017281,SI,588
19973545,FA 2025,GINF,WN 2027, ,02003,Information Mas,9445MSI,User Experience Design MSI,2560,FA 2025,GINF,047246,SI,506
19973545,FA 2025,GINF,WN 2027, ,02003,Information Mas,9445MSI,User Experience Design MSI,2560,FA 2025,GINF,048129,SI,505
19973545,FA 2025,GINF,WN 2027, ,02003,Information Mas,9445MSI,User Experience Design MSI,2560,FA 2025,GINF,051553,SI,500
19973545,FA 2025,GINF,WN 2027, ,02003,Information Mas,9445MSI,User Experience Design MSI,2570,WN 2026,GINF,020401,SI,622
19973545,FA 2025,GINF,WN 2027, ,02003,Information Mas,9445MSI,User Experience Design MSI,2570,WN 2026,GINF,044772,SI,582
19973545,FA 2025,GINF,WN 2027, ,02003,Information Mas,9445MSI,User Experience Design MSI,2570,WN 2026,GINF,050164,SI,504
19974305,FA 2025,GINF,WN 2026, ,02012,MDP Informat & Soc Wk MSI/MSW,9445MSI5,User Experience Design MSI,2460,FA 2023,GINF,039178,SI,539
19974305,FA 2025,GINF,WN 2026, ,02012,MDP Informat & Soc Wk MSI/MSW,9445MSI5,User Experience Design MSI,2460,FA 2023,GINF,042104,SI,501
19974305,FA 2025,GINF,WN 2026, ,02012,MDP Informat & Soc Wk MSI/MSW,9445MSI5,User Experience Design MSI,2460,FA 2023,GINF,044772,SI,582
19974305,FA 2025,GINF,WN 2026, ,02012,MDP Informat & Soc Wk MSI/MSW,9445MSI5,User Experience Design MSI,2460,FA 2023,GINF,048129,SI,505
19974305,FA 2025,GINF,WN 2026, ,02012,MDP Informat & Soc Wk MSI/MSW,9445MSI5,User Experience Design MSI,2460,FA 2023,GINF,048488,SI,559
19974305,FA 2025,GINF,WN 2026, ,02012,MDP Informat & Soc Wk MSI/MSW,9445MSI5,User Experience Design MSI,2470,WN 2024,GINF,020401,SI,622
19974305,FA 2025,GINF,WN 2026, ,02012,MDP Informat & Soc Wk MSI/MSW,9445MSI5,User Experience Design MSI,2470,WN 2024,GINF,021400,SI,520
19974305,FA 2025,GINF,WN 2026, ,02012,MDP Informat & Soc Wk MSI/MSW,9445MSI5,User Experience Design MSI,2470,WN 2024,GINF,048486,SI,659
19974305,FA 2025,GINF,WN 2026, ,02012,MDP Informat & Soc Wk MSI/MSW,9445MSI5,User Experience Design MSI,2470,WN 2024,GINF,048531,PAT,543
19974305,FA 2025,GINF,WN 2026, ,02012,MDP Informat & Soc Wk MSI/MSW,9445MSI5,User Experience Design MSI,2510,FA 2024,GINF,017281,SI,588
19974305,FA 2025,GINF,WN 2026, ,02012,MDP Informat & Soc Wk MSI/MSW,9445MSI5,User Experience Design MSI,2560,FA 2025,GINF,042071,SI,563
19974305,FA 2025,GINF,WN 2026, ,02012,MDP Informat & Soc Wk MSI/MSW,9445MSI5,User Experience Design MSI,2560,FA 2025,GINF,045687,SI,538
19974305,FA 2025,GINF,WN 2026, ,02012,MDP Informat & Soc Wk MSI/MSW,9445MSI5,User Experience Design MSI,2560,FA 2025,GINF,049935,SW,777
19974305,FA 2025,GINF,WN 2026, ,02012,MDP Informat & Soc Wk MSI/MSW,9445MSI5,User Experience Design MSI,2560,FA 2025,GINF,051519,ECE,598
19974305,FA 2025,GINF,WN 2026, ,02012,MDP Informat & Soc Wk MSI/MSW,9445MSI5,User Experience Design MSI,2570,WN 2026,GINF,021391,SI,511
19974305,FA 2025,GINF,WN 2026, ,02012,MDP Informat & Soc Wk MSI/MSW,9445MSI5,User Experience Design MSI,2570,WN 2026,GINF,040369,SI,515
19974305,FA 2025,GINF,WN 2026, ,02012,MDP Informat & Soc Wk MSI/MSW,9445MSI5,User Experience Design MSI,2570,WN 2026,GINF,047901,SI,699
19974305,FA 2025,GINF,WN 2026, ,02012,MDP Informat & Soc Wk MSI/MSW,9445MSI5,User Experience Design MSI,2570,WN 2026,GINF,052230,EDUC,620
19974305,FA 2025,GSW,WN 2026, ,02013,MDDP Soc Wk & Inform MSW/MSI,1767MSW,Int Prac IH MH&Subst Abuse MSW,2510,FA 2024,GSW,049835,SW,590
19974305,FA 2025,GSW,WN 2026, ,02013,MDDP Soc Wk & Inform MSW/MSI,1767MSW,Int Prac IH MH&Subst Abuse MSW,2510,FA 2024,GSW,049959,SW,515
19974305,FA 2025,GSW,WN 2026, ,02013,MDDP Soc Wk & Inform MSW/MSI,1767MSW,Int Prac IH MH&Subst Abuse MSW,2510,FA 2024,GSW,050264,SW,505
19974305,FA 2025,GSW,WN 2026, ,02013,MDDP Soc Wk & Inform MSW/MSI,1767MSW,Int Prac IH MH&Subst Abuse MSW,2510,FA 2024,GSW,050267,SW,509
19974305,FA 2025,GSW,WN 2026, ,02013,MDDP Soc Wk & Inform MSW/MSI,1767MSW,Int Prac IH MH&Subst Abuse MSW,2510,FA 2024,GSW,050268,SW,508
19974305,FA 2025,GSW,WN 2026, ,02013,MDDP Soc Wk & Inform MSW/MSI,1767MSW,Int Prac IH MH&Subst Abuse MSW,2510,FA 2024,GSW,050269,SW,507
19974305,FA 2025,GSW,WN 2026, ,02013,MDDP Soc Wk & Inform MSW/MSI,1767MSW,Int Prac IH MH&Subst Abuse MSW,2510,FA 2024,GSW,050270,SW,506
19974305,FA 2025,GSW,WN 2026, ,02013,MDDP Soc Wk & Inform MSW/MSI,1767MSW,Int Prac IH MH&Subst Abuse MSW,2520,WN 2025,GSW,049747,SW,600
19974305,FA 2025,GSW,WN 2026, ,02013,MDDP Soc Wk & Inform MSW/MSI,1767MSW,Int Prac IH MH&Subst Abuse MSW,2520,WN 2025,GSW,049748,SW,601
19974305,FA 2025,GSW,WN 2026, ,02013,MDDP Soc Wk & Inform MSW/MSI,1767MSW,Int Prac IH MH&Subst Abuse MSW,2520,WN 2025,GSW,049960,SW,691
19974305,FA 2025,GSW,WN 2026, ,02013,MDDP Soc Wk & Inform MSW/MSI,1767MSW,Int Prac IH MH&Subst Abuse MSW,2520,WN 2025,GSW,050361,SW,678
19974305,FA 2025,GSW,WN 2026, ,02013,MDDP Soc Wk & Inform MSW/MSI,1767MSW,Int Prac IH MH&Subst Abuse MSW,2520,WN 2025,GSW,050515,SW,649
19974305,FA 2025,GSW,WN 2026, ,02013,MDDP Soc Wk & Inform MSW/MSI,1767MSW,Int Prac IH MH&Subst Abuse MSW,2540,SS 2025,GSW,049750,SW,603
19974305,FA 2025,GSW,WN 2026, ,02013,MDDP Soc Wk & Inform MSW/MSI,1767MSW,Int Prac IH MH&Subst Abuse MSW,2540,SS 2025,GSW,049752,SW,605
19974305,FA 2025,GSW,WN 2026, ,02013,MDDP Soc Wk & Inform MSW/MSI,1767MSW,Int Prac IH MH&Subst Abuse MSW,2540,SS 2025,GSW,049960,SW,691
19974305,FA 2025,GSW,WN 2026, ,02013,MDDP Soc Wk & Inform MSW/MSI,1767MSW,Int Prac IH MH&Subst Abuse MSW,2540,SS 2025,GSW,050265,SW,699
20002282,FA 2024,GINF,WN 2027, ,02003,Information Mas,9445MSI,User Experience Design MSI,2510,FA 2024,GINF,017281,SI,588
20002282,FA 2024,GINF,WN 2027, ,02003,Information Mas,9445MSI,User Experience Design MSI,2510,FA 2024,GINF,039178,SI,539
20002282,FA 2024,GINF,WN 2027, ,02003,Information Mas,9445MSI,User Experience Design MSI,2510,FA 2024,GINF,047246,SI,506
20002282,FA 2024,GINF,WN 2027, ,02003,Information Mas,9445MSI,User Experience Design MSI,2510,FA 2024,GINF,048129,SI,505
20002282,FA 2024,GINF,WN 2027, ,02003,Information Mas,9445MSI,User Experience Design MSI,2510,FA 2024,GINF,051553,SI,500
20002282,FA 2024,GINF,WN 2027, ,02003,Information Mas,9445MSI,User Experience Design MSI,2520,WN 2025,GINF,020401,SI,622
20002282,FA 2024,GINF,WN 2027, ,02003,Information Mas,9445MSI,User Experience Design MSI,2520,WN 2025,GINF,021400,SI,520
20002282,FA 2024,GINF,WN 2027, ,02003,Information Mas,9445MSI,User Experience Design MSI,2520,WN 2025,GINF,040667,SI,681
20002282,FA 2024,GINF,WN 2027, ,02003,Information Mas,9445MSI,User Experience Design MSI,2520,WN 2025,GINF,044772,SI,582
20002282,FA 2024,GINF,WN 2027, ,02003,Information Mas,9445MSI,User Experience Design MSI,2520,WN 2025,GINF,045393,SI,552
20002282,FA 2024,GINF,WN 2027, ,02003,Information Mas,9445MSI,User Experience Design MSI,2560,FA 2025,GINF,003736,ES,605
20002282,FA 2024,GINF,WN 2027, ,02003,Information Mas,9445MSI,User Experience Design MSI,2560,FA 2025,GINF,021391,SI,511
20002282,FA 2024,GINF,WN 2027, ,02003,Information Mas,9445MSI,User Experience Design MSI,2560,FA 2025,GINF,044798,ENTR,599
20002282,FA 2024,GINF,WN 2027, ,02003,Information Mas,9445MSI,User Experience Design MSI,2560,FA 2025,GINF,048488,SI,559
20002282,FA 2024,GINF,WN 2027, ,02003,Information Mas,9445MSI,User Experience Design MSI,2570,WN 2026,GINF,001459,SI,690
20002282,FA 2024,GINF,WN 2027, ,02003,Information Mas,9445MSI,User Experience Design MSI,2570,WN 2026,GINF,021391,SI,511
20002282,FA 2024,GINF,WN 2027, ,02003,Information Mas,9445MSI,User Experience Design MSI,2570,WN 2026,GINF,047901,SI,699
20501461,FA 2024,GINF,WN 2026, ,02003,Information Mas,9445MSI,User Experience Design MSI,2510,FA 2024,GINF,017281,SI,588
20501461,FA 2024,GINF,WN 2026, ,02003,Information Mas,9445MSI,User Experience Design MSI,2510,FA 2024,GINF,039178,SI,539
20501461,FA 2024,GINF,WN 2026, ,02003,Information Mas,9445MSI,User Experience Design MSI,2510,FA 2024,GINF,047246,SI,506
20501461,FA 2024,GINF,WN 2026, ,02003,Information Mas,9445MSI,User Experience Design MSI,2510,FA 2024,GINF,048129,SI,505
20501461,FA 2024,GINF,WN 2026, ,02003,Information Mas,9445MSI,User Experience Design MSI,2510,FA 2024,GINF,051553,SI,500
20501461,FA 2024,GINF,WN 2026, ,02003,Information Mas,9445MSI,User Experience Design MSI,2520,WN 2025,GINF,020401,SI,622
20501461,FA 2024,GINF,WN 2026, ,02003,Information Mas,9445MSI,User Experience Design MSI,2520,WN 2025,GINF,021391,SI,511
20501461,FA 2024,GINF,WN 2026, ,02003,Information Mas,9445MSI,User Experience Design MSI,2520,WN 2025,GINF,040667,SI,681
20501461,FA 2024,GINF,WN 2026, ,02003,Information Mas,9445MSI,User Experience Design MSI,2520,WN 2025,GINF,043863,SI,612
20501461,FA 2024,GINF,WN 2026, ,02003,Information Mas,9445MSI,User Experience Design MSI,2520,WN 2025,GINF,050136,UARTS,560
20501461,FA 2024,GINF,WN 2026, ,02003,Information Mas,9445MSI,User Experience Design MSI,2520,WN 2025,GINF,051454,SI,594
20501461,FA 2024,GINF,WN 2026, ,02003,Information Mas,9445MSI,User Experience Design MSI,2560,FA 2025,GINF,045393,SI,552
20501461,FA 2024,GINF,WN 2026, ,02003,Information Mas,9445MSI,User Experience Design MSI,2560,FA 2025,GINF,047901,SI,699
20501461,FA 2024,GINF,WN 2026, ,02003,Information Mas,9445MSI,User Experience Design MSI,2560,FA 2025,GINF,050136,UARTS,560
20501461,FA 2024,GINF,WN 2026, ,02003,Information Mas,9445MSI,User Experience Design MSI,2560,FA 2025,GINF,051836,SI,611
20501461,FA 2024,GINF,WN 2026, ,02003,Information Mas,9445MSI,User Experience Design MSI,2570,WN 2026,GINF,012085,MKT,613
20501461,FA 2024,GINF,WN 2026, ,02003,Information Mas,9445MSI,User Experience Design MSI,2570,WN 2026,GINF,049112,PAT,500
20505354,FA 2024,GINF,WN 2026, ,02003,Information Mas,0775MSI,Big Data Analytics MSI,2510,FA 2024,GINF,016607,SI,544
20505354,FA 2024,GINF,WN 2026, ,02003,Information Mas,0775MSI,Big Data Analytics MSI,2510,FA 2024,GINF,047246,SI,506
20505354,FA 2024,GINF,WN 2026, ,02003,Information Mas,0775MSI,Big Data Analytics MSI,2510,FA 2024,GINF,050164,SI,504
20505354,FA 2024,GINF,WN 2026, ,02003,Information Mas,0775MSI,Big Data Analytics MSI,2510,FA 2024,GINF,051553,SI,500
20505354,FA 2024,GINF,WN 2026, ,02003,Information Mas,0775MSI,Big Data Analytics MSI,2520,WN 2025,GINF,040667,SI,681
20505354,FA 2024,GINF,WN 2026, ,02003,Information Mas,0775MSI,Big Data Analytics MSI,2520,WN 2025,GINF,042091,SI,618
20505354,FA 2024,GINF,WN 2026, ,02003,Information Mas,0775MSI,Big Data Analytics MSI,2520,WN 2025,GINF,047640,SI,507
20505354,FA 2024,GINF,WN 2026, ,02003,Information Mas,0775MSI,Big Data Analytics MSI,2520,WN 2025,GINF,050663,SI,568
20505354,FA 2024,GINF,WN 2026, ,02003,Information Mas,0775MSI,Big Data Analytics MSI,2520,WN 2025,GINF,050983,SI,602
20505354,FA 2024,GINF,WN 2026, ,02003,Information Mas,0775MSI,Big Data Analytics MSI,2560,FA 2025,GINF,001459,SI,690
20505354,FA 2024,GINF,WN 2026, ,02003,Information Mas,0775MSI,Big Data Analytics MSI,2560,FA 2025,GINF,041626,SI,664
20505354,FA 2024,GINF,WN 2026, ,02003,Information Mas,0775MSI,Big Data Analytics MSI,2560,FA 2025,GINF,041934,SI,608
20505354,FA 2024,GINF,WN 2026, ,02003,Information Mas,0775MSI,Big Data Analytics MSI,2560,FA 2025,GINF,045930,SI,671
20505354,FA 2024,GINF,WN 2026, ,02003,Information Mas,0775MSI,Big Data Analytics MSI,2570,WN 2026,GINF,020934,SI,649
20505354,FA 2024,GINF,WN 2026, ,02003,Information Mas,0775MSI,Big Data Analytics MSI,2570,WN 2026,GINF,021391,SI,511
20505354,FA 2024,GINF,WN 2026, ,02003,Information Mas,0775MSI,Big Data Analytics MSI,2570,WN 2026,GINF,047901,SI,699
20563824,FA 2025,GINF,WN 2027, ,02003,Information Mas,0775MSI,Big Data Analytics MSI,2560,FA 2025,GINF,041626,SI,664
20563824,FA 2025,GINF,WN 2027, ,02003,Information Mas,0775MSI,Big Data Analytics MSI,2560,FA 2025,GINF,042091,SI,618
20563824,FA 2025,GINF,WN 2027, ,02003,Information Mas,0775MSI,Big Data Analytics MSI,2560,FA 2025,GINF,047640,SI,507
20563824,FA 2025,GINF,WN 2027, ,02003,Information Mas,0775MSI,Big Data Analytics MSI,2560,FA 2025,GINF,050164,SI,504
20563824,FA 2025,GINF,WN 2027, ,02003,Information Mas,0775MSI,Big Data Analytics MSI,2560,FA 2025,GINF,051553,SI,500
20563824,FA 2025,GINF,WN 2027, ,02003,Information Mas,0775MSI,Big Data Analytics MSI,2570,WN 2026,GINF,020803,SI,643
20563824,FA 2025,GINF,WN 2027, ,02003,Information Mas,0775MSI,Big Data Analytics MSI,2570,WN 2026,GINF,042324,SI,639
20563824,FA 2025,GINF,WN 2027, ,02003,Information Mas,0775MSI,Big Data Analytics MSI,2570,WN 2026,GINF,048268,SI,630
20563824,FA 2025,GINF,WN 2027, ,02003,Information Mas,0775MSI,Big Data Analytics MSI,2570,WN 2026,GINF,050663,SI,568
20563824,FA 2025,GINF,WN 2027, ,02003,Information Mas,0775MSI,Big Data Analytics MSI,2570,WN 2026,GINF,050983,SI,602
20621118,FA 2025,GINF,WN 2027, ,02003,Information Mas,9445MSI,User Experience Design MSI,2560,FA 2025,GINF,017281,SI,588
20621118,FA 2025,GINF,WN 2027, ,02003,Information Mas,9445MSI,User Experience Design MSI,2560,FA 2025,GINF,021400,SI,520
20621118,FA 2025,GINF,WN 2027, ,02003,Information Mas,9445MSI,User Experience Design MSI,2560,FA 2025,GINF,039178,SI,539
20621118,FA 2025,GINF,WN 2027, ,02003,Information Mas,9445MSI,User Experience Design MSI,2560,FA 2025,GINF,048488,SI,559
20621118,FA 2025,GINF,WN 2027, ,02003,Information Mas,9445MSI,User Experience Design MSI,2560,FA 2025,GINF,051647,ELI,541
20621118,FA 2025,GINF,WN 2027, ,02003,Information Mas,9445MSI,User Experience Design MSI,2570,WN 2026,GINF,016654,ELI,533
20621118,FA 2025,GINF,WN 2027, ,02003,Information Mas,9445MSI,User Experience Design MSI,2570,WN 2026,GINF,020401,SI,622
20621118,FA 2025,GINF,WN 2027, ,02003,Information Mas,9445MSI,User Experience Design MSI,2570,WN 2026,GINF,021391,SI,511
20621118,FA 2025,GINF,WN 2027, ,02003,Information Mas,9445MSI,User Experience Design MSI,2570,WN 2026,GINF,022099,SI,658
20621118,FA 2025,GINF,WN 2027, ,02003,Information Mas,9445MSI,User Experience Design MSI,2570,WN 2026,GINF,048129,SI,505
20629947,FA 2025,GINF,WN 2027, ,02003,Information Mas,9445MSI,User Experience Design MSI,2560,FA 2025,GINF,021400,SI,520
20629947,FA 2025,GINF,WN 2027, ,02003,Information Mas,9445MSI,User Experience Design MSI,2560,FA 2025,GINF,039178,SI,539
20629947,FA 2025,GINF,WN 2027, ,02003,Information Mas,9445MSI,User Experience Design MSI,2560,FA 2025,GINF,047246,SI,506
20629947,FA 2025,GINF,WN 2027, ,02003,Information Mas,9445MSI,User Experience Design MSI,2560,FA 2025,GINF,051553,SI,500
20629947,FA 2025,GINF,WN 2027, ,02003,Information Mas,9445MSI,User Experience Design MSI,2570,WN 2026,GINF,020401,SI,622
20629947,FA 2025,GINF,WN 2027, ,02003,Information Mas,9445MSI,User Experience Design MSI,2570,WN 2026,GINF,044772,SI,582
20629947,FA 2025,GINF,WN 2027, ,02003,Information Mas,9445MSI,User Experience Design MSI,2570,WN 2026,GINF,046306,SI,616
20629947,FA 2025,GINF,WN 2027, ,02003,Information Mas,9445MSI,User Experience Design MSI,2570,WN 2026,GINF,048488,SI,559
20629947,FA 2025,GINF,WN 2027, ,02003,Information Mas,9445MSI,User Experience Design MSI,2570,WN 2026,GINF,051183,GUITAR,110
21018374,FA 2024,GINF,WN 2025,WN 2025,02003,Information Mas,9445MSI,User Experience Design MSI,2510,FA 2024,GINF,001459,SI,690
21018374,FA 2024,GINF,WN 2025,WN 2025,02003,Information Mas,9445MSI,User Experience Design MSI,2510,FA 2024,GINF,021391,SI,511
21018374,FA 2024,GINF,WN 2025,WN 2025,02003,Information Mas,9445MSI,User Experience Design MSI,2510,FA 2024,GINF,047127,ASIANLAN,480
21018374,FA 2024,GINF,WN 2025,WN 2025,02003,Information Mas,9445MSI,User Experience Design MSI,2510,FA 2024,GINF,051553,SI,500
21018374,FA 2024,GINF,WN 2025,WN 2025,02003,Information Mas,9445MSI,User Experience Design MSI,2520,WN 2025,GINF,021391,SI,511
21018374,FA 2024,GINF,WN 2025,WN 2025,02003,Information Mas,9445MSI,User Experience Design MSI,2520,WN 2025,GINF,021400,SI,520
21018374,FA 2024,GINF,WN 2025,WN 2025,02003,Information Mas,9445MSI,User Experience Design MSI,2520,WN 2025,GINF,022099,SI,658
21018374,FA 2024,GINF,WN 2025,WN 2025,02003,Information Mas,9445MSI,User Experience Design MSI,2520,WN 2025,GINF,045393,SI,552
21018374,FA 2024,GINF,WN 2025,WN 2025,02003,Information Mas,9445MSI,User Experience Design MSI,2520,WN 2025,GINF,047901,SI,699
22320334,FA 2024,GINF,WN 2026, ,02003,Information Mas,9445MSI,User Experience Design MSI,2510,FA 2024,GINF,021400,SI,520
22320334,FA 2024,GINF,WN 2026, ,02003,Information Mas,9445MSI,User Experience Design MSI,2510,FA 2024,GINF,044772,SI,582
22320334,FA 2024,GINF,WN 2026, ,02003,Information Mas,9445MSI,User Experience Design MSI,2510,FA 2024,GINF,047246,SI,506
22320334,FA 2024,GINF,WN 2026, ,02003,Information Mas,9445MSI,User Experience Design MSI,2510,FA 2024,GINF,048129,SI,505
22320334,FA 2024,GINF,WN 2026, ,02003,Information Mas,9445MSI,User Experience Design MSI,2510,FA 2024,GINF,051553,SI,500
22320334,FA 2024,GINF,WN 2026, ,02003,Information Mas,9445MSI,User Experience Design MSI,2520,WN 2025,GINF,020401,SI,622
22320334,FA 2024,GINF,WN 2026, ,02003,Information Mas,9445MSI,User Experience Design MSI,2520,WN 2025,GINF,022099,SI,658
22320334,FA 2024,GINF,WN 2026, ,02003,Information Mas,9445MSI,User Experience Design MSI,2520,WN 2025,GINF,039178,SI,539
22320334,FA 2024,GINF,WN 2026, ,02003,Information Mas,9445MSI,User Experience Design MSI,2520,WN 2025,GINF,040667,SI,681
22320334,FA 2024,GINF,WN 2026, ,02003,Information Mas,9445MSI,User Experience Design MSI,2520,WN 2025,GINF,048488,SI,559
22320334,FA 2024,GINF,WN 2026, ,02003,Information Mas,9445MSI,User Experience Design MSI,2560,FA 2025,GINF,017281,SI,588
22320334,FA 2024,GINF,WN 2026, ,02003,Information Mas,9445MSI,User Experience Design MSI,2560,FA 2025,GINF,043863,SI,612
22320334,FA 2024,GINF,WN 2026, ,02003,Information Mas,9445MSI,User Experience Design MSI,2560,FA 2025,GINF,049601,SI,564
22320334,FA 2024,GINF,WN 2026, ,02003,Information Mas,9445MSI,User Experience Design MSI,2560,FA 2025,GINF,051836,SI,611
22320334,FA 2024,GINF,WN 2026, ,02003,Information Mas,9445MSI,User Experience Design MSI,2570,WN 2026,GINF,046306,SI,616
22320334,FA 2024,GINF,WN 2026, ,02003,Information Mas,9445MSI,User Experience Design MSI,2570,WN 2026,GINF,047901,SI,699
22320334,FA 2024,GINF,WN 2026, ,02003,Information Mas,9445MSI,User Experience Design MSI,2570,WN 2026,GINF,051836,SI,611
22598404,FA 2025,GINF,WN 2027, ,02003,Information Mas,4865MSI,"Lib, Arch&Knwl Envs in Soc MSI",2560,FA 2025,GINF,021042,SI,647
22598404,FA 2025,GINF,WN 2027, ,02003,Information Mas,4865MSI,"Lib, Arch&Knwl Envs in Soc MSI",2560,FA 2025,GINF,021045,SI,666
22598404,FA 2025,GINF,WN 2027, ,02003,Information Mas,4865MSI,"Lib, Arch&Knwl Envs in Soc MSI",2560,FA 2025,GINF,021391,SI,511
22598404,FA 2025,GINF,WN 2027, ,02003,Information Mas,4865MSI,"Lib, Arch&Knwl Envs in Soc MSI",2560,FA 2025,GINF,051553,SI,500
22598404,FA 2025,GINF,WN 2027, ,02003,Information Mas,4865MSI,"Lib, Arch&Knwl Envs in Soc MSI",2560,FA 2025,GINF,052216,SI,512
22598404,FA 2025,GINF,WN 2027, ,02003,Information Mas,4865MSI,"Lib, Arch&Knwl Envs in Soc MSI",2570,WN 2026,GINF,009731,SI,580
22598404,FA 2025,GINF,WN 2027, ,02003,Information Mas,4865MSI,"Lib, Arch&Knwl Envs in Soc MSI",2570,WN 2026,GINF,047246,SI,506
22598404,FA 2025,GINF,WN 2027, ,02003,Information Mas,4865MSI,"Lib, Arch&Knwl Envs in Soc MSI",2570,WN 2026,GINF,048280,SI,667
22598404,FA 2025,GINF,WN 2027, ,02003,Information Mas,4865MSI,"Lib, Arch&Knwl Envs in Soc MSI",2570,WN 2026,GINF,050162,SI,510
22933701,FA 2025,GINF,WN 2027, ,02003,Information Mas,9455MSI,User-Centered Agile Dev MSI,2560,FA 2025,GINF,017281,SI,588
22933701,FA 2025,GINF,WN 2027, ,02003,Information Mas,9455MSI,User-Centered Agile Dev MSI,2560,FA 2025,GINF,044772,SI,582
22933701,FA 2025,GINF,WN 2027, ,02003,Information Mas,9455MSI,User-Centered Agile Dev MSI,2560,FA 2025,GINF,047246,SI,506
22933701,FA 2025,GINF,WN 2027, ,02003,Information Mas,9455MSI,User-Centered Agile Dev MSI,2560,FA 2025,GINF,048488,SI,559
22933701,FA 2025,GINF,WN 2027, ,02003,Information Mas,9455MSI,User-Centered Agile Dev MSI,2560,FA 2025,GINF,051553,SI,500
22933701,FA 2025,GINF,WN 2027, ,02003,Information Mas,9455MSI,User-Centered Agile Dev MSI,2570,WN 2026,GINF,021391,SI,511
22933701,FA 2025,GINF,WN 2027, ,02003,Information Mas,9455MSI,User-Centered Agile Dev MSI,2570,WN 2026,GINF,039178,SI,539
22933701,FA 2025,GINF,WN 2027, ,02003,Information Mas,9455MSI,User-Centered Agile Dev MSI,2570,WN 2026,GINF,041626,SI,664
22933701,FA 2025,GINF,WN 2027, ,02003,Information Mas,9455MSI,User-Centered Agile Dev MSI,2570,WN 2026,GINF,050159,SI,579
22933701,FA 2025,GINF,WN 2027, ,02003,Information Mas,9455MSI,User-Centered Agile Dev MSI,2570,WN 2026,GINF,050164,SI,504
22933701,FA 2025,GINF,WN 2027, ,02003,Information Mas,9455MSI,User-Centered Agile Dev MSI,2570,WN 2026,GINF,051454,SI,594
22974670,FA 2025,GINF,WN 2027, ,02003,Information Mas,0775MSI,Big Data Analytics MSI,2560,FA 2025,GINF,016607,SI,544
22974670,FA 2025,GINF,WN 2027, ,02003,Information Mas,0775MSI,Big Data Analytics MSI,2560,FA 2025,GINF,047246,SI,506
22974670,FA 2025,GINF,WN 2027, ,02003,Information Mas,0775MSI,Big Data Analytics MSI,2560,FA 2025,GINF,048129,SI,505
22974670,FA 2025,GINF,WN 2027, ,02003,Information Mas,0775MSI,Big Data Analytics MSI,2560,FA 2025,GINF,050164,SI,504
22974670,FA 2025,GINF,WN 2027, ,02003,Information Mas,0775MSI,Big Data Analytics MSI,2560,FA 2025,GINF,051553,SI,500
22974670,FA 2025,GINF,WN 2027, ,02003,Information Mas,0775MSI,Big Data Analytics MSI,2570,WN 2026,GINF,042091,SI,618
22974670,FA 2025,GINF,WN 2027, ,02003,Information Mas,0775MSI,Big Data Analytics MSI,2570,WN 2026,GINF,047640,SI,507
22974670,FA 2025,GINF,WN 2027, ,02003,Information Mas,0775MSI,Big Data Analytics MSI,2570,WN 2026,GINF,049601,SI,564
22974670,FA 2025,GINF,WN 2027, ,02003,Information Mas,0775MSI,Big Data Analytics MSI,2570,WN 2026,GINF,050663,SI,568
22974670,FA 2025,GINF,WN 2027, ,02003,Information Mas,0775MSI,Big Data Analytics MSI,2570,WN 2026,GINF,050983,SI,602
23099401,FA 2024,GINF,WN 2026, ,02003,Information Mas,9445MSI,User Experience Design MSI,2510,FA 2024,GINF,017281,SI,588
23099401,FA 2024,GINF,WN 2026, ,02003,Information Mas,9445MSI,User Experience Design MSI,2510,FA 2024,GINF,039178,SI,539
23099401,FA 2024,GINF,WN 2026, ,02003,Information Mas,9445MSI,User Experience Design MSI,2510,FA 2024,GINF,047246,SI,506
23099401,FA 2024,GINF,WN 2026, ,02003,Information Mas,9445MSI,User Experience Design MSI,2510,FA 2024,GINF,051553,SI,500
23099401,FA 2024,GINF,WN 2026, ,02003,Information Mas,9445MSI,User Experience Design MSI,2520,WN 2025,GINF,020401,SI,622
23099401,FA 2024,GINF,WN 2026, ,02003,Information Mas,9445MSI,User Experience Design MSI,2520,WN 2025,GINF,040667,SI,681
23099401,FA 2024,GINF,WN 2026, ,02003,Information Mas,9445MSI,User Experience Design MSI,2520,WN 2025,GINF,043863,SI,612
23099401,FA 2024,GINF,WN 2026, ,02003,Information Mas,9445MSI,User Experience Design MSI,2520,WN 2025,GINF,048421,ENTR,560
23099401,FA 2024,GINF,WN 2026, ,02003,Information Mas,9445MSI,User Experience Design MSI,2520,WN 2025,GINF,051836,SI,611
23099401,FA 2024,GINF,WN 2026, ,02003,Information Mas,9445MSI,User Experience Design MSI,2560,FA 2025,GINF,001459,SI,690
23099401,FA 2024,GINF,WN 2026, ,02003,Information Mas,9445MSI,User Experience Design MSI,2560,FA 2025,GINF,021050,SI,691
23099401,FA 2024,GINF,WN 2026, ,02003,Information Mas,9445MSI,User Experience Design MSI,2560,FA 2025,GINF,045393,SI,552
23099401,FA 2024,GINF,WN 2026, ,02003,Information Mas,9445MSI,User Experience Design MSI,2560,FA 2025,GINF,047901,SI,699
23099401,FA 2024,GINF,WN 2026, ,02003,Information Mas,9445MSI,User Experience Design MSI,2570,WN 2026,GINF,001459,SI,690
23099401,FA 2024,GINF,WN 2026, ,02003,Information Mas,9445MSI,User Experience Design MSI,2570,WN 2026,GINF,012085,MKT,613
23099401,FA 2024,GINF,WN 2026, ,02003,Information Mas,9445MSI,User Experience Design MSI,2570,WN 2026,GINF,021391,SI,511
23099401,FA 2024,GINF,WN 2026, ,02003,Information Mas,9445MSI,User Experience Design MSI,2570,WN 2026,GINF,051454,SI,594
23200656,FA 2025,GINF,WN 2026, ,02003,Information Mas,9445MSI,User Experience Design MSI,2560,FA 2025,GINF,018672,SI,521
23200656,FA 2025,GINF,WN 2026, ,02003,Information Mas,9445MSI,User Experience Design MSI,2560,FA 2025,GINF,039178,SI,539
23200656,FA 2025,GINF,WN 2026, ,02003,Information Mas,9445MSI,User Experience Design MSI,2560,FA 2025,GINF,043210,SI,534
23200656,FA 2025,GINF,WN 2026, ,02003,Information Mas,9445MSI,User Experience Design MSI,2560,FA 2025,GINF,048488,SI,559
23200656,FA 2025,GINF,WN 2026, ,02003,Information Mas,9445MSI,User Experience Design MSI,2560,FA 2025,GINF,049112,PAT,500
23200656,FA 2025,GINF,WN 2026, ,02003,Information Mas,9445MSI,User Experience Design MSI,2570,WN 2026,GINF,043863,SI,612
23200656,FA 2025,GINF,WN 2026, ,02003,Information Mas,9445MSI,User Experience Design MSI,2570,WN 2026,GINF,047901,SI,699
23200656,FA 2025,GINF,WN 2026, ,02003,Information Mas,9445MSI,User Experience Design MSI,2570,WN 2026,GINF,048486,SI,659
23200656,FA 2025,GINF,WN 2026, ,02003,Information Mas,9445MSI,User Experience Design MSI,2570,WN 2026,GINF,048531,PAT,543
23200656,FA 2025,GINF,WN 2026, ,02003,Information Mas,9445MSI,User Experience Design MSI,2570,WN 2026,GINF,051268,PAT,504
23299856,FA 2025,GINF,WN 2027, ,02003,Information Mas,0775MSI,Big Data Analytics MSI,2560,FA 2025,GINF,016607,SI,544
23299856,FA 2025,GINF,WN 2027, ,02003,Information Mas,0775MSI,Big Data Analytics MSI,2560,FA 2025,GINF,047640,SI,507
23299856,FA 2025,GINF,WN 2027, ,02003,Information Mas,0775MSI,Big Data Analytics MSI,2560,FA 2025,GINF,049601,SI,564
23299856,FA 2025,GINF,WN 2027, ,02003,Information Mas,0775MSI,Big Data Analytics MSI,2560,FA 2025,GINF,050164,SI,504
23299856,FA 2025,GINF,WN 2027, ,02003,Information Mas,0775MSI,Big Data Analytics MSI,2560,FA 2025,GINF,051553,SI,500
23299856,FA 2025,GINF,WN 2027, ,02003,Information Mas,0775MSI,Big Data Analytics MSI,2570,WN 2026,GINF,001801,MATH,417
23299856,FA 2025,GINF,WN 2027, ,02003,Information Mas,0775MSI,Big Data Analytics MSI,2570,WN 2026,GINF,020934,SI,649
23299856,FA 2025,GINF,WN 2027, ,02003,Information Mas,0775MSI,Big Data Analytics MSI,2570,WN 2026,GINF,042091,SI,618
23299856,FA 2025,GINF,WN 2027, ,02003,Information Mas,0775MSI,Big Data Analytics MSI,2570,WN 2026,GINF,050663,SI,568
23322552,FA 2025,GINF,WN 2027, ,02003,Information Mas,0775MSI,Big Data Analytics MSI,2560,FA 2025,GINF,041626,SI,664
23322552,FA 2025,GINF,WN 2027, ,02003,Information Mas,0775MSI,Big Data Analytics MSI,2560,FA 2025,GINF,042091,SI,618
23322552,FA 2025,GINF,WN 2027, ,02003,Information Mas,0775MSI,Big Data Analytics MSI,2560,FA 2025,GINF,047640,SI,507
23322552,FA 2025,GINF,WN 2027, ,02003,Information Mas,0775MSI,Big Data Analytics MSI,2560,FA 2025,GINF,049601,SI,564
23322552,FA 2025,GINF,WN 2027, ,02003,Information Mas,0775MSI,Big Data Analytics MSI,2560,FA 2025,GINF,050164,SI,504
23322552,FA 2025,GINF,WN 2027, ,02003,Information Mas,0775MSI,Big Data Analytics MSI,2560,FA 2025,GINF,051553,SI,500
23322552,FA 2025,GINF,WN 2027, ,02003,Information Mas,0775MSI,Big Data Analytics MSI,2570,WN 2026,GINF,020934,SI,649
23322552,FA 2025,GINF,WN 2027, ,02003,Information Mas,0775MSI,Big Data Analytics MSI,2570,WN 2026,GINF,045612,COGSCI,200
23322552,FA 2025,GINF,WN 2027, ,02003,Information Mas,0775MSI,Big Data Analytics MSI,2570,WN 2026,GINF,047226,EECS,504
23322552,FA 2025,GINF,WN 2027, ,02003,Information Mas,0775MSI,Big Data Analytics MSI,2570,WN 2026,GINF,048268,SI,630
23322552,FA 2025,GINF,WN 2027, ,02003,Information Mas,0775MSI,Big Data Analytics MSI,2570,WN 2026,GINF,050663,SI,568
23322552,FA 2025,GINF,WN 2027, ,02003,Information Mas,0775MSI,Big Data Analytics MSI,2570,WN 2026,GINF,051462,SI,644
23663660,FA 2024,GINF,WN 2026, ,02003,Information Mas,0775MSI,Big Data Analytics MSI,2510,FA 2024,GINF,016607,SI,544
23663660,FA 2024,GINF,WN 2026, ,02003,Information Mas,0775MSI,Big Data Analytics MSI,2510,FA 2024,GINF,047246,SI,506
23663660,FA 2024,GINF,WN 2026, ,02003,Information Mas,0775MSI,Big Data Analytics MSI,2510,FA 2024,GINF,050164,SI,504
23663660,FA 2024,GINF,WN 2026, ,02003,Information Mas,0775MSI,Big Data Analytics MSI,2510,FA 2024,GINF,051553,SI,500
23663660,FA 2024,GINF,WN 2026, ,02003,Information Mas,0775MSI,Big Data Analytics MSI,2520,WN 2025,GINF,040667,SI,681
23663660,FA 2024,GINF,WN 2026, ,02003,Information Mas,0775MSI,Big Data Analytics MSI,2520,WN 2025,GINF,042091,SI,618
23663660,FA 2024,GINF,WN 2026, ,02003,Information Mas,0775MSI,Big Data Analytics MSI,2520,WN 2025,GINF,047640,SI,507
23663660,FA 2024,GINF,WN 2026, ,02003,Information Mas,0775MSI,Big Data Analytics MSI,2520,WN 2025,GINF,050663,SI,568
23663660,FA 2024,GINF,WN 2026, ,02003,Information Mas,0775MSI,Big Data Analytics MSI,2520,WN 2025,GINF,050983,SI,602
23663660,FA 2024,GINF,WN 2026, ,02003,Information Mas,0775MSI,Big Data Analytics MSI,2560,FA 2025,GINF,041626,SI,664
23663660,FA 2024,GINF,WN 2026, ,02003,Information Mas,0775MSI,Big Data Analytics MSI,2560,FA 2025,GINF,041934,SI,608
23663660,FA 2024,GINF,WN 2026, ,02003,Information Mas,0775MSI,Big Data Analytics MSI,2560,FA 2025,GINF,042071,SI,563
23663660,FA 2024,GINF,WN 2026, ,02003,Information Mas,0775MSI,Big Data Analytics MSI,2560,FA 2025,GINF,045930,SI,671
23663660,FA 2024,GINF,WN 2026, ,02003,Information Mas,0775MSI,Big Data Analytics MSI,2570,WN 2026,GINF,001459,SI,690
23663660,FA 2024,GINF,WN 2026, ,02003,Information Mas,0775MSI,Big Data Analytics MSI,2570,WN 2026,GINF,020934,SI,649
23663660,FA 2024,GINF,WN 2026, ,02003,Information Mas,0775MSI,Big Data Analytics MSI,2570,WN 2026,GINF,039081,SI,529
23663660,FA 2024,GINF,WN 2026, ,02003,Information Mas,0775MSI,Big Data Analytics MSI,2570,WN 2026,GINF,047901,SI,699
24197060,FA 2025,GINF,WN 2027, ,02003,Information Mas,0775MSI,Big Data Analytics MSI,2560,FA 2025,GINF,039178,SI,539
24197060,FA 2025,GINF,WN 2027, ,02003,Information Mas,0775MSI,Big Data Analytics MSI,2560,FA 2025,GINF,044772,SI,582
24197060,FA 2025,GINF,WN 2027, ,02003,Information Mas,0775MSI,Big Data Analytics MSI,2560,FA 2025,GINF,047246,SI,506
24197060,FA 2025,GINF,WN 2027, ,02003,Information Mas,0775MSI,Big Data Analytics MSI,2560,FA 2025,GINF,050164,SI,504
24197060,FA 2025,GINF,WN 2027, ,02003,Information Mas,0775MSI,Big Data Analytics MSI,2560,FA 2025,GINF,051553,SI,500
24197060,FA 2025,GINF,WN 2027, ,02003,Information Mas,0775MSI,Big Data Analytics MSI,2560,FA 2025,GINF,052216,SI,512
24197060,FA 2025,GINF,WN 2027, ,02003,Information Mas,0775MSI,Big Data Analytics MSI,2570,WN 2026,GINF,021050,SI,691
24197060,FA 2025,GINF,WN 2027, ,02003,Information Mas,0775MSI,Big Data Analytics MSI,2570,WN 2026,GINF,022099,SI,658
24197060,FA 2025,GINF,WN 2027, ,02003,Information Mas,0775MSI,Big Data Analytics MSI,2570,WN 2026,GINF,042091,SI,618
24197060,FA 2025,GINF,WN 2027, ,02003,Information Mas,0775MSI,Big Data Analytics MSI,2570,WN 2026,GINF,047640,SI,507
24197060,FA 2025,GINF,WN 2027, ,02003,Information Mas,0775MSI,Big Data Analytics MSI,2570,WN 2026,GINF,049601,SI,564
24197060,FA 2025,GINF,WN 2027, ,02003,Information Mas,0775MSI,Big Data Analytics MSI,2570,WN 2026,GINF,050663,SI,568
24237648,FA 2025,GINF,WN 2027, ,02003,Information Mas,9455MSI,User-Centered Agile Dev MSI,2560,FA 2025,GINF,017281,SI,588
24237648,FA 2025,GINF,WN 2027, ,02003,Information Mas,9455MSI,User-Centered Agile Dev MSI,2560,FA 2025,GINF,044772,SI,582
24237648,FA 2025,GINF,WN 2027, ,02003,Information Mas,9455MSI,User-Centered Agile Dev MSI,2560,FA 2025,GINF,048488,SI,559
24237648,FA 2025,GINF,WN 2027, ,02003,Information Mas,9455MSI,User-Centered Agile Dev MSI,2560,FA 2025,GINF,050164,SI,504
24237648,FA 2025,GINF,WN 2027, ,02003,Information Mas,9455MSI,User-Centered Agile Dev MSI,2560,FA 2025,GINF,051553,SI,500
24237648,FA 2025,GINF,WN 2027, ,02003,Information Mas,9455MSI,User-Centered Agile Dev MSI,2570,WN 2026,GINF,020401,SI,622
24237648,FA 2025,GINF,WN 2027, ,02003,Information Mas,9455MSI,User-Centered Agile Dev MSI,2570,WN 2026,GINF,039178,SI,539
24237648,FA 2025,GINF,WN 2027, ,02003,Information Mas,9455MSI,User-Centered Agile Dev MSI,2570,WN 2026,GINF,047640,SI,507
24237648,FA 2025,GINF,WN 2027, ,02003,Information Mas,9455MSI,User-Centered Agile Dev MSI,2570,WN 2026,GINF,048486,SI,659
24237648,FA 2025,GINF,WN 2027, ,02003,Information Mas,9455MSI,User-Centered Agile Dev MSI,2570,WN 2026,GINF,050159,SI,579
24237648,FA 2025,GINF,WN 2027, ,02003,Information Mas,9455MSI,User-Centered Agile Dev MSI,2570,WN 2026,GINF,052216,SI,512
24618006,FA 2025,GINF,WN 2027, ,02003,Information Mas,0775MSI,Big Data Analytics MSI,2560,FA 2025,GINF,016607,SI,544
24618006,FA 2025,GINF,WN 2027, ,02003,Information Mas,0775MSI,Big Data Analytics MSI,2560,FA 2025,GINF,047246,SI,506
24618006,FA 2025,GINF,WN 2027, ,02003,Information Mas,0775MSI,Big Data Analytics MSI,2560,FA 2025,GINF,049404,ES,602
24618006,FA 2025,GINF,WN 2027, ,02003,Information Mas,0775MSI,Big Data Analytics MSI,2560,FA 2025,GINF,050164,SI,504
24618006,FA 2025,GINF,WN 2027, ,02003,Information Mas,0775MSI,Big Data Analytics MSI,2560,FA 2025,GINF,051553,SI,500
24618006,FA 2025,GINF,WN 2027, ,02003,Information Mas,0775MSI,Big Data Analytics MSI,2570,WN 2026,GINF,012085,MKT,613
24618006,FA 2025,GINF,WN 2027, ,02003,Information Mas,0775MSI,Big Data Analytics MSI,2570,WN 2026,GINF,021391,SI,511
24618006,FA 2025,GINF,WN 2027, ,02003,Information Mas,0775MSI,Big Data Analytics MSI,2570,WN 2026,GINF,042091,SI,618
24618006,FA 2025,GINF,WN 2027, ,02003,Information Mas,0775MSI,Big Data Analytics MSI,2570,WN 2026,GINF,047640,SI,507
24618006,FA 2025,GINF,WN 2027, ,02003,Information Mas,0775MSI,Big Data Analytics MSI,2570,WN 2026,GINF,050663,SI,568
24618006,FA 2025,GINF,WN 2027, ,02003,Information Mas,0775MSI,Big Data Analytics MSI,2570,WN 2026,GINF,050983,SI,602
24666655,FA 2025,GINF,WN 2027, ,02003,Information Mas,9455MSI,User-Centered Agile Dev MSI,2560,FA 2025,GINF,001459,SI,690
24666655,FA 2025,GINF,WN 2027, ,02003,Information Mas,9455MSI,User-Centered Agile Dev MSI,2560,FA 2025,GINF,021391,SI,511
24666655,FA 2025,GINF,WN 2027, ,02003,Information Mas,9455MSI,User-Centered Agile Dev MSI,2560,FA 2025,GINF,021400,SI,520
24666655,FA 2025,GINF,WN 2027, ,02003,Information Mas,9455MSI,User-Centered Agile Dev MSI,2560,FA 2025,GINF,045393,SI,552
25241035,FA 2025,GINF,WN 2026, ,02003,Information Mas,0775MSI,Big Data Analytics MSI,2560,FA 2025,GINF,001459,SI,690
25241035,FA 2025,GINF,WN 2026, ,02003,Information Mas,0775MSI,Big Data Analytics MSI,2560,FA 2025,GINF,045930,SI,671
25241035,FA 2025,GINF,WN 2026, ,02003,Information Mas,0775MSI,Big Data Analytics MSI,2560,FA 2025,GINF,050983,SI,602
25241035,FA 2025,GINF,WN 2026, ,02003,Information Mas,0775MSI,Big Data Analytics MSI,2570,WN 2026,GINF,020934,SI,649
25241035,FA 2025,GINF,WN 2026, ,02003,Information Mas,0775MSI,Big Data Analytics MSI,2570,WN 2026,GINF,041044,ELI,510
25241035,FA 2025,GINF,WN 2026, ,02003,Information Mas,0775MSI,Big Data Analytics MSI,2570,WN 2026,GINF,041626,SI,664
25241035,FA 2025,GINF,WN 2026, ,02003,Information Mas,0775MSI,Big Data Analytics MSI,2570,WN 2026,GINF,047901,SI,699
25241035,FA 2025,GINF,WN 2026, ,02003,Information Mas,0775MSI,Big Data Analytics MSI,2570,WN 2026,GINF,048268,SI,630
25241035,FA 2025,GINF,WN 2026, ,02003,Information Mas,0775MSI,Big Data Analytics MSI,2570,WN 2026,GINF,050663,SI,568
25241035,FA 2025,GINF,WN 2026, ,02003,Information Mas,0775MSI,Big Data Analytics MSI,2570,WN 2026,GINF,050983,SI,602
25258821,FA 2025,GINF,WN 2027, ,02003,Information Mas,4865MSI,"Lib, Arch&Knwl Envs in Soc MSI",2560,FA 2025,GINF,009731,SI,580
25258821,FA 2025,GINF,WN 2027, ,02003,Information Mas,4865MSI,"Lib, Arch&Knwl Envs in Soc MSI",2560,FA 2025,GINF,021045,SI,666
25258821,FA 2025,GINF,WN 2027, ,02003,Information Mas,4865MSI,"Lib, Arch&Knwl Envs in Soc MSI",2560,FA 2025,GINF,021391,SI,511
25258821,FA 2025,GINF,WN 2027, ,02003,Information Mas,4865MSI,"Lib, Arch&Knwl Envs in Soc MSI",2560,FA 2025,GINF,048129,SI,505
25258821,FA 2025,GINF,WN 2027, ,02003,Information Mas,4865MSI,"Lib, Arch&Knwl Envs in Soc MSI",2560,FA 2025,GINF,051553,SI,500
25258821,FA 2025,GINF,WN 2027, ,02003,Information Mas,4865MSI,"Lib, Arch&Knwl Envs in Soc MSI",2570,WN 2026,GINF,022326,SI,581
25258821,FA 2025,GINF,WN 2027, ,02003,Information Mas,4865MSI,"Lib, Arch&Knwl Envs in Soc MSI",2570,WN 2026,GINF,047246,SI,506
25258821,FA 2025,GINF,WN 2027, ,02003,Information Mas,4865MSI,"Lib, Arch&Knwl Envs in Soc MSI",2570,WN 2026,GINF,048280,SI,667
25258821,FA 2025,GINF,WN 2027, ,02003,Information Mas,4865MSI,"Lib, Arch&Knwl Envs in Soc MSI",2570,WN 2026,GINF,050162,SI,510
25724232,FA 2024,GINF,WN 2026, ,02003,Information Mas,4865MSI,"Lib, Arch&Knwl Envs in Soc MSI",2510,FA 2024,GINF,021042,SI,647
25724232,FA 2024,GINF,WN 2026, ,02003,Information Mas,4865MSI,"Lib, Arch&Knwl Envs in Soc MSI",2510,FA 2024,GINF,047246,SI,506
25724232,FA 2024,GINF,WN 2026, ,02003,Information Mas,4865MSI,"Lib, Arch&Knwl Envs in Soc MSI",2510,FA 2024,GINF,048129,SI,505
25724232,FA 2024,GINF,WN 2026, ,02003,Information Mas,4865MSI,"Lib, Arch&Knwl Envs in Soc MSI",2510,FA 2024,GINF,050028,SI,583
25724232,FA 2024,GINF,WN 2026, ,02003,Information Mas,4865MSI,"Lib, Arch&Knwl Envs in Soc MSI",2510,FA 2024,GINF,051553,SI,500
25724232,FA 2024,GINF,WN 2026, ,02003,Information Mas,4865MSI,"Lib, Arch&Knwl Envs in Soc MSI",2520,WN 2025,GINF,009731,SI,580
25724232,FA 2024,GINF,WN 2026, ,02003,Information Mas,4865MSI,"Lib, Arch&Knwl Envs in Soc MSI",2520,WN 2025,GINF,022326,SI,581
25724232,FA 2024,GINF,WN 2026, ,02003,Information Mas,4865MSI,"Lib, Arch&Knwl Envs in Soc MSI",2520,WN 2025,GINF,048280,SI,667
25724232,FA 2024,GINF,WN 2026, ,02003,Information Mas,4865MSI,"Lib, Arch&Knwl Envs in Soc MSI",2520,WN 2025,GINF,050162,SI,510
25724232,FA 2024,GINF,WN 2026, ,02003,Information Mas,4865MSI,"Lib, Arch&Knwl Envs in Soc MSI",2560,FA 2025,GINF,021045,SI,666
25724232,FA 2024,GINF,WN 2026, ,02003,Information Mas,4865MSI,"Lib, Arch&Knwl Envs in Soc MSI",2560,FA 2025,GINF,038659,SI,519
25724232,FA 2024,GINF,WN 2026, ,02003,Information Mas,4865MSI,"Lib, Arch&Knwl Envs in Soc MSI",2560,FA 2025,GINF,038948,SI,632
25724232,FA 2024,GINF,WN 2026, ,02003,Information Mas,4865MSI,"Lib, Arch&Knwl Envs in Soc MSI",2560,FA 2025,GINF,045393,SI,552
25724232,FA 2024,GINF,WN 2026, ,02003,Information Mas,4865MSI,"Lib, Arch&Knwl Envs in Soc MSI",2570,WN 2026,GINF,020803,SI,643
25724232,FA 2024,GINF,WN 2026, ,02003,Information Mas,4865MSI,"Lib, Arch&Knwl Envs in Soc MSI",2570,WN 2026,GINF,039979,SI,623
25724232,FA 2024,GINF,WN 2026, ,02003,Information Mas,4865MSI,"Lib, Arch&Knwl Envs in Soc MSI",2570,WN 2026,GINF,041736,PUBPOL,650
25724232,FA 2024,GINF,WN 2026, ,02003,Information Mas,4865MSI,"Lib, Arch&Knwl Envs in Soc MSI",2570,WN 2026,GINF,047901,SI,699
25998218,FA 2025,GINF,WN 2027, ,02003,Information Mas,0775MSI,Big Data Analytics MSI,2560,FA 2025,GINF,017281,SI,588
25998218,FA 2025,GINF,WN 2027, ,02003,Information Mas,0775MSI,Big Data Analytics MSI,2560,FA 2025,GINF,021391,SI,511
25998218,FA 2025,GINF,WN 2027, ,02003,Information Mas,0775MSI,Big Data Analytics MSI,2560,FA 2025,GINF,044772,SI,582
25998218,FA 2025,GINF,WN 2027, ,02003,Information Mas,0775MSI,Big Data Analytics MSI,2560,FA 2025,GINF,050164,SI,504
25998218,FA 2025,GINF,WN 2027, ,02003,Information Mas,0775MSI,Big Data Analytics MSI,2560,FA 2025,GINF,051462,SI,644
25998218,FA 2025,GINF,WN 2027, ,02003,Information Mas,0775MSI,Big Data Analytics MSI,2560,FA 2025,GINF,051553,SI,500
25998218,FA 2025,GINF,WN 2027, ,02003,Information Mas,0775MSI,Big Data Analytics MSI,2570,WN 2026,GINF,021391,SI,511
25998218,FA 2025,GINF,WN 2027, ,02003,Information Mas,0775MSI,Big Data Analytics MSI,2570,WN 2026,GINF,041626,SI,664
25998218,FA 2025,GINF,WN 2027, ,02003,Information Mas,0775MSI,Big Data Analytics MSI,2570,WN 2026,GINF,042091,SI,618
25998218,FA 2025,GINF,WN 2027, ,02003,Information Mas,0775MSI,Big Data Analytics MSI,2570,WN 2026,GINF,047640,SI,507
25998218,FA 2025,GINF,WN 2027, ,02003,Information Mas,0775MSI,Big Data Analytics MSI,2570,WN 2026,GINF,048129,SI,505
25998218,FA 2025,GINF,WN 2027, ,02003,Information Mas,0775MSI,Big Data Analytics MSI,2570,WN 2026,GINF,048268,SI,630
25998218,FA 2025,GINF,WN 2027, ,02003,Information Mas,0775MSI,Big Data Analytics MSI,2570,WN 2026,GINF,050663,SI,568
26122936,FA 2025,GINF,WN 2027, ,02003,Information Mas,4865MSI,"Lib, Arch&Knwl Envs in Soc MSI",2560,FA 2025,GINF,009731,SI,580
26122936,FA 2025,GINF,WN 2027, ,02003,Information Mas,4865MSI,"Lib, Arch&Knwl Envs in Soc MSI",2560,FA 2025,GINF,021045,SI,666
26122936,FA 2025,GINF,WN 2027, ,02003,Information Mas,4865MSI,"Lib, Arch&Knwl Envs in Soc MSI",2560,FA 2025,GINF,021391,SI,511
26122936,FA 2025,GINF,WN 2027, ,02003,Information Mas,4865MSI,"Lib, Arch&Knwl Envs in Soc MSI",2560,FA 2025,GINF,051553,SI,500
26122936,FA 2025,GINF,WN 2027, ,02003,Information Mas,4865MSI,"Lib, Arch&Knwl Envs in Soc MSI",2570,WN 2026,GINF,006629,DANCE,511
26122936,FA 2025,GINF,WN 2027, ,02003,Information Mas,4865MSI,"Lib, Arch&Knwl Envs in Soc MSI",2570,WN 2026,GINF,020803,SI,643
26122936,FA 2025,GINF,WN 2027, ,02003,Information Mas,4865MSI,"Lib, Arch&Knwl Envs in Soc MSI",2570,WN 2026,GINF,047246,SI,506
26122936,FA 2025,GINF,WN 2027, ,02003,Information Mas,4865MSI,"Lib, Arch&Knwl Envs in Soc MSI",2570,WN 2026,GINF,048280,SI,667
26122936,FA 2025,GINF,WN 2027, ,02003,Information Mas,4865MSI,"Lib, Arch&Knwl Envs in Soc MSI",2570,WN 2026,GINF,050162,SI,510
26379705,FA 2025,GINF,WN 2027, ,02003,Information Mas,9445MSI,User Experience Design MSI,2560,FA 2025,GINF,017281,SI,588
26379705,FA 2025,GINF,WN 2027, ,02003,Information Mas,9445MSI,User Experience Design MSI,2560,FA 2025,GINF,044772,SI,582
26379705,FA 2025,GINF,WN 2027, ,02003,Information Mas,9445MSI,User Experience Design MSI,2560,FA 2025,GINF,045393,SI,552
26379705,FA 2025,GINF,WN 2027, ,02003,Information Mas,9445MSI,User Experience Design MSI,2560,FA 2025,GINF,051553,SI,500
26379705,FA 2025,GINF,WN 2027, ,02003,Information Mas,9445MSI,User Experience Design MSI,2560,FA 2025,GINF,052216,SI,512
26379705,FA 2025,GINF,WN 2027, ,02003,Information Mas,9445MSI,User Experience Design MSI,2570,WN 2026,GINF,021400,SI,520
26379705,FA 2025,GINF,WN 2027, ,02003,Information Mas,9445MSI,User Experience Design MSI,2570,WN 2026,GINF,039979,SI,623
26379705,FA 2025,GINF,WN 2027, ,02003,Information Mas,9445MSI,User Experience Design MSI,2570,WN 2026,GINF,047641,SI,540
26379705,FA 2025,GINF,WN 2027, ,02003,Information Mas,9445MSI,User Experience Design MSI,2570,WN 2026,GINF,048488,SI,559
26493580,FA 2025,GINF,WN 2027, ,02003,Information Mas,9455MSI,User-Centered Agile Dev MSI,2560,FA 2025,GINF,017281,SI,588
26493580,FA 2025,GINF,WN 2027, ,02003,Information Mas,9455MSI,User-Centered Agile Dev MSI,2560,FA 2025,GINF,044772,SI,582
26493580,FA 2025,GINF,WN 2027, ,02003,Information Mas,9455MSI,User-Centered Agile Dev MSI,2560,FA 2025,GINF,047246,SI,506
26493580,FA 2025,GINF,WN 2027, ,02003,Information Mas,9455MSI,User-Centered Agile Dev MSI,2560,FA 2025,GINF,051553,SI,500
26493580,FA 2025,GINF,WN 2027, ,02003,Information Mas,9455MSI,User-Centered Agile Dev MSI,2570,WN 2026,GINF,020401,SI,622
26493580,FA 2025,GINF,WN 2027, ,02003,Information Mas,9455MSI,User-Centered Agile Dev MSI,2570,WN 2026,GINF,039178,SI,539
26493580,FA 2025,GINF,WN 2027, ,02003,Information Mas,9455MSI,User-Centered Agile Dev MSI,2570,WN 2026,GINF,050159,SI,579
26493580,FA 2025,GINF,WN 2027, ,02003,Information Mas,9455MSI,User-Centered Agile Dev MSI,2570,WN 2026,GINF,050164,SI,504
26493736,FA 2024,GINF,WN 2026, ,02003,Information Mas,0775MSI,Big Data Analytics MSI,2510,FA 2024,GINF,016607,SI,544
26493736,FA 2024,GINF,WN 2026, ,02003,Information Mas,0775MSI,Big Data Analytics MSI,2510,FA 2024,GINF,047246,SI,506
26493736,FA 2024,GINF,WN 2026, ,02003,Information Mas,0775MSI,Big Data Analytics MSI,2510,FA 2024,GINF,048129,SI,505
26493736,FA 2024,GINF,WN 2026, ,02003,Information Mas,0775MSI,Big Data Analytics MSI,2510,FA 2024,GINF,049601,SI,564
26493736,FA 2024,GINF,WN 2026, ,02003,Information Mas,0775MSI,Big Data Analytics MSI,2510,FA 2024,GINF,050164,SI,504
26493736,FA 2024,GINF,WN 2026, ,02003,Information Mas,0775MSI,Big Data Analytics MSI,2510,FA 2024,GINF,051553,SI,500
26493736,FA 2024,GINF,WN 2026, ,02003,Information Mas,0775MSI,Big Data Analytics MSI,2520,WN 2025,GINF,040667,SI,681
26493736,FA 2024,GINF,WN 2026, ,02003,Information Mas,0775MSI,Big Data Analytics MSI,2520,WN 2025,GINF,042091,SI,618
26493736,FA 2024,GINF,WN 2026, ,02003,Information Mas,0775MSI,Big Data Analytics MSI,2520,WN 2025,GINF,047640,SI,507
26493736,FA 2024,GINF,WN 2026, ,02003,Information Mas,0775MSI,Big Data Analytics MSI,2520,WN 2025,GINF,050663,SI,568
26493736,FA 2024,GINF,WN 2026, ,02003,Information Mas,0775MSI,Big Data Analytics MSI,2520,WN 2025,GINF,050983,SI,602
26493736,FA 2024,GINF,WN 2026, ,02003,Information Mas,0775MSI,Big Data Analytics MSI,2560,FA 2025,GINF,017508,TO,512
26493736,FA 2024,GINF,WN 2026, ,02003,Information Mas,0775MSI,Big Data Analytics MSI,2560,FA 2025,GINF,041855,SI,631
26493736,FA 2024,GINF,WN 2026, ,02003,Information Mas,0775MSI,Big Data Analytics MSI,2560,FA 2025,GINF,045930,SI,671
26493736,FA 2024,GINF,WN 2026, ,02003,Information Mas,0775MSI,Big Data Analytics MSI,2560,FA 2025,GINF,048500,SI,670
26493736,FA 2024,GINF,WN 2026, ,02003,Information Mas,0775MSI,Big Data Analytics MSI,2570,WN 2026,GINF,017533,MO,512
26493736,FA 2024,GINF,WN 2026, ,02003,Information Mas,0775MSI,Big Data Analytics MSI,2570,WN 2026,GINF,020934,SI,649
26493736,FA 2024,GINF,WN 2026, ,02003,Information Mas,0775MSI,Big Data Analytics MSI,2570,WN 2026,GINF,021391,SI,511
26493736,FA 2024,GINF,WN 2026, ,02003,Information Mas,0775MSI,Big Data Analytics MSI,2570,WN 2026,GINF,047901,SI,699
26944782,FA 2025,GINF,WN 2027, ,02003,Information Mas,4865MSI,"Lib, Arch&Knwl Envs in Soc MSI",2560,FA 2025,GINF,021045,SI,666
26944782,FA 2025,GINF,WN 2027, ,02003,Information Mas,4865MSI,"Lib, Arch&Knwl Envs in Soc MSI",2560,FA 2025,GINF,021391,SI,511
26944782,FA 2025,GINF,WN 2027, ,02003,Information Mas,4865MSI,"Lib, Arch&Knwl Envs in Soc MSI",2560,FA 2025,GINF,051553,SI,500
26944782,FA 2025,GINF,WN 2027, ,02003,Information Mas,4865MSI,"Lib, Arch&Knwl Envs in Soc MSI",2570,WN 2026,GINF,009731,SI,580
26944782,FA 2025,GINF,WN 2027, ,02003,Information Mas,4865MSI,"Lib, Arch&Knwl Envs in Soc MSI",2570,WN 2026,GINF,047246,SI,506
26944782,FA 2025,GINF,WN 2027, ,02003,Information Mas,4865MSI,"Lib, Arch&Knwl Envs in Soc MSI",2570,WN 2026,GINF,048280,SI,667
26944782,FA 2025,GINF,WN 2027, ,02003,Information Mas,4865MSI,"Lib, Arch&Knwl Envs in Soc MSI",2570,WN 2026,GINF,050162,SI,510
27126100,FA 2024,GINF,FA 2025,FA 2025,02003,Information Mas,9445MSI,User Experience Design MSI,2510,FA 2024,GINF,017281,SI,588
27126100,FA 2024,GINF,FA 2025,FA 2025,02003,Information Mas,9445MSI,User Experience Design MSI,2510,FA 2024,GINF,021400,SI,520
27126100,FA 2024,GINF,FA 2025,FA 2025,02003,Information Mas,9445MSI,User Experience Design MSI,2510,FA 2024,GINF,044772,SI,582
27126100,FA 2024,GINF,FA 2025,FA 2025,02003,Information Mas,9445MSI,User Experience Design MSI,2510,FA 2024,GINF,048488,SI,559
27126100,FA 2024,GINF,FA 2025,FA 2025,02003,Information Mas,9445MSI,User Experience Design MSI,2510,FA 2024,GINF,051553,SI,500
27126100,FA 2024,GINF,FA 2025,FA 2025,02003,Information Mas,9445MSI,User Experience Design MSI,2520,WN 2025,GINF,020401,SI,622
27126100,FA 2024,GINF,FA 2025,FA 2025,02003,Information Mas,9445MSI,User Experience Design MSI,2520,WN 2025,GINF,021391,SI,511
27126100,FA 2024,GINF,FA 2025,FA 2025,02003,Information Mas,9445MSI,User Experience Design MSI,2520,WN 2025,GINF,039178,SI,539
27126100,FA 2024,GINF,FA 2025,FA 2025,02003,Information Mas,9445MSI,User Experience Design MSI,2520,WN 2025,GINF,046306,SI,616
27126100,FA 2024,GINF,FA 2025,FA 2025,02003,Information Mas,9445MSI,User Experience Design MSI,2560,FA 2025,GINF,045687,SI,538
27126100,FA 2024,GINF,FA 2025,FA 2025,02003,Information Mas,9445MSI,User Experience Design MSI,2560,FA 2025,GINF,047901,SI,699
27192281,FA 2024,GINF,WN 2026, ,02003,Information Mas,9455MSI,User-Centered Agile Dev MSI,2510,FA 2024,GINF,039178,SI,539
27192281,FA 2024,GINF,WN 2026, ,02003,Information Mas,9455MSI,User-Centered Agile Dev MSI,2510,FA 2024,GINF,047246,SI,506
27192281,FA 2024,GINF,WN 2026, ,02003,Information Mas,9455MSI,User-Centered Agile Dev MSI,2510,FA 2024,GINF,048488,SI,559
27192281,FA 2024,GINF,WN 2026, ,02003,Information Mas,9455MSI,User-Centered Agile Dev MSI,2510,FA 2024,GINF,051553,SI,500
27192281,FA 2024,GINF,WN 2026, ,02003,Information Mas,9455MSI,User-Centered Agile Dev MSI,2520,WN 2025,GINF,020401,SI,622
27192281,FA 2024,GINF,WN 2026, ,02003,Information Mas,9455MSI,User-Centered Agile Dev MSI,2520,WN 2025,GINF,022099,SI,658
27192281,FA 2024,GINF,WN 2026, ,02003,Information Mas,9455MSI,User-Centered Agile Dev MSI,2520,WN 2025,GINF,040667,SI,681
27192281,FA 2024,GINF,WN 2026, ,02003,Information Mas,9455MSI,User-Centered Agile Dev MSI,2520,WN 2025,GINF,050159,SI,579
27192281,FA 2024,GINF,WN 2026, ,02003,Information Mas,9455MSI,User-Centered Agile Dev MSI,2520,WN 2025,GINF,050164,SI,504
27192281,FA 2024,GINF,WN 2026, ,02003,Information Mas,9455MSI,User-Centered Agile Dev MSI,2520,WN 2025,GINF,051455,SI,569
27192281,FA 2024,GINF,WN 2026, ,02003,Information Mas,9455MSI,User-Centered Agile Dev MSI,2560,FA 2025,GINF,001459,SI,690
27192281,FA 2024,GINF,WN 2026, ,02003,Information Mas,9455MSI,User-Centered Agile Dev MSI,2560,FA 2025,GINF,017281,SI,588
27192281,FA 2024,GINF,WN 2026, ,02003,Information Mas,9455MSI,User-Centered Agile Dev MSI,2560,FA 2025,GINF,041626,SI,664
27192281,FA 2024,GINF,WN 2026, ,02003,Information Mas,9455MSI,User-Centered Agile Dev MSI,2560,FA 2025,GINF,044772,SI,582
27192281,FA 2024,GINF,WN 2026, ,02003,Information Mas,9455MSI,User-Centered Agile Dev MSI,2560,FA 2025,GINF,050159,SI,579
27192281,FA 2024,GINF,WN 2026, ,02003,Information Mas,9455MSI,User-Centered Agile Dev MSI,2570,WN 2026,GINF,021391,SI,511
27192281,FA 2024,GINF,WN 2026, ,02003,Information Mas,9455MSI,User-Centered Agile Dev MSI,2570,WN 2026,GINF,043863,SI,612
27192281,FA 2024,GINF,WN 2026, ,02003,Information Mas,9455MSI,User-Centered Agile Dev MSI,2570,WN 2026,GINF,047901,SI,699
27192281,FA 2024,GINF,WN 2026, ,02003,Information Mas,9455MSI,User-Centered Agile Dev MSI,2570,WN 2026,GINF,048486,SI,659
27206390,FA 2025,GINF,WN 2027, ,02003,Information Mas,0775MSI,Big Data Analytics MSI,2560,FA 2025,GINF,042091,SI,618
27206390,FA 2025,GINF,WN 2027, ,02003,Information Mas,0775MSI,Big Data Analytics MSI,2560,FA 2025,GINF,048500,SI,670
27206390,FA 2025,GINF,WN 2027, ,02003,Information Mas,0775MSI,Big Data Analytics MSI,2560,FA 2025,GINF,051519,ECE,598
27206390,FA 2025,GINF,WN 2027, ,02003,Information Mas,0775MSI,Big Data Analytics MSI,2560,FA 2025,GINF,051553,SI,500
27206390,FA 2025,GINF,WN 2027, ,02003,Information Mas,0775MSI,Big Data Analytics MSI,2570,WN 2026,GINF,022134,CSE,692
27206390,FA 2025,GINF,WN 2027, ,02003,Information Mas,0775MSI,Big Data Analytics MSI,2570,WN 2026,GINF,041626,SI,664
27206390,FA 2025,GINF,WN 2027, ,02003,Information Mas,0775MSI,Big Data Analytics MSI,2570,WN 2026,GINF,048129,SI,505
27206390,FA 2025,GINF,WN 2027, ,02003,Information Mas,0775MSI,Big Data Analytics MSI,2570,WN 2026,GINF,048268,SI,630
27206390,FA 2025,GINF,WN 2027, ,02003,Information Mas,0775MSI,Big Data Analytics MSI,2570,WN 2026,GINF,050663,SI,568
27392169,FA 2024,GINF,WN 2026, ,02003,Information Mas,9445MSI,User Experience Design MSI,2510,FA 2024,GINF,016607,SI,544
27392169,FA 2024,GINF,WN 2026, ,02003,Information Mas,9445MSI,User Experience Design MSI,2510,FA 2024,GINF,021050,SI,691
27392169,FA 2024,GINF,WN 2026, ,02003,Information Mas,9445MSI,User Experience Design MSI,2510,FA 2024,GINF,039178,SI,539
27392169,FA 2024,GINF,WN 2026, ,02003,Information Mas,9445MSI,User Experience Design MSI,2510,FA 2024,GINF,045393,SI,552
27392169,FA 2024,GINF,WN 2026, ,02003,Information Mas,9445MSI,User Experience Design MSI,2510,FA 2024,GINF,047246,SI,506
27392169,FA 2024,GINF,WN 2026, ,02003,Information Mas,9445MSI,User Experience Design MSI,2510,FA 2024,GINF,051553,SI,500
27392169,FA 2024,GINF,WN 2026, ,02003,Information Mas,9445MSI,User Experience Design MSI,2520,WN 2025,GINF,020401,SI,622
27392169,FA 2024,GINF,WN 2026, ,02003,Information Mas,9445MSI,User Experience Design MSI,2520,WN 2025,GINF,021050,SI,691
27392169,FA 2024,GINF,WN 2026, ,02003,Information Mas,9445MSI,User Experience Design MSI,2520,WN 2025,GINF,039979,SI,623
27392169,FA 2024,GINF,WN 2026, ,02003,Information Mas,9445MSI,User Experience Design MSI,2520,WN 2025,GINF,040667,SI,681
27392169,FA 2024,GINF,WN 2026, ,02003,Information Mas,9445MSI,User Experience Design MSI,2520,WN 2025,GINF,044772,SI,582
27392169,FA 2024,GINF,WN 2026, ,02003,Information Mas,9445MSI,User Experience Design MSI,2520,WN 2025,GINF,049049,PHARMACY,517
27392169,FA 2024,GINF,WN 2026, ,02003,Information Mas,9445MSI,User Experience Design MSI,2560,FA 2025,GINF,001393,CSE,598
27392169,FA 2024,GINF,WN 2026, ,02003,Information Mas,9445MSI,User Experience Design MSI,2560,FA 2025,GINF,021400,SI,520
27392169,FA 2024,GINF,WN 2026, ,02003,Information Mas,9445MSI,User Experience Design MSI,2560,FA 2025,GINF,048488,SI,559
27392169,FA 2024,GINF,WN 2026, ,02003,Information Mas,9445MSI,User Experience Design MSI,2560,FA 2025,GINF,051836,SI,611
27392169,FA 2024,GINF,WN 2026, ,02003,Information Mas,9445MSI,User Experience Design MSI,2570,WN 2026,GINF,047901,SI,699
27553790,FA 2024,GINF,WN 2026, ,02003,Information Mas,9445MSI,User Experience Design MSI,2510,FA 2024,GINF,017281,SI,588
27553790,FA 2024,GINF,WN 2026, ,02003,Information Mas,9445MSI,User Experience Design MSI,2510,FA 2024,GINF,044772,SI,582
27553790,FA 2024,GINF,WN 2026, ,02003,Information Mas,9445MSI,User Experience Design MSI,2510,FA 2024,GINF,047246,SI,506
27553790,FA 2024,GINF,WN 2026, ,02003,Information Mas,9445MSI,User Experience Design MSI,2510,FA 2024,GINF,048129,SI,505
27553790,FA 2024,GINF,WN 2026, ,02003,Information Mas,9445MSI,User Experience Design MSI,2510,FA 2024,GINF,051553,SI,500
27553790,FA 2024,GINF,WN 2026, ,02003,Information Mas,9445MSI,User Experience Design MSI,2520,WN 2025,GINF,020401,SI,622
27553790,FA 2024,GINF,WN 2026, ,02003,Information Mas,9445MSI,User Experience Design MSI,2520,WN 2025,GINF,039178,SI,539
27553790,FA 2024,GINF,WN 2026, ,02003,Information Mas,9445MSI,User Experience Design MSI,2520,WN 2025,GINF,040667,SI,681
27553790,FA 2024,GINF,WN 2026, ,02003,Information Mas,9445MSI,User Experience Design MSI,2520,WN 2025,GINF,045393,SI,552
27553790,FA 2024,GINF,WN 2026, ,02003,Information Mas,9445MSI,User Experience Design MSI,2520,WN 2025,GINF,051454,SI,594
27553790,FA 2024,GINF,WN 2026, ,02003,Information Mas,9445MSI,User Experience Design MSI,2560,FA 2025,GINF,021050,SI,691
27553790,FA 2024,GINF,WN 2026, ,02003,Information Mas,9445MSI,User Experience Design MSI,2560,FA 2025,GINF,021391,SI,511
27553790,FA 2024,GINF,WN 2026, ,02003,Information Mas,9445MSI,User Experience Design MSI,2560,FA 2025,GINF,021400,SI,520
27553790,FA 2024,GINF,WN 2026, ,02003,Information Mas,9445MSI,User Experience Design MSI,2560,FA 2025,GINF,044798,ENTR,599
27553790,FA 2024,GINF,WN 2026, ,02003,Information Mas,9445MSI,User Experience Design MSI,2560,FA 2025,GINF,048488,SI,559
27553790,FA 2024,GINF,WN 2026, ,02003,Information Mas,9445MSI,User Experience Design MSI,2560,FA 2025,GINF,052216,SI,512
27553790,FA 2024,GINF,WN 2026, ,02003,Information Mas,9445MSI,User Experience Design MSI,2570,WN 2026,GINF,001459,SI,690
27553790,FA 2024,GINF,WN 2026, ,02003,Information Mas,9445MSI,User Experience Design MSI,2570,WN 2026,GINF,021050,SI,691
27553790,FA 2024,GINF,WN 2026, ,02003,Information Mas,9445MSI,User Experience Design MSI,2570,WN 2026,GINF,021391,SI,511
27553790,FA 2024,GINF,WN 2026, ,02003,Information Mas,9445MSI,User Experience Design MSI,2570,WN 2026,GINF,047901,SI,699
27761268,FA 2025,GINF,WN 2026, ,02003,Information Mas,0775MSI,Big Data Analytics MSI,2560,FA 2025,GINF,001459,SI,690
27761268,FA 2025,GINF,WN 2026, ,02003,Information Mas,0775MSI,Big Data Analytics MSI,2560,FA 2025,GINF,021045,SI,666
27761268,FA 2025,GINF,WN 2026, ,02003,Information Mas,0775MSI,Big Data Analytics MSI,2560,FA 2025,GINF,041934,SI,608
27761268,FA 2025,GINF,WN 2026, ,02003,Information Mas,0775MSI,Big Data Analytics MSI,2560,FA 2025,GINF,045930,SI,671
27761268,FA 2025,GINF,WN 2026, ,02003,Information Mas,0775MSI,Big Data Analytics MSI,2560,FA 2025,GINF,048500,SI,670
27761268,FA 2025,GINF,WN 2026, ,02003,Information Mas,0775MSI,Big Data Analytics MSI,2560,FA 2025,GINF,050983,SI,602
27761268,FA 2025,GINF,WN 2026, ,02003,Information Mas,0775MSI,Big Data Analytics MSI,2570,WN 2026,GINF,020934,SI,649
27761268,FA 2025,GINF,WN 2026, ,02003,Information Mas,0775MSI,Big Data Analytics MSI,2570,WN 2026,GINF,039081,SI,529
27761268,FA 2025,GINF,WN 2026, ,02003,Information Mas,0775MSI,Big Data Analytics MSI,2570,WN 2026,GINF,041626,SI,664
27761268,FA 2025,GINF,WN 2026, ,02003,Information Mas,0775MSI,Big Data Analytics MSI,2570,WN 2026,GINF,047901,SI,699
27761268,FA 2025,GINF,WN 2026, ,02003,Information Mas,0775MSI,Big Data Analytics MSI,2570,WN 2026,GINF,050663,SI,568
27814756,FA 2025,GINF,WN 2027, ,02003,Information Mas,0775MSI,Big Data Analytics MSI,2560,FA 2025,GINF,016607,SI,544
27814756,FA 2025,GINF,WN 2027, ,02003,Information Mas,0775MSI,Big Data Analytics MSI,2560,FA 2025,GINF,047246,SI,506
27814756,FA 2025,GINF,WN 2027, ,02003,Information Mas,0775MSI,Big Data Analytics MSI,2560,FA 2025,GINF,049601,SI,564
27814756,FA 2025,GINF,WN 2027, ,02003,Information Mas,0775MSI,Big Data Analytics MSI,2560,FA 2025,GINF,050164,SI,504
27814756,FA 2025,GINF,WN 2027, ,02003,Information Mas,0775MSI,Big Data Analytics MSI,2560,FA 2025,GINF,051553,SI,500
27814756,FA 2025,GINF,WN 2027, ,02003,Information Mas,0775MSI,Big Data Analytics MSI,2570,WN 2026,GINF,041626,SI,664
27814756,FA 2025,GINF,WN 2027, ,02003,Information Mas,0775MSI,Big Data Analytics MSI,2570,WN 2026,GINF,042091,SI,618
27814756,FA 2025,GINF,WN 2027, ,02003,Information Mas,0775MSI,Big Data Analytics MSI,2570,WN 2026,GINF,047640,SI,507
27814756,FA 2025,GINF,WN 2027, ,02003,Information Mas,0775MSI,Big Data Analytics MSI,2570,WN 2026,GINF,050663,SI,568
27814756,FA 2025,GINF,WN 2027, ,02003,Information Mas,0775MSI,Big Data Analytics MSI,2570,WN 2026,GINF,050983,SI,602
27844246,FA 2025,GINF,WN 2027, ,02003,Information Mas,4865MSI,"Lib, Arch&Knwl Envs in Soc MSI",2560,FA 2025,GINF,021042,SI,647
27844246,FA 2025,GINF,WN 2027, ,02003,Information Mas,4865MSI,"Lib, Arch&Knwl Envs in Soc MSI",2560,FA 2025,GINF,021045,SI,666
27844246,FA 2025,GINF,WN 2027, ,02003,Information Mas,4865MSI,"Lib, Arch&Knwl Envs in Soc MSI",2560,FA 2025,GINF,021391,SI,511
27844246,FA 2025,GINF,WN 2027, ,02003,Information Mas,4865MSI,"Lib, Arch&Knwl Envs in Soc MSI",2560,FA 2025,GINF,051553,SI,500
27844246,FA 2025,GINF,WN 2027, ,02003,Information Mas,4865MSI,"Lib, Arch&Knwl Envs in Soc MSI",2560,FA 2025,GINF,052216,SI,512
27844246,FA 2025,GINF,WN 2027, ,02003,Information Mas,4865MSI,"Lib, Arch&Knwl Envs in Soc MSI",2570,WN 2026,GINF,009731,SI,580
27844246,FA 2025,GINF,WN 2027, ,02003,Information Mas,4865MSI,"Lib, Arch&Knwl Envs in Soc MSI",2570,WN 2026,GINF,042324,SI,639
27844246,FA 2025,GINF,WN 2027, ,02003,Information Mas,4865MSI,"Lib, Arch&Knwl Envs in Soc MSI",2570,WN 2026,GINF,047246,SI,506
27844246,FA 2025,GINF,WN 2027, ,02003,Information Mas,4865MSI,"Lib, Arch&Knwl Envs in Soc MSI",2570,WN 2026,GINF,048280,SI,667
27844246,FA 2025,GINF,WN 2027, ,02003,Information Mas,4865MSI,"Lib, Arch&Knwl Envs in Soc MSI",2570,WN 2026,GINF,050162,SI,510
28148355,FA 2024,GINF,FA 2025,FA 2025,02003,Information Mas,0775MSI,Big Data Analytics MSI,2510,FA 2024,GINF,016607,SI,544
28148355,FA 2024,GINF,FA 2025,FA 2025,02003,Information Mas,0775MSI,Big Data Analytics MSI,2510,FA 2024,GINF,047640,SI,507
28148355,FA 2024,GINF,FA 2025,FA 2025,02003,Information Mas,0775MSI,Big Data Analytics MSI,2510,FA 2024,GINF,049601,SI,564
28148355,FA 2024,GINF,FA 2025,FA 2025,02003,Information Mas,0775MSI,Big Data Analytics MSI,2510,FA 2024,GINF,051553,SI,500
28148355,FA 2024,GINF,FA 2025,FA 2025,02003,Information Mas,0775MSI,Big Data Analytics MSI,2520,WN 2025,GINF,020934,SI,649
28148355,FA 2024,GINF,FA 2025,FA 2025,02003,Information Mas,0775MSI,Big Data Analytics MSI,2520,WN 2025,GINF,040667,SI,681
28148355,FA 2024,GINF,FA 2025,FA 2025,02003,Information Mas,0775MSI,Big Data Analytics MSI,2520,WN 2025,GINF,049998,EAS,630
28148355,FA 2024,GINF,FA 2025,FA 2025,02003,Information Mas,0775MSI,Big Data Analytics MSI,2520,WN 2025,GINF,050941,EAS,644
28148355,FA 2024,GINF,FA 2025,FA 2025,02003,Information Mas,0775MSI,Big Data Analytics MSI,2520,WN 2025,GINF,050983,SI,602
28148355,FA 2024,GINF,FA 2025,FA 2025,02003,Information Mas,0775MSI,Big Data Analytics MSI,2520,WN 2025,GINF,051178,EAS,625
28148355,FA 2024,GINF,FA 2025,FA 2025,02003,Information Mas,0775MSI,Big Data Analytics MSI,2560,FA 2025,GINF,016350,EAS,533
28148355,FA 2024,GINF,FA 2025,FA 2025,02003,Information Mas,0775MSI,Big Data Analytics MSI,2560,FA 2025,GINF,041934,SI,608
28148355,FA 2024,GINF,FA 2025,FA 2025,02003,Information Mas,0775MSI,Big Data Analytics MSI,2560,FA 2025,GINF,045930,SI,671
28148355,FA 2024,GINF,FA 2025,FA 2025,02003,Information Mas,0775MSI,Big Data Analytics MSI,2560,FA 2025,GINF,047901,SI,699
28148355,FA 2024,GINF,FA 2025,FA 2025,02003,Information Mas,0775MSI,Big Data Analytics MSI,2560,FA 2025,GINF,051462,SI,644
28187648,FA 2024,GINF,FA 2025,FA 2025,02003,Information Mas,9445MSI,User Experience Design MSI,2510,FA 2024,GINF,016607,SI,544
28187648,FA 2024,GINF,FA 2025,FA 2025,02003,Information Mas,9445MSI,User Experience Design MSI,2510,FA 2024,GINF,017281,SI,588
28187648,FA 2024,GINF,FA 2025,FA 2025,02003,Information Mas,9445MSI,User Experience Design MSI,2510,FA 2024,GINF,039178,SI,539
28187648,FA 2024,GINF,FA 2025,FA 2025,02003,Information Mas,9445MSI,User Experience Design MSI,2510,FA 2024,GINF,042071,SI,563
28187648,FA 2024,GINF,FA 2025,FA 2025,02003,Information Mas,9445MSI,User Experience Design MSI,2510,FA 2024,GINF,047246,SI,506
28187648,FA 2024,GINF,FA 2025,FA 2025,02003,Information Mas,9445MSI,User Experience Design MSI,2510,FA 2024,GINF,051553,SI,500
28187648,FA 2024,GINF,FA 2025,FA 2025,02003,Information Mas,9445MSI,User Experience Design MSI,2520,WN 2025,GINF,020401,SI,622
28187648,FA 2024,GINF,FA 2025,FA 2025,02003,Information Mas,9445MSI,User Experience Design MSI,2520,WN 2025,GINF,040667,SI,681
28187648,FA 2024,GINF,FA 2025,FA 2025,02003,Information Mas,9445MSI,User Experience Design MSI,2520,WN 2025,GINF,044772,SI,582
28187648,FA 2024,GINF,FA 2025,FA 2025,02003,Information Mas,9445MSI,User Experience Design MSI,2520,WN 2025,GINF,047640,SI,507
28187648,FA 2024,GINF,FA 2025,FA 2025,02003,Information Mas,9445MSI,User Experience Design MSI,2520,WN 2025,GINF,048488,SI,559
28187648,FA 2024,GINF,FA 2025,FA 2025,02003,Information Mas,9445MSI,User Experience Design MSI,2520,WN 2025,GINF,050164,SI,504
28187648,FA 2024,GINF,FA 2025,FA 2025,02003,Information Mas,9445MSI,User Experience Design MSI,2560,FA 2025,GINF,020934,SI,649
28187648,FA 2024,GINF,FA 2025,FA 2025,02003,Information Mas,9445MSI,User Experience Design MSI,2560,FA 2025,GINF,041626,SI,664
28187648,FA 2024,GINF,FA 2025,FA 2025,02003,Information Mas,9445MSI,User Experience Design MSI,2560,FA 2025,GINF,045771,SI,684
28187648,FA 2024,GINF,FA 2025,FA 2025,02003,Information Mas,9445MSI,User Experience Design MSI,2560,FA 2025,GINF,047901,SI,699
28187648,FA 2024,GINF,FA 2025,FA 2025,02003,Information Mas,9445MSI,User Experience Design MSI,2560,FA 2025,GINF,050447,SI,624
28509450,FA 2024,GINF,WN 2026, ,02003,Information Mas,9455MSI,User-Centered Agile Dev MSI,2510,FA 2024,GINF,017281,SI,588
28509450,FA 2024,GINF,WN 2026, ,02003,Information Mas,9455MSI,User-Centered Agile Dev MSI,2510,FA 2024,GINF,021400,SI,520
28509450,FA 2024,GINF,WN 2026, ,02003,Information Mas,9455MSI,User-Centered Agile Dev MSI,2510,FA 2024,GINF,047246,SI,506
28509450,FA 2024,GINF,WN 2026, ,02003,Information Mas,9455MSI,User-Centered Agile Dev MSI,2510,FA 2024,GINF,048129,SI,505
28509450,FA 2024,GINF,WN 2026, ,02003,Information Mas,9455MSI,User-Centered Agile Dev MSI,2510,FA 2024,GINF,051553,SI,500
28509450,FA 2024,GINF,WN 2026, ,02003,Information Mas,9455MSI,User-Centered Agile Dev MSI,2520,WN 2025,GINF,020401,SI,622
28509450,FA 2024,GINF,WN 2026, ,02003,Information Mas,9455MSI,User-Centered Agile Dev MSI,2520,WN 2025,GINF,039178,SI,539
28509450,FA 2024,GINF,WN 2026, ,02003,Information Mas,9455MSI,User-Centered Agile Dev MSI,2520,WN 2025,GINF,044772,SI,582
28509450,FA 2024,GINF,WN 2026, ,02003,Information Mas,9455MSI,User-Centered Agile Dev MSI,2520,WN 2025,GINF,050164,SI,504
28509450,FA 2024,GINF,WN 2026, ,02003,Information Mas,9455MSI,User-Centered Agile Dev MSI,2520,WN 2025,GINF,051836,SI,611
28509450,FA 2024,GINF,WN 2026, ,02003,Information Mas,9455MSI,User-Centered Agile Dev MSI,2560,FA 2025,GINF,021391,SI,511
28509450,FA 2024,GINF,WN 2026, ,02003,Information Mas,9455MSI,User-Centered Agile Dev MSI,2560,FA 2025,GINF,041626,SI,664
28509450,FA 2024,GINF,WN 2026, ,02003,Information Mas,9455MSI,User-Centered Agile Dev MSI,2560,FA 2025,GINF,043210,SI,534
28509450,FA 2024,GINF,WN 2026, ,02003,Information Mas,9455MSI,User-Centered Agile Dev MSI,2560,FA 2025,GINF,050159,SI,579
28509450,FA 2024,GINF,WN 2026, ,02003,Information Mas,9455MSI,User-Centered Agile Dev MSI,2560,FA 2025,GINF,051836,SI,611
28509450,FA 2024,GINF,WN 2026, ,02003,Information Mas,9455MSI,User-Centered Agile Dev MSI,2570,WN 2026,GINF,043366,SI,617
28509450,FA 2024,GINF,WN 2026, ,02003,Information Mas,9455MSI,User-Centered Agile Dev MSI,2570,WN 2026,GINF,047901,SI,699
28509450,FA 2024,GINF,WN 2026, ,02003,Information Mas,9455MSI,User-Centered Agile Dev MSI,2570,WN 2026,GINF,049601,SI,564
28509450,FA 2024,GINF,WN 2026, ,02003,Information Mas,9455MSI,User-Centered Agile Dev MSI,2570,WN 2026,GINF,051836,SI,611
28844224,FA 2025,GINF,WN 2027, ,02003,Information Mas,4865MSI,"Lib, Arch&Knwl Envs in Soc MSI",2560,FA 2025,GINF,009731,SI,580
28844224,FA 2025,GINF,WN 2027, ,02003,Information Mas,4865MSI,"Lib, Arch&Knwl Envs in Soc MSI",2560,FA 2025,GINF,021045,SI,666
28844224,FA 2025,GINF,WN 2027, ,02003,Information Mas,4865MSI,"Lib, Arch&Knwl Envs in Soc MSI",2560,FA 2025,GINF,021391,SI,511
28844224,FA 2025,GINF,WN 2027, ,02003,Information Mas,4865MSI,"Lib, Arch&Knwl Envs in Soc MSI",2560,FA 2025,GINF,051553,SI,500
28844224,FA 2025,GINF,WN 2027, ,02003,Information Mas,4865MSI,"Lib, Arch&Knwl Envs in Soc MSI",2570,WN 2026,GINF,022326,SI,581
28844224,FA 2025,GINF,WN 2027, ,02003,Information Mas,4865MSI,"Lib, Arch&Knwl Envs in Soc MSI",2570,WN 2026,GINF,047246,SI,506
28844224,FA 2025,GINF,WN 2027, ,02003,Information Mas,4865MSI,"Lib, Arch&Knwl Envs in Soc MSI",2570,WN 2026,GINF,048280,SI,667
28844224,FA 2025,GINF,WN 2027, ,02003,Information Mas,4865MSI,"Lib, Arch&Knwl Envs in Soc MSI",2570,WN 2026,GINF,050162,SI,510
28844224,FA 2025,GINF,WN 2027, ,02003,Information Mas,4865MSI,"Lib, Arch&Knwl Envs in Soc MSI",2570,WN 2026,GINF,050164,SI,504
29149907,FA 2024,GINF,WN 2027, ,02003,Information Mas,9445MSI,User Experience Design MSI,2510,FA 2024,GINF,017281,SI,588
29149907,FA 2024,GINF,WN 2027, ,02003,Information Mas,9445MSI,User Experience Design MSI,2510,FA 2024,GINF,044772,SI,582
29149907,FA 2024,GINF,WN 2027, ,02003,Information Mas,9445MSI,User Experience Design MSI,2510,FA 2024,GINF,047246,SI,506
29149907,FA 2024,GINF,WN 2027, ,02003,Information Mas,9445MSI,User Experience Design MSI,2510,FA 2024,GINF,051553,SI,500
29149907,FA 2024,GINF,WN 2027, ,02003,Information Mas,9445MSI,User Experience Design MSI,2520,WN 2025,GINF,022099,SI,658
29149907,FA 2024,GINF,WN 2027, ,02003,Information Mas,9445MSI,User Experience Design MSI,2520,WN 2025,GINF,039178,SI,539
29149907,FA 2024,GINF,WN 2027, ,02003,Information Mas,9445MSI,User Experience Design MSI,2520,WN 2025,GINF,048488,SI,559
29149907,FA 2024,GINF,WN 2027, ,02003,Information Mas,9445MSI,User Experience Design MSI,2520,WN 2025,GINF,050159,SI,579
29149907,FA 2024,GINF,WN 2027, ,02003,Information Mas,9445MSI,User Experience Design MSI,2520,WN 2025,GINF,050164,SI,504
29376580,FA 2024,GINF,WN 2027, ,02003,Information Mas,0775MSI,Big Data Analytics MSI,2510,FA 2024,GINF,039178,SI,539
29376580,FA 2024,GINF,WN 2027, ,02003,Information Mas,0775MSI,Big Data Analytics MSI,2510,FA 2024,GINF,042071,SI,563
29376580,FA 2024,GINF,WN 2027, ,02003,Information Mas,0775MSI,Big Data Analytics MSI,2510,FA 2024,GINF,042091,SI,618
29376580,FA 2024,GINF,WN 2027, ,02003,Information Mas,0775MSI,Big Data Analytics MSI,2510,FA 2024,GINF,047640,SI,507
29376580,FA 2024,GINF,WN 2027, ,02003,Information Mas,0775MSI,Big Data Analytics MSI,2510,FA 2024,GINF,051553,SI,500
29376580,FA 2024,GINF,WN 2027, ,02003,Information Mas,0775MSI,Big Data Analytics MSI,2520,WN 2025,GINF,021033,SI,652
29376580,FA 2024,GINF,WN 2027, ,02003,Information Mas,0775MSI,Big Data Analytics MSI,2520,WN 2025,GINF,041626,SI,664
29376580,FA 2024,GINF,WN 2027, ,02003,Information Mas,0775MSI,Big Data Analytics MSI,2520,WN 2025,GINF,048268,SI,630
29376580,FA 2024,GINF,WN 2027, ,02003,Information Mas,0775MSI,Big Data Analytics MSI,2520,WN 2025,GINF,049601,SI,564
29376580,FA 2024,GINF,WN 2027, ,02003,Information Mas,0775MSI,Big Data Analytics MSI,2520,WN 2025,GINF,050159,SI,579
29376580,FA 2024,GINF,WN 2027, ,02003,Information Mas,0775MSI,Big Data Analytics MSI,2520,WN 2025,GINF,050663,SI,568
29376580,FA 2024,GINF,WN 2027, ,02003,Information Mas,0775MSI,Big Data Analytics MSI,2520,WN 2025,GINF,050983,SI,602
29376580,FA 2024,GINF,WN 2027, ,02003,Information Mas,0775MSI,Big Data Analytics MSI,2560,FA 2025,GINF,001459,SI,690
29376580,FA 2024,GINF,WN 2027, ,02003,Information Mas,0775MSI,Big Data Analytics MSI,2560,FA 2025,GINF,009732,SI,650
29376580,FA 2024,GINF,WN 2027, ,02003,Information Mas,0775MSI,Big Data Analytics MSI,2560,FA 2025,GINF,045930,SI,671
29376580,FA 2024,GINF,WN 2027, ,02003,Information Mas,0775MSI,Big Data Analytics MSI,2560,FA 2025,GINF,052172,SI,679
29376580,FA 2024,GINF,WN 2027, ,02003,Information Mas,0775MSI,Big Data Analytics MSI,2570,WN 2026,GINF,047901,SI,699
29380301,FA 2025,GINF,WN 2027, ,02003,Information Mas,9445MSI,User Experience Design MSI,2560,FA 2025,GINF,017281,SI,588
29380301,FA 2025,GINF,WN 2027, ,02003,Information Mas,9445MSI,User Experience Design MSI,2560,FA 2025,GINF,044772,SI,582
29380301,FA 2025,GINF,WN 2027, ,02003,Information Mas,9445MSI,User Experience Design MSI,2560,FA 2025,GINF,047246,SI,506
29380301,FA 2025,GINF,WN 2027, ,02003,Information Mas,9445MSI,User Experience Design MSI,2560,FA 2025,GINF,048129,SI,505
29380301,FA 2025,GINF,WN 2027, ,02003,Information Mas,9445MSI,User Experience Design MSI,2560,FA 2025,GINF,051553,SI,500
29380301,FA 2025,GINF,WN 2027, ,02003,Information Mas,9445MSI,User Experience Design MSI,2570,WN 2026,GINF,020401,SI,622
29380301,FA 2025,GINF,WN 2027, ,02003,Information Mas,9445MSI,User Experience Design MSI,2570,WN 2026,GINF,021400,SI,520
29380301,FA 2025,GINF,WN 2027, ,02003,Information Mas,9445MSI,User Experience Design MSI,2570,WN 2026,GINF,043863,SI,612
29437340,FA 2025,GINF,WN 2026, ,02003,Information Mas,0775MSI,Big Data Analytics MSI,2560,FA 2025,GINF,001459,SI,690
29437340,FA 2025,GINF,WN 2026, ,02003,Information Mas,0775MSI,Big Data Analytics MSI,2560,FA 2025,GINF,009732,SI,650
29437340,FA 2025,GINF,WN 2026, ,02003,Information Mas,0775MSI,Big Data Analytics MSI,2560,FA 2025,GINF,045930,SI,671
29437340,FA 2025,GINF,WN 2026, ,02003,Information Mas,0775MSI,Big Data Analytics MSI,2560,FA 2025,GINF,048500,SI,670
29437340,FA 2025,GINF,WN 2026, ,02003,Information Mas,0775MSI,Big Data Analytics MSI,2560,FA 2025,GINF,050983,SI,602
29437340,FA 2025,GINF,WN 2026, ,02003,Information Mas,0775MSI,Big Data Analytics MSI,2560,FA 2025,GINF,051462,SI,644
29437340,FA 2025,GINF,WN 2026, ,02003,Information Mas,0775MSI,Big Data Analytics MSI,2570,WN 2026,GINF,020803,SI,643
29437340,FA 2025,GINF,WN 2026, ,02003,Information Mas,0775MSI,Big Data Analytics MSI,2570,WN 2026,GINF,020934,SI,649
29437340,FA 2025,GINF,WN 2026, ,02003,Information Mas,0775MSI,Big Data Analytics MSI,2570,WN 2026,GINF,041626,SI,664
29437340,FA 2025,GINF,WN 2026, ,02003,Information Mas,0775MSI,Big Data Analytics MSI,2570,WN 2026,GINF,047901,SI,699
29437340,FA 2025,GINF,WN 2026, ,02003,Information Mas,0775MSI,Big Data Analytics MSI,2570,WN 2026,GINF,050663,SI,568
29617291,FA 2025,GINF,WN 2027, ,02003,Information Mas,9445MSI,User Experience Design MSI,2560,FA 2025,GINF,017281,SI,588
29617291,FA 2025,GINF,WN 2027, ,02003,Information Mas,9445MSI,User Experience Design MSI,2560,FA 2025,GINF,039178,SI,539
29617291,FA 2025,GINF,WN 2027, ,02003,Information Mas,9445MSI,User Experience Design MSI,2560,FA 2025,GINF,047246,SI,506
29617291,FA 2025,GINF,WN 2027, ,02003,Information Mas,9445MSI,User Experience Design MSI,2560,FA 2025,GINF,051553,SI,500
29617291,FA 2025,GINF,WN 2027, ,02003,Information Mas,9445MSI,User Experience Design MSI,2570,WN 2026,GINF,020401,SI,622
29617291,FA 2025,GINF,WN 2027, ,02003,Information Mas,9445MSI,User Experience Design MSI,2570,WN 2026,GINF,044772,SI,582
29617291,FA 2025,GINF,WN 2027, ,02003,Information Mas,9445MSI,User Experience Design MSI,2570,WN 2026,GINF,047640,SI,507
29617291,FA 2025,GINF,WN 2027, ,02003,Information Mas,9445MSI,User Experience Design MSI,2570,WN 2026,GINF,049601,SI,564
29617291,FA 2025,GINF,WN 2027, ,02003,Information Mas,9445MSI,User Experience Design MSI,2570,WN 2026,GINF,050164,SI,504
29617291,FA 2025,GINF,WN 2027, ,02003,Information Mas,9445MSI,User Experience Design MSI,2570,WN 2026,GINF,052324,ENGR,555
29830698,FA 2025,GINF,WN 2027, ,02003,Information Mas,0775MSI,Big Data Analytics MSI,2560,FA 2025,GINF,013075,EAS,701
29830698,FA 2025,GINF,WN 2027, ,02003,Information Mas,0775MSI,Big Data Analytics MSI,2560,FA 2025,GINF,016607,SI,544
29830698,FA 2025,GINF,WN 2027, ,02003,Information Mas,0775MSI,Big Data Analytics MSI,2560,FA 2025,GINF,047246,SI,506
29830698,FA 2025,GINF,WN 2027, ,02003,Information Mas,0775MSI,Big Data Analytics MSI,2560,FA 2025,GINF,048488,SI,559
29830698,FA 2025,GINF,WN 2027, ,02003,Information Mas,0775MSI,Big Data Analytics MSI,2560,FA 2025,GINF,051462,SI,644
29830698,FA 2025,GINF,WN 2027, ,02003,Information Mas,0775MSI,Big Data Analytics MSI,2570,WN 2026,GINF,042091,SI,618
29830698,FA 2025,GINF,WN 2027, ,02003,Information Mas,0775MSI,Big Data Analytics MSI,2570,WN 2026,GINF,047640,SI,507
29830698,FA 2025,GINF,WN 2027, ,02003,Information Mas,0775MSI,Big Data Analytics MSI,2570,WN 2026,GINF,050663,SI,568
29830698,FA 2025,GINF,WN 2027, ,02003,Information Mas,0775MSI,Big Data Analytics MSI,2570,WN 2026,GINF,050983,SI,602
29903360,FA 2025,GINF,WN 2027, ,02003,Information Mas,9445MSI,User Experience Design MSI,2560,FA 2025,GINF,017281,SI,588
29903360,FA 2025,GINF,WN 2027, ,02003,Information Mas,9445MSI,User Experience Design MSI,2560,FA 2025,GINF,044772,SI,582
29903360,FA 2025,GINF,WN 2027, ,02003,Information Mas,9445MSI,User Experience Design MSI,2560,FA 2025,GINF,047246,SI,506
29903360,FA 2025,GINF,WN 2027, ,02003,Information Mas,9445MSI,User Experience Design MSI,2560,FA 2025,GINF,051553,SI,500
29903360,FA 2025,GINF,WN 2027, ,02003,Information Mas,9445MSI,User Experience Design MSI,2570,WN 2026,GINF,020401,SI,622
29903360,FA 2025,GINF,WN 2027, ,02003,Information Mas,9445MSI,User Experience Design MSI,2570,WN 2026,GINF,021391,SI,511
29903360,FA 2025,GINF,WN 2027, ,02003,Information Mas,9445MSI,User Experience Design MSI,2570,WN 2026,GINF,039178,SI,539
29903360,FA 2025,GINF,WN 2027, ,02003,Information Mas,9445MSI,User Experience Design MSI,2570,WN 2026,GINF,051454,SI,594
29903360,FA 2025,GINF,WN 2027, ,02003,Information Mas,9445MSI,User Experience Design MSI,2570,WN 2026,GINF,051836,SI,611
30005912,FA 2024,GINF,WN 2026, ,02003,Information Mas,5005MSI,Master's ThesisOption Prog MSI,2510,FA 2024,GINF,017281,SI,588
30005912,FA 2024,GINF,WN 2026, ,02003,Information Mas,5005MSI,Master's ThesisOption Prog MSI,2510,FA 2024,GINF,047246,SI,506
30005912,FA 2024,GINF,WN 2026, ,02003,Information Mas,5005MSI,Master's ThesisOption Prog MSI,2510,FA 2024,GINF,051553,SI,500
30005912,FA 2024,GINF,WN 2026, ,02003,Information Mas,5005MSI,Master's ThesisOption Prog MSI,2520,WN 2025,GINF,020401,SI,622
30005912,FA 2024,GINF,WN 2026, ,02003,Information Mas,5005MSI,Master's ThesisOption Prog MSI,2520,WN 2025,GINF,039178,SI,539
30005912,FA 2024,GINF,WN 2026, ,02003,Information Mas,5005MSI,Master's ThesisOption Prog MSI,2520,WN 2025,GINF,040667,SI,681
30005912,FA 2024,GINF,WN 2026, ,02003,Information Mas,5005MSI,Master's ThesisOption Prog MSI,2520,WN 2025,GINF,047228,ENTR,500
30005912,FA 2024,GINF,WN 2026, ,02003,Information Mas,5005MSI,Master's ThesisOption Prog MSI,2560,FA 2025,GINF,041066,AAS,601
30005912,FA 2024,GINF,WN 2026, ,02003,Information Mas,5005MSI,Master's ThesisOption Prog MSI,2560,FA 2025,GINF,049365,SI,697
30005912,FA 2024,GINF,WN 2026, ,02003,Information Mas,5005MSI,Master's ThesisOption Prog MSI,2560,FA 2025,GINF,050252,DIGITAL,601
30005912,FA 2024,GINF,WN 2026, ,02003,Information Mas,5005MSI,Master's ThesisOption Prog MSI,2560,FA 2025,GINF,051836,SI,611
30005912,FA 2024,GINF,WN 2026, ,02003,Information Mas,5005MSI,Master's ThesisOption Prog MSI,2560,FA 2025,GINF,052100,SI,597
30005912,FA 2024,GINF,WN 2026, ,02003,Information Mas,5005MSI,Master's ThesisOption Prog MSI,2570,WN 2026,GINF,001459,SI,690
30005912,FA 2024,GINF,WN 2026, ,02003,Information Mas,5005MSI,Master's ThesisOption Prog MSI,2570,WN 2026,GINF,021391,SI,511
30005912,FA 2024,GINF,WN 2026, ,02003,Information Mas,5005MSI,Master's ThesisOption Prog MSI,2570,WN 2026,GINF,049040,SI,698
30005912,FA 2024,GINF,WN 2026, ,02003,Information Mas,5005MSI,Master's ThesisOption Prog MSI,2570,WN 2026,GINF,049082,SI,682
30059393,FA 2025,GINF,WN 2027, ,02003,Information Mas,9445MSI,User Experience Design MSI,2560,FA 2025,GINF,017281,SI,588
30059393,FA 2025,GINF,WN 2027, ,02003,Information Mas,9445MSI,User Experience Design MSI,2560,FA 2025,GINF,044772,SI,582
30059393,FA 2025,GINF,WN 2027, ,02003,Information Mas,9445MSI,User Experience Design MSI,2560,FA 2025,GINF,047246,SI,506
30059393,FA 2025,GINF,WN 2027, ,02003,Information Mas,9445MSI,User Experience Design MSI,2560,FA 2025,GINF,048129,SI,505
30059393,FA 2025,GINF,WN 2027, ,02003,Information Mas,9445MSI,User Experience Design MSI,2560,FA 2025,GINF,051553,SI,500
30059393,FA 2025,GINF,WN 2027, ,02003,Information Mas,9445MSI,User Experience Design MSI,2570,WN 2026,GINF,020401,SI,622
30059393,FA 2025,GINF,WN 2027, ,02003,Information Mas,9445MSI,User Experience Design MSI,2570,WN 2026,GINF,021391,SI,511
30059393,FA 2025,GINF,WN 2027, ,02003,Information Mas,9445MSI,User Experience Design MSI,2570,WN 2026,GINF,039178,SI,539
30059393,FA 2025,GINF,WN 2027, ,02003,Information Mas,9445MSI,User Experience Design MSI,2570,WN 2026,GINF,051836,SI,611
30081198,FA 2025,GINF,WN 2027, ,02003,Information Mas,0775MSI,Big Data Analytics MSI,2560,FA 2025,GINF,042091,SI,618
30081198,FA 2025,GINF,WN 2027, ,02003,Information Mas,0775MSI,Big Data Analytics MSI,2560,FA 2025,GINF,048500,SI,670
30081198,FA 2025,GINF,WN 2027, ,02003,Information Mas,0775MSI,Big Data Analytics MSI,2560,FA 2025,GINF,051519,ECE,598
30081198,FA 2025,GINF,WN 2027, ,02003,Information Mas,0775MSI,Big Data Analytics MSI,2560,FA 2025,GINF,051553,SI,500
30081198,FA 2025,GINF,WN 2027, ,02003,Information Mas,0775MSI,Big Data Analytics MSI,2570,WN 2026,GINF,012200,CSE,599
30081198,FA 2025,GINF,WN 2027, ,02003,Information Mas,0775MSI,Big Data Analytics MSI,2570,WN 2026,GINF,041626,SI,664
30081198,FA 2025,GINF,WN 2027, ,02003,Information Mas,0775MSI,Big Data Analytics MSI,2570,WN 2026,GINF,048129,SI,505
30081198,FA 2025,GINF,WN 2027, ,02003,Information Mas,0775MSI,Big Data Analytics MSI,2570,WN 2026,GINF,048268,SI,630
30081198,FA 2025,GINF,WN 2027, ,02003,Information Mas,0775MSI,Big Data Analytics MSI,2570,WN 2026,GINF,050164,SI,504
30081198,FA 2025,GINF,WN 2027, ,02003,Information Mas,0775MSI,Big Data Analytics MSI,2570,WN 2026,GINF,050663,SI,568
30228816,FA 2024,GINF,WN 2026, ,02003,Information Mas,9455MSI,User-Centered Agile Dev MSI,2510,FA 2024,GINF,017281,SI,588
30228816,FA 2024,GINF,WN 2026, ,02003,Information Mas,9455MSI,User-Centered Agile Dev MSI,2510,FA 2024,GINF,021391,SI,511
30228816,FA 2024,GINF,WN 2026, ,02003,Information Mas,9455MSI,User-Centered Agile Dev MSI,2510,FA 2024,GINF,044772,SI,582
30228816,FA 2024,GINF,WN 2026, ,02003,Information Mas,9455MSI,User-Centered Agile Dev MSI,2510,FA 2024,GINF,047228,ENTR,500
30228816,FA 2024,GINF,WN 2026, ,02003,Information Mas,9455MSI,User-Centered Agile Dev MSI,2510,FA 2024,GINF,048129,SI,505
30228816,FA 2024,GINF,WN 2026, ,02003,Information Mas,9455MSI,User-Centered Agile Dev MSI,2510,FA 2024,GINF,051553,SI,500
30228816,FA 2024,GINF,WN 2026, ,02003,Information Mas,9455MSI,User-Centered Agile Dev MSI,2520,WN 2025,GINF,039178,SI,539
30228816,FA 2024,GINF,WN 2026, ,02003,Information Mas,9455MSI,User-Centered Agile Dev MSI,2520,WN 2025,GINF,047246,SI,506
30228816,FA 2024,GINF,WN 2026, ,02003,Information Mas,9455MSI,User-Centered Agile Dev MSI,2520,WN 2025,GINF,048421,ENTR,560
30228816,FA 2024,GINF,WN 2026, ,02003,Information Mas,9455MSI,User-Centered Agile Dev MSI,2520,WN 2025,GINF,049601,SI,564
30228816,FA 2024,GINF,WN 2026, ,02003,Information Mas,9455MSI,User-Centered Agile Dev MSI,2520,WN 2025,GINF,050164,SI,504
30228816,FA 2024,GINF,WN 2026, ,02003,Information Mas,9455MSI,User-Centered Agile Dev MSI,2560,FA 2025,GINF,043863,SI,612
30228816,FA 2024,GINF,WN 2026, ,02003,Information Mas,9455MSI,User-Centered Agile Dev MSI,2560,FA 2025,GINF,047233,ENTR,520
30228816,FA 2024,GINF,WN 2026, ,02003,Information Mas,9455MSI,User-Centered Agile Dev MSI,2560,FA 2025,GINF,048487,SI,669
30228816,FA 2024,GINF,WN 2026, ,02003,Information Mas,9455MSI,User-Centered Agile Dev MSI,2560,FA 2025,GINF,050159,SI,579
30228816,FA 2024,GINF,WN 2026, ,02003,Information Mas,9455MSI,User-Centered Agile Dev MSI,2560,FA 2025,GINF,052172,SI,679
30228816,FA 2024,GINF,WN 2026, ,02003,Information Mas,9455MSI,User-Centered Agile Dev MSI,2570,WN 2026,GINF,001459,SI,690
30228816,FA 2024,GINF,WN 2026, ,02003,Information Mas,9455MSI,User-Centered Agile Dev MSI,2570,WN 2026,GINF,020401,SI,622
30228816,FA 2024,GINF,WN 2026, ,02003,Information Mas,9455MSI,User-Centered Agile Dev MSI,2570,WN 2026,GINF,021391,SI,511
30228816,FA 2024,GINF,WN 2026, ,02003,Information Mas,9455MSI,User-Centered Agile Dev MSI,2570,WN 2026,GINF,047901,SI,699
30228816,FA 2024,GINF,WN 2026, ,02003,Information Mas,9455MSI,User-Centered Agile Dev MSI,2570,WN 2026,GINF,051454,SI,594
30228816,FA 2024,GINF,WN 2026, ,02003,Information Mas,9455MSI,User-Centered Agile Dev MSI,2570,WN 2026,GINF,052217,ENTR,420
30295337,FA 2024,GINF,WN 2026, ,02003,Information Mas,0775MSI,Big Data Analytics MSI,2510,FA 2024,GINF,020934,SI,649
30295337,FA 2024,GINF,WN 2026, ,02003,Information Mas,0775MSI,Big Data Analytics MSI,2510,FA 2024,GINF,041934,SI,608
30295337,FA 2024,GINF,WN 2026, ,02003,Information Mas,0775MSI,Big Data Analytics MSI,2510,FA 2024,GINF,042091,SI,618
30295337,FA 2024,GINF,WN 2026, ,02003,Information Mas,0775MSI,Big Data Analytics MSI,2510,FA 2024,GINF,048488,SI,559
30295337,FA 2024,GINF,WN 2026, ,02003,Information Mas,0775MSI,Big Data Analytics MSI,2510,FA 2024,GINF,049601,SI,564
30295337,FA 2024,GINF,WN 2026, ,02003,Information Mas,0775MSI,Big Data Analytics MSI,2510,FA 2024,GINF,051553,SI,500
30295337,FA 2024,GINF,WN 2026, ,02003,Information Mas,0775MSI,Big Data Analytics MSI,2520,WN 2025,GINF,012189,EECS,570
30295337,FA 2024,GINF,WN 2026, ,02003,Information Mas,0775MSI,Big Data Analytics MSI,2520,WN 2025,GINF,041626,SI,664
30295337,FA 2024,GINF,WN 2026, ,02003,Information Mas,0775MSI,Big Data Analytics MSI,2520,WN 2025,GINF,048268,SI,630
30295337,FA 2024,GINF,WN 2026, ,02003,Information Mas,0775MSI,Big Data Analytics MSI,2520,WN 2025,GINF,050509,EECS,553
30295337,FA 2024,GINF,WN 2026, ,02003,Information Mas,0775MSI,Big Data Analytics MSI,2520,WN 2025,GINF,050663,SI,568
30295337,FA 2024,GINF,WN 2026, ,02003,Information Mas,0775MSI,Big Data Analytics MSI,2520,WN 2025,GINF,050983,SI,602
30295337,FA 2024,GINF,WN 2026, ,02003,Information Mas,0775MSI,Big Data Analytics MSI,2560,FA 2025,GINF,012200,CSE,599
30295337,FA 2024,GINF,WN 2026, ,02003,Information Mas,0775MSI,Big Data Analytics MSI,2560,FA 2025,GINF,042071,SI,563
30295337,FA 2024,GINF,WN 2026, ,02003,Information Mas,0775MSI,Big Data Analytics MSI,2560,FA 2025,GINF,048500,SI,670
30295337,FA 2024,GINF,WN 2026, ,02003,Information Mas,0775MSI,Big Data Analytics MSI,2560,FA 2025,GINF,051462,SI,644
30295337,FA 2024,GINF,WN 2026, ,02003,Information Mas,0775MSI,Big Data Analytics MSI,2570,WN 2026,GINF,042324,SI,639
30295337,FA 2024,GINF,WN 2026, ,02003,Information Mas,0775MSI,Big Data Analytics MSI,2570,WN 2026,GINF,047901,SI,699
30368906,FA 2024,GINF,WN 2026, ,02003,Information Mas,0775MSI,Big Data Analytics MSI,2510,FA 2024,GINF,016607,SI,544
30368906,FA 2024,GINF,WN 2026, ,02003,Information Mas,0775MSI,Big Data Analytics MSI,2510,FA 2024,GINF,043210,SI,534
30368906,FA 2024,GINF,WN 2026, ,02003,Information Mas,0775MSI,Big Data Analytics MSI,2510,FA 2024,GINF,047640,SI,507
30368906,FA 2024,GINF,WN 2026, ,02003,Information Mas,0775MSI,Big Data Analytics MSI,2510,FA 2024,GINF,050164,SI,504
30368906,FA 2024,GINF,WN 2026, ,02003,Information Mas,0775MSI,Big Data Analytics MSI,2510,FA 2024,GINF,051553,SI,500
30368906,FA 2024,GINF,WN 2026, ,02003,Information Mas,0775MSI,Big Data Analytics MSI,2520,WN 2025,GINF,040667,SI,681
30368906,FA 2024,GINF,WN 2026, ,02003,Information Mas,0775MSI,Big Data Analytics MSI,2520,WN 2025,GINF,042005,STS,571
30368906,FA 2024,GINF,WN 2026, ,02003,Information Mas,0775MSI,Big Data Analytics MSI,2520,WN 2025,GINF,042091,SI,618
30368906,FA 2024,GINF,WN 2026, ,02003,Information Mas,0775MSI,Big Data Analytics MSI,2520,WN 2025,GINF,050663,SI,568
30368906,FA 2024,GINF,WN 2026, ,02003,Information Mas,0775MSI,Big Data Analytics MSI,2520,WN 2025,GINF,050705,SI,719
30368906,FA 2024,GINF,WN 2026, ,02003,Information Mas,0775MSI,Big Data Analytics MSI,2520,WN 2025,GINF,050983,SI,602
30368906,FA 2024,GINF,WN 2026, ,02003,Information Mas,0775MSI,Big Data Analytics MSI,2560,FA 2025,GINF,001459,SI,690
30368906,FA 2024,GINF,WN 2026, ,02003,Information Mas,0775MSI,Big Data Analytics MSI,2560,FA 2025,GINF,042005,STS,571
30368906,FA 2024,GINF,WN 2026, ,02003,Information Mas,0775MSI,Big Data Analytics MSI,2560,FA 2025,GINF,045466,SI,755
30368906,FA 2024,GINF,WN 2026, ,02003,Information Mas,0775MSI,Big Data Analytics MSI,2560,FA 2025,GINF,045930,SI,671
30368906,FA 2024,GINF,WN 2026, ,02003,Information Mas,0775MSI,Big Data Analytics MSI,2560,FA 2025,GINF,048500,SI,670
30368906,FA 2024,GINF,WN 2026, ,02003,Information Mas,0775MSI,Big Data Analytics MSI,2560,FA 2025,GINF,051836,SI,611
30368906,FA 2024,GINF,WN 2026, ,02003,Information Mas,0775MSI,Big Data Analytics MSI,2570,WN 2026,GINF,001459,SI,690
30368906,FA 2024,GINF,WN 2026, ,02003,Information Mas,0775MSI,Big Data Analytics MSI,2570,WN 2026,GINF,020934,SI,649
30368906,FA 2024,GINF,WN 2026, ,02003,Information Mas,0775MSI,Big Data Analytics MSI,2570,WN 2026,GINF,042005,STS,571
30368906,FA 2024,GINF,WN 2026, ,02003,Information Mas,0775MSI,Big Data Analytics MSI,2570,WN 2026,GINF,047901,SI,699
30399525,FA 2025,GINF,WN 2027, ,02003,Information Mas,0775MSI,Big Data Analytics MSI,2560,FA 2025,GINF,016607,SI,544
30399525,FA 2025,GINF,WN 2027, ,02003,Information Mas,0775MSI,Big Data Analytics MSI,2560,FA 2025,GINF,021050,SI,691
30399525,FA 2025,GINF,WN 2027, ,02003,Information Mas,0775MSI,Big Data Analytics MSI,2560,FA 2025,GINF,047640,SI,507
30399525,FA 2025,GINF,WN 2027, ,02003,Information Mas,0775MSI,Big Data Analytics MSI,2560,FA 2025,GINF,050164,SI,504
30399525,FA 2025,GINF,WN 2027, ,02003,Information Mas,0775MSI,Big Data Analytics MSI,2560,FA 2025,GINF,051553,SI,500
30399525,FA 2025,GINF,WN 2027, ,02003,Information Mas,0775MSI,Big Data Analytics MSI,2570,WN 2026,GINF,020934,SI,649
30399525,FA 2025,GINF,WN 2027, ,02003,Information Mas,0775MSI,Big Data Analytics MSI,2570,WN 2026,GINF,042091,SI,618
30399525,FA 2025,GINF,WN 2027, ,02003,Information Mas,0775MSI,Big Data Analytics MSI,2570,WN 2026,GINF,050663,SI,568
30399525,FA 2025,GINF,WN 2027, ,02003,Information Mas,0775MSI,Big Data Analytics MSI,2570,WN 2026,GINF,050983,SI,602
30416777,FA 2024,GINF,WN 2026, ,02003,Information Mas,9455MSI,User-Centered Agile Dev MSI,2510,FA 2024,GINF,017281,SI,588
30416777,FA 2024,GINF,WN 2026, ,02003,Information Mas,9455MSI,User-Centered Agile Dev MSI,2510,FA 2024,GINF,047246,SI,506
30416777,FA 2024,GINF,WN 2026, ,02003,Information Mas,9455MSI,User-Centered Agile Dev MSI,2510,FA 2024,GINF,048129,SI,505
30416777,FA 2024,GINF,WN 2026, ,02003,Information Mas,9455MSI,User-Centered Agile Dev MSI,2510,FA 2024,GINF,050164,SI,504
30416777,FA 2024,GINF,WN 2026, ,02003,Information Mas,9455MSI,User-Centered Agile Dev MSI,2510,FA 2024,GINF,051553,SI,500
30416777,FA 2024,GINF,WN 2026, ,02003,Information Mas,9455MSI,User-Centered Agile Dev MSI,2520,WN 2025,GINF,012772,SI,548
30416777,FA 2024,GINF,WN 2026, ,02003,Information Mas,9455MSI,User-Centered Agile Dev MSI,2520,WN 2025,GINF,020401,SI,622
30416777,FA 2024,GINF,WN 2026, ,02003,Information Mas,9455MSI,User-Centered Agile Dev MSI,2520,WN 2025,GINF,039178,SI,539
30416777,FA 2024,GINF,WN 2026, ,02003,Information Mas,9455MSI,User-Centered Agile Dev MSI,2520,WN 2025,GINF,040667,SI,681
30416777,FA 2024,GINF,WN 2026, ,02003,Information Mas,9455MSI,User-Centered Agile Dev MSI,2520,WN 2025,GINF,050159,SI,579
30416777,FA 2024,GINF,WN 2026, ,02003,Information Mas,9455MSI,User-Centered Agile Dev MSI,2560,FA 2025,GINF,012457,EDUC,602
30416777,FA 2024,GINF,WN 2026, ,02003,Information Mas,9455MSI,User-Centered Agile Dev MSI,2560,FA 2025,GINF,048487,SI,669
30416777,FA 2024,GINF,WN 2026, ,02003,Information Mas,9455MSI,User-Centered Agile Dev MSI,2560,FA 2025,GINF,048488,SI,559
30416777,FA 2024,GINF,WN 2026, ,02003,Information Mas,9455MSI,User-Centered Agile Dev MSI,2560,FA 2025,GINF,051836,SI,611
30416777,FA 2024,GINF,WN 2026, ,02003,Information Mas,9455MSI,User-Centered Agile Dev MSI,2570,WN 2026,GINF,041626,SI,664
30416777,FA 2024,GINF,WN 2026, ,02003,Information Mas,9455MSI,User-Centered Agile Dev MSI,2570,WN 2026,GINF,047901,SI,699
30416777,FA 2024,GINF,WN 2026, ,02003,Information Mas,9455MSI,User-Centered Agile Dev MSI,2570,WN 2026,GINF,049082,SI,682
30416777,FA 2024,GINF,WN 2026, ,02003,Information Mas,9455MSI,User-Centered Agile Dev MSI,2570,WN 2026,GINF,052216,SI,512
30416777,FA 2024,GINF,WN 2026, ,02003,Information Mas,9455MSI,User-Centered Agile Dev MSI,2570,WN 2026,GINF,052230,EDUC,620
30643260,FA 2024,GINF,WN 2026, ,02003,Information Mas,9445MSI,User Experience Design MSI,2510,FA 2024,GINF,017281,SI,588
30643260,FA 2024,GINF,WN 2026, ,02003,Information Mas,9445MSI,User Experience Design MSI,2510,FA 2024,GINF,039178,SI,539
30643260,FA 2024,GINF,WN 2026, ,02003,Information Mas,9445MSI,User Experience Design MSI,2510,FA 2024,GINF,044772,SI,582
30643260,FA 2024,GINF,WN 2026, ,02003,Information Mas,9445MSI,User Experience Design MSI,2510,FA 2024,GINF,047246,SI,506
30643260,FA 2024,GINF,WN 2026, ,02003,Information Mas,9445MSI,User Experience Design MSI,2510,FA 2024,GINF,051553,SI,500
30643260,FA 2024,GINF,WN 2026, ,02003,Information Mas,9445MSI,User Experience Design MSI,2520,WN 2025,GINF,020401,SI,622
30643260,FA 2024,GINF,WN 2026, ,02003,Information Mas,9445MSI,User Experience Design MSI,2520,WN 2025,GINF,022099,SI,658
30643260,FA 2024,GINF,WN 2026, ,02003,Information Mas,9445MSI,User Experience Design MSI,2520,WN 2025,GINF,040667,SI,681
30643260,FA 2024,GINF,WN 2026, ,02003,Information Mas,9445MSI,User Experience Design MSI,2520,WN 2025,GINF,048129,SI,505
30643260,FA 2024,GINF,WN 2026, ,02003,Information Mas,9445MSI,User Experience Design MSI,2520,WN 2025,GINF,050162,SI,510
30643260,FA 2024,GINF,WN 2026, ,02003,Information Mas,9445MSI,User Experience Design MSI,2520,WN 2025,GINF,051836,SI,611
30643260,FA 2024,GINF,WN 2026, ,02003,Information Mas,9445MSI,User Experience Design MSI,2560,FA 2025,GINF,001459,SI,690
30643260,FA 2024,GINF,WN 2026, ,02003,Information Mas,9445MSI,User Experience Design MSI,2560,FA 2025,GINF,021391,SI,511
30643260,FA 2024,GINF,WN 2026, ,02003,Information Mas,9445MSI,User Experience Design MSI,2560,FA 2025,GINF,045393,SI,552
30643260,FA 2024,GINF,WN 2026, ,02003,Information Mas,9445MSI,User Experience Design MSI,2560,FA 2025,GINF,048488,SI,559
30643260,FA 2024,GINF,WN 2026, ,02003,Information Mas,9445MSI,User Experience Design MSI,2570,WN 2026,GINF,001459,SI,690
30643260,FA 2024,GINF,WN 2026, ,02003,Information Mas,9445MSI,User Experience Design MSI,2570,WN 2026,GINF,047901,SI,699
31259628,FA 2024,GINF,WN 2026, ,02003,Information Mas,9445MSI,User Experience Design MSI,2510,FA 2024,GINF,017281,SI,588
31259628,FA 2024,GINF,WN 2026, ,02003,Information Mas,9445MSI,User Experience Design MSI,2510,FA 2024,GINF,039178,SI,539
31259628,FA 2024,GINF,WN 2026, ,02003,Information Mas,9445MSI,User Experience Design MSI,2510,FA 2024,GINF,047246,SI,506
31259628,FA 2024,GINF,WN 2026, ,02003,Information Mas,9445MSI,User Experience Design MSI,2510,FA 2024,GINF,051553,SI,500
31259628,FA 2024,GINF,WN 2026, ,02003,Information Mas,9445MSI,User Experience Design MSI,2520,WN 2025,GINF,020401,SI,622
31259628,FA 2024,GINF,WN 2026, ,02003,Information Mas,9445MSI,User Experience Design MSI,2520,WN 2025,GINF,021400,SI,520
31259628,FA 2024,GINF,WN 2026, ,02003,Information Mas,9445MSI,User Experience Design MSI,2520,WN 2025,GINF,044772,SI,582
31259628,FA 2024,GINF,WN 2026, ,02003,Information Mas,9445MSI,User Experience Design MSI,2520,WN 2025,GINF,048129,SI,505
31259628,FA 2024,GINF,WN 2026, ,02003,Information Mas,9445MSI,User Experience Design MSI,2560,FA 2025,GINF,043863,SI,612
31259628,FA 2024,GINF,WN 2026, ,02003,Information Mas,9445MSI,User Experience Design MSI,2560,FA 2025,GINF,045771,SI,684
31259628,FA 2024,GINF,WN 2026, ,02003,Information Mas,9445MSI,User Experience Design MSI,2560,FA 2025,GINF,047901,SI,699
31259628,FA 2024,GINF,WN 2026, ,02003,Information Mas,9445MSI,User Experience Design MSI,2560,FA 2025,GINF,048488,SI,559
31259628,FA 2024,GINF,WN 2026, ,02003,Information Mas,9445MSI,User Experience Design MSI,2570,WN 2026,GINF,001459,SI,690
31259628,FA 2024,GINF,WN 2026, ,02003,Information Mas,9445MSI,User Experience Design MSI,2570,WN 2026,GINF,021391,SI,511
31259628,FA 2024,GINF,WN 2026, ,02003,Information Mas,9445MSI,User Experience Design MSI,2570,WN 2026,GINF,051454,SI,594
31259628,FA 2024,GINF,WN 2026, ,02003,Information Mas,9445MSI,User Experience Design MSI,2570,WN 2026,GINF,051836,SI,611
31324384,FA 2025,GINF,WN 2027, ,02003,Information Mas,4865MSI,"Lib, Arch&Knwl Envs in Soc MSI",2560,FA 2025,GINF,009731,SI,580
31324384,FA 2025,GINF,WN 2027, ,02003,Information Mas,4865MSI,"Lib, Arch&Knwl Envs in Soc MSI",2560,FA 2025,GINF,021045,SI,666
31324384,FA 2025,GINF,WN 2027, ,02003,Information Mas,4865MSI,"Lib, Arch&Knwl Envs in Soc MSI",2560,FA 2025,GINF,021391,SI,511
31324384,FA 2025,GINF,WN 2027, ,02003,Information Mas,4865MSI,"Lib, Arch&Knwl Envs in Soc MSI",2560,FA 2025,GINF,051553,SI,500
31324384,FA 2025,GINF,WN 2027, ,02003,Information Mas,4865MSI,"Lib, Arch&Knwl Envs in Soc MSI",2570,WN 2026,GINF,047246,SI,506
31324384,FA 2025,GINF,WN 2027, ,02003,Information Mas,4865MSI,"Lib, Arch&Knwl Envs in Soc MSI",2570,WN 2026,GINF,048280,SI,667
31324384,FA 2025,GINF,WN 2027, ,02003,Information Mas,4865MSI,"Lib, Arch&Knwl Envs in Soc MSI",2570,WN 2026,GINF,050162,SI,510
31324384,FA 2025,GINF,WN 2027, ,02003,Information Mas,4865MSI,"Lib, Arch&Knwl Envs in Soc MSI",2570,WN 2026,GINF,051074,SI,626
31518106,FA 2025,GINF,WN 2027, ,02003,Information Mas,4865MSI,"Lib, Arch&Knwl Envs in Soc MSI",2560,FA 2025,GINF,021042,SI,647
31518106,FA 2025,GINF,WN 2027, ,02003,Information Mas,4865MSI,"Lib, Arch&Knwl Envs in Soc MSI",2560,FA 2025,GINF,021045,SI,666
31518106,FA 2025,GINF,WN 2027, ,02003,Information Mas,4865MSI,"Lib, Arch&Knwl Envs in Soc MSI",2560,FA 2025,GINF,021391,SI,511
31518106,FA 2025,GINF,WN 2027, ,02003,Information Mas,4865MSI,"Lib, Arch&Knwl Envs in Soc MSI",2560,FA 2025,GINF,051553,SI,500
31518106,FA 2025,GINF,WN 2027, ,02003,Information Mas,4865MSI,"Lib, Arch&Knwl Envs in Soc MSI",2570,WN 2026,GINF,022326,SI,581
31518106,FA 2025,GINF,WN 2027, ,02003,Information Mas,4865MSI,"Lib, Arch&Knwl Envs in Soc MSI",2570,WN 2026,GINF,047246,SI,506
31518106,FA 2025,GINF,WN 2027, ,02003,Information Mas,4865MSI,"Lib, Arch&Knwl Envs in Soc MSI",2570,WN 2026,GINF,048280,SI,667
31518106,FA 2025,GINF,WN 2027, ,02003,Information Mas,4865MSI,"Lib, Arch&Knwl Envs in Soc MSI",2570,WN 2026,GINF,050162,SI,510
31704596,FA 2025,GINF,WN 2027, ,02003,Information Mas,0775MSI,Big Data Analytics MSI,2560,FA 2025,GINF,041626,SI,664
31704596,FA 2025,GINF,WN 2027, ,02003,Information Mas,0775MSI,Big Data Analytics MSI,2560,FA 2025,GINF,042091,SI,618
31704596,FA 2025,GINF,WN 2027, ,02003,Information Mas,0775MSI,Big Data Analytics MSI,2560,FA 2025,GINF,047640,SI,507
31704596,FA 2025,GINF,WN 2027, ,02003,Information Mas,0775MSI,Big Data Analytics MSI,2560,FA 2025,GINF,049601,SI,564
31704596,FA 2025,GINF,WN 2027, ,02003,Information Mas,0775MSI,Big Data Analytics MSI,2560,FA 2025,GINF,050164,SI,504
31704596,FA 2025,GINF,WN 2027, ,02003,Information Mas,0775MSI,Big Data Analytics MSI,2560,FA 2025,GINF,051553,SI,500
31704596,FA 2025,GINF,WN 2027, ,02003,Information Mas,0775MSI,Big Data Analytics MSI,2570,WN 2026,GINF,020934,SI,649
31704596,FA 2025,GINF,WN 2027, ,02003,Information Mas,0775MSI,Big Data Analytics MSI,2570,WN 2026,GINF,047226,EECS,504
31704596,FA 2025,GINF,WN 2027, ,02003,Information Mas,0775MSI,Big Data Analytics MSI,2570,WN 2026,GINF,048268,SI,630
31704596,FA 2025,GINF,WN 2027, ,02003,Information Mas,0775MSI,Big Data Analytics MSI,2570,WN 2026,GINF,050663,SI,568
31704596,FA 2025,GINF,WN 2027, ,02003,Information Mas,0775MSI,Big Data Analytics MSI,2570,WN 2026,GINF,051462,SI,644
31861120,FA 2024,GINF,WN 2025,WN 2025,02003,Information Mas,9455MSI,User-Centered Agile Dev MSI,2510,FA 2024,GINF,001459,SI,690
31861120,FA 2024,GINF,WN 2025,WN 2025,02003,Information Mas,9455MSI,User-Centered Agile Dev MSI,2510,FA 2024,GINF,021391,SI,511
31861120,FA 2024,GINF,WN 2025,WN 2025,02003,Information Mas,9455MSI,User-Centered Agile Dev MSI,2510,FA 2024,GINF,043863,SI,612
31861120,FA 2024,GINF,WN 2025,WN 2025,02003,Information Mas,9455MSI,User-Centered Agile Dev MSI,2510,FA 2024,GINF,050159,SI,579
31861120,FA 2024,GINF,WN 2025,WN 2025,02003,Information Mas,9455MSI,User-Centered Agile Dev MSI,2510,FA 2024,GINF,050164,SI,504
31861120,FA 2024,GINF,WN 2025,WN 2025,02003,Information Mas,9455MSI,User-Centered Agile Dev MSI,2510,FA 2024,GINF,051553,SI,500
31861120,FA 2024,GINF,WN 2025,WN 2025,02003,Information Mas,9455MSI,User-Centered Agile Dev MSI,2520,WN 2025,GINF,045393,SI,552
31861120,FA 2024,GINF,WN 2025,WN 2025,02003,Information Mas,9455MSI,User-Centered Agile Dev MSI,2520,WN 2025,GINF,047228,ENTR,500
31861120,FA 2024,GINF,WN 2025,WN 2025,02003,Information Mas,9455MSI,User-Centered Agile Dev MSI,2520,WN 2025,GINF,047641,SI,540
31861120,FA 2024,GINF,WN 2025,WN 2025,02003,Information Mas,9455MSI,User-Centered Agile Dev MSI,2520,WN 2025,GINF,047901,SI,699
31861120,FA 2024,GINF,WN 2025,WN 2025,02003,Information Mas,9455MSI,User-Centered Agile Dev MSI,2520,WN 2025,GINF,051836,SI,611
31922658,FA 2025,GINF,WN 2027, ,02003,Information Mas,9445MSI,User Experience Design MSI,2560,FA 2025,GINF,017281,SI,588
31922658,FA 2025,GINF,WN 2027, ,02003,Information Mas,9445MSI,User Experience Design MSI,2560,FA 2025,GINF,044772,SI,582
31922658,FA 2025,GINF,WN 2027, ,02003,Information Mas,9445MSI,User Experience Design MSI,2560,FA 2025,GINF,047246,SI,506
31922658,FA 2025,GINF,WN 2027, ,02003,Information Mas,9445MSI,User Experience Design MSI,2560,FA 2025,GINF,048129,SI,505
31922658,FA 2025,GINF,WN 2027, ,02003,Information Mas,9445MSI,User Experience Design MSI,2560,FA 2025,GINF,051553,SI,500
31922658,FA 2025,GINF,WN 2027, ,02003,Information Mas,9445MSI,User Experience Design MSI,2570,WN 2026,GINF,020401,SI,622
31922658,FA 2025,GINF,WN 2027, ,02003,Information Mas,9445MSI,User Experience Design MSI,2570,WN 2026,GINF,021391,SI,511
31922658,FA 2025,GINF,WN 2027, ,02003,Information Mas,9445MSI,User Experience Design MSI,2570,WN 2026,GINF,039178,SI,539
31922658,FA 2025,GINF,WN 2027, ,02003,Information Mas,9445MSI,User Experience Design MSI,2570,WN 2026,GINF,045393,SI,552
31922658,FA 2025,GINF,WN 2027, ,02003,Information Mas,9445MSI,User Experience Design MSI,2570,WN 2026,GINF,051836,SI,611
31931867,FA 2025,GINF,WN 2027, ,02003,Information Mas,4865MSI,"Lib, Arch&Knwl Envs in Soc MSI",2560,FA 2025,GINF,009731,SI,580
31931867,FA 2025,GINF,WN 2027, ,02003,Information Mas,4865MSI,"Lib, Arch&Knwl Envs in Soc MSI",2560,FA 2025,GINF,021045,SI,666
31931867,FA 2025,GINF,WN 2027, ,02003,Information Mas,4865MSI,"Lib, Arch&Knwl Envs in Soc MSI",2560,FA 2025,GINF,021391,SI,511
31931867,FA 2025,GINF,WN 2027, ,02003,Information Mas,4865MSI,"Lib, Arch&Knwl Envs in Soc MSI",2560,FA 2025,GINF,048129,SI,505
31931867,FA 2025,GINF,WN 2027, ,02003,Information Mas,4865MSI,"Lib, Arch&Knwl Envs in Soc MSI",2560,FA 2025,GINF,051553,SI,500
31931867,FA 2025,GINF,WN 2027, ,02003,Information Mas,4865MSI,"Lib, Arch&Knwl Envs in Soc MSI",2570,WN 2026,GINF,022326,SI,581
31931867,FA 2025,GINF,WN 2027, ,02003,Information Mas,4865MSI,"Lib, Arch&Knwl Envs in Soc MSI",2570,WN 2026,GINF,047246,SI,506
31931867,FA 2025,GINF,WN 2027, ,02003,Information Mas,4865MSI,"Lib, Arch&Knwl Envs in Soc MSI",2570,WN 2026,GINF,048280,SI,667
31931867,FA 2025,GINF,WN 2027, ,02003,Information Mas,4865MSI,"Lib, Arch&Knwl Envs in Soc MSI",2570,WN 2026,GINF,050162,SI,510
32193866,FA 2025,GINF,WN 2027, ,02003,Information Mas,9445MSI,User Experience Design MSI,2560,FA 2025,GINF,017281,SI,588
32193866,FA 2025,GINF,WN 2027, ,02003,Information Mas,9445MSI,User Experience Design MSI,2560,FA 2025,GINF,045393,SI,552
32193866,FA 2025,GINF,WN 2027, ,02003,Information Mas,9445MSI,User Experience Design MSI,2560,FA 2025,GINF,047246,SI,506
32193866,FA 2025,GINF,WN 2027, ,02003,Information Mas,9445MSI,User Experience Design MSI,2560,FA 2025,GINF,051553,SI,500
32193866,FA 2025,GINF,WN 2027, ,02003,Information Mas,9445MSI,User Experience Design MSI,2570,WN 2026,GINF,020401,SI,622
32193866,FA 2025,GINF,WN 2027, ,02003,Information Mas,9445MSI,User Experience Design MSI,2570,WN 2026,GINF,021400,SI,520
32193866,FA 2025,GINF,WN 2027, ,02003,Information Mas,9445MSI,User Experience Design MSI,2570,WN 2026,GINF,039178,SI,539
32193866,FA 2025,GINF,WN 2027, ,02003,Information Mas,9445MSI,User Experience Design MSI,2570,WN 2026,GINF,044772,SI,582
32493332,FA 2025,GINF,WN 2026, ,02003,Information Mas,9445MSI,User Experience Design MSI,2560,FA 2025,GINF,001459,SI,690
32493332,FA 2025,GINF,WN 2026, ,02003,Information Mas,9445MSI,User Experience Design MSI,2560,FA 2025,GINF,021391,SI,511
32493332,FA 2025,GINF,WN 2026, ,02003,Information Mas,9445MSI,User Experience Design MSI,2560,FA 2025,GINF,038659,SI,519
32493332,FA 2025,GINF,WN 2026, ,02003,Information Mas,9445MSI,User Experience Design MSI,2560,FA 2025,GINF,045687,SI,538
32493332,FA 2025,GINF,WN 2026, ,02003,Information Mas,9445MSI,User Experience Design MSI,2560,FA 2025,GINF,047901,SI,699
32493332,FA 2025,GINF,WN 2026, ,02003,Information Mas,9445MSI,User Experience Design MSI,2570,WN 2026,GINF,012974,ENS,346
32493332,FA 2025,GINF,WN 2026, ,02003,Information Mas,9445MSI,User Experience Design MSI,2570,WN 2026,GINF,039081,SI,529
32493332,FA 2025,GINF,WN 2026, ,02003,Information Mas,9445MSI,User Experience Design MSI,2570,WN 2026,GINF,039543,PUBPOL,750
32493332,FA 2025,GINF,WN 2026, ,02003,Information Mas,9445MSI,User Experience Design MSI,2570,WN 2026,GINF,043863,SI,612
32493332,FA 2025,GINF,WN 2026, ,02003,Information Mas,9445MSI,User Experience Design MSI,2570,WN 2026,GINF,051836,SI,611
32525939,FA 2024,GINF,FA 2025,FA 2025,02003,Information Mas,9445MSI,User Experience Design MSI,2510,FA 2024,GINF,017281,SI,588
32525939,FA 2024,GINF,FA 2025,FA 2025,02003,Information Mas,9445MSI,User Experience Design MSI,2510,FA 2024,GINF,039178,SI,539
32525939,FA 2024,GINF,FA 2025,FA 2025,02003,Information Mas,9445MSI,User Experience Design MSI,2510,FA 2024,GINF,044772,SI,582
32525939,FA 2024,GINF,FA 2025,FA 2025,02003,Information Mas,9445MSI,User Experience Design MSI,2510,FA 2024,GINF,047246,SI,506
32525939,FA 2024,GINF,FA 2025,FA 2025,02003,Information Mas,9445MSI,User Experience Design MSI,2510,FA 2024,GINF,048129,SI,505
32525939,FA 2024,GINF,FA 2025,FA 2025,02003,Information Mas,9445MSI,User Experience Design MSI,2510,FA 2024,GINF,051553,SI,500
32525939,FA 2024,GINF,FA 2025,FA 2025,02003,Information Mas,9445MSI,User Experience Design MSI,2520,WN 2025,GINF,020401,SI,622
32525939,FA 2024,GINF,FA 2025,FA 2025,02003,Information Mas,9445MSI,User Experience Design MSI,2520,WN 2025,GINF,021400,SI,520
32525939,FA 2024,GINF,FA 2025,FA 2025,02003,Information Mas,9445MSI,User Experience Design MSI,2520,WN 2025,GINF,040667,SI,681
32525939,FA 2024,GINF,FA 2025,FA 2025,02003,Information Mas,9445MSI,User Experience Design MSI,2520,WN 2025,GINF,045393,SI,552
32525939,FA 2024,GINF,FA 2025,FA 2025,02003,Information Mas,9445MSI,User Experience Design MSI,2520,WN 2025,GINF,051454,SI,594
32525939,FA 2024,GINF,FA 2025,FA 2025,02003,Information Mas,9445MSI,User Experience Design MSI,2520,WN 2025,GINF,051836,SI,611
32525939,FA 2024,GINF,FA 2025,FA 2025,02003,Information Mas,9445MSI,User Experience Design MSI,2560,FA 2025,GINF,017508,TO,512
32525939,FA 2024,GINF,FA 2025,FA 2025,02003,Information Mas,9445MSI,User Experience Design MSI,2560,FA 2025,GINF,017533,MO,512
32525939,FA 2024,GINF,FA 2025,FA 2025,02003,Information Mas,9445MSI,User Experience Design MSI,2560,FA 2025,GINF,020997,BCOM,561
32525939,FA 2024,GINF,FA 2025,FA 2025,02003,Information Mas,9445MSI,User Experience Design MSI,2560,FA 2025,GINF,047901,SI,699
32525939,FA 2024,GINF,FA 2025,FA 2025,02003,Information Mas,9445MSI,User Experience Design MSI,2560,FA 2025,GINF,048488,SI,559
32730060,FA 2024,GINF,WN 2026, ,02003,Information Mas,9455MSI,User-Centered Agile Dev MSI,2510,FA 2024,GINF,017281,SI,588
32730060,FA 2024,GINF,WN 2026, ,02003,Information Mas,9455MSI,User-Centered Agile Dev MSI,2510,FA 2024,GINF,044772,SI,582
32730060,FA 2024,GINF,WN 2026, ,02003,Information Mas,9455MSI,User-Centered Agile Dev MSI,2510,FA 2024,GINF,047246,SI,506
32730060,FA 2024,GINF,WN 2026, ,02003,Information Mas,9455MSI,User-Centered Agile Dev MSI,2510,FA 2024,GINF,048129,SI,505
32730060,FA 2024,GINF,WN 2026, ,02003,Information Mas,9455MSI,User-Centered Agile Dev MSI,2510,FA 2024,GINF,049601,SI,564
32730060,FA 2024,GINF,WN 2026, ,02003,Information Mas,9455MSI,User-Centered Agile Dev MSI,2510,FA 2024,GINF,051553,SI,500
32730060,FA 2024,GINF,WN 2026, ,02003,Information Mas,9455MSI,User-Centered Agile Dev MSI,2520,WN 2025,GINF,020401,SI,622
32730060,FA 2024,GINF,WN 2026, ,02003,Information Mas,9455MSI,User-Centered Agile Dev MSI,2520,WN 2025,GINF,021391,SI,511
32730060,FA 2024,GINF,WN 2026, ,02003,Information Mas,9455MSI,User-Centered Agile Dev MSI,2520,WN 2025,GINF,022099,SI,658
32730060,FA 2024,GINF,WN 2026, ,02003,Information Mas,9455MSI,User-Centered Agile Dev MSI,2520,WN 2025,GINF,039178,SI,539
32730060,FA 2024,GINF,WN 2026, ,02003,Information Mas,9455MSI,User-Centered Agile Dev MSI,2520,WN 2025,GINF,040667,SI,681
32730060,FA 2024,GINF,WN 2026, ,02003,Information Mas,9455MSI,User-Centered Agile Dev MSI,2520,WN 2025,GINF,050164,SI,504
32730060,FA 2024,GINF,WN 2026, ,02003,Information Mas,9455MSI,User-Centered Agile Dev MSI,2560,FA 2025,GINF,041626,SI,664
32730060,FA 2024,GINF,WN 2026, ,02003,Information Mas,9455MSI,User-Centered Agile Dev MSI,2560,FA 2025,GINF,050159,SI,579
32730060,FA 2024,GINF,WN 2026, ,02003,Information Mas,9455MSI,User-Centered Agile Dev MSI,2560,FA 2025,GINF,050161,SI,676
32730060,FA 2024,GINF,WN 2026, ,02003,Information Mas,9455MSI,User-Centered Agile Dev MSI,2570,WN 2026,GINF,043863,SI,612
32730060,FA 2024,GINF,WN 2026, ,02003,Information Mas,9455MSI,User-Centered Agile Dev MSI,2570,WN 2026,GINF,047901,SI,699
32777734,FA 2024,GINF,WN 2026, ,02003,Information Mas,0775MSI,Big Data Analytics MSI,2510,FA 2024,GINF,021050,SI,691
32777734,FA 2024,GINF,WN 2026, ,02003,Information Mas,0775MSI,Big Data Analytics MSI,2510,FA 2024,GINF,042091,SI,618
32777734,FA 2024,GINF,WN 2026, ,02003,Information Mas,0775MSI,Big Data Analytics MSI,2510,FA 2024,GINF,047246,SI,506
32777734,FA 2024,GINF,WN 2026, ,02003,Information Mas,0775MSI,Big Data Analytics MSI,2510,FA 2024,GINF,050164,SI,504
32777734,FA 2024,GINF,WN 2026, ,02003,Information Mas,0775MSI,Big Data Analytics MSI,2510,FA 2024,GINF,051553,SI,500
32777734,FA 2024,GINF,WN 2026, ,02003,Information Mas,0775MSI,Big Data Analytics MSI,2520,WN 2025,GINF,022099,SI,658
32777734,FA 2024,GINF,WN 2026, ,02003,Information Mas,0775MSI,Big Data Analytics MSI,2520,WN 2025,GINF,040667,SI,681
32777734,FA 2024,GINF,WN 2026, ,02003,Information Mas,0775MSI,Big Data Analytics MSI,2520,WN 2025,GINF,041626,SI,664
32777734,FA 2024,GINF,WN 2026, ,02003,Information Mas,0775MSI,Big Data Analytics MSI,2520,WN 2025,GINF,047640,SI,507
32777734,FA 2024,GINF,WN 2026, ,02003,Information Mas,0775MSI,Big Data Analytics MSI,2520,WN 2025,GINF,050663,SI,568
32777734,FA 2024,GINF,WN 2026, ,02003,Information Mas,0775MSI,Big Data Analytics MSI,2520,WN 2025,GINF,050983,SI,602
32777734,FA 2024,GINF,WN 2026, ,02003,Information Mas,0775MSI,Big Data Analytics MSI,2560,FA 2025,GINF,021391,SI,511
32777734,FA 2024,GINF,WN 2026, ,02003,Information Mas,0775MSI,Big Data Analytics MSI,2560,FA 2025,GINF,043241,SI,657
32777734,FA 2024,GINF,WN 2026, ,02003,Information Mas,0775MSI,Big Data Analytics MSI,2560,FA 2025,GINF,047901,SI,699
32777734,FA 2024,GINF,WN 2026, ,02003,Information Mas,0775MSI,Big Data Analytics MSI,2570,WN 2026,GINF,020803,SI,643
32777734,FA 2024,GINF,WN 2026, ,02003,Information Mas,0775MSI,Big Data Analytics MSI,2570,WN 2026,GINF,039372,SI,565
32777734,FA 2024,GINF,WN 2026, ,02003,Information Mas,0775MSI,Big Data Analytics MSI,2570,WN 2026,GINF,039543,PUBPOL,750
32805084,FA 2024,GINF,WN 2026, ,02003,Information Mas,9445MSI,User Experience Design MSI,2510,FA 2024,GINF,017281,SI,588
32805084,FA 2024,GINF,WN 2026, ,02003,Information Mas,9445MSI,User Experience Design MSI,2510,FA 2024,GINF,044772,SI,582
32805084,FA 2024,GINF,WN 2026, ,02003,Information Mas,9445MSI,User Experience Design MSI,2510,FA 2024,GINF,047246,SI,506
32805084,FA 2024,GINF,WN 2026, ,02003,Information Mas,9445MSI,User Experience Design MSI,2510,FA 2024,GINF,048129,SI,505
32805084,FA 2024,GINF,WN 2026, ,02003,Information Mas,9445MSI,User Experience Design MSI,2510,FA 2024,GINF,051553,SI,500
32805084,FA 2024,GINF,WN 2026, ,02003,Information Mas,9445MSI,User Experience Design MSI,2520,WN 2025,GINF,020401,SI,622
32805084,FA 2024,GINF,WN 2026, ,02003,Information Mas,9445MSI,User Experience Design MSI,2520,WN 2025,GINF,021391,SI,511
32805084,FA 2024,GINF,WN 2026, ,02003,Information Mas,9445MSI,User Experience Design MSI,2520,WN 2025,GINF,040667,SI,681
32805084,FA 2024,GINF,WN 2026, ,02003,Information Mas,9445MSI,User Experience Design MSI,2520,WN 2025,GINF,048488,SI,559
32805084,FA 2024,GINF,WN 2026, ,02003,Information Mas,9445MSI,User Experience Design MSI,2520,WN 2025,GINF,051836,SI,611
32805084,FA 2024,GINF,WN 2026, ,02003,Information Mas,9445MSI,User Experience Design MSI,2560,FA 2025,GINF,021400,SI,520
32805084,FA 2024,GINF,WN 2026, ,02003,Information Mas,9445MSI,User Experience Design MSI,2560,FA 2025,GINF,039178,SI,539
32805084,FA 2024,GINF,WN 2026, ,02003,Information Mas,9445MSI,User Experience Design MSI,2560,FA 2025,GINF,047228,ENTR,500
32805084,FA 2024,GINF,WN 2026, ,02003,Information Mas,9445MSI,User Experience Design MSI,2560,FA 2025,GINF,052091,ENTR,570
32805084,FA 2024,GINF,WN 2026, ,02003,Information Mas,9445MSI,User Experience Design MSI,2570,WN 2026,GINF,045393,SI,552
32805084,FA 2024,GINF,WN 2026, ,02003,Information Mas,9445MSI,User Experience Design MSI,2570,WN 2026,GINF,047233,ENTR,520
32805084,FA 2024,GINF,WN 2026, ,02003,Information Mas,9445MSI,User Experience Design MSI,2570,WN 2026,GINF,047901,SI,699
32805084,FA 2024,GINF,WN 2026, ,02003,Information Mas,9445MSI,User Experience Design MSI,2570,WN 2026,GINF,049112,PAT,500
33139516,FA 2024,GINF,WN 2027, ,02003,Information Mas,0775MSI,Big Data Analytics MSI,2510,FA 2024,GINF,016607,SI,544
33139516,FA 2024,GINF,WN 2027, ,02003,Information Mas,0775MSI,Big Data Analytics MSI,2510,FA 2024,GINF,041626,SI,664
33139516,FA 2024,GINF,WN 2027, ,02003,Information Mas,0775MSI,Big Data Analytics MSI,2510,FA 2024,GINF,042091,SI,618
33139516,FA 2024,GINF,WN 2027, ,02003,Information Mas,0775MSI,Big Data Analytics MSI,2510,FA 2024,GINF,047640,SI,507
33139516,FA 2024,GINF,WN 2027, ,02003,Information Mas,0775MSI,Big Data Analytics MSI,2510,FA 2024,GINF,049601,SI,564
33139516,FA 2024,GINF,WN 2027, ,02003,Information Mas,0775MSI,Big Data Analytics MSI,2510,FA 2024,GINF,050164,SI,504
33139516,FA 2024,GINF,WN 2027, ,02003,Information Mas,0775MSI,Big Data Analytics MSI,2520,WN 2025,GINF,014748,EECS,545
33139516,FA 2024,GINF,WN 2027, ,02003,Information Mas,0775MSI,Big Data Analytics MSI,2520,WN 2025,GINF,048268,SI,630
33139516,FA 2024,GINF,WN 2027, ,02003,Information Mas,0775MSI,Big Data Analytics MSI,2520,WN 2025,GINF,050663,SI,568
33139516,FA 2024,GINF,WN 2027, ,02003,Information Mas,0775MSI,Big Data Analytics MSI,2520,WN 2025,GINF,050983,SI,602
33139516,FA 2024,GINF,WN 2027, ,02003,Information Mas,0775MSI,Big Data Analytics MSI,2520,WN 2025,GINF,051553,SI,500
33139516,FA 2024,GINF,WN 2027, ,02003,Information Mas,0775MSI,Big Data Analytics MSI,2560,FA 2025,GINF,009732,SI,650
33139516,FA 2024,GINF,WN 2027, ,02003,Information Mas,0775MSI,Big Data Analytics MSI,2560,FA 2025,GINF,045930,SI,671
33139516,FA 2024,GINF,WN 2027, ,02003,Information Mas,0775MSI,Big Data Analytics MSI,2560,FA 2025,GINF,048500,SI,670
33139516,FA 2024,GINF,WN 2027, ,02003,Information Mas,0775MSI,Big Data Analytics MSI,2570,WN 2026,GINF,006309,STATS,560
33139516,FA 2024,GINF,WN 2027, ,02003,Information Mas,0775MSI,Big Data Analytics MSI,2570,WN 2026,GINF,022366,STATS,547
33139516,FA 2024,GINF,WN 2027, ,02003,Information Mas,0775MSI,Big Data Analytics MSI,2570,WN 2026,GINF,039372,SI,565
33139516,FA 2024,GINF,WN 2027, ,02003,Information Mas,0775MSI,Big Data Analytics MSI,2570,WN 2026,GINF,047901,SI,699
33247022,FA 2025,GINF,WN 2027, ,02003,Information Mas,9445MSI,User Experience Design MSI,2560,FA 2025,GINF,017281,SI,588
33247022,FA 2025,GINF,WN 2027, ,02003,Information Mas,9445MSI,User Experience Design MSI,2560,FA 2025,GINF,039178,SI,539
33247022,FA 2025,GINF,WN 2027, ,02003,Information Mas,9445MSI,User Experience Design MSI,2560,FA 2025,GINF,047246,SI,506
33247022,FA 2025,GINF,WN 2027, ,02003,Information Mas,9445MSI,User Experience Design MSI,2560,FA 2025,GINF,051553,SI,500
33247022,FA 2025,GINF,WN 2027, ,02003,Information Mas,9445MSI,User Experience Design MSI,2570,WN 2026,GINF,020401,SI,622
33247022,FA 2025,GINF,WN 2027, ,02003,Information Mas,9445MSI,User Experience Design MSI,2570,WN 2026,GINF,021391,SI,511
33247022,FA 2025,GINF,WN 2027, ,02003,Information Mas,9445MSI,User Experience Design MSI,2570,WN 2026,GINF,021400,SI,520
33247022,FA 2025,GINF,WN 2027, ,02003,Information Mas,9445MSI,User Experience Design MSI,2570,WN 2026,GINF,044772,SI,582
33247022,FA 2025,GINF,WN 2027, ,02003,Information Mas,9445MSI,User Experience Design MSI,2570,WN 2026,GINF,045393,SI,552
33349091,FA 2025,GINF,WN 2026, ,02003,Information Mas,9445MSI,User Experience Design MSI,2560,FA 2025,GINF,038659,SI,519
33349091,FA 2025,GINF,WN 2026, ,02003,Information Mas,9445MSI,User Experience Design MSI,2560,FA 2025,GINF,045393,SI,552
33349091,FA 2025,GINF,WN 2026, ,02003,Information Mas,9445MSI,User Experience Design MSI,2560,FA 2025,GINF,045771,SI,684
33349091,FA 2025,GINF,WN 2026, ,02003,Information Mas,9445MSI,User Experience Design MSI,2560,FA 2025,GINF,048488,SI,559
33349091,FA 2025,GINF,WN 2026, ,02003,Information Mas,9445MSI,User Experience Design MSI,2560,FA 2025,GINF,051836,SI,611
33349091,FA 2025,GINF,WN 2026, ,02003,Information Mas,9445MSI,User Experience Design MSI,2570,WN 2026,GINF,047901,SI,699
33349091,FA 2025,GINF,WN 2026, ,02003,Information Mas,9445MSI,User Experience Design MSI,2570,WN 2026,GINF,048486,SI,659
33349091,FA 2025,GINF,WN 2026, ,02003,Information Mas,9445MSI,User Experience Design MSI,2570,WN 2026,GINF,051454,SI,594
33349091,FA 2025,GINF,WN 2026, ,02003,Information Mas,9445MSI,User Experience Design MSI,2570,WN 2026,GINF,051836,SI,611
33368565,FA 2025,GINF,WN 2027, ,02003,Information Mas,9445MSI,User Experience Design MSI,2560,FA 2025,GINF,017281,SI,588
33368565,FA 2025,GINF,WN 2027, ,02003,Information Mas,9445MSI,User Experience Design MSI,2560,FA 2025,GINF,039178,SI,539
33368565,FA 2025,GINF,WN 2027, ,02003,Information Mas,9445MSI,User Experience Design MSI,2560,FA 2025,GINF,047246,SI,506
33368565,FA 2025,GINF,WN 2027, ,02003,Information Mas,9445MSI,User Experience Design MSI,2560,FA 2025,GINF,051553,SI,500
33368565,FA 2025,GINF,WN 2027, ,02003,Information Mas,9445MSI,User Experience Design MSI,2570,WN 2026,GINF,020401,SI,622
33368565,FA 2025,GINF,WN 2027, ,02003,Information Mas,9445MSI,User Experience Design MSI,2570,WN 2026,GINF,021400,SI,520
33368565,FA 2025,GINF,WN 2027, ,02003,Information Mas,9445MSI,User Experience Design MSI,2570,WN 2026,GINF,044772,SI,582
33557936,FA 2025,GINF,WN 2027, ,02003,Information Mas,9445MSI,User Experience Design MSI,2560,FA 2025,GINF,017281,SI,588
33557936,FA 2025,GINF,WN 2027, ,02003,Information Mas,9445MSI,User Experience Design MSI,2560,FA 2025,GINF,021400,SI,520
33557936,FA 2025,GINF,WN 2027, ,02003,Information Mas,9445MSI,User Experience Design MSI,2560,FA 2025,GINF,047246,SI,506
33557936,FA 2025,GINF,WN 2027, ,02003,Information Mas,9445MSI,User Experience Design MSI,2560,FA 2025,GINF,051553,SI,500
33557936,FA 2025,GINF,WN 2027, ,02003,Information Mas,9445MSI,User Experience Design MSI,2570,WN 2026,GINF,020401,SI,622
33557936,FA 2025,GINF,WN 2027, ,02003,Information Mas,9445MSI,User Experience Design MSI,2570,WN 2026,GINF,021391,SI,511
33557936,FA 2025,GINF,WN 2027, ,02003,Information Mas,9445MSI,User Experience Design MSI,2570,WN 2026,GINF,039178,SI,539
33557936,FA 2025,GINF,WN 2027, ,02003,Information Mas,9445MSI,User Experience Design MSI,2570,WN 2026,GINF,044772,SI,582
33557936,FA 2025,GINF,WN 2027, ,02003,Information Mas,9445MSI,User Experience Design MSI,2570,WN 2026,GINF,052103,PAT,564
33597148,FA 2024,GINF,FA 2025,FA 2025,02003,Information Mas,9445MSI,User Experience Design MSI,2510,FA 2024,GINF,017281,SI,588
33597148,FA 2024,GINF,FA 2025,FA 2025,02003,Information Mas,9445MSI,User Experience Design MSI,2510,FA 2024,GINF,021400,SI,520
33597148,FA 2024,GINF,FA 2025,FA 2025,02003,Information Mas,9445MSI,User Experience Design MSI,2510,FA 2024,GINF,039178,SI,539
33597148,FA 2024,GINF,FA 2025,FA 2025,02003,Information Mas,9445MSI,User Experience Design MSI,2510,FA 2024,GINF,047246,SI,506
33597148,FA 2024,GINF,FA 2025,FA 2025,02003,Information Mas,9445MSI,User Experience Design MSI,2510,FA 2024,GINF,051553,SI,500
33597148,FA 2024,GINF,FA 2025,FA 2025,02003,Information Mas,9445MSI,User Experience Design MSI,2520,WN 2025,GINF,020401,SI,622
33597148,FA 2024,GINF,FA 2025,FA 2025,02003,Information Mas,9445MSI,User Experience Design MSI,2520,WN 2025,GINF,022099,SI,658
33597148,FA 2024,GINF,FA 2025,FA 2025,02003,Information Mas,9445MSI,User Experience Design MSI,2520,WN 2025,GINF,040667,SI,681
33597148,FA 2024,GINF,FA 2025,FA 2025,02003,Information Mas,9445MSI,User Experience Design MSI,2520,WN 2025,GINF,044772,SI,582
33597148,FA 2024,GINF,FA 2025,FA 2025,02003,Information Mas,9445MSI,User Experience Design MSI,2520,WN 2025,GINF,045393,SI,552
33597148,FA 2024,GINF,FA 2025,FA 2025,02003,Information Mas,9445MSI,User Experience Design MSI,2520,WN 2025,GINF,048129,SI,505
33597148,FA 2024,GINF,FA 2025,FA 2025,02003,Information Mas,9445MSI,User Experience Design MSI,2560,FA 2025,GINF,021391,SI,511
33597148,FA 2024,GINF,FA 2025,FA 2025,02003,Information Mas,9445MSI,User Experience Design MSI,2560,FA 2025,GINF,045687,SI,538
33597148,FA 2024,GINF,FA 2025,FA 2025,02003,Information Mas,9445MSI,User Experience Design MSI,2560,FA 2025,GINF,045771,HBEHED,684
33597148,FA 2024,GINF,FA 2025,FA 2025,02003,Information Mas,9445MSI,User Experience Design MSI,2560,FA 2025,GINF,047901,SI,699
33723909,FA 2025,GINF,WN 2027, ,02003,Information Mas,9455MSI,User-Centered Agile Dev MSI,2560,FA 2025,GINF,017281,SI,588
33723909,FA 2025,GINF,WN 2027, ,02003,Information Mas,9455MSI,User-Centered Agile Dev MSI,2560,FA 2025,GINF,039178,SI,539
33723909,FA 2025,GINF,WN 2027, ,02003,Information Mas,9455MSI,User-Centered Agile Dev MSI,2560,FA 2025,GINF,047246,SI,506
33723909,FA 2025,GINF,WN 2027, ,02003,Information Mas,9455MSI,User-Centered Agile Dev MSI,2560,FA 2025,GINF,048129,SI,505
33723909,FA 2025,GINF,WN 2027, ,02003,Information Mas,9455MSI,User-Centered Agile Dev MSI,2560,FA 2025,GINF,051553,SI,500
33723909,FA 2025,GINF,WN 2027, ,02003,Information Mas,9455MSI,User-Centered Agile Dev MSI,2570,WN 2026,GINF,020401,SI,622
33723909,FA 2025,GINF,WN 2027, ,02003,Information Mas,9455MSI,User-Centered Agile Dev MSI,2570,WN 2026,GINF,041626,SI,664
33723909,FA 2025,GINF,WN 2027, ,02003,Information Mas,9455MSI,User-Centered Agile Dev MSI,2570,WN 2026,GINF,050159,SI,579
33723909,FA 2025,GINF,WN 2027, ,02003,Information Mas,9455MSI,User-Centered Agile Dev MSI,2570,WN 2026,GINF,050164,SI,504
33859086,FA 2024,GINF,WN 2026, ,02003,Information Mas,4865MSI,"Lib, Arch&Knwl Envs in Soc MSI",2510,FA 2024,GINF,009731,SI,580
33859086,FA 2024,GINF,WN 2026, ,02003,Information Mas,4865MSI,"Lib, Arch&Knwl Envs in Soc MSI",2510,FA 2024,GINF,021045,SI,666
33859086,FA 2024,GINF,WN 2026, ,02003,Information Mas,4865MSI,"Lib, Arch&Knwl Envs in Soc MSI",2510,FA 2024,GINF,047246,SI,506
33859086,FA 2024,GINF,WN 2026, ,02003,Information Mas,4865MSI,"Lib, Arch&Knwl Envs in Soc MSI",2510,FA 2024,GINF,048129,SI,505
33859086,FA 2024,GINF,WN 2026, ,02003,Information Mas,4865MSI,"Lib, Arch&Knwl Envs in Soc MSI",2510,FA 2024,GINF,051553,SI,500
33859086,FA 2024,GINF,WN 2026, ,02003,Information Mas,4865MSI,"Lib, Arch&Knwl Envs in Soc MSI",2520,WN 2025,GINF,021391,SI,511
33859086,FA 2024,GINF,WN 2026, ,02003,Information Mas,4865MSI,"Lib, Arch&Knwl Envs in Soc MSI",2520,WN 2025,GINF,022326,SI,581
33859086,FA 2024,GINF,WN 2026, ,02003,Information Mas,4865MSI,"Lib, Arch&Knwl Envs in Soc MSI",2520,WN 2025,GINF,045393,SI,552
33859086,FA 2024,GINF,WN 2026, ,02003,Information Mas,4865MSI,"Lib, Arch&Knwl Envs in Soc MSI",2520,WN 2025,GINF,048280,SI,667
33859086,FA 2024,GINF,WN 2026, ,02003,Information Mas,4865MSI,"Lib, Arch&Knwl Envs in Soc MSI",2520,WN 2025,GINF,050162,SI,510
33859086,FA 2024,GINF,WN 2026, ,02003,Information Mas,4865MSI,"Lib, Arch&Knwl Envs in Soc MSI",2560,FA 2025,GINF,021042,SI,647
33859086,FA 2024,GINF,WN 2026, ,02003,Information Mas,4865MSI,"Lib, Arch&Knwl Envs in Soc MSI",2560,FA 2025,GINF,038948,SI,632
33859086,FA 2024,GINF,WN 2026, ,02003,Information Mas,4865MSI,"Lib, Arch&Knwl Envs in Soc MSI",2560,FA 2025,GINF,048831,SI,547
33859086,FA 2024,GINF,WN 2026, ,02003,Information Mas,4865MSI,"Lib, Arch&Knwl Envs in Soc MSI",2560,FA 2025,GINF,050163,SI,633
33859086,FA 2024,GINF,WN 2026, ,02003,Information Mas,4865MSI,"Lib, Arch&Knwl Envs in Soc MSI",2570,WN 2026,GINF,001518,ANTHRARC,497
33859086,FA 2024,GINF,WN 2026, ,02003,Information Mas,4865MSI,"Lib, Arch&Knwl Envs in Soc MSI",2570,WN 2026,GINF,014881,THTREMUS,522
33859086,FA 2024,GINF,WN 2026, ,02003,Information Mas,4865MSI,"Lib, Arch&Knwl Envs in Soc MSI",2570,WN 2026,GINF,042324,SI,639
33859086,FA 2024,GINF,WN 2026, ,02003,Information Mas,4865MSI,"Lib, Arch&Knwl Envs in Soc MSI",2570,WN 2026,GINF,047901,SI,699
33859086,FA 2024,GINF,WN 2026, ,02003,Information Mas,4865MSI,"Lib, Arch&Knwl Envs in Soc MSI",2570,WN 2026,GINF,051183,GUITAR,110
34105354,FA 2025,GINF,WN 2027, ,02003,Information Mas,9445MSI,User Experience Design MSI,2560,FA 2025,GINF,017281,SI,588
34105354,FA 2025,GINF,WN 2027, ,02003,Information Mas,9445MSI,User Experience Design MSI,2560,FA 2025,GINF,039178,SI,539
34105354,FA 2025,GINF,WN 2027, ,02003,Information Mas,9445MSI,User Experience Design MSI,2560,FA 2025,GINF,044772,SI,582
34105354,FA 2025,GINF,WN 2027, ,02003,Information Mas,9445MSI,User Experience Design MSI,2560,FA 2025,GINF,048487,SI,669
34105354,FA 2025,GINF,WN 2027, ,02003,Information Mas,9445MSI,User Experience Design MSI,2560,FA 2025,GINF,051553,SI,500
34105354,FA 2025,GINF,WN 2027, ,02003,Information Mas,9445MSI,User Experience Design MSI,2570,WN 2026,GINF,020401,SI,622
34105354,FA 2025,GINF,WN 2027, ,02003,Information Mas,9445MSI,User Experience Design MSI,2570,WN 2026,GINF,045732,SI,554
34105354,FA 2025,GINF,WN 2027, ,02003,Information Mas,9445MSI,User Experience Design MSI,2570,WN 2026,GINF,048129,SI,505
34105354,FA 2025,GINF,WN 2027, ,02003,Information Mas,9445MSI,User Experience Design MSI,2570,WN 2026,GINF,049038,SI,688
34105354,FA 2025,GINF,WN 2027, ,02003,Information Mas,9445MSI,User Experience Design MSI,2570,WN 2026,GINF,049601,SI,564
34105354,FA 2025,GINF,WN 2027, ,02003,Information Mas,9445MSI,User Experience Design MSI,2570,WN 2026,GINF,050956,ELI,535
34105354,FA 2025,GINF,WN 2027, ,02003,Information Mas,9445MSI,User Experience Design MSI,2570,WN 2026,GINF,052216,SI,512
34105354,FA 2025,GINF,WN 2027, ,02003,Information Mas,9445MSI,User Experience Design MSI,2570,WN 2026,GINF,052324,ENGR,555
34366540,FA 2025,GINF,WN 2027, ,02003,Information Mas,0775MSI,Big Data Analytics MSI,2560,FA 2025,GINF,016607,SI,544
34366540,FA 2025,GINF,WN 2027, ,02003,Information Mas,0775MSI,Big Data Analytics MSI,2560,FA 2025,GINF,047246,SI,506
34366540,FA 2025,GINF,WN 2027, ,02003,Information Mas,0775MSI,Big Data Analytics MSI,2560,FA 2025,GINF,050164,SI,504
34366540,FA 2025,GINF,WN 2027, ,02003,Information Mas,0775MSI,Big Data Analytics MSI,2560,FA 2025,GINF,051553,SI,500
34366540,FA 2025,GINF,WN 2027, ,02003,Information Mas,0775MSI,Big Data Analytics MSI,2570,WN 2026,GINF,041626,SI,664
34366540,FA 2025,GINF,WN 2027, ,02003,Information Mas,0775MSI,Big Data Analytics MSI,2570,WN 2026,GINF,042091,SI,618
34366540,FA 2025,GINF,WN 2027, ,02003,Information Mas,0775MSI,Big Data Analytics MSI,2570,WN 2026,GINF,047640,SI,507
34366540,FA 2025,GINF,WN 2027, ,02003,Information Mas,0775MSI,Big Data Analytics MSI,2570,WN 2026,GINF,049601,SI,564
34366540,FA 2025,GINF,WN 2027, ,02003,Information Mas,0775MSI,Big Data Analytics MSI,2570,WN 2026,GINF,050663,SI,568
34366540,FA 2025,GINF,WN 2027, ,02003,Information Mas,0775MSI,Big Data Analytics MSI,2570,WN 2026,GINF,050983,SI,602
34685151,FA 2024,GINF,WN 2026, ,02003,Information Mas,9445MSI,User Experience Design MSI,2510,FA 2024,GINF,021400,SI,520
34685151,FA 2024,GINF,WN 2026, ,02003,Information Mas,9445MSI,User Experience Design MSI,2510,FA 2024,GINF,044772,SI,582
34685151,FA 2024,GINF,WN 2026, ,02003,Information Mas,9445MSI,User Experience Design MSI,2510,FA 2024,GINF,047246,SI,506
34685151,FA 2024,GINF,WN 2026, ,02003,Information Mas,9445MSI,User Experience Design MSI,2510,FA 2024,GINF,048129,SI,505
34685151,FA 2024,GINF,WN 2026, ,02003,Information Mas,9445MSI,User Experience Design MSI,2510,FA 2024,GINF,051553,SI,500
34685151,FA 2024,GINF,WN 2026, ,02003,Information Mas,9445MSI,User Experience Design MSI,2520,WN 2025,GINF,020401,SI,622
34685151,FA 2024,GINF,WN 2026, ,02003,Information Mas,9445MSI,User Experience Design MSI,2520,WN 2025,GINF,021391,SI,511
34685151,FA 2024,GINF,WN 2026, ,02003,Information Mas,9445MSI,User Experience Design MSI,2520,WN 2025,GINF,039178,SI,539
34685151,FA 2024,GINF,WN 2026, ,02003,Information Mas,9445MSI,User Experience Design MSI,2520,WN 2025,GINF,040667,SI,681
34685151,FA 2024,GINF,WN 2026, ,02003,Information Mas,9445MSI,User Experience Design MSI,2520,WN 2025,GINF,041957,ENGR,599
34685151,FA 2024,GINF,WN 2026, ,02003,Information Mas,9445MSI,User Experience Design MSI,2520,WN 2025,GINF,045393,SI,552
34685151,FA 2024,GINF,WN 2026, ,02003,Information Mas,9445MSI,User Experience Design MSI,2560,FA 2025,GINF,017281,SI,588
34685151,FA 2024,GINF,WN 2026, ,02003,Information Mas,9445MSI,User Experience Design MSI,2560,FA 2025,GINF,021391,SI,511
34685151,FA 2024,GINF,WN 2026, ,02003,Information Mas,9445MSI,User Experience Design MSI,2560,FA 2025,GINF,041957,ENGR,599
34685151,FA 2024,GINF,WN 2026, ,02003,Information Mas,9445MSI,User Experience Design MSI,2560,FA 2025,GINF,043863,SI,612
34685151,FA 2024,GINF,WN 2026, ,02003,Information Mas,9445MSI,User Experience Design MSI,2560,FA 2025,GINF,049601,SI,564
34685151,FA 2024,GINF,WN 2026, ,02003,Information Mas,9445MSI,User Experience Design MSI,2570,WN 2026,GINF,047901,SI,699
34717184,FA 2025,GINF,WN 2027, ,02003,Information Mas,4865MSI,"Lib, Arch&Knwl Envs in Soc MSI",2560,FA 2025,GINF,021391,SI,511
34717184,FA 2025,GINF,WN 2027, ,02003,Information Mas,4865MSI,"Lib, Arch&Knwl Envs in Soc MSI",2560,FA 2025,GINF,051553,SI,500
34717184,FA 2025,GINF,WN 2027, ,02003,Information Mas,4865MSI,"Lib, Arch&Knwl Envs in Soc MSI",2560,FA 2025,GINF,052216,SI,512
34717184,FA 2025,GINF,WN 2027, ,02003,Information Mas,4865MSI,"Lib, Arch&Knwl Envs in Soc MSI",2570,WN 2026,GINF,021050,SI,691
34717184,FA 2025,GINF,WN 2027, ,02003,Information Mas,4865MSI,"Lib, Arch&Knwl Envs in Soc MSI",2570,WN 2026,GINF,047246,SI,506
34717184,FA 2025,GINF,WN 2027, ,02003,Information Mas,4865MSI,"Lib, Arch&Knwl Envs in Soc MSI",2570,WN 2026,GINF,048280,SI,667
34757102,FA 2024,GINF,WN 2025,WN 2025,02003,Information Mas,9455MSI,User-Centered Agile Dev MSI,2510,FA 2024,GINF,021391,SI,511
34757102,FA 2024,GINF,WN 2025,WN 2025,02003,Information Mas,9455MSI,User-Centered Agile Dev MSI,2510,FA 2024,GINF,041855,SI,631
34757102,FA 2024,GINF,WN 2025,WN 2025,02003,Information Mas,9455MSI,User-Centered Agile Dev MSI,2510,FA 2024,GINF,041985,SI,542
34757102,FA 2024,GINF,WN 2025,WN 2025,02003,Information Mas,9455MSI,User-Centered Agile Dev MSI,2510,FA 2024,GINF,048488,SI,559
34757102,FA 2024,GINF,WN 2025,WN 2025,02003,Information Mas,9455MSI,User-Centered Agile Dev MSI,2510,FA 2024,GINF,050164,SI,504
34757102,FA 2024,GINF,WN 2025,WN 2025,02003,Information Mas,9455MSI,User-Centered Agile Dev MSI,2510,FA 2024,GINF,051553,SI,500
34757102,FA 2024,GINF,WN 2025,WN 2025,02003,Information Mas,9455MSI,User-Centered Agile Dev MSI,2520,WN 2025,GINF,022099,SI,658
34757102,FA 2024,GINF,WN 2025,WN 2025,02003,Information Mas,9455MSI,User-Centered Agile Dev MSI,2520,WN 2025,GINF,045393,SI,552
34757102,FA 2024,GINF,WN 2025,WN 2025,02003,Information Mas,9455MSI,User-Centered Agile Dev MSI,2520,WN 2025,GINF,047304,ENTR,550
34757102,FA 2024,GINF,WN 2025,WN 2025,02003,Information Mas,9455MSI,User-Centered Agile Dev MSI,2520,WN 2025,GINF,047640,SI,507
34757102,FA 2024,GINF,WN 2025,WN 2025,02003,Information Mas,9455MSI,User-Centered Agile Dev MSI,2520,WN 2025,GINF,047901,SI,699
34997270,FA 2024,GINF,WN 2025,WN 2025,02003,Information Mas,9445MSI,User Experience Design MSI,2510,FA 2024,GINF,001459,SI,690
34997270,FA 2024,GINF,WN 2025,WN 2025,02003,Information Mas,9445MSI,User Experience Design MSI,2510,FA 2024,GINF,021391,SI,511
34997270,FA 2024,GINF,WN 2025,WN 2025,02003,Information Mas,9445MSI,User Experience Design MSI,2510,FA 2024,GINF,039081,SI,529
34997270,FA 2024,GINF,WN 2025,WN 2025,02003,Information Mas,9445MSI,User Experience Design MSI,2510,FA 2024,GINF,045393,SI,552
34997270,FA 2024,GINF,WN 2025,WN 2025,02003,Information Mas,9445MSI,User Experience Design MSI,2510,FA 2024,GINF,051553,SI,500
34997270,FA 2024,GINF,WN 2025,WN 2025,02003,Information Mas,9445MSI,User Experience Design MSI,2520,WN 2025,GINF,021391,SI,511
34997270,FA 2024,GINF,WN 2025,WN 2025,02003,Information Mas,9445MSI,User Experience Design MSI,2520,WN 2025,GINF,039979,SI,623
34997270,FA 2024,GINF,WN 2025,WN 2025,02003,Information Mas,9445MSI,User Experience Design MSI,2520,WN 2025,GINF,047901,SI,699
34997270,FA 2024,GINF,WN 2025,WN 2025,02003,Information Mas,9445MSI,User Experience Design MSI,2520,WN 2025,GINF,051836,SI,611
35052657,FA 2025,GINF,WN 2027, ,02003,Information Mas,4865MSI,"Lib, Arch&Knwl Envs in Soc MSI",2560,FA 2025,GINF,009731,SI,580
35052657,FA 2025,GINF,WN 2027, ,02003,Information Mas,4865MSI,"Lib, Arch&Knwl Envs in Soc MSI",2560,FA 2025,GINF,021045,SI,666
35052657,FA 2025,GINF,WN 2027, ,02003,Information Mas,4865MSI,"Lib, Arch&Knwl Envs in Soc MSI",2560,FA 2025,GINF,021391,SI,511
35052657,FA 2025,GINF,WN 2027, ,02003,Information Mas,4865MSI,"Lib, Arch&Knwl Envs in Soc MSI",2560,FA 2025,GINF,051553,SI,500
35052657,FA 2025,GINF,WN 2027, ,02003,Information Mas,4865MSI,"Lib, Arch&Knwl Envs in Soc MSI",2570,WN 2026,GINF,022326,SI,581
35052657,FA 2025,GINF,WN 2027, ,02003,Information Mas,4865MSI,"Lib, Arch&Knwl Envs in Soc MSI",2570,WN 2026,GINF,047246,SI,506
35052657,FA 2025,GINF,WN 2027, ,02003,Information Mas,4865MSI,"Lib, Arch&Knwl Envs in Soc MSI",2570,WN 2026,GINF,048280,SI,667
35052657,FA 2025,GINF,WN 2027, ,02003,Information Mas,4865MSI,"Lib, Arch&Knwl Envs in Soc MSI",2570,WN 2026,GINF,050162,SI,510
35448151,FA 2024,GINF,WN 2026, ,02003,Information Mas,9455MSI,User-Centered Agile Dev MSI,2510,FA 2024,GINF,017281,SI,588
35448151,FA 2024,GINF,WN 2026, ,02003,Information Mas,9455MSI,User-Centered Agile Dev MSI,2510,FA 2024,GINF,047246,SI,506
35448151,FA 2024,GINF,WN 2026, ,02003,Information Mas,9455MSI,User-Centered Agile Dev MSI,2510,FA 2024,GINF,048129,SI,505
35448151,FA 2024,GINF,WN 2026, ,02003,Information Mas,9455MSI,User-Centered Agile Dev MSI,2510,FA 2024,GINF,050164,SI,504
35448151,FA 2024,GINF,WN 2026, ,02003,Information Mas,9455MSI,User-Centered Agile Dev MSI,2510,FA 2024,GINF,051553,SI,500
35448151,FA 2024,GINF,WN 2026, ,02003,Information Mas,9455MSI,User-Centered Agile Dev MSI,2520,WN 2025,GINF,020401,SI,622
35448151,FA 2024,GINF,WN 2026, ,02003,Information Mas,9455MSI,User-Centered Agile Dev MSI,2520,WN 2025,GINF,039178,SI,539
35448151,FA 2024,GINF,WN 2026, ,02003,Information Mas,9455MSI,User-Centered Agile Dev MSI,2520,WN 2025,GINF,040667,SI,681
35448151,FA 2024,GINF,WN 2026, ,02003,Information Mas,9455MSI,User-Centered Agile Dev MSI,2520,WN 2025,GINF,044772,SI,582
35448151,FA 2024,GINF,WN 2026, ,02003,Information Mas,9455MSI,User-Centered Agile Dev MSI,2520,WN 2025,GINF,047640,SI,507
35448151,FA 2024,GINF,WN 2026, ,02003,Information Mas,9455MSI,User-Centered Agile Dev MSI,2520,WN 2025,GINF,049601,SI,564
35448151,FA 2024,GINF,WN 2026, ,02003,Information Mas,9455MSI,User-Centered Agile Dev MSI,2560,FA 2025,GINF,016607,SI,544
35448151,FA 2024,GINF,WN 2026, ,02003,Information Mas,9455MSI,User-Centered Agile Dev MSI,2560,FA 2025,GINF,041626,SI,664
35448151,FA 2024,GINF,WN 2026, ,02003,Information Mas,9455MSI,User-Centered Agile Dev MSI,2560,FA 2025,GINF,050159,SI,579
35448151,FA 2024,GINF,WN 2026, ,02003,Information Mas,9455MSI,User-Centered Agile Dev MSI,2560,FA 2025,GINF,051462,SI,644
35448151,FA 2024,GINF,WN 2026, ,02003,Information Mas,9455MSI,User-Centered Agile Dev MSI,2570,WN 2026,GINF,021391,SI,511
35448151,FA 2024,GINF,WN 2026, ,02003,Information Mas,9455MSI,User-Centered Agile Dev MSI,2570,WN 2026,GINF,045393,SI,552
35448151,FA 2024,GINF,WN 2026, ,02003,Information Mas,9455MSI,User-Centered Agile Dev MSI,2570,WN 2026,GINF,047901,SI,699
35512492,FA 2024,GINF,WN 2026, ,02003,Information Mas,0775MSI,Big Data Analytics MSI,2510,FA 2024,GINF,016607,SI,544
35512492,FA 2024,GINF,WN 2026, ,02003,Information Mas,0775MSI,Big Data Analytics MSI,2510,FA 2024,GINF,047246,SI,506
35512492,FA 2024,GINF,WN 2026, ,02003,Information Mas,0775MSI,Big Data Analytics MSI,2510,FA 2024,GINF,050164,SI,504
35512492,FA 2024,GINF,WN 2026, ,02003,Information Mas,0775MSI,Big Data Analytics MSI,2510,FA 2024,GINF,051553,SI,500
35512492,FA 2024,GINF,WN 2026, ,02003,Information Mas,0775MSI,Big Data Analytics MSI,2520,WN 2025,GINF,040667,SI,681
35512492,FA 2024,GINF,WN 2026, ,02003,Information Mas,0775MSI,Big Data Analytics MSI,2520,WN 2025,GINF,042091,SI,618
35512492,FA 2024,GINF,WN 2026, ,02003,Information Mas,0775MSI,Big Data Analytics MSI,2520,WN 2025,GINF,047640,SI,507
35512492,FA 2024,GINF,WN 2026, ,02003,Information Mas,0775MSI,Big Data Analytics MSI,2520,WN 2025,GINF,050663,SI,568
35512492,FA 2024,GINF,WN 2026, ,02003,Information Mas,0775MSI,Big Data Analytics MSI,2520,WN 2025,GINF,050983,SI,602
35512492,FA 2024,GINF,WN 2026, ,02003,Information Mas,0775MSI,Big Data Analytics MSI,2560,FA 2025,GINF,041934,SI,608
35512492,FA 2024,GINF,WN 2026, ,02003,Information Mas,0775MSI,Big Data Analytics MSI,2560,FA 2025,GINF,045930,SI,671
35512492,FA 2024,GINF,WN 2026, ,02003,Information Mas,0775MSI,Big Data Analytics MSI,2560,FA 2025,GINF,047228,ENTR,500
35512492,FA 2024,GINF,WN 2026, ,02003,Information Mas,0775MSI,Big Data Analytics MSI,2560,FA 2025,GINF,048500,SI,670
35512492,FA 2024,GINF,WN 2026, ,02003,Information Mas,0775MSI,Big Data Analytics MSI,2570,WN 2026,GINF,021391,SI,511
35512492,FA 2024,GINF,WN 2026, ,02003,Information Mas,0775MSI,Big Data Analytics MSI,2570,WN 2026,GINF,047901,SI,699
35512492,FA 2024,GINF,WN 2026, ,02003,Information Mas,0775MSI,Big Data Analytics MSI,2570,WN 2026,GINF,048268,SI,630
35512492,FA 2024,GINF,WN 2026, ,02003,Information Mas,0775MSI,Big Data Analytics MSI,2570,WN 2026,GINF,049601,SI,564
35539987,FA 2025,GINF,WN 2027, ,02003,Information Mas,0775MSI,Big Data Analytics MSI,2560,FA 2025,GINF,016607,SI,544
35539987,FA 2025,GINF,WN 2027, ,02003,Information Mas,0775MSI,Big Data Analytics MSI,2560,FA 2025,GINF,047640,SI,507
35539987,FA 2025,GINF,WN 2027, ,02003,Information Mas,0775MSI,Big Data Analytics MSI,2560,FA 2025,GINF,049601,SI,564
35539987,FA 2025,GINF,WN 2027, ,02003,Information Mas,0775MSI,Big Data Analytics MSI,2560,FA 2025,GINF,050164,SI,504
35539987,FA 2025,GINF,WN 2027, ,02003,Information Mas,0775MSI,Big Data Analytics MSI,2560,FA 2025,GINF,051553,SI,500
35539987,FA 2025,GINF,WN 2027, ,02003,Information Mas,0775MSI,Big Data Analytics MSI,2570,WN 2026,GINF,014746,EECS,542
35539987,FA 2025,GINF,WN 2027, ,02003,Information Mas,0775MSI,Big Data Analytics MSI,2570,WN 2026,GINF,041626,SI,664
35539987,FA 2025,GINF,WN 2027, ,02003,Information Mas,0775MSI,Big Data Analytics MSI,2570,WN 2026,GINF,042091,SI,618
35539987,FA 2025,GINF,WN 2027, ,02003,Information Mas,0775MSI,Big Data Analytics MSI,2570,WN 2026,GINF,043396,EECS,402
35539987,FA 2025,GINF,WN 2027, ,02003,Information Mas,0775MSI,Big Data Analytics MSI,2570,WN 2026,GINF,050663,SI,568
35539987,FA 2025,GINF,WN 2027, ,02003,Information Mas,0775MSI,Big Data Analytics MSI,2570,WN 2026,GINF,050983,SI,602
35642653,FA 2024,GINF,WN 2025,WN 2025,02003,Information Mas,0775MSI,Big Data Analytics MSI,2510,FA 2024,GINF,009732,SI,650
35642653,FA 2024,GINF,WN 2025,WN 2025,02003,Information Mas,0775MSI,Big Data Analytics MSI,2510,FA 2024,GINF,020934,SI,649
35642653,FA 2024,GINF,WN 2025,WN 2025,02003,Information Mas,0775MSI,Big Data Analytics MSI,2510,FA 2024,GINF,045930,SI,671
35642653,FA 2024,GINF,WN 2025,WN 2025,02003,Information Mas,0775MSI,Big Data Analytics MSI,2510,FA 2024,GINF,047640,SI,507
35642653,FA 2024,GINF,WN 2025,WN 2025,02003,Information Mas,0775MSI,Big Data Analytics MSI,2510,FA 2024,GINF,051553,SI,500
35642653,FA 2024,GINF,WN 2025,WN 2025,02003,Information Mas,0775MSI,Big Data Analytics MSI,2520,WN 2025,GINF,022099,SI,658
35642653,FA 2024,GINF,WN 2025,WN 2025,02003,Information Mas,0775MSI,Big Data Analytics MSI,2520,WN 2025,GINF,041626,SI,664
35642653,FA 2024,GINF,WN 2025,WN 2025,02003,Information Mas,0775MSI,Big Data Analytics MSI,2520,WN 2025,GINF,047901,SI,699
35642653,FA 2024,GINF,WN 2025,WN 2025,02003,Information Mas,0775MSI,Big Data Analytics MSI,2520,WN 2025,GINF,050663,SI,568
35642653,FA 2024,GINF,WN 2025,WN 2025,02003,Information Mas,0775MSI,Big Data Analytics MSI,2520,WN 2025,GINF,050983,SI,602
35642653,FA 2024,GINF,WN 2025,WN 2025,02003,Information Mas,0775MSI,Big Data Analytics MSI,2520,WN 2025,GINF,051462,SI,644
35959654,FA 2024,GINF,WN 2027, ,02003,Information Mas,0775MSI,Big Data Analytics MSI,2510,FA 2024,GINF,016607,SI,544
35959654,FA 2024,GINF,WN 2027, ,02003,Information Mas,0775MSI,Big Data Analytics MSI,2510,FA 2024,GINF,047246,SI,506
35959654,FA 2024,GINF,WN 2027, ,02003,Information Mas,0775MSI,Big Data Analytics MSI,2510,FA 2024,GINF,050164,SI,504
35959654,FA 2024,GINF,WN 2027, ,02003,Information Mas,0775MSI,Big Data Analytics MSI,2510,FA 2024,GINF,051553,SI,500
35959654,FA 2024,GINF,WN 2027, ,02003,Information Mas,0775MSI,Big Data Analytics MSI,2520,WN 2025,GINF,041626,SI,664
35959654,FA 2024,GINF,WN 2027, ,02003,Information Mas,0775MSI,Big Data Analytics MSI,2520,WN 2025,GINF,042091,SI,618
35959654,FA 2024,GINF,WN 2027, ,02003,Information Mas,0775MSI,Big Data Analytics MSI,2520,WN 2025,GINF,047640,SI,507
35959654,FA 2024,GINF,WN 2027, ,02003,Information Mas,0775MSI,Big Data Analytics MSI,2520,WN 2025,GINF,049601,SI,564
35959654,FA 2024,GINF,WN 2027, ,02003,Information Mas,0775MSI,Big Data Analytics MSI,2520,WN 2025,GINF,050663,SI,568
35959654,FA 2024,GINF,WN 2027, ,02003,Information Mas,0775MSI,Big Data Analytics MSI,2520,WN 2025,GINF,050983,SI,602
35959654,FA 2024,GINF,WN 2027, ,02003,Information Mas,0775MSI,Big Data Analytics MSI,2560,FA 2025,GINF,041934,SI,608
35959654,FA 2024,GINF,WN 2027, ,02003,Information Mas,0775MSI,Big Data Analytics MSI,2560,FA 2025,GINF,045930,SI,671
35959654,FA 2024,GINF,WN 2027, ,02003,Information Mas,0775MSI,Big Data Analytics MSI,2560,FA 2025,GINF,048500,SI,670
35959654,FA 2024,GINF,WN 2027, ,02003,Information Mas,0775MSI,Big Data Analytics MSI,2570,WN 2026,GINF,006579,GUITAR,112
35959654,FA 2024,GINF,WN 2027, ,02003,Information Mas,0775MSI,Big Data Analytics MSI,2570,WN 2026,GINF,021391,SI,511
35959654,FA 2024,GINF,WN 2027, ,02003,Information Mas,0775MSI,Big Data Analytics MSI,2570,WN 2026,GINF,044535,ASIANLAN,445
35959654,FA 2024,GINF,WN 2027, ,02003,Information Mas,0775MSI,Big Data Analytics MSI,2570,WN 2026,GINF,047901,SI,699
35959654,FA 2024,GINF,WN 2027, ,02003,Information Mas,0775MSI,Big Data Analytics MSI,2570,WN 2026,GINF,051185,MUSIC,200
36294256,FA 2025,GINF,WN 2027, ,02003,Information Mas,4865MSI,"Lib, Arch&Knwl Envs in Soc MSI",2560,FA 2025,GINF,009731,SI,580
36294256,FA 2025,GINF,WN 2027, ,02003,Information Mas,4865MSI,"Lib, Arch&Knwl Envs in Soc MSI",2560,FA 2025,GINF,021045,SI,666
36294256,FA 2025,GINF,WN 2027, ,02003,Information Mas,4865MSI,"Lib, Arch&Knwl Envs in Soc MSI",2560,FA 2025,GINF,021391,SI,511
36294256,FA 2025,GINF,WN 2027, ,02003,Information Mas,4865MSI,"Lib, Arch&Knwl Envs in Soc MSI",2560,FA 2025,GINF,051553,SI,500
36294256,FA 2025,GINF,WN 2027, ,02003,Information Mas,4865MSI,"Lib, Arch&Knwl Envs in Soc MSI",2570,WN 2026,GINF,022326,SI,581
36294256,FA 2025,GINF,WN 2027, ,02003,Information Mas,4865MSI,"Lib, Arch&Knwl Envs in Soc MSI",2570,WN 2026,GINF,047246,SI,506
36294256,FA 2025,GINF,WN 2027, ,02003,Information Mas,4865MSI,"Lib, Arch&Knwl Envs in Soc MSI",2570,WN 2026,GINF,048280,SI,667
36294256,FA 2025,GINF,WN 2027, ,02003,Information Mas,4865MSI,"Lib, Arch&Knwl Envs in Soc MSI",2570,WN 2026,GINF,049038,SI,688
36294256,FA 2025,GINF,WN 2027, ,02003,Information Mas,4865MSI,"Lib, Arch&Knwl Envs in Soc MSI",2570,WN 2026,GINF,050162,SI,510
36294256,FA 2025,GINF,WN 2027, ,02003,Information Mas,4865MSI,"Lib, Arch&Knwl Envs in Soc MSI",2570,WN 2026,GINF,050164,SI,504
36359942,FA 2024,GINF,WN 2026, ,02003,Information Mas,9445MSI,User Experience Design MSI,2510,FA 2024,GINF,044772,SI,582
36359942,FA 2024,GINF,WN 2026, ,02003,Information Mas,9445MSI,User Experience Design MSI,2510,FA 2024,GINF,047246,SI,506
36359942,FA 2024,GINF,WN 2026, ,02003,Information Mas,9445MSI,User Experience Design MSI,2510,FA 2024,GINF,048488,SI,559
36359942,FA 2024,GINF,WN 2026, ,02003,Information Mas,9445MSI,User Experience Design MSI,2510,FA 2024,GINF,051553,SI,500
36359942,FA 2024,GINF,WN 2026, ,02003,Information Mas,9445MSI,User Experience Design MSI,2520,WN 2025,GINF,020401,SI,622
36359942,FA 2024,GINF,WN 2026, ,02003,Information Mas,9445MSI,User Experience Design MSI,2520,WN 2025,GINF,021400,SI,520
36359942,FA 2024,GINF,WN 2026, ,02003,Information Mas,9445MSI,User Experience Design MSI,2520,WN 2025,GINF,039178,SI,539
36359942,FA 2024,GINF,WN 2026, ,02003,Information Mas,9445MSI,User Experience Design MSI,2520,WN 2025,GINF,040667,SI,681
36359942,FA 2024,GINF,WN 2026, ,02003,Information Mas,9445MSI,User Experience Design MSI,2520,WN 2025,GINF,048486,SI,659
36359942,FA 2024,GINF,WN 2026, ,02003,Information Mas,9445MSI,User Experience Design MSI,2560,FA 2025,GINF,001459,SI,690
36359942,FA 2024,GINF,WN 2026, ,02003,Information Mas,9445MSI,User Experience Design MSI,2560,FA 2025,GINF,017281,SI,588
36359942,FA 2024,GINF,WN 2026, ,02003,Information Mas,9445MSI,User Experience Design MSI,2560,FA 2025,GINF,021391,SI,511
36359942,FA 2024,GINF,WN 2026, ,02003,Information Mas,9445MSI,User Experience Design MSI,2560,FA 2025,GINF,041985,SI,542
36359942,FA 2024,GINF,WN 2026, ,02003,Information Mas,9445MSI,User Experience Design MSI,2570,WN 2026,GINF,001459,SI,690
36359942,FA 2024,GINF,WN 2026, ,02003,Information Mas,9445MSI,User Experience Design MSI,2570,WN 2026,GINF,021391,SI,511
36359942,FA 2024,GINF,WN 2026, ,02003,Information Mas,9445MSI,User Experience Design MSI,2570,WN 2026,GINF,047901,SI,699
36371657,FA 2025,GINF,WN 2027, ,02003,Information Mas,0775MSI,Big Data Analytics MSI,2560,FA 2025,GINF,041626,SI,664
36371657,FA 2025,GINF,WN 2027, ,02003,Information Mas,0775MSI,Big Data Analytics MSI,2560,FA 2025,GINF,042091,SI,618
36371657,FA 2025,GINF,WN 2027, ,02003,Information Mas,0775MSI,Big Data Analytics MSI,2560,FA 2025,GINF,047640,SI,507
36371657,FA 2025,GINF,WN 2027, ,02003,Information Mas,0775MSI,Big Data Analytics MSI,2560,FA 2025,GINF,049601,SI,564
36371657,FA 2025,GINF,WN 2027, ,02003,Information Mas,0775MSI,Big Data Analytics MSI,2560,FA 2025,GINF,050164,SI,504
36371657,FA 2025,GINF,WN 2027, ,02003,Information Mas,0775MSI,Big Data Analytics MSI,2560,FA 2025,GINF,051553,SI,500
36371657,FA 2025,GINF,WN 2027, ,02003,Information Mas,0775MSI,Big Data Analytics MSI,2570,WN 2026,GINF,014748,EECS,545
36371657,FA 2025,GINF,WN 2027, ,02003,Information Mas,0775MSI,Big Data Analytics MSI,2570,WN 2026,GINF,020934,SI,649
36371657,FA 2025,GINF,WN 2027, ,02003,Information Mas,0775MSI,Big Data Analytics MSI,2570,WN 2026,GINF,048129,SI,505
36371657,FA 2025,GINF,WN 2027, ,02003,Information Mas,0775MSI,Big Data Analytics MSI,2570,WN 2026,GINF,048268,SI,630
36371657,FA 2025,GINF,WN 2027, ,02003,Information Mas,0775MSI,Big Data Analytics MSI,2570,WN 2026,GINF,050663,SI,568
36371657,FA 2025,GINF,WN 2027, ,02003,Information Mas,0775MSI,Big Data Analytics MSI,2570,WN 2026,GINF,052324,ENGR,555
36807260,FA 2025,GINF,WN 2027, ,02003,Information Mas,9445MSI,User Experience Design MSI,2560,FA 2025,GINF,021400,SI,520
36807260,FA 2025,GINF,WN 2027, ,02003,Information Mas,9445MSI,User Experience Design MSI,2560,FA 2025,GINF,044772,SI,582
36807260,FA 2025,GINF,WN 2027, ,02003,Information Mas,9445MSI,User Experience Design MSI,2560,FA 2025,GINF,047246,SI,506
36807260,FA 2025,GINF,WN 2027, ,02003,Information Mas,9445MSI,User Experience Design MSI,2560,FA 2025,GINF,051553,SI,500
36807260,FA 2025,GINF,WN 2027, ,02003,Information Mas,9445MSI,User Experience Design MSI,2570,WN 2026,GINF,020401,SI,622
36807260,FA 2025,GINF,WN 2027, ,02003,Information Mas,9445MSI,User Experience Design MSI,2570,WN 2026,GINF,039178,SI,539
36807260,FA 2025,GINF,WN 2027, ,02003,Information Mas,9445MSI,User Experience Design MSI,2570,WN 2026,GINF,045393,SI,552
36807260,FA 2025,GINF,WN 2027, ,02003,Information Mas,9445MSI,User Experience Design MSI,2570,WN 2026,GINF,048488,SI,559
36807260,FA 2025,GINF,WN 2027, ,02003,Information Mas,9445MSI,User Experience Design MSI,2570,WN 2026,GINF,051454,SI,594
37124280,FA 2025,GINF,WN 2027, ,02003,Information Mas,9445MSI,User Experience Design MSI,2560,FA 2025,GINF,017281,SI,588
37124280,FA 2025,GINF,WN 2027, ,02003,Information Mas,9445MSI,User Experience Design MSI,2560,FA 2025,GINF,045393,SI,552
37124280,FA 2025,GINF,WN 2027, ,02003,Information Mas,9445MSI,User Experience Design MSI,2560,FA 2025,GINF,047246,SI,506
37124280,FA 2025,GINF,WN 2027, ,02003,Information Mas,9445MSI,User Experience Design MSI,2560,FA 2025,GINF,048129,SI,505
37124280,FA 2025,GINF,WN 2027, ,02003,Information Mas,9445MSI,User Experience Design MSI,2560,FA 2025,GINF,051553,SI,500
37685125,FA 2024,GINF,WN 2025,WN 2025,02003,Information Mas,9455MSI,User-Centered Agile Dev MSI,2510,FA 2024,GINF,001459,SI,690
37685125,FA 2024,GINF,WN 2025,WN 2025,02003,Information Mas,9455MSI,User-Centered Agile Dev MSI,2510,FA 2024,GINF,041855,SI,631
37685125,FA 2024,GINF,WN 2025,WN 2025,02003,Information Mas,9455MSI,User-Centered Agile Dev MSI,2510,FA 2024,GINF,044772,SI,582
37685125,FA 2024,GINF,WN 2025,WN 2025,02003,Information Mas,9455MSI,User-Centered Agile Dev MSI,2510,FA 2024,GINF,049601,SI,564
37685125,FA 2024,GINF,WN 2025,WN 2025,02003,Information Mas,9455MSI,User-Centered Agile Dev MSI,2510,FA 2024,GINF,050159,SI,579
37685125,FA 2024,GINF,WN 2025,WN 2025,02003,Information Mas,9455MSI,User-Centered Agile Dev MSI,2510,FA 2024,GINF,051553,SI,500
37685125,FA 2024,GINF,WN 2025,WN 2025,02003,Information Mas,9455MSI,User-Centered Agile Dev MSI,2520,WN 2025,GINF,020401,SI,622
37685125,FA 2024,GINF,WN 2025,WN 2025,02003,Information Mas,9455MSI,User-Centered Agile Dev MSI,2520,WN 2025,GINF,045393,SI,552
37685125,FA 2024,GINF,WN 2025,WN 2025,02003,Information Mas,9455MSI,User-Centered Agile Dev MSI,2520,WN 2025,GINF,047901,SI,699
37685125,FA 2024,GINF,WN 2025,WN 2025,02003,Information Mas,9455MSI,User-Centered Agile Dev MSI,2520,WN 2025,GINF,048421,ENTR,560
37897984,FA 2025,GINF,WN 2027, ,02003,Information Mas,0775MSI,Big Data Analytics MSI,2560,FA 2025,GINF,041626,SI,664
37897984,FA 2025,GINF,WN 2027, ,02003,Information Mas,0775MSI,Big Data Analytics MSI,2560,FA 2025,GINF,042071,SI,563
37897984,FA 2025,GINF,WN 2027, ,02003,Information Mas,0775MSI,Big Data Analytics MSI,2560,FA 2025,GINF,042091,SI,618
37897984,FA 2025,GINF,WN 2027, ,02003,Information Mas,0775MSI,Big Data Analytics MSI,2560,FA 2025,GINF,047640,SI,507
37897984,FA 2025,GINF,WN 2027, ,02003,Information Mas,0775MSI,Big Data Analytics MSI,2560,FA 2025,GINF,051553,SI,500
37897984,FA 2025,GINF,WN 2027, ,02003,Information Mas,0775MSI,Big Data Analytics MSI,2570,WN 2026,GINF,020803,SI,643
37897984,FA 2025,GINF,WN 2027, ,02003,Information Mas,0775MSI,Big Data Analytics MSI,2570,WN 2026,GINF,039178,SI,539
37897984,FA 2025,GINF,WN 2027, ,02003,Information Mas,0775MSI,Big Data Analytics MSI,2570,WN 2026,GINF,048268,SI,630
37897984,FA 2025,GINF,WN 2027, ,02003,Information Mas,0775MSI,Big Data Analytics MSI,2570,WN 2026,GINF,050663,SI,568
37897984,FA 2025,GINF,WN 2027, ,02003,Information Mas,0775MSI,Big Data Analytics MSI,2570,WN 2026,GINF,050983,SI,602
38126405,FA 2025,GINF,WN 2027, ,02003,Information Mas,0775MSI,Big Data Analytics MSI,2560,FA 2025,GINF,016607,SI,544
38126405,FA 2025,GINF,WN 2027, ,02003,Information Mas,0775MSI,Big Data Analytics MSI,2560,FA 2025,GINF,047246,SI,506
38126405,FA 2025,GINF,WN 2027, ,02003,Information Mas,0775MSI,Big Data Analytics MSI,2560,FA 2025,GINF,048129,SI,505
38126405,FA 2025,GINF,WN 2027, ,02003,Information Mas,0775MSI,Big Data Analytics MSI,2560,FA 2025,GINF,049601,SI,564
38126405,FA 2025,GINF,WN 2027, ,02003,Information Mas,0775MSI,Big Data Analytics MSI,2560,FA 2025,GINF,050164,SI,504
38126405,FA 2025,GINF,WN 2027, ,02003,Information Mas,0775MSI,Big Data Analytics MSI,2560,FA 2025,GINF,051553,SI,500
38126405,FA 2025,GINF,WN 2027, ,02003,Information Mas,0775MSI,Big Data Analytics MSI,2570,WN 2026,GINF,021391,SI,511
38126405,FA 2025,GINF,WN 2027, ,02003,Information Mas,0775MSI,Big Data Analytics MSI,2570,WN 2026,GINF,042091,SI,618
38126405,FA 2025,GINF,WN 2027, ,02003,Information Mas,0775MSI,Big Data Analytics MSI,2570,WN 2026,GINF,047640,SI,507
38126405,FA 2025,GINF,WN 2027, ,02003,Information Mas,0775MSI,Big Data Analytics MSI,2570,WN 2026,GINF,050663,SI,568
38126405,FA 2025,GINF,WN 2027, ,02003,Information Mas,0775MSI,Big Data Analytics MSI,2570,WN 2026,GINF,050983,SI,602
38126405,FA 2025,GINF,WN 2027, ,02003,Information Mas,0775MSI,Big Data Analytics MSI,2570,WN 2026,GINF,051462,SI,644
38145408,FA 2025,GINF,WN 2026, ,02003,Information Mas,9445MSI,User Experience Design MSI,2560,FA 2025,GINF,043210,SI,534
38145408,FA 2025,GINF,WN 2026, ,02003,Information Mas,9445MSI,User Experience Design MSI,2560,FA 2025,GINF,043863,SI,612
38145408,FA 2025,GINF,WN 2026, ,02003,Information Mas,9445MSI,User Experience Design MSI,2560,FA 2025,GINF,045687,SI,538
38145408,FA 2025,GINF,WN 2026, ,02003,Information Mas,9445MSI,User Experience Design MSI,2560,FA 2025,GINF,045771,SI,684
38145408,FA 2025,GINF,WN 2026, ,02003,Information Mas,9445MSI,User Experience Design MSI,2560,FA 2025,GINF,048488,SI,559
38145408,FA 2025,GINF,WN 2026, ,02003,Information Mas,9445MSI,User Experience Design MSI,2570,WN 2026,GINF,001459,SI,690
38145408,FA 2025,GINF,WN 2026, ,02003,Information Mas,9445MSI,User Experience Design MSI,2570,WN 2026,GINF,022099,SI,658
38145408,FA 2025,GINF,WN 2026, ,02003,Information Mas,9445MSI,User Experience Design MSI,2570,WN 2026,GINF,022138,JAZZ,454
38145408,FA 2025,GINF,WN 2026, ,02003,Information Mas,9445MSI,User Experience Design MSI,2570,WN 2026,GINF,047901,SI,699
38145408,FA 2025,GINF,WN 2026, ,02003,Information Mas,9445MSI,User Experience Design MSI,2570,WN 2026,GINF,051836,SI,611
38313962,FA 2025,GINF,WN 2027, ,02003,Information Mas,9445MSI,User Experience Design MSI,2560,FA 2025,GINF,017281,SI,588
38313962,FA 2025,GINF,WN 2027, ,02003,Information Mas,9445MSI,User Experience Design MSI,2560,FA 2025,GINF,044772,SI,582
38313962,FA 2025,GINF,WN 2027, ,02003,Information Mas,9445MSI,User Experience Design MSI,2560,FA 2025,GINF,047246,SI,506
38313962,FA 2025,GINF,WN 2027, ,02003,Information Mas,9445MSI,User Experience Design MSI,2560,FA 2025,GINF,051553,SI,500
38428980,FA 2025,GINF,WN 2027, ,02003,Information Mas,9445MSI,User Experience Design MSI,2560,FA 2025,GINF,017281,SI,588
38428980,FA 2025,GINF,WN 2027, ,02003,Information Mas,9445MSI,User Experience Design MSI,2560,FA 2025,GINF,044772,SI,582
38428980,FA 2025,GINF,WN 2027, ,02003,Information Mas,9445MSI,User Experience Design MSI,2560,FA 2025,GINF,045687,SI,538
38428980,FA 2025,GINF,WN 2027, ,02003,Information Mas,9445MSI,User Experience Design MSI,2560,FA 2025,GINF,047246,SI,506
38428980,FA 2025,GINF,WN 2027, ,02003,Information Mas,9445MSI,User Experience Design MSI,2560,FA 2025,GINF,048129,SI,505
38428980,FA 2025,GINF,WN 2027, ,02003,Information Mas,9445MSI,User Experience Design MSI,2560,FA 2025,GINF,051553,SI,500
38428980,FA 2025,GINF,WN 2027, ,02003,Information Mas,9445MSI,User Experience Design MSI,2570,WN 2026,GINF,020401,SI,622
38428980,FA 2025,GINF,WN 2027, ,02003,Information Mas,9445MSI,User Experience Design MSI,2570,WN 2026,GINF,021400,SI,520
38428980,FA 2025,GINF,WN 2027, ,02003,Information Mas,9445MSI,User Experience Design MSI,2570,WN 2026,GINF,039178,SI,539
38428980,FA 2025,GINF,WN 2027, ,02003,Information Mas,9445MSI,User Experience Design MSI,2570,WN 2026,GINF,051454,SI,594
38428980,FA 2025,GINF,WN 2027, ,02003,Information Mas,9445MSI,User Experience Design MSI,2570,WN 2026,GINF,051836,SI,611
38451601,FA 2025,GINF,WN 2027, ,02003,Information Mas,9455MSI,User-Centered Agile Dev MSI,2560,FA 2025,GINF,017281,SI,588
38451601,FA 2025,GINF,WN 2027, ,02003,Information Mas,9455MSI,User-Centered Agile Dev MSI,2560,FA 2025,GINF,039178,SI,539
38451601,FA 2025,GINF,WN 2027, ,02003,Information Mas,9455MSI,User-Centered Agile Dev MSI,2560,FA 2025,GINF,044772,SI,582
38451601,FA 2025,GINF,WN 2027, ,02003,Information Mas,9455MSI,User-Centered Agile Dev MSI,2560,FA 2025,GINF,049601,SI,564
38451601,FA 2025,GINF,WN 2027, ,02003,Information Mas,9455MSI,User-Centered Agile Dev MSI,2560,FA 2025,GINF,050159,SI,579
38451601,FA 2025,GINF,WN 2027, ,02003,Information Mas,9455MSI,User-Centered Agile Dev MSI,2560,FA 2025,GINF,051553,SI,500
38451601,FA 2025,GINF,WN 2027, ,02003,Information Mas,9455MSI,User-Centered Agile Dev MSI,2570,WN 2026,GINF,020401,SI,622
38451601,FA 2025,GINF,WN 2027, ,02003,Information Mas,9455MSI,User-Centered Agile Dev MSI,2570,WN 2026,GINF,038990,EECS,496
38451601,FA 2025,GINF,WN 2027, ,02003,Information Mas,9455MSI,User-Centered Agile Dev MSI,2570,WN 2026,GINF,041626,SI,664
38451601,FA 2025,GINF,WN 2027, ,02003,Information Mas,9455MSI,User-Centered Agile Dev MSI,2570,WN 2026,GINF,042324,SI,639
38451601,FA 2025,GINF,WN 2027, ,02003,Information Mas,9455MSI,User-Centered Agile Dev MSI,2570,WN 2026,GINF,045393,SI,552
38451601,FA 2025,GINF,WN 2027, ,02003,Information Mas,9455MSI,User-Centered Agile Dev MSI,2570,WN 2026,GINF,047640,SI,507
38451601,FA 2025,GINF,WN 2027, ,02003,Information Mas,9455MSI,User-Centered Agile Dev MSI,2570,WN 2026,GINF,048129,SI,505
38609856,FA 2025,GINF,WN 2027, ,02003,Information Mas,9445MSI,User Experience Design MSI,2560,FA 2025,GINF,017281,SI,588
38609856,FA 2025,GINF,WN 2027, ,02003,Information Mas,9445MSI,User Experience Design MSI,2560,FA 2025,GINF,039178,SI,539
38609856,FA 2025,GINF,WN 2027, ,02003,Information Mas,9445MSI,User Experience Design MSI,2560,FA 2025,GINF,047246,SI,506
38609856,FA 2025,GINF,WN 2027, ,02003,Information Mas,9445MSI,User Experience Design MSI,2560,FA 2025,GINF,051553,SI,500
38609856,FA 2025,GINF,WN 2027, ,02003,Information Mas,9445MSI,User Experience Design MSI,2570,WN 2026,GINF,020401,SI,622
38609856,FA 2025,GINF,WN 2027, ,02003,Information Mas,9445MSI,User Experience Design MSI,2570,WN 2026,GINF,021400,SI,520
38609856,FA 2025,GINF,WN 2027, ,02003,Information Mas,9445MSI,User Experience Design MSI,2570,WN 2026,GINF,044772,SI,582
38912194,FA 2024,GINF,WN 2026, ,02003,Information Mas,9445MSI,User Experience Design MSI,2510,FA 2024,GINF,017281,SI,588
38912194,FA 2024,GINF,WN 2026, ,02003,Information Mas,9445MSI,User Experience Design MSI,2510,FA 2024,GINF,039178,SI,539
38912194,FA 2024,GINF,WN 2026, ,02003,Information Mas,9445MSI,User Experience Design MSI,2510,FA 2024,GINF,047246,SI,506
38912194,FA 2024,GINF,WN 2026, ,02003,Information Mas,9445MSI,User Experience Design MSI,2510,FA 2024,GINF,051553,SI,500
38912194,FA 2024,GINF,WN 2026, ,02003,Information Mas,9445MSI,User Experience Design MSI,2520,WN 2025,GINF,020401,SI,622
38912194,FA 2024,GINF,WN 2026, ,02003,Information Mas,9445MSI,User Experience Design MSI,2520,WN 2025,GINF,021400,SI,520
38912194,FA 2024,GINF,WN 2026, ,02003,Information Mas,9445MSI,User Experience Design MSI,2520,WN 2025,GINF,039081,SI,529
38912194,FA 2024,GINF,WN 2026, ,02003,Information Mas,9445MSI,User Experience Design MSI,2520,WN 2025,GINF,044772,SI,582
38912194,FA 2024,GINF,WN 2026, ,02003,Information Mas,9445MSI,User Experience Design MSI,2560,FA 2025,GINF,045393,SI,552
38912194,FA 2024,GINF,WN 2026, ,02003,Information Mas,9445MSI,User Experience Design MSI,2560,FA 2025,GINF,047640,SI,507
38912194,FA 2024,GINF,WN 2026, ,02003,Information Mas,9445MSI,User Experience Design MSI,2560,FA 2025,GINF,047901,SI,699
38912194,FA 2024,GINF,WN 2026, ,02003,Information Mas,9445MSI,User Experience Design MSI,2560,FA 2025,GINF,049601,SI,564
38912194,FA 2024,GINF,WN 2026, ,02003,Information Mas,9445MSI,User Experience Design MSI,2560,FA 2025,GINF,050164,SI,504
38912194,FA 2024,GINF,WN 2026, ,02003,Information Mas,9445MSI,User Experience Design MSI,2570,WN 2026,GINF,021391,SI,511
38912194,FA 2024,GINF,WN 2026, ,02003,Information Mas,9445MSI,User Experience Design MSI,2570,WN 2026,GINF,041626,SI,664
38912194,FA 2024,GINF,WN 2026, ,02003,Information Mas,9445MSI,User Experience Design MSI,2570,WN 2026,GINF,047228,ENTR,500
38912194,FA 2024,GINF,WN 2026, ,02003,Information Mas,9445MSI,User Experience Design MSI,2570,WN 2026,GINF,051454,SI,594
40201197,FA 2025,GINF,WN 2026, ,02003,Information Mas,9445MSI,User Experience Design MSI,2560,FA 2025,GINF,001459,SI,690
40201197,FA 2025,GINF,WN 2026, ,02003,Information Mas,9445MSI,User Experience Design MSI,2560,FA 2025,GINF,021391,SI,511
40201197,FA 2025,GINF,WN 2026, ,02003,Information Mas,9445MSI,User Experience Design MSI,2560,FA 2025,GINF,021400,SI,520
40201197,FA 2025,GINF,WN 2026, ,02003,Information Mas,9445MSI,User Experience Design MSI,2560,FA 2025,GINF,041855,SI,631
40201197,FA 2025,GINF,WN 2026, ,02003,Information Mas,9445MSI,User Experience Design MSI,2560,FA 2025,GINF,045393,SI,552
40201197,FA 2025,GINF,WN 2026, ,02003,Information Mas,9445MSI,User Experience Design MSI,2560,FA 2025,GINF,051836,SI,611
40201197,FA 2025,GINF,WN 2026, ,02003,Information Mas,9445MSI,User Experience Design MSI,2570,WN 2026,GINF,021391,SI,511
40201197,FA 2025,GINF,WN 2026, ,02003,Information Mas,9445MSI,User Experience Design MSI,2570,WN 2026,GINF,043863,SI,612
40201197,FA 2025,GINF,WN 2026, ,02003,Information Mas,9445MSI,User Experience Design MSI,2570,WN 2026,GINF,047901,SI,699
40201197,FA 2025,GINF,WN 2026, ,02003,Information Mas,9445MSI,User Experience Design MSI,2570,WN 2026,GINF,051836,SI,611
40371731,FA 2025,GINF,WN 2027, ,02003,Information Mas,0775MSI,Big Data Analytics MSI,2560,FA 2025,GINF,041626,SI,664
40371731,FA 2025,GINF,WN 2027, ,02003,Information Mas,0775MSI,Big Data Analytics MSI,2560,FA 2025,GINF,042091,SI,618
40371731,FA 2025,GINF,WN 2027, ,02003,Information Mas,0775MSI,Big Data Analytics MSI,2560,FA 2025,GINF,047640,SI,507
40371731,FA 2025,GINF,WN 2027, ,02003,Information Mas,0775MSI,Big Data Analytics MSI,2560,FA 2025,GINF,049601,SI,564
40371731,FA 2025,GINF,WN 2027, ,02003,Information Mas,0775MSI,Big Data Analytics MSI,2560,FA 2025,GINF,050164,SI,504
40371731,FA 2025,GINF,WN 2027, ,02003,Information Mas,0775MSI,Big Data Analytics MSI,2560,FA 2025,GINF,051553,SI,500
40371731,FA 2025,GINF,WN 2027, ,02003,Information Mas,0775MSI,Big Data Analytics MSI,2570,WN 2026,GINF,020934,SI,649
40371731,FA 2025,GINF,WN 2027, ,02003,Information Mas,0775MSI,Big Data Analytics MSI,2570,WN 2026,GINF,048268,SI,630
40371731,FA 2025,GINF,WN 2027, ,02003,Information Mas,0775MSI,Big Data Analytics MSI,2570,WN 2026,GINF,050663,SI,568
40371731,FA 2025,GINF,WN 2027, ,02003,Information Mas,0775MSI,Big Data Analytics MSI,2570,WN 2026,GINF,050983,SI,602
40371731,FA 2025,GINF,WN 2027, ,02003,Information Mas,0775MSI,Big Data Analytics MSI,2570,WN 2026,GINF,051462,SI,644
40427236,FA 2024,GINF,WN 2026, ,02003,Information Mas,0775MSI,Big Data Analytics MSI,2510,FA 2024,GINF,016607,SI,544
40427236,FA 2024,GINF,WN 2026, ,02003,Information Mas,0775MSI,Big Data Analytics MSI,2510,FA 2024,GINF,047246,SI,506
40427236,FA 2024,GINF,WN 2026, ,02003,Information Mas,0775MSI,Big Data Analytics MSI,2510,FA 2024,GINF,048129,SI,505
40427236,FA 2024,GINF,WN 2026, ,02003,Information Mas,0775MSI,Big Data Analytics MSI,2510,FA 2024,GINF,050164,SI,504
40427236,FA 2024,GINF,WN 2026, ,02003,Information Mas,0775MSI,Big Data Analytics MSI,2510,FA 2024,GINF,051553,SI,500
40427236,FA 2024,GINF,WN 2026, ,02003,Information Mas,0775MSI,Big Data Analytics MSI,2520,WN 2025,GINF,040667,SI,681
40427236,FA 2024,GINF,WN 2026, ,02003,Information Mas,0775MSI,Big Data Analytics MSI,2520,WN 2025,GINF,042091,SI,618
40427236,FA 2024,GINF,WN 2026, ,02003,Information Mas,0775MSI,Big Data Analytics MSI,2520,WN 2025,GINF,047640,SI,507
40427236,FA 2024,GINF,WN 2026, ,02003,Information Mas,0775MSI,Big Data Analytics MSI,2520,WN 2025,GINF,049601,SI,564
40427236,FA 2024,GINF,WN 2026, ,02003,Information Mas,0775MSI,Big Data Analytics MSI,2520,WN 2025,GINF,050663,SI,568
40427236,FA 2024,GINF,WN 2026, ,02003,Information Mas,0775MSI,Big Data Analytics MSI,2520,WN 2025,GINF,050983,SI,602
40427236,FA 2024,GINF,WN 2026, ,02003,Information Mas,0775MSI,Big Data Analytics MSI,2560,FA 2025,GINF,041855,SI,631
40427236,FA 2024,GINF,WN 2026, ,02003,Information Mas,0775MSI,Big Data Analytics MSI,2560,FA 2025,GINF,041934,SI,608
40427236,FA 2024,GINF,WN 2026, ,02003,Information Mas,0775MSI,Big Data Analytics MSI,2560,FA 2025,GINF,045930,SI,671
40427236,FA 2024,GINF,WN 2026, ,02003,Information Mas,0775MSI,Big Data Analytics MSI,2560,FA 2025,GINF,048514,WELLNESS,512
40427236,FA 2024,GINF,WN 2026, ,02003,Information Mas,0775MSI,Big Data Analytics MSI,2560,FA 2025,GINF,050983,SI,602
40427236,FA 2024,GINF,WN 2026, ,02003,Information Mas,0775MSI,Big Data Analytics MSI,2560,FA 2025,GINF,051111,EAS,506
40427236,FA 2024,GINF,WN 2026, ,02003,Information Mas,0775MSI,Big Data Analytics MSI,2570,WN 2026,GINF,001459,SI,690
40427236,FA 2024,GINF,WN 2026, ,02003,Information Mas,0775MSI,Big Data Analytics MSI,2570,WN 2026,GINF,020934,SI,649
40427236,FA 2024,GINF,WN 2026, ,02003,Information Mas,0775MSI,Big Data Analytics MSI,2570,WN 2026,GINF,047901,SI,699
40611444,FA 2025,GINF,WN 2027, ,02003,Information Mas,9455MSI,User-Centered Agile Dev MSI,2560,FA 2025,GINF,001459,SI,690
40611444,FA 2025,GINF,WN 2027, ,02003,Information Mas,9455MSI,User-Centered Agile Dev MSI,2560,FA 2025,GINF,016607,SI,544
40611444,FA 2025,GINF,WN 2027, ,02003,Information Mas,9455MSI,User-Centered Agile Dev MSI,2560,FA 2025,GINF,041626,SI,664
40611444,FA 2025,GINF,WN 2027, ,02003,Information Mas,9455MSI,User-Centered Agile Dev MSI,2560,FA 2025,GINF,047228,ENTR,500
40611444,FA 2025,GINF,WN 2027, ,02003,Information Mas,9455MSI,User-Centered Agile Dev MSI,2560,FA 2025,GINF,050159,SI,579
40611444,FA 2025,GINF,WN 2027, ,02003,Information Mas,9455MSI,User-Centered Agile Dev MSI,2560,FA 2025,GINF,050164,SI,504
40611444,FA 2025,GINF,WN 2027, ,02003,Information Mas,9455MSI,User-Centered Agile Dev MSI,2570,WN 2026,GINF,017508,TO,512
40611444,FA 2025,GINF,WN 2027, ,02003,Information Mas,9455MSI,User-Centered Agile Dev MSI,2570,WN 2026,GINF,021391,SI,511
40611444,FA 2025,GINF,WN 2027, ,02003,Information Mas,9455MSI,User-Centered Agile Dev MSI,2570,WN 2026,GINF,041044,ELI,510
40611444,FA 2025,GINF,WN 2027, ,02003,Information Mas,9455MSI,User-Centered Agile Dev MSI,2570,WN 2026,GINF,047246,SI,506
40611444,FA 2025,GINF,WN 2027, ,02003,Information Mas,9455MSI,User-Centered Agile Dev MSI,2570,WN 2026,GINF,049601,SI,564
41061225,FA 2025,GINF,WN 2027, ,02003,Information Mas,0775MSI,Big Data Analytics MSI,2560,FA 2025,GINF,016607,SI,544
41061225,FA 2025,GINF,WN 2027, ,02003,Information Mas,0775MSI,Big Data Analytics MSI,2560,FA 2025,GINF,047246,SI,506
41061225,FA 2025,GINF,WN 2027, ,02003,Information Mas,0775MSI,Big Data Analytics MSI,2560,FA 2025,GINF,048488,SI,559
41061225,FA 2025,GINF,WN 2027, ,02003,Information Mas,0775MSI,Big Data Analytics MSI,2560,FA 2025,GINF,050164,SI,504
41061225,FA 2025,GINF,WN 2027, ,02003,Information Mas,0775MSI,Big Data Analytics MSI,2560,FA 2025,GINF,051553,SI,500
41061225,FA 2025,GINF,WN 2027, ,02003,Information Mas,0775MSI,Big Data Analytics MSI,2570,WN 2026,GINF,021391,SI,511
41061225,FA 2025,GINF,WN 2027, ,02003,Information Mas,0775MSI,Big Data Analytics MSI,2570,WN 2026,GINF,042091,SI,618
41061225,FA 2025,GINF,WN 2027, ,02003,Information Mas,0775MSI,Big Data Analytics MSI,2570,WN 2026,GINF,047640,SI,507
41061225,FA 2025,GINF,WN 2027, ,02003,Information Mas,0775MSI,Big Data Analytics MSI,2570,WN 2026,GINF,048129,SI,505
41061225,FA 2025,GINF,WN 2027, ,02003,Information Mas,0775MSI,Big Data Analytics MSI,2570,WN 2026,GINF,049601,SI,564
41061225,FA 2025,GINF,WN 2027, ,02003,Information Mas,0775MSI,Big Data Analytics MSI,2570,WN 2026,GINF,050663,SI,568
41061225,FA 2025,GINF,WN 2027, ,02003,Information Mas,0775MSI,Big Data Analytics MSI,2570,WN 2026,GINF,050983,SI,602
41303562,FA 2024,GINF,WN 2026, ,02003,Information Mas,9445MSI,User Experience Design MSI,2510,FA 2024,GINF,017281,SI,588
41303562,FA 2024,GINF,WN 2026, ,02003,Information Mas,9445MSI,User Experience Design MSI,2510,FA 2024,GINF,039178,SI,539
41303562,FA 2024,GINF,WN 2026, ,02003,Information Mas,9445MSI,User Experience Design MSI,2510,FA 2024,GINF,041626,SI,664
41303562,FA 2024,GINF,WN 2026, ,02003,Information Mas,9445MSI,User Experience Design MSI,2510,FA 2024,GINF,044772,SI,582
41303562,FA 2024,GINF,WN 2026, ,02003,Information Mas,9445MSI,User Experience Design MSI,2510,FA 2024,GINF,051553,SI,500
41303562,FA 2024,GINF,WN 2026, ,02003,Information Mas,9445MSI,User Experience Design MSI,2520,WN 2025,GINF,020401,SI,622
41303562,FA 2024,GINF,WN 2026, ,02003,Information Mas,9445MSI,User Experience Design MSI,2520,WN 2025,GINF,021400,SI,520
41303562,FA 2024,GINF,WN 2026, ,02003,Information Mas,9445MSI,User Experience Design MSI,2520,WN 2025,GINF,040667,SI,681
41303562,FA 2024,GINF,WN 2026, ,02003,Information Mas,9445MSI,User Experience Design MSI,2520,WN 2025,GINF,048486,SI,659
41303562,FA 2024,GINF,WN 2026, ,02003,Information Mas,9445MSI,User Experience Design MSI,2520,WN 2025,GINF,050159,SI,579
41303562,FA 2024,GINF,WN 2026, ,02003,Information Mas,9445MSI,User Experience Design MSI,2560,FA 2025,GINF,047901,SI,699
41303562,FA 2024,GINF,WN 2026, ,02003,Information Mas,9445MSI,User Experience Design MSI,2560,FA 2025,GINF,048487,SI,669
41303562,FA 2024,GINF,WN 2026, ,02003,Information Mas,9445MSI,User Experience Design MSI,2560,FA 2025,GINF,048488,SI,559
41303562,FA 2024,GINF,WN 2026, ,02003,Information Mas,9445MSI,User Experience Design MSI,2560,FA 2025,GINF,052172,SI,679
41303562,FA 2024,GINF,WN 2026, ,02003,Information Mas,9445MSI,User Experience Design MSI,2570,WN 2026,GINF,021050,SI,691
41303562,FA 2024,GINF,WN 2026, ,02003,Information Mas,9445MSI,User Experience Design MSI,2570,WN 2026,GINF,048129,SI,505
41303562,FA 2024,GINF,WN 2026, ,02003,Information Mas,9445MSI,User Experience Design MSI,2570,WN 2026,GINF,049601,SI,564
41303562,FA 2024,GINF,WN 2026, ,02003,Information Mas,9445MSI,User Experience Design MSI,2570,WN 2026,GINF,052216,SI,512
41634576,FA 2025,GINF,WN 2027, ,02003,Information Mas,0775MSI,Big Data Analytics MSI,2560,FA 2025,GINF,002865,VOICE,111
41634576,FA 2025,GINF,WN 2027, ,02003,Information Mas,0775MSI,Big Data Analytics MSI,2560,FA 2025,GINF,009731,SI,580
41634576,FA 2025,GINF,WN 2027, ,02003,Information Mas,0775MSI,Big Data Analytics MSI,2560,FA 2025,GINF,016607,SI,544
41634576,FA 2025,GINF,WN 2027, ,02003,Information Mas,0775MSI,Big Data Analytics MSI,2560,FA 2025,GINF,047640,SI,507
41634576,FA 2025,GINF,WN 2027, ,02003,Information Mas,0775MSI,Big Data Analytics MSI,2560,FA 2025,GINF,051553,SI,500
41634576,FA 2025,GINF,WN 2027, ,02003,Information Mas,0775MSI,Big Data Analytics MSI,2570,WN 2026,GINF,011688,VOICE,500
41634576,FA 2025,GINF,WN 2027, ,02003,Information Mas,0775MSI,Big Data Analytics MSI,2570,WN 2026,GINF,042091,SI,618
41634576,FA 2025,GINF,WN 2027, ,02003,Information Mas,0775MSI,Big Data Analytics MSI,2570,WN 2026,GINF,048129,SI,505
41634576,FA 2025,GINF,WN 2027, ,02003,Information Mas,0775MSI,Big Data Analytics MSI,2570,WN 2026,GINF,048268,SI,630
41634576,FA 2025,GINF,WN 2027, ,02003,Information Mas,0775MSI,Big Data Analytics MSI,2570,WN 2026,GINF,050663,SI,568
41634576,FA 2025,GINF,WN 2027, ,02003,Information Mas,0775MSI,Big Data Analytics MSI,2570,WN 2026,GINF,050771,ECE,567
41751585,FA 2025,GINF,WN 2027, ,02003,Information Mas,9455MSI,User-Centered Agile Dev MSI,2560,FA 2025,GINF,044772,SI,582
41751585,FA 2025,GINF,WN 2027, ,02003,Information Mas,9455MSI,User-Centered Agile Dev MSI,2560,FA 2025,GINF,048129,SI,505
41751585,FA 2025,GINF,WN 2027, ,02003,Information Mas,9455MSI,User-Centered Agile Dev MSI,2560,FA 2025,GINF,048488,SI,559
41751585,FA 2025,GINF,WN 2027, ,02003,Information Mas,9455MSI,User-Centered Agile Dev MSI,2560,FA 2025,GINF,051553,SI,500
41751585,FA 2025,GINF,WN 2027, ,02003,Information Mas,9455MSI,User-Centered Agile Dev MSI,2560,FA 2025,GINF,051902,PAT,505
41751585,FA 2025,GINF,WN 2027, ,02003,Information Mas,9455MSI,User-Centered Agile Dev MSI,2570,WN 2026,GINF,020401,SI,622
41751585,FA 2025,GINF,WN 2027, ,02003,Information Mas,9455MSI,User-Centered Agile Dev MSI,2570,WN 2026,GINF,021391,SI,511
41751585,FA 2025,GINF,WN 2027, ,02003,Information Mas,9455MSI,User-Centered Agile Dev MSI,2570,WN 2026,GINF,041626,SI,664
41751585,FA 2025,GINF,WN 2027, ,02003,Information Mas,9455MSI,User-Centered Agile Dev MSI,2570,WN 2026,GINF,050159,SI,579
41751585,FA 2025,GINF,WN 2027, ,02003,Information Mas,9455MSI,User-Centered Agile Dev MSI,2570,WN 2026,GINF,050164,SI,504
42006660,FA 2024,GINF,WN 2027, ,02003,Information Mas,9445MSI,User Experience Design MSI,2510,FA 2024,GINF,021391,SI,511
42006660,FA 2024,GINF,WN 2027, ,02003,Information Mas,9445MSI,User Experience Design MSI,2510,FA 2024,GINF,045393,SI,552
42006660,FA 2024,GINF,WN 2027, ,02003,Information Mas,9445MSI,User Experience Design MSI,2510,FA 2024,GINF,048488,SI,559
42006660,FA 2024,GINF,WN 2027, ,02003,Information Mas,9445MSI,User Experience Design MSI,2510,FA 2024,GINF,048831,SI,547
42006660,FA 2024,GINF,WN 2027, ,02003,Information Mas,9445MSI,User Experience Design MSI,2510,FA 2024,GINF,051553,SI,500
42006660,FA 2024,GINF,WN 2027, ,02003,Information Mas,9445MSI,User Experience Design MSI,2520,WN 2025,GINF,021391,SI,511
42006660,FA 2024,GINF,WN 2027, ,02003,Information Mas,9445MSI,User Experience Design MSI,2520,WN 2025,GINF,041232,PAT,572
42006660,FA 2024,GINF,WN 2027, ,02003,Information Mas,9445MSI,User Experience Design MSI,2520,WN 2025,GINF,047901,SI,699
42006660,FA 2024,GINF,WN 2027, ,02003,Information Mas,9445MSI,User Experience Design MSI,2520,WN 2025,GINF,049112,PAT,500
42006660,FA 2024,GINF,WN 2027, ,02003,Information Mas,9445MSI,User Experience Design MSI,2520,WN 2025,GINF,051902,PAT,505
42006660,FA 2024,GINF,WN 2027, ,02003,Information Mas,9445MSI,User Experience Design MSI,2560,FA 2025,GINF,052182,SIABRD,504
42096066,FA 2025,GINF,WN 2027, ,02003,Information Mas,9455MSI,User-Centered Agile Dev MSI,2560,FA 2025,GINF,021400,SI,520
42096066,FA 2025,GINF,WN 2027, ,02003,Information Mas,9455MSI,User-Centered Agile Dev MSI,2560,FA 2025,GINF,044772,SI,582
42096066,FA 2025,GINF,WN 2027, ,02003,Information Mas,9455MSI,User-Centered Agile Dev MSI,2560,FA 2025,GINF,047246,SI,506
42096066,FA 2025,GINF,WN 2027, ,02003,Information Mas,9455MSI,User-Centered Agile Dev MSI,2560,FA 2025,GINF,051553,SI,500
42096066,FA 2025,GINF,WN 2027, ,02003,Information Mas,9455MSI,User-Centered Agile Dev MSI,2570,WN 2026,GINF,020401,SI,622
42096066,FA 2025,GINF,WN 2027, ,02003,Information Mas,9455MSI,User-Centered Agile Dev MSI,2570,WN 2026,GINF,039178,SI,539
42096066,FA 2025,GINF,WN 2027, ,02003,Information Mas,9455MSI,User-Centered Agile Dev MSI,2570,WN 2026,GINF,050159,SI,579
42096066,FA 2025,GINF,WN 2027, ,02003,Information Mas,9455MSI,User-Centered Agile Dev MSI,2570,WN 2026,GINF,050164,SI,504
42360495,FA 2024,GINF,WN 2026, ,02003,Information Mas,4865MSI,"Lib, Arch&Knwl Envs in Soc MSI",2510,FA 2024,GINF,021042,SI,647
42360495,FA 2024,GINF,WN 2026, ,02003,Information Mas,4865MSI,"Lib, Arch&Knwl Envs in Soc MSI",2510,FA 2024,GINF,021045,SI,666
42360495,FA 2024,GINF,WN 2026, ,02003,Information Mas,4865MSI,"Lib, Arch&Knwl Envs in Soc MSI",2510,FA 2024,GINF,047246,SI,506
42360495,FA 2024,GINF,WN 2026, ,02003,Information Mas,4865MSI,"Lib, Arch&Knwl Envs in Soc MSI",2510,FA 2024,GINF,051553,SI,500
42360495,FA 2024,GINF,WN 2026, ,02003,Information Mas,4865MSI,"Lib, Arch&Knwl Envs in Soc MSI",2520,WN 2025,GINF,020803,SI,643
42360495,FA 2024,GINF,WN 2026, ,02003,Information Mas,4865MSI,"Lib, Arch&Knwl Envs in Soc MSI",2520,WN 2025,GINF,022326,SI,581
42360495,FA 2024,GINF,WN 2026, ,02003,Information Mas,4865MSI,"Lib, Arch&Knwl Envs in Soc MSI",2520,WN 2025,GINF,040667,SI,681
42360495,FA 2024,GINF,WN 2026, ,02003,Information Mas,4865MSI,"Lib, Arch&Knwl Envs in Soc MSI",2520,WN 2025,GINF,048280,SI,667
42360495,FA 2024,GINF,WN 2026, ,02003,Information Mas,4865MSI,"Lib, Arch&Knwl Envs in Soc MSI",2520,WN 2025,GINF,050162,SI,510
42360495,FA 2024,GINF,WN 2026, ,02003,Information Mas,4865MSI,"Lib, Arch&Knwl Envs in Soc MSI",2560,FA 2025,GINF,009731,SI,580
42360495,FA 2024,GINF,WN 2026, ,02003,Information Mas,4865MSI,"Lib, Arch&Knwl Envs in Soc MSI",2560,FA 2025,GINF,038948,SI,632
42360495,FA 2024,GINF,WN 2026, ,02003,Information Mas,4865MSI,"Lib, Arch&Knwl Envs in Soc MSI",2560,FA 2025,GINF,045393,SI,552
42360495,FA 2024,GINF,WN 2026, ,02003,Information Mas,4865MSI,"Lib, Arch&Knwl Envs in Soc MSI",2560,FA 2025,GINF,048831,SI,547
42360495,FA 2024,GINF,WN 2026, ,02003,Information Mas,4865MSI,"Lib, Arch&Knwl Envs in Soc MSI",2570,WN 2026,GINF,039979,SI,623
42360495,FA 2024,GINF,WN 2026, ,02003,Information Mas,4865MSI,"Lib, Arch&Knwl Envs in Soc MSI",2570,WN 2026,GINF,047901,SI,699
42360495,FA 2024,GINF,WN 2026, ,02003,Information Mas,4865MSI,"Lib, Arch&Knwl Envs in Soc MSI",2570,WN 2026,GINF,048129,SI,505
42360495,FA 2024,GINF,WN 2026, ,02003,Information Mas,4865MSI,"Lib, Arch&Knwl Envs in Soc MSI",2570,WN 2026,GINF,051074,SI,626
42802491,FA 2025,GINF,WN 2027, ,02003,Information Mas,4865MSI,"Lib, Arch&Knwl Envs in Soc MSI",2560,FA 2025,GINF,009731,SI,580
42802491,FA 2025,GINF,WN 2027, ,02003,Information Mas,4865MSI,"Lib, Arch&Knwl Envs in Soc MSI",2560,FA 2025,GINF,021045,SI,666
42802491,FA 2025,GINF,WN 2027, ,02003,Information Mas,4865MSI,"Lib, Arch&Knwl Envs in Soc MSI",2560,FA 2025,GINF,021391,SI,511
42802491,FA 2025,GINF,WN 2027, ,02003,Information Mas,4865MSI,"Lib, Arch&Knwl Envs in Soc MSI",2560,FA 2025,GINF,051553,SI,500
42802491,FA 2025,GINF,WN 2027, ,02003,Information Mas,4865MSI,"Lib, Arch&Knwl Envs in Soc MSI",2570,WN 2026,GINF,022326,SI,581
42802491,FA 2025,GINF,WN 2027, ,02003,Information Mas,4865MSI,"Lib, Arch&Knwl Envs in Soc MSI",2570,WN 2026,GINF,047246,SI,506
42802491,FA 2025,GINF,WN 2027, ,02003,Information Mas,4865MSI,"Lib, Arch&Knwl Envs in Soc MSI",2570,WN 2026,GINF,048280,SI,667
42802491,FA 2025,GINF,WN 2027, ,02003,Information Mas,4865MSI,"Lib, Arch&Knwl Envs in Soc MSI",2570,WN 2026,GINF,050162,SI,510
42940584,FA 2024,GINF,WN 2025,WN 2025,02003,Information Mas,9445MSI,User Experience Design MSI,2510,FA 2024,GINF,001459,SI,690
42940584,FA 2024,GINF,WN 2025,WN 2025,02003,Information Mas,9445MSI,User Experience Design MSI,2510,FA 2024,GINF,043863,SI,612
42940584,FA 2024,GINF,WN 2025,WN 2025,02003,Information Mas,9445MSI,User Experience Design MSI,2510,FA 2024,GINF,045393,SI,552
42940584,FA 2024,GINF,WN 2025,WN 2025,02003,Information Mas,9445MSI,User Experience Design MSI,2510,FA 2024,GINF,045687,SI,538
42940584,FA 2024,GINF,WN 2025,WN 2025,02003,Information Mas,9445MSI,User Experience Design MSI,2510,FA 2024,GINF,051553,SI,500
42940584,FA 2024,GINF,WN 2025,WN 2025,02003,Information Mas,9445MSI,User Experience Design MSI,2520,WN 2025,GINF,021391,SI,511
42940584,FA 2024,GINF,WN 2025,WN 2025,02003,Information Mas,9445MSI,User Experience Design MSI,2520,WN 2025,GINF,046306,SI,616
42940584,FA 2024,GINF,WN 2025,WN 2025,02003,Information Mas,9445MSI,User Experience Design MSI,2520,WN 2025,GINF,047901,SI,699
42940584,FA 2024,GINF,WN 2025,WN 2025,02003,Information Mas,9445MSI,User Experience Design MSI,2520,WN 2025,GINF,048421,ENTR,560
42940584,FA 2024,GINF,WN 2025,WN 2025,02003,Information Mas,9445MSI,User Experience Design MSI,2520,WN 2025,GINF,051836,SI,611
43076948,FA 2024,GINF,WN 2027, ,02003,Information Mas,9445MSI,User Experience Design MSI,2510,FA 2024,GINF,017281,SI,588
43076948,FA 2024,GINF,WN 2027, ,02003,Information Mas,9445MSI,User Experience Design MSI,2510,FA 2024,GINF,044772,SI,582
43076948,FA 2024,GINF,WN 2027, ,02003,Information Mas,9445MSI,User Experience Design MSI,2510,FA 2024,GINF,047246,SI,506
43076948,FA 2024,GINF,WN 2027, ,02003,Information Mas,9445MSI,User Experience Design MSI,2510,FA 2024,GINF,048129,SI,505
43076948,FA 2024,GINF,WN 2027, ,02003,Information Mas,9445MSI,User Experience Design MSI,2510,FA 2024,GINF,051553,SI,500
43076948,FA 2024,GINF,WN 2027, ,02003,Information Mas,9445MSI,User Experience Design MSI,2520,WN 2025,GINF,020401,SI,622
43076948,FA 2024,GINF,WN 2027, ,02003,Information Mas,9445MSI,User Experience Design MSI,2520,WN 2025,GINF,021400,SI,520
43076948,FA 2024,GINF,WN 2027, ,02003,Information Mas,9445MSI,User Experience Design MSI,2520,WN 2025,GINF,039178,SI,539
43076948,FA 2024,GINF,WN 2027, ,02003,Information Mas,9445MSI,User Experience Design MSI,2520,WN 2025,GINF,040667,SI,681
43076948,FA 2024,GINF,WN 2027, ,02003,Information Mas,9445MSI,User Experience Design MSI,2520,WN 2025,GINF,045393,SI,552
43076948,FA 2024,GINF,WN 2027, ,02003,Information Mas,9445MSI,User Experience Design MSI,2560,FA 2025,GINF,001459,SI,690
43076948,FA 2024,GINF,WN 2027, ,02003,Information Mas,9445MSI,User Experience Design MSI,2560,FA 2025,GINF,021391,SI,511
43076948,FA 2024,GINF,WN 2027, ,02003,Information Mas,9445MSI,User Experience Design MSI,2560,FA 2025,GINF,045771,HBEHED,684
43076948,FA 2024,GINF,WN 2027, ,02003,Information Mas,9445MSI,User Experience Design MSI,2560,FA 2025,GINF,048488,SI,559
43076948,FA 2024,GINF,WN 2027, ,02003,Information Mas,9445MSI,User Experience Design MSI,2570,WN 2026,GINF,001459,SI,690
43076948,FA 2024,GINF,WN 2027, ,02003,Information Mas,9445MSI,User Experience Design MSI,2570,WN 2026,GINF,021391,SI,511
43076948,FA 2024,GINF,WN 2027, ,02003,Information Mas,9445MSI,User Experience Design MSI,2570,WN 2026,GINF,047901,SI,699
43094991,FA 2024,GINF,WN 2026, ,02003,Information Mas,9445MSI,User Experience Design MSI,2510,FA 2024,GINF,016607,SI,544
43094991,FA 2024,GINF,WN 2026, ,02003,Information Mas,9445MSI,User Experience Design MSI,2510,FA 2024,GINF,017281,SI,588
43094991,FA 2024,GINF,WN 2026, ,02003,Information Mas,9445MSI,User Experience Design MSI,2510,FA 2024,GINF,044772,SI,582
43094991,FA 2024,GINF,WN 2026, ,02003,Information Mas,9445MSI,User Experience Design MSI,2510,FA 2024,GINF,047246,SI,506
43094991,FA 2024,GINF,WN 2026, ,02003,Information Mas,9445MSI,User Experience Design MSI,2510,FA 2024,GINF,051553,SI,500
43094991,FA 2024,GINF,WN 2026, ,02003,Information Mas,9445MSI,User Experience Design MSI,2520,WN 2025,GINF,020401,SI,622
43094991,FA 2024,GINF,WN 2026, ,02003,Information Mas,9445MSI,User Experience Design MSI,2520,WN 2025,GINF,039178,SI,539
43094991,FA 2024,GINF,WN 2026, ,02003,Information Mas,9445MSI,User Experience Design MSI,2520,WN 2025,GINF,040667,SI,681
43094991,FA 2024,GINF,WN 2026, ,02003,Information Mas,9445MSI,User Experience Design MSI,2520,WN 2025,GINF,051454,SI,594
43094991,FA 2024,GINF,WN 2026, ,02003,Information Mas,9445MSI,User Experience Design MSI,2520,WN 2025,GINF,051836,SI,611
43094991,FA 2024,GINF,WN 2026, ,02003,Information Mas,9445MSI,User Experience Design MSI,2560,FA 2025,GINF,001459,SI,690
43094991,FA 2024,GINF,WN 2026, ,02003,Information Mas,9445MSI,User Experience Design MSI,2560,FA 2025,GINF,021391,SI,511
43094991,FA 2024,GINF,WN 2026, ,02003,Information Mas,9445MSI,User Experience Design MSI,2560,FA 2025,GINF,021400,SI,520
43094991,FA 2024,GINF,WN 2026, ,02003,Information Mas,9445MSI,User Experience Design MSI,2560,FA 2025,GINF,045393,SI,552
43094991,FA 2024,GINF,WN 2026, ,02003,Information Mas,9445MSI,User Experience Design MSI,2560,FA 2025,GINF,048488,SI,559
43094991,FA 2024,GINF,WN 2026, ,02003,Information Mas,9445MSI,User Experience Design MSI,2570,WN 2026,GINF,047901,SI,699
43649920,FA 2024,GINF,WN 2025,WN 2025,02003,Information Mas,4865MSI,"Lib, Arch&Knwl Envs in Soc MSI",2510,FA 2024,GINF,001459,SI,690
43649920,FA 2024,GINF,WN 2025,WN 2025,02003,Information Mas,4865MSI,"Lib, Arch&Knwl Envs in Soc MSI",2510,FA 2024,GINF,009731,SI,580
43649920,FA 2024,GINF,WN 2025,WN 2025,02003,Information Mas,4865MSI,"Lib, Arch&Knwl Envs in Soc MSI",2510,FA 2024,GINF,021045,SI,666
43649920,FA 2024,GINF,WN 2025,WN 2025,02003,Information Mas,4865MSI,"Lib, Arch&Knwl Envs in Soc MSI",2510,FA 2024,GINF,050161,SI,676
43649920,FA 2024,GINF,WN 2025,WN 2025,02003,Information Mas,4865MSI,"Lib, Arch&Knwl Envs in Soc MSI",2510,FA 2024,GINF,050164,SI,504
43649920,FA 2024,GINF,WN 2025,WN 2025,02003,Information Mas,4865MSI,"Lib, Arch&Knwl Envs in Soc MSI",2510,FA 2024,GINF,051553,SI,500
43649920,FA 2024,GINF,WN 2025,WN 2025,02003,Information Mas,4865MSI,"Lib, Arch&Knwl Envs in Soc MSI",2520,WN 2025,GINF,022326,SI,581
43649920,FA 2024,GINF,WN 2025,WN 2025,02003,Information Mas,4865MSI,"Lib, Arch&Knwl Envs in Soc MSI",2520,WN 2025,GINF,042324,SI,639
43649920,FA 2024,GINF,WN 2025,WN 2025,02003,Information Mas,4865MSI,"Lib, Arch&Knwl Envs in Soc MSI",2520,WN 2025,GINF,047901,SI,699
43649920,FA 2024,GINF,WN 2025,WN 2025,02003,Information Mas,4865MSI,"Lib, Arch&Knwl Envs in Soc MSI",2520,WN 2025,GINF,048280,SI,667
43649920,FA 2024,GINF,WN 2025,WN 2025,02003,Information Mas,4865MSI,"Lib, Arch&Knwl Envs in Soc MSI",2520,WN 2025,GINF,049601,SI,564
43671296,FA 2024,GINF,WN 2025,WN 2025,02003,Information Mas,9445MSI,User Experience Design MSI,2510,FA 2024,GINF,001459,SI,690
43671296,FA 2024,GINF,WN 2025,WN 2025,02003,Information Mas,9445MSI,User Experience Design MSI,2510,FA 2024,GINF,021391,SI,511
43671296,FA 2024,GINF,WN 2025,WN 2025,02003,Information Mas,9445MSI,User Experience Design MSI,2510,FA 2024,GINF,041855,SI,631
43671296,FA 2024,GINF,WN 2025,WN 2025,02003,Information Mas,9445MSI,User Experience Design MSI,2510,FA 2024,GINF,048488,SI,559
43671296,FA 2024,GINF,WN 2025,WN 2025,02003,Information Mas,9445MSI,User Experience Design MSI,2510,FA 2024,GINF,050164,SI,504
43671296,FA 2024,GINF,WN 2025,WN 2025,02003,Information Mas,9445MSI,User Experience Design MSI,2510,FA 2024,GINF,051553,SI,500
43671296,FA 2024,GINF,WN 2025,WN 2025,02003,Information Mas,9445MSI,User Experience Design MSI,2520,WN 2025,GINF,022099,SI,658
43671296,FA 2024,GINF,WN 2025,WN 2025,02003,Information Mas,9445MSI,User Experience Design MSI,2520,WN 2025,GINF,045393,SI,552
43671296,FA 2024,GINF,WN 2025,WN 2025,02003,Information Mas,9445MSI,User Experience Design MSI,2520,WN 2025,GINF,047901,SI,699
43671296,FA 2024,GINF,WN 2025,WN 2025,02003,Information Mas,9445MSI,User Experience Design MSI,2520,WN 2025,GINF,051836,SI,611
43799430,FA 2024,GINF,WN 2026, ,02003,Information Mas,4865MSI,"Lib, Arch&Knwl Envs in Soc MSI",2510,FA 2024,GINF,009731,SI,580
43799430,FA 2024,GINF,WN 2026, ,02003,Information Mas,4865MSI,"Lib, Arch&Knwl Envs in Soc MSI",2510,FA 2024,GINF,016607,SI,544
43799430,FA 2024,GINF,WN 2026, ,02003,Information Mas,4865MSI,"Lib, Arch&Knwl Envs in Soc MSI",2510,FA 2024,GINF,021045,SI,666
43799430,FA 2024,GINF,WN 2026, ,02003,Information Mas,4865MSI,"Lib, Arch&Knwl Envs in Soc MSI",2510,FA 2024,GINF,047246,SI,506
43799430,FA 2024,GINF,WN 2026, ,02003,Information Mas,4865MSI,"Lib, Arch&Knwl Envs in Soc MSI",2520,WN 2025,GINF,022326,SI,581
43799430,FA 2024,GINF,WN 2026, ,02003,Information Mas,4865MSI,"Lib, Arch&Knwl Envs in Soc MSI",2520,WN 2025,GINF,040667,SI,681
43799430,FA 2024,GINF,WN 2026, ,02003,Information Mas,4865MSI,"Lib, Arch&Knwl Envs in Soc MSI",2520,WN 2025,GINF,042324,SI,639
43799430,FA 2024,GINF,WN 2026, ,02003,Information Mas,4865MSI,"Lib, Arch&Knwl Envs in Soc MSI",2520,WN 2025,GINF,048280,SI,667
43799430,FA 2024,GINF,WN 2026, ,02003,Information Mas,4865MSI,"Lib, Arch&Knwl Envs in Soc MSI",2520,WN 2025,GINF,050162,SI,510
43799430,FA 2024,GINF,WN 2026, ,02003,Information Mas,4865MSI,"Lib, Arch&Knwl Envs in Soc MSI",2560,FA 2025,GINF,021042,SI,647
43799430,FA 2024,GINF,WN 2026, ,02003,Information Mas,4865MSI,"Lib, Arch&Knwl Envs in Soc MSI",2560,FA 2025,GINF,049601,SI,564
43799430,FA 2024,GINF,WN 2026, ,02003,Information Mas,4865MSI,"Lib, Arch&Knwl Envs in Soc MSI",2560,FA 2025,GINF,050163,SI,633
43799430,FA 2024,GINF,WN 2026, ,02003,Information Mas,4865MSI,"Lib, Arch&Knwl Envs in Soc MSI",2560,FA 2025,GINF,051553,SI,500
43799430,FA 2024,GINF,WN 2026, ,02003,Information Mas,4865MSI,"Lib, Arch&Knwl Envs in Soc MSI",2570,WN 2026,GINF,039081,SI,529
43799430,FA 2024,GINF,WN 2026, ,02003,Information Mas,4865MSI,"Lib, Arch&Knwl Envs in Soc MSI",2570,WN 2026,GINF,047901,SI,699
43799430,FA 2024,GINF,WN 2026, ,02003,Information Mas,4865MSI,"Lib, Arch&Knwl Envs in Soc MSI",2570,WN 2026,GINF,051074,SI,626
43984249,FA 2025,GINF,WN 2027, ,02003,Information Mas,9445MSI,User Experience Design MSI,2560,FA 2025,GINF,017281,SI,588
43984249,FA 2025,GINF,WN 2027, ,02003,Information Mas,9445MSI,User Experience Design MSI,2560,FA 2025,GINF,021400,SI,520
43984249,FA 2025,GINF,WN 2027, ,02003,Information Mas,9445MSI,User Experience Design MSI,2560,FA 2025,GINF,044772,SI,582
43984249,FA 2025,GINF,WN 2027, ,02003,Information Mas,9445MSI,User Experience Design MSI,2560,FA 2025,GINF,047246,SI,506
43984249,FA 2025,GINF,WN 2027, ,02003,Information Mas,9445MSI,User Experience Design MSI,2560,FA 2025,GINF,051553,SI,500
43984249,FA 2025,GINF,WN 2027, ,02003,Information Mas,9445MSI,User Experience Design MSI,2570,WN 2026,GINF,020401,SI,622
43984249,FA 2025,GINF,WN 2027, ,02003,Information Mas,9445MSI,User Experience Design MSI,2570,WN 2026,GINF,021391,SI,511
43984249,FA 2025,GINF,WN 2027, ,02003,Information Mas,9445MSI,User Experience Design MSI,2570,WN 2026,GINF,039178,SI,539
43984249,FA 2025,GINF,WN 2027, ,02003,Information Mas,9445MSI,User Experience Design MSI,2570,WN 2026,GINF,041626,SI,664
43984249,FA 2025,GINF,WN 2027, ,02003,Information Mas,9445MSI,User Experience Design MSI,2570,WN 2026,GINF,045393,SI,552
43984249,FA 2025,GINF,WN 2027, ,02003,Information Mas,9445MSI,User Experience Design MSI,2570,WN 2026,GINF,050164,SI,504
43994357,FA 2025,GINF,WN 2027, ,02003,Information Mas,4865MSI,"Lib, Arch&Knwl Envs in Soc MSI",2560,FA 2025,GINF,021391,SI,511
43994357,FA 2025,GINF,WN 2027, ,02003,Information Mas,4865MSI,"Lib, Arch&Knwl Envs in Soc MSI",2560,FA 2025,GINF,051553,SI,500
43994357,FA 2025,GINF,WN 2027, ,02003,Information Mas,4865MSI,"Lib, Arch&Knwl Envs in Soc MSI",2570,WN 2026,GINF,047246,SI,506
43994357,FA 2025,GINF,WN 2027, ,02003,Information Mas,4865MSI,"Lib, Arch&Knwl Envs in Soc MSI",2570,WN 2026,GINF,050162,SI,510
44064207,FA 2025,GINF,WN 2027, ,02003,Information Mas,0775MSI,Big Data Analytics MSI,2560,FA 2025,GINF,016607,SI,544
44064207,FA 2025,GINF,WN 2027, ,02003,Information Mas,0775MSI,Big Data Analytics MSI,2560,FA 2025,GINF,047246,SI,506
44064207,FA 2025,GINF,WN 2027, ,02003,Information Mas,0775MSI,Big Data Analytics MSI,2560,FA 2025,GINF,050164,SI,504
44064207,FA 2025,GINF,WN 2027, ,02003,Information Mas,0775MSI,Big Data Analytics MSI,2560,FA 2025,GINF,051553,SI,500
44064207,FA 2025,GINF,WN 2027, ,02003,Information Mas,0775MSI,Big Data Analytics MSI,2570,WN 2026,GINF,042091,SI,618
44064207,FA 2025,GINF,WN 2027, ,02003,Information Mas,0775MSI,Big Data Analytics MSI,2570,WN 2026,GINF,047640,SI,507
44064207,FA 2025,GINF,WN 2027, ,02003,Information Mas,0775MSI,Big Data Analytics MSI,2570,WN 2026,GINF,050663,SI,568
44064207,FA 2025,GINF,WN 2027, ,02003,Information Mas,0775MSI,Big Data Analytics MSI,2570,WN 2026,GINF,050983,SI,602
44535231,FA 2025,GINF,WN 2027, ,02003,Information Mas,9445MSI,User Experience Design MSI,2560,FA 2025,GINF,017281,SI,588
44535231,FA 2025,GINF,WN 2027, ,02003,Information Mas,9445MSI,User Experience Design MSI,2560,FA 2025,GINF,044772,SI,582
44535231,FA 2025,GINF,WN 2027, ,02003,Information Mas,9445MSI,User Experience Design MSI,2560,FA 2025,GINF,047246,SI,506
44535231,FA 2025,GINF,WN 2027, ,02003,Information Mas,9445MSI,User Experience Design MSI,2560,FA 2025,GINF,048129,SI,505
44535231,FA 2025,GINF,WN 2027, ,02003,Information Mas,9445MSI,User Experience Design MSI,2560,FA 2025,GINF,050164,SI,504
44535231,FA 2025,GINF,WN 2027, ,02003,Information Mas,9445MSI,User Experience Design MSI,2560,FA 2025,GINF,051553,SI,500
44535231,FA 2025,GINF,WN 2027, ,02003,Information Mas,9445MSI,User Experience Design MSI,2570,WN 2026,GINF,020401,SI,622
44535231,FA 2025,GINF,WN 2027, ,02003,Information Mas,9445MSI,User Experience Design MSI,2570,WN 2026,GINF,021391,SI,511
44535231,FA 2025,GINF,WN 2027, ,02003,Information Mas,9445MSI,User Experience Design MSI,2570,WN 2026,GINF,039178,SI,539
44535231,FA 2025,GINF,WN 2027, ,02003,Information Mas,9445MSI,User Experience Design MSI,2570,WN 2026,GINF,051836,SI,611
44573174,FA 2025,GINF,WN 2027, ,02003,Information Mas,9445MSI,User Experience Design MSI,2560,FA 2025,GINF,001459,SI,690
44573174,FA 2025,GINF,WN 2027, ,02003,Information Mas,9445MSI,User Experience Design MSI,2560,FA 2025,GINF,021391,SI,511
44573174,FA 2025,GINF,WN 2027, ,02003,Information Mas,9445MSI,User Experience Design MSI,2560,FA 2025,GINF,043863,SI,612
44573174,FA 2025,GINF,WN 2027, ,02003,Information Mas,9445MSI,User Experience Design MSI,2560,FA 2025,GINF,045393,SI,552
44573174,FA 2025,GINF,WN 2027, ,02003,Information Mas,9445MSI,User Experience Design MSI,2570,WN 2026,GINF,001459,SI,690
44573174,FA 2025,GINF,WN 2027, ,02003,Information Mas,9445MSI,User Experience Design MSI,2570,WN 2026,GINF,022099,SI,658
44573174,FA 2025,GINF,WN 2027, ,02003,Information Mas,9445MSI,User Experience Design MSI,2570,WN 2026,GINF,041626,SI,664
44573174,FA 2025,GINF,WN 2027, ,02003,Information Mas,9445MSI,User Experience Design MSI,2570,WN 2026,GINF,047901,SI,699
44573174,FA 2025,GINF,WN 2027, ,02003,Information Mas,9445MSI,User Experience Design MSI,2570,WN 2026,GINF,048486,SI,659
44599306,FA 2025,GINF,WN 2027, ,02003,Information Mas,0775MSI,Big Data Analytics MSI,2560,FA 2025,GINF,020934,SI,649
44599306,FA 2025,GINF,WN 2027, ,02003,Information Mas,0775MSI,Big Data Analytics MSI,2560,FA 2025,GINF,039178,SI,539
44599306,FA 2025,GINF,WN 2027, ,02003,Information Mas,0775MSI,Big Data Analytics MSI,2560,FA 2025,GINF,045930,SI,671
44599306,FA 2025,GINF,WN 2027, ,02003,Information Mas,0775MSI,Big Data Analytics MSI,2560,FA 2025,GINF,048500,SI,670
44599306,FA 2025,GINF,WN 2027, ,02003,Information Mas,0775MSI,Big Data Analytics MSI,2560,FA 2025,GINF,051553,SI,500
44599306,FA 2025,GINF,WN 2027, ,02003,Information Mas,0775MSI,Big Data Analytics MSI,2570,WN 2026,GINF,014746,EECS,542
44599306,FA 2025,GINF,WN 2027, ,02003,Information Mas,0775MSI,Big Data Analytics MSI,2570,WN 2026,GINF,021391,SI,511
44599306,FA 2025,GINF,WN 2027, ,02003,Information Mas,0775MSI,Big Data Analytics MSI,2570,WN 2026,GINF,041626,SI,664
44599306,FA 2025,GINF,WN 2027, ,02003,Information Mas,0775MSI,Big Data Analytics MSI,2570,WN 2026,GINF,042324,SI,639
44599306,FA 2025,GINF,WN 2027, ,02003,Information Mas,0775MSI,Big Data Analytics MSI,2570,WN 2026,GINF,048268,SI,630
44599306,FA 2025,GINF,WN 2027, ,02003,Information Mas,0775MSI,Big Data Analytics MSI,2570,WN 2026,GINF,050663,SI,568
44599306,FA 2025,GINF,WN 2027, ,02003,Information Mas,0775MSI,Big Data Analytics MSI,2570,WN 2026,GINF,051462,SI,644
44849065,FA 2024,GINF,WN 2026, ,02003,Information Mas,9445MSI,User Experience Design MSI,2510,FA 2024,GINF,017281,SI,588
44849065,FA 2024,GINF,WN 2026, ,02003,Information Mas,9445MSI,User Experience Design MSI,2510,FA 2024,GINF,039178,SI,539
44849065,FA 2024,GINF,WN 2026, ,02003,Information Mas,9445MSI,User Experience Design MSI,2510,FA 2024,GINF,043210,SI,534
44849065,FA 2024,GINF,WN 2026, ,02003,Information Mas,9445MSI,User Experience Design MSI,2510,FA 2024,GINF,047246,SI,506
44849065,FA 2024,GINF,WN 2026, ,02003,Information Mas,9445MSI,User Experience Design MSI,2510,FA 2024,GINF,051553,SI,500
44849065,FA 2024,GINF,WN 2026, ,02003,Information Mas,9445MSI,User Experience Design MSI,2520,WN 2025,GINF,020371,EECS,494
44849065,FA 2024,GINF,WN 2026, ,02003,Information Mas,9445MSI,User Experience Design MSI,2520,WN 2025,GINF,020401,SI,622
44849065,FA 2024,GINF,WN 2026, ,02003,Information Mas,9445MSI,User Experience Design MSI,2520,WN 2025,GINF,021400,SI,520
44849065,FA 2024,GINF,WN 2026, ,02003,Information Mas,9445MSI,User Experience Design MSI,2520,WN 2025,GINF,044772,SI,582
44849065,FA 2024,GINF,WN 2026, ,02003,Information Mas,9445MSI,User Experience Design MSI,2520,WN 2025,GINF,048129,SI,505
44849065,FA 2024,GINF,WN 2026, ,02003,Information Mas,9445MSI,User Experience Design MSI,2560,FA 2025,GINF,021391,SI,511
44849065,FA 2024,GINF,WN 2026, ,02003,Information Mas,9445MSI,User Experience Design MSI,2560,FA 2025,GINF,043241,SI,657
44849065,FA 2024,GINF,WN 2026, ,02003,Information Mas,9445MSI,User Experience Design MSI,2560,FA 2025,GINF,048488,SI,559
44849065,FA 2024,GINF,WN 2026, ,02003,Information Mas,9445MSI,User Experience Design MSI,2560,FA 2025,GINF,050159,SI,579
44849065,FA 2024,GINF,WN 2026, ,02003,Information Mas,9445MSI,User Experience Design MSI,2560,FA 2025,GINF,050164,SI,504
44849065,FA 2024,GINF,WN 2026, ,02003,Information Mas,9445MSI,User Experience Design MSI,2570,WN 2026,GINF,021391,SI,511
44849065,FA 2024,GINF,WN 2026, ,02003,Information Mas,9445MSI,User Experience Design MSI,2570,WN 2026,GINF,047901,SI,699
44849065,FA 2024,GINF,WN 2026, ,02003,Information Mas,9445MSI,User Experience Design MSI,2570,WN 2026,GINF,048486,SI,659
44849065,FA 2024,GINF,WN 2026, ,02003,Information Mas,9445MSI,User Experience Design MSI,2570,WN 2026,GINF,051455,SI,569
45035171,FA 2025,GINF,WN 2027, ,02003,Information Mas,9445MSI,User Experience Design MSI,2560,FA 2025,GINF,017281,SI,588
45035171,FA 2025,GINF,WN 2027, ,02003,Information Mas,9445MSI,User Experience Design MSI,2560,FA 2025,GINF,044772,SI,582
45035171,FA 2025,GINF,WN 2027, ,02003,Information Mas,9445MSI,User Experience Design MSI,2560,FA 2025,GINF,047246,SI,506
45035171,FA 2025,GINF,WN 2027, ,02003,Information Mas,9445MSI,User Experience Design MSI,2560,FA 2025,GINF,051553,SI,500
45035171,FA 2025,GINF,WN 2027, ,02003,Information Mas,9445MSI,User Experience Design MSI,2570,WN 2026,GINF,020401,SI,622
45035171,FA 2025,GINF,WN 2027, ,02003,Information Mas,9445MSI,User Experience Design MSI,2570,WN 2026,GINF,039178,SI,539
45035171,FA 2025,GINF,WN 2027, ,02003,Information Mas,9445MSI,User Experience Design MSI,2570,WN 2026,GINF,041626,SI,664
45035171,FA 2025,GINF,WN 2027, ,02003,Information Mas,9445MSI,User Experience Design MSI,2570,WN 2026,GINF,049601,SI,564
45035653,FA 2024,GINF,WN 2027, ,02003,Information Mas,4865MSI,"Lib, Arch&Knwl Envs in Soc MSI",2510,FA 2024,GINF,021042,SI,647
45035653,FA 2024,GINF,WN 2027, ,02003,Information Mas,4865MSI,"Lib, Arch&Knwl Envs in Soc MSI",2510,FA 2024,GINF,047246,SI,506
45035653,FA 2024,GINF,WN 2027, ,02003,Information Mas,4865MSI,"Lib, Arch&Knwl Envs in Soc MSI",2510,FA 2024,GINF,048129,SI,505
45035653,FA 2024,GINF,WN 2027, ,02003,Information Mas,4865MSI,"Lib, Arch&Knwl Envs in Soc MSI",2510,FA 2024,GINF,048831,SI,547
45035653,FA 2024,GINF,WN 2027, ,02003,Information Mas,4865MSI,"Lib, Arch&Knwl Envs in Soc MSI",2510,FA 2024,GINF,051553,SI,500
45035653,FA 2024,GINF,WN 2027, ,02003,Information Mas,4865MSI,"Lib, Arch&Knwl Envs in Soc MSI",2520,WN 2025,GINF,009731,SI,580
45035653,FA 2024,GINF,WN 2027, ,02003,Information Mas,4865MSI,"Lib, Arch&Knwl Envs in Soc MSI",2520,WN 2025,GINF,022326,SI,581
45035653,FA 2024,GINF,WN 2027, ,02003,Information Mas,4865MSI,"Lib, Arch&Knwl Envs in Soc MSI",2520,WN 2025,GINF,050162,SI,510
45035653,FA 2024,GINF,WN 2027, ,02003,Information Mas,4865MSI,"Lib, Arch&Knwl Envs in Soc MSI",2520,WN 2025,GINF,051074,SI,626
45035653,FA 2024,GINF,WN 2027, ,02003,Information Mas,4865MSI,"Lib, Arch&Knwl Envs in Soc MSI",2560,FA 2025,GINF,021045,SI,666
45035653,FA 2024,GINF,WN 2027, ,02003,Information Mas,4865MSI,"Lib, Arch&Knwl Envs in Soc MSI",2560,FA 2025,GINF,038948,SI,632
45035653,FA 2024,GINF,WN 2027, ,02003,Information Mas,4865MSI,"Lib, Arch&Knwl Envs in Soc MSI",2560,FA 2025,GINF,045393,SI,552
45035653,FA 2024,GINF,WN 2027, ,02003,Information Mas,4865MSI,"Lib, Arch&Knwl Envs in Soc MSI",2560,FA 2025,GINF,050028,SI,583
45035653,FA 2024,GINF,WN 2027, ,02003,Information Mas,4865MSI,"Lib, Arch&Knwl Envs in Soc MSI",2570,WN 2026,GINF,020803,SI,643
45035653,FA 2024,GINF,WN 2027, ,02003,Information Mas,4865MSI,"Lib, Arch&Knwl Envs in Soc MSI",2570,WN 2026,GINF,039081,SI,529
45035653,FA 2024,GINF,WN 2027, ,02003,Information Mas,4865MSI,"Lib, Arch&Knwl Envs in Soc MSI",2570,WN 2026,GINF,047901,SI,699
45035653,FA 2024,GINF,WN 2027, ,02003,Information Mas,4865MSI,"Lib, Arch&Knwl Envs in Soc MSI",2570,WN 2026,GINF,048280,SI,667
45121282,FA 2025,GINF,WN 2027, ,02003,Information Mas,9445MSI,User Experience Design MSI,2560,FA 2025,GINF,017281,SI,588
45121282,FA 2025,GINF,WN 2027, ,02003,Information Mas,9445MSI,User Experience Design MSI,2560,FA 2025,GINF,044772,SI,582
45121282,FA 2025,GINF,WN 2027, ,02003,Information Mas,9445MSI,User Experience Design MSI,2560,FA 2025,GINF,047246,SI,506
45121282,FA 2025,GINF,WN 2027, ,02003,Information Mas,9445MSI,User Experience Design MSI,2560,FA 2025,GINF,048129,SI,505
45121282,FA 2025,GINF,WN 2027, ,02003,Information Mas,9445MSI,User Experience Design MSI,2560,FA 2025,GINF,051553,SI,500
45121282,FA 2025,GINF,WN 2027, ,02003,Information Mas,9445MSI,User Experience Design MSI,2570,WN 2026,GINF,020401,SI,622
45121282,FA 2025,GINF,WN 2027, ,02003,Information Mas,9445MSI,User Experience Design MSI,2570,WN 2026,GINF,039178,SI,539
45121282,FA 2025,GINF,WN 2027, ,02003,Information Mas,9445MSI,User Experience Design MSI,2570,WN 2026,GINF,051454,SI,594
45121282,FA 2025,GINF,WN 2027, ,02003,Information Mas,9445MSI,User Experience Design MSI,2570,WN 2026,GINF,051836,SI,611
45172049,FA 2025,GINF,WN 2027, ,02003,Information Mas,9455MSI,User-Centered Agile Dev MSI,2560,FA 2025,GINF,044772,SI,582
45172049,FA 2025,GINF,WN 2027, ,02003,Information Mas,9455MSI,User-Centered Agile Dev MSI,2560,FA 2025,GINF,047246,SI,506
45172049,FA 2025,GINF,WN 2027, ,02003,Information Mas,9455MSI,User-Centered Agile Dev MSI,2560,FA 2025,GINF,048488,SI,559
45172049,FA 2025,GINF,WN 2027, ,02003,Information Mas,9455MSI,User-Centered Agile Dev MSI,2560,FA 2025,GINF,050164,SI,504
45172049,FA 2025,GINF,WN 2027, ,02003,Information Mas,9455MSI,User-Centered Agile Dev MSI,2560,FA 2025,GINF,051553,SI,500
45172049,FA 2025,GINF,WN 2027, ,02003,Information Mas,9455MSI,User-Centered Agile Dev MSI,2570,WN 2026,GINF,020401,SI,622
45172049,FA 2025,GINF,WN 2027, ,02003,Information Mas,9455MSI,User-Centered Agile Dev MSI,2570,WN 2026,GINF,039178,SI,539
45172049,FA 2025,GINF,WN 2027, ,02003,Information Mas,9455MSI,User-Centered Agile Dev MSI,2570,WN 2026,GINF,048486,SI,659
45172049,FA 2025,GINF,WN 2027, ,02003,Information Mas,9455MSI,User-Centered Agile Dev MSI,2570,WN 2026,GINF,050159,SI,579
46431953,FA 2025,GINF,WN 2027, ,02003,Information Mas,9445MSI,User Experience Design MSI,2560,FA 2025,GINF,017281,SI,588
46431953,FA 2025,GINF,WN 2027, ,02003,Information Mas,9445MSI,User Experience Design MSI,2560,FA 2025,GINF,045393,SI,552
46431953,FA 2025,GINF,WN 2027, ,02003,Information Mas,9445MSI,User Experience Design MSI,2560,FA 2025,GINF,047246,SI,506
46431953,FA 2025,GINF,WN 2027, ,02003,Information Mas,9445MSI,User Experience Design MSI,2560,FA 2025,GINF,051553,SI,500
46431953,FA 2025,GINF,WN 2027, ,02003,Information Mas,9445MSI,User Experience Design MSI,2570,WN 2026,GINF,020401,SI,622
46431953,FA 2025,GINF,WN 2027, ,02003,Information Mas,9445MSI,User Experience Design MSI,2570,WN 2026,GINF,039979,SI,623
46431953,FA 2025,GINF,WN 2027, ,02003,Information Mas,9445MSI,User Experience Design MSI,2570,WN 2026,GINF,047641,SI,540
46431953,FA 2025,GINF,WN 2027, ,02003,Information Mas,9445MSI,User Experience Design MSI,2570,WN 2026,GINF,048129,SI,505
46431953,FA 2025,GINF,WN 2027, ,02003,Information Mas,9445MSI,User Experience Design MSI,2570,WN 2026,GINF,052216,SI,512
46497972,FA 2025,GINF,WN 2027, ,02003,Information Mas,4865MSI,"Lib, Arch&Knwl Envs in Soc MSI",2560,FA 2025,GINF,009731,SI,580
46497972,FA 2025,GINF,WN 2027, ,02003,Information Mas,4865MSI,"Lib, Arch&Knwl Envs in Soc MSI",2560,FA 2025,GINF,021045,SI,666
46497972,FA 2025,GINF,WN 2027, ,02003,Information Mas,4865MSI,"Lib, Arch&Knwl Envs in Soc MSI",2560,FA 2025,GINF,047246,SI,506
46497972,FA 2025,GINF,WN 2027, ,02003,Information Mas,4865MSI,"Lib, Arch&Knwl Envs in Soc MSI",2560,FA 2025,GINF,050164,SI,504
46497972,FA 2025,GINF,WN 2027, ,02003,Information Mas,4865MSI,"Lib, Arch&Knwl Envs in Soc MSI",2560,FA 2025,GINF,051553,SI,500
46497972,FA 2025,GINF,WN 2027, ,02003,Information Mas,4865MSI,"Lib, Arch&Knwl Envs in Soc MSI",2570,WN 2026,GINF,042091,SI,618
46497972,FA 2025,GINF,WN 2027, ,02003,Information Mas,4865MSI,"Lib, Arch&Knwl Envs in Soc MSI",2570,WN 2026,GINF,048129,SI,505
46497972,FA 2025,GINF,WN 2027, ,02003,Information Mas,4865MSI,"Lib, Arch&Knwl Envs in Soc MSI",2570,WN 2026,GINF,048280,SI,667
46497972,FA 2025,GINF,WN 2027, ,02003,Information Mas,4865MSI,"Lib, Arch&Knwl Envs in Soc MSI",2570,WN 2026,GINF,049601,SI,564
46497972,FA 2025,GINF,WN 2027, ,02003,Information Mas,4865MSI,"Lib, Arch&Knwl Envs in Soc MSI",2570,WN 2026,GINF,050162,SI,510
46518616,FA 2025,GINF,WN 2027, ,02003,Information Mas,9445MSI,User Experience Design MSI,2560,FA 2025,GINF,017281,SI,588
46518616,FA 2025,GINF,WN 2027, ,02003,Information Mas,9445MSI,User Experience Design MSI,2560,FA 2025,GINF,044772,SI,582
46518616,FA 2025,GINF,WN 2027, ,02003,Information Mas,9445MSI,User Experience Design MSI,2560,FA 2025,GINF,047246,SI,506
46518616,FA 2025,GINF,WN 2027, ,02003,Information Mas,9445MSI,User Experience Design MSI,2560,FA 2025,GINF,051553,SI,500
46518616,FA 2025,GINF,WN 2027, ,02003,Information Mas,9445MSI,User Experience Design MSI,2570,WN 2026,GINF,020401,SI,622
46518616,FA 2025,GINF,WN 2027, ,02003,Information Mas,9445MSI,User Experience Design MSI,2570,WN 2026,GINF,021391,SI,511
46518616,FA 2025,GINF,WN 2027, ,02003,Information Mas,9445MSI,User Experience Design MSI,2570,WN 2026,GINF,039081,SI,529
46518616,FA 2025,GINF,WN 2027, ,02003,Information Mas,9445MSI,User Experience Design MSI,2570,WN 2026,GINF,039979,SI,623
46518616,FA 2025,GINF,WN 2027, ,02003,Information Mas,9445MSI,User Experience Design MSI,2570,WN 2026,GINF,048129,SI,505
46731014,FA 2025,GINF,SU 2026, ,02003,Information Mas,9445MSI,User Experience Design MSI,2560,FA 2025,GINF,021400,SI,520
46731014,FA 2025,GINF,SU 2026, ,02003,Information Mas,9445MSI,User Experience Design MSI,2560,FA 2025,GINF,043863,SI,612
46731014,FA 2025,GINF,SU 2026, ,02003,Information Mas,9445MSI,User Experience Design MSI,2560,FA 2025,GINF,045687,SI,538
46731014,FA 2025,GINF,SU 2026, ,02003,Information Mas,9445MSI,User Experience Design MSI,2560,FA 2025,GINF,051836,SI,611
46731014,FA 2025,GINF,SU 2026, ,02003,Information Mas,9445MSI,User Experience Design MSI,2560,FA 2025,GINF,051902,PAT,505
46731014,FA 2025,GINF,SU 2026, ,02003,Information Mas,9445MSI,User Experience Design MSI,2570,WN 2026,GINF,001459,SI,690
46731014,FA 2025,GINF,SU 2026, ,02003,Information Mas,9445MSI,User Experience Design MSI,2570,WN 2026,GINF,022099,SI,658
46731014,FA 2025,GINF,SU 2026, ,02003,Information Mas,9445MSI,User Experience Design MSI,2570,WN 2026,GINF,047901,SI,699
46793282,FA 2025,GINF,WN 2027, ,02003,Information Mas,0775MSI,Big Data Analytics MSI,2560,FA 2025,GINF,006306,STATS,500
46793282,FA 2025,GINF,WN 2027, ,02003,Information Mas,0775MSI,Big Data Analytics MSI,2560,FA 2025,GINF,041626,SI,664
46793282,FA 2025,GINF,WN 2027, ,02003,Information Mas,0775MSI,Big Data Analytics MSI,2560,FA 2025,GINF,042091,SI,618
46793282,FA 2025,GINF,WN 2027, ,02003,Information Mas,0775MSI,Big Data Analytics MSI,2560,FA 2025,GINF,047640,SI,507
46793282,FA 2025,GINF,WN 2027, ,02003,Information Mas,0775MSI,Big Data Analytics MSI,2560,FA 2025,GINF,049601,SI,564
46793282,FA 2025,GINF,WN 2027, ,02003,Information Mas,0775MSI,Big Data Analytics MSI,2560,FA 2025,GINF,050164,SI,504
46793282,FA 2025,GINF,WN 2027, ,02003,Information Mas,0775MSI,Big Data Analytics MSI,2560,FA 2025,GINF,051553,SI,500
46793282,FA 2025,GINF,WN 2027, ,02003,Information Mas,0775MSI,Big Data Analytics MSI,2570,WN 2026,GINF,014748,EECS,545
46793282,FA 2025,GINF,WN 2027, ,02003,Information Mas,0775MSI,Big Data Analytics MSI,2570,WN 2026,GINF,039178,SI,539
46793282,FA 2025,GINF,WN 2027, ,02003,Information Mas,0775MSI,Big Data Analytics MSI,2570,WN 2026,GINF,048268,SI,630
46793282,FA 2025,GINF,WN 2027, ,02003,Information Mas,0775MSI,Big Data Analytics MSI,2570,WN 2026,GINF,050663,SI,568
46793282,FA 2025,GINF,WN 2027, ,02003,Information Mas,0775MSI,Big Data Analytics MSI,2570,WN 2026,GINF,051462,SI,644
46793282,FA 2025,GINF,WN 2027, ,02003,Information Mas,0775MSI,Big Data Analytics MSI,2570,WN 2026,GINF,051524,ECE,599
46865025,FA 2024,GINF,WN 2026, ,02003,Information Mas,9445MSI,User Experience Design MSI,2510,FA 2024,GINF,017281,SI,588
46865025,FA 2024,GINF,WN 2026, ,02003,Information Mas,9445MSI,User Experience Design MSI,2510,FA 2024,GINF,039178,SI,539
46865025,FA 2024,GINF,WN 2026, ,02003,Information Mas,9445MSI,User Experience Design MSI,2510,FA 2024,GINF,044772,SI,582
46865025,FA 2024,GINF,WN 2026, ,02003,Information Mas,9445MSI,User Experience Design MSI,2510,FA 2024,GINF,047246,SI,506
46865025,FA 2024,GINF,WN 2026, ,02003,Information Mas,9445MSI,User Experience Design MSI,2510,FA 2024,GINF,051553,SI,500
46865025,FA 2024,GINF,WN 2026, ,02003,Information Mas,9445MSI,User Experience Design MSI,2520,WN 2025,GINF,020401,SI,622
46865025,FA 2024,GINF,WN 2026, ,02003,Information Mas,9445MSI,User Experience Design MSI,2520,WN 2025,GINF,021400,SI,520
46865025,FA 2024,GINF,WN 2026, ,02003,Information Mas,9445MSI,User Experience Design MSI,2520,WN 2025,GINF,040667,SI,681
46865025,FA 2024,GINF,WN 2026, ,02003,Information Mas,9445MSI,User Experience Design MSI,2520,WN 2025,GINF,048488,SI,559
46865025,FA 2024,GINF,WN 2026, ,02003,Information Mas,9445MSI,User Experience Design MSI,2520,WN 2025,GINF,051454,SI,594
46865025,FA 2024,GINF,WN 2026, ,02003,Information Mas,9445MSI,User Experience Design MSI,2560,FA 2025,GINF,001459,SI,690
46865025,FA 2024,GINF,WN 2026, ,02003,Information Mas,9445MSI,User Experience Design MSI,2560,FA 2025,GINF,021391,SI,511
46865025,FA 2024,GINF,WN 2026, ,02003,Information Mas,9445MSI,User Experience Design MSI,2560,FA 2025,GINF,043863,SI,612
46865025,FA 2024,GINF,WN 2026, ,02003,Information Mas,9445MSI,User Experience Design MSI,2560,FA 2025,GINF,045771,SI,684
46865025,FA 2024,GINF,WN 2026, ,02003,Information Mas,9445MSI,User Experience Design MSI,2570,WN 2026,GINF,021391,SI,511
46865025,FA 2024,GINF,WN 2026, ,02003,Information Mas,9445MSI,User Experience Design MSI,2570,WN 2026,GINF,047901,SI,699
46865025,FA 2024,GINF,WN 2026, ,02003,Information Mas,9445MSI,User Experience Design MSI,2570,WN 2026,GINF,051836,SI,611
47216768,FA 2025,GINF,WN 2027, ,02003,Information Mas,0775MSI,Big Data Analytics MSI,2560,FA 2025,GINF,016607,SI,544
47216768,FA 2025,GINF,WN 2027, ,02003,Information Mas,0775MSI,Big Data Analytics MSI,2560,FA 2025,GINF,047246,SI,506
47216768,FA 2025,GINF,WN 2027, ,02003,Information Mas,0775MSI,Big Data Analytics MSI,2560,FA 2025,GINF,049601,SI,564
47216768,FA 2025,GINF,WN 2027, ,02003,Information Mas,0775MSI,Big Data Analytics MSI,2560,FA 2025,GINF,050164,SI,504
47216768,FA 2025,GINF,WN 2027, ,02003,Information Mas,0775MSI,Big Data Analytics MSI,2560,FA 2025,GINF,051553,SI,500
47216768,FA 2025,GINF,WN 2027, ,02003,Information Mas,0775MSI,Big Data Analytics MSI,2570,WN 2026,GINF,014748,EECS,545
47216768,FA 2025,GINF,WN 2027, ,02003,Information Mas,0775MSI,Big Data Analytics MSI,2570,WN 2026,GINF,021391,SI,511
47216768,FA 2025,GINF,WN 2027, ,02003,Information Mas,0775MSI,Big Data Analytics MSI,2570,WN 2026,GINF,042091,SI,618
47216768,FA 2025,GINF,WN 2027, ,02003,Information Mas,0775MSI,Big Data Analytics MSI,2570,WN 2026,GINF,050663,SI,568
47216768,FA 2025,GINF,WN 2027, ,02003,Information Mas,0775MSI,Big Data Analytics MSI,2570,WN 2026,GINF,051462,SI,644
47270989,FA 2024,GINF,WN 2026, ,02003,Information Mas,0775MSI,Big Data Analytics MSI,2510,FA 2024,GINF,016607,SI,544
47270989,FA 2024,GINF,WN 2026, ,02003,Information Mas,0775MSI,Big Data Analytics MSI,2510,FA 2024,GINF,047246,SI,506
47270989,FA 2024,GINF,WN 2026, ,02003,Information Mas,0775MSI,Big Data Analytics MSI,2510,FA 2024,GINF,049601,SI,564
47270989,FA 2024,GINF,WN 2026, ,02003,Information Mas,0775MSI,Big Data Analytics MSI,2510,FA 2024,GINF,050164,SI,504
47270989,FA 2024,GINF,WN 2026, ,02003,Information Mas,0775MSI,Big Data Analytics MSI,2510,FA 2024,GINF,051553,SI,500
47270989,FA 2024,GINF,WN 2026, ,02003,Information Mas,0775MSI,Big Data Analytics MSI,2520,WN 2025,GINF,040667,SI,681
47270989,FA 2024,GINF,WN 2026, ,02003,Information Mas,0775MSI,Big Data Analytics MSI,2520,WN 2025,GINF,042091,SI,618
47270989,FA 2024,GINF,WN 2026, ,02003,Information Mas,0775MSI,Big Data Analytics MSI,2520,WN 2025,GINF,047640,SI,507
47270989,FA 2024,GINF,WN 2026, ,02003,Information Mas,0775MSI,Big Data Analytics MSI,2520,WN 2025,GINF,050663,SI,568
47270989,FA 2024,GINF,WN 2026, ,02003,Information Mas,0775MSI,Big Data Analytics MSI,2520,WN 2025,GINF,050983,SI,602
47270989,FA 2024,GINF,WN 2026, ,02003,Information Mas,0775MSI,Big Data Analytics MSI,2520,WN 2025,GINF,051462,SI,644
47270989,FA 2024,GINF,WN 2026, ,02003,Information Mas,0775MSI,Big Data Analytics MSI,2560,FA 2025,GINF,009732,SI,650
47270989,FA 2024,GINF,WN 2026, ,02003,Information Mas,0775MSI,Big Data Analytics MSI,2560,FA 2025,GINF,041934,SI,608
47270989,FA 2024,GINF,WN 2026, ,02003,Information Mas,0775MSI,Big Data Analytics MSI,2560,FA 2025,GINF,042071,SI,563
47270989,FA 2024,GINF,WN 2026, ,02003,Information Mas,0775MSI,Big Data Analytics MSI,2560,FA 2025,GINF,045930,SI,671
47270989,FA 2024,GINF,WN 2026, ,02003,Information Mas,0775MSI,Big Data Analytics MSI,2560,FA 2025,GINF,048500,SI,670
47270989,FA 2024,GINF,WN 2026, ,02003,Information Mas,0775MSI,Big Data Analytics MSI,2570,WN 2026,GINF,041626,SI,664
47270989,FA 2024,GINF,WN 2026, ,02003,Information Mas,0775MSI,Big Data Analytics MSI,2570,WN 2026,GINF,047901,SI,699
47796483,FA 2024,GINF,WN 2025,WN 2025,02003,Information Mas,9445MSI,User Experience Design MSI,2510,FA 2024,GINF,021400,SI,520
47796483,FA 2024,GINF,WN 2025,WN 2025,02003,Information Mas,9445MSI,User Experience Design MSI,2510,FA 2024,GINF,039081,SI,529
47796483,FA 2024,GINF,WN 2025,WN 2025,02003,Information Mas,9445MSI,User Experience Design MSI,2510,FA 2024,GINF,039178,SI,539
47796483,FA 2024,GINF,WN 2025,WN 2025,02003,Information Mas,9445MSI,User Experience Design MSI,2510,FA 2024,GINF,043863,SI,612
47796483,FA 2024,GINF,WN 2025,WN 2025,02003,Information Mas,9445MSI,User Experience Design MSI,2510,FA 2024,GINF,051553,SI,500
47796483,FA 2024,GINF,WN 2025,WN 2025,02003,Information Mas,9445MSI,User Experience Design MSI,2520,WN 2025,GINF,021391,SI,511
47796483,FA 2024,GINF,WN 2025,WN 2025,02003,Information Mas,9445MSI,User Experience Design MSI,2520,WN 2025,GINF,039081,SI,529
47796483,FA 2024,GINF,WN 2025,WN 2025,02003,Information Mas,9445MSI,User Experience Design MSI,2520,WN 2025,GINF,047246,SI,506
47796483,FA 2024,GINF,WN 2025,WN 2025,02003,Information Mas,9445MSI,User Experience Design MSI,2520,WN 2025,GINF,047901,SI,699
47796483,FA 2024,GINF,WN 2025,WN 2025,02003,Information Mas,9445MSI,User Experience Design MSI,2520,WN 2025,GINF,049601,SI,564
47796483,FA 2024,GINF,WN 2025,WN 2025,02003,Information Mas,9445MSI,User Experience Design MSI,2520,WN 2025,GINF,050164,SI,504
47796483,FA 2024,GINF,WN 2025,WN 2025,02003,Information Mas,9445MSI,User Experience Design MSI,2520,WN 2025,GINF,051836,SI,611
47800917,FA 2024,GINF,WN 2026, ,02003,Information Mas,5005MSI,Master's ThesisOption Prog MSI,2510,FA 2024,GINF,009731,SI,580
47800917,FA 2024,GINF,WN 2026, ,02003,Information Mas,5005MSI,Master's ThesisOption Prog MSI,2510,FA 2024,GINF,021045,SI,666
47800917,FA 2024,GINF,WN 2026, ,02003,Information Mas,5005MSI,Master's ThesisOption Prog MSI,2510,FA 2024,GINF,047246,SI,506
47800917,FA 2024,GINF,WN 2026, ,02003,Information Mas,5005MSI,Master's ThesisOption Prog MSI,2510,FA 2024,GINF,051553,SI,500
47800917,FA 2024,GINF,WN 2026, ,02003,Information Mas,5005MSI,Master's ThesisOption Prog MSI,2520,WN 2025,GINF,039979,SI,623
47800917,FA 2024,GINF,WN 2026, ,02003,Information Mas,5005MSI,Master's ThesisOption Prog MSI,2520,WN 2025,GINF,040667,SI,681
47800917,FA 2024,GINF,WN 2026, ,02003,Information Mas,5005MSI,Master's ThesisOption Prog MSI,2520,WN 2025,GINF,048280,SI,667
47800917,FA 2024,GINF,WN 2026, ,02003,Information Mas,5005MSI,Master's ThesisOption Prog MSI,2520,WN 2025,GINF,050162,SI,510
47800917,FA 2024,GINF,WN 2026, ,02003,Information Mas,5005MSI,Master's ThesisOption Prog MSI,2520,WN 2025,GINF,050165,SI,585
47800917,FA 2024,GINF,WN 2026, ,02003,Information Mas,5005MSI,Master's ThesisOption Prog MSI,2560,FA 2025,GINF,038948,SI,632
47800917,FA 2024,GINF,WN 2026, ,02003,Information Mas,5005MSI,Master's ThesisOption Prog MSI,2560,FA 2025,GINF,049365,SI,697
47800917,FA 2024,GINF,WN 2026, ,02003,Information Mas,5005MSI,Master's ThesisOption Prog MSI,2560,FA 2025,GINF,050028,SI,583
47800917,FA 2024,GINF,WN 2026, ,02003,Information Mas,5005MSI,Master's ThesisOption Prog MSI,2560,FA 2025,GINF,052100,SI,597
47800917,FA 2024,GINF,WN 2026, ,02003,Information Mas,5005MSI,Master's ThesisOption Prog MSI,2570,WN 2026,GINF,020803,SI,643
47800917,FA 2024,GINF,WN 2026, ,02003,Information Mas,5005MSI,Master's ThesisOption Prog MSI,2570,WN 2026,GINF,022326,SI,581
47800917,FA 2024,GINF,WN 2026, ,02003,Information Mas,5005MSI,Master's ThesisOption Prog MSI,2570,WN 2026,GINF,049040,SI,698
48180187,FA 2025,GINF,WN 2027, ,02003,Information Mas,9445MSI,User Experience Design MSI,2560,FA 2025,GINF,017281,SI,588
48180187,FA 2025,GINF,WN 2027, ,02003,Information Mas,9445MSI,User Experience Design MSI,2560,FA 2025,GINF,039178,SI,539
48180187,FA 2025,GINF,WN 2027, ,02003,Information Mas,9445MSI,User Experience Design MSI,2560,FA 2025,GINF,047246,SI,506
48180187,FA 2025,GINF,WN 2027, ,02003,Information Mas,9445MSI,User Experience Design MSI,2560,FA 2025,GINF,051553,SI,500
48180187,FA 2025,GINF,WN 2027, ,02003,Information Mas,9445MSI,User Experience Design MSI,2570,WN 2026,GINF,020401,SI,622
48180187,FA 2025,GINF,WN 2027, ,02003,Information Mas,9445MSI,User Experience Design MSI,2570,WN 2026,GINF,021400,SI,520
48180187,FA 2025,GINF,WN 2027, ,02003,Information Mas,9445MSI,User Experience Design MSI,2570,WN 2026,GINF,044772,SI,582
48180187,FA 2025,GINF,WN 2027, ,02003,Information Mas,9445MSI,User Experience Design MSI,2570,WN 2026,GINF,045393,SI,552
48424524,FA 2025,GINF,WN 2027, ,02003,Information Mas,4865MSI,"Lib, Arch&Knwl Envs in Soc MSI",2560,FA 2025,GINF,021042,SI,647
48424524,FA 2025,GINF,WN 2027, ,02003,Information Mas,4865MSI,"Lib, Arch&Knwl Envs in Soc MSI",2560,FA 2025,GINF,021045,SI,666
48424524,FA 2025,GINF,WN 2027, ,02003,Information Mas,4865MSI,"Lib, Arch&Knwl Envs in Soc MSI",2560,FA 2025,GINF,021391,SI,511
48424524,FA 2025,GINF,WN 2027, ,02003,Information Mas,4865MSI,"Lib, Arch&Knwl Envs in Soc MSI",2560,FA 2025,GINF,051553,SI,500
48424524,FA 2025,GINF,WN 2027, ,02003,Information Mas,4865MSI,"Lib, Arch&Knwl Envs in Soc MSI",2570,WN 2026,GINF,047246,SI,506
48424524,FA 2025,GINF,WN 2027, ,02003,Information Mas,4865MSI,"Lib, Arch&Knwl Envs in Soc MSI",2570,WN 2026,GINF,048280,SI,667
48424524,FA 2025,GINF,WN 2027, ,02003,Information Mas,4865MSI,"Lib, Arch&Knwl Envs in Soc MSI",2570,WN 2026,GINF,050162,SI,510
48424524,FA 2025,GINF,WN 2027, ,02003,Information Mas,4865MSI,"Lib, Arch&Knwl Envs in Soc MSI",2570,WN 2026,GINF,051074,SI,626
48438804,FA 2024,GINF,WN 2025,WN 2025,02003,Information Mas,9445MSI,User Experience Design MSI,2510,FA 2024,GINF,001459,SI,690
48438804,FA 2024,GINF,WN 2025,WN 2025,02003,Information Mas,9445MSI,User Experience Design MSI,2510,FA 2024,GINF,045687,SI,538
48438804,FA 2024,GINF,WN 2025,WN 2025,02003,Information Mas,9445MSI,User Experience Design MSI,2510,FA 2024,GINF,046306,SI,616
48438804,FA 2024,GINF,WN 2025,WN 2025,02003,Information Mas,9445MSI,User Experience Design MSI,2510,FA 2024,GINF,047640,SI,507
48438804,FA 2024,GINF,WN 2025,WN 2025,02003,Information Mas,9445MSI,User Experience Design MSI,2510,FA 2024,GINF,050164,SI,504
48438804,FA 2024,GINF,WN 2025,WN 2025,02003,Information Mas,9445MSI,User Experience Design MSI,2510,FA 2024,GINF,051553,SI,500
48438804,FA 2024,GINF,WN 2025,WN 2025,02003,Information Mas,9445MSI,User Experience Design MSI,2520,WN 2025,GINF,022099,SI,658
48438804,FA 2024,GINF,WN 2025,WN 2025,02003,Information Mas,9445MSI,User Experience Design MSI,2520,WN 2025,GINF,047901,SI,699
48438804,FA 2024,GINF,WN 2025,WN 2025,02003,Information Mas,9445MSI,User Experience Design MSI,2520,WN 2025,GINF,048129,SI,505
48438804,FA 2024,GINF,WN 2025,WN 2025,02003,Information Mas,9445MSI,User Experience Design MSI,2520,WN 2025,GINF,051836,SI,611
48615668,FA 2025,GINF,WN 2027, ,02003,Information Mas,4865MSI,"Lib, Arch&Knwl Envs in Soc MSI",2560,FA 2025,GINF,009731,SI,580
48615668,FA 2025,GINF,WN 2027, ,02003,Information Mas,4865MSI,"Lib, Arch&Knwl Envs in Soc MSI",2560,FA 2025,GINF,021045,SI,666
48615668,FA 2025,GINF,WN 2027, ,02003,Information Mas,4865MSI,"Lib, Arch&Knwl Envs in Soc MSI",2560,FA 2025,GINF,021391,SI,511
48615668,FA 2025,GINF,WN 2027, ,02003,Information Mas,4865MSI,"Lib, Arch&Knwl Envs in Soc MSI",2560,FA 2025,GINF,051553,SI,500
48615668,FA 2025,GINF,WN 2027, ,02003,Information Mas,4865MSI,"Lib, Arch&Knwl Envs in Soc MSI",2570,WN 2026,GINF,047246,SI,506
48615668,FA 2025,GINF,WN 2027, ,02003,Information Mas,4865MSI,"Lib, Arch&Knwl Envs in Soc MSI",2570,WN 2026,GINF,048280,SI,667
48615668,FA 2025,GINF,WN 2027, ,02003,Information Mas,4865MSI,"Lib, Arch&Knwl Envs in Soc MSI",2570,WN 2026,GINF,049038,SI,688
48615668,FA 2025,GINF,WN 2027, ,02003,Information Mas,4865MSI,"Lib, Arch&Knwl Envs in Soc MSI",2570,WN 2026,GINF,050162,SI,510
48615668,FA 2025,GINF,WN 2027, ,02003,Information Mas,4865MSI,"Lib, Arch&Knwl Envs in Soc MSI",2570,WN 2026,GINF,050164,SI,504
49047455,FA 2024,GINF,WN 2027, ,02003,Information Mas,0775MSI,Big Data Analytics MSI,2510,FA 2024,GINF,016607,SI,544
49047455,FA 2024,GINF,WN 2027, ,02003,Information Mas,0775MSI,Big Data Analytics MSI,2510,FA 2024,GINF,043210,SI,534
49047455,FA 2024,GINF,WN 2027, ,02003,Information Mas,0775MSI,Big Data Analytics MSI,2510,FA 2024,GINF,047246,SI,506
49047455,FA 2024,GINF,WN 2027, ,02003,Information Mas,0775MSI,Big Data Analytics MSI,2510,FA 2024,GINF,049601,SI,564
49047455,FA 2024,GINF,WN 2027, ,02003,Information Mas,0775MSI,Big Data Analytics MSI,2510,FA 2024,GINF,050164,SI,504
49047455,FA 2024,GINF,WN 2027, ,02003,Information Mas,0775MSI,Big Data Analytics MSI,2510,FA 2024,GINF,051553,SI,500
49047455,FA 2024,GINF,WN 2027, ,02003,Information Mas,0775MSI,Big Data Analytics MSI,2520,WN 2025,GINF,042091,SI,618
49047455,FA 2024,GINF,WN 2027, ,02003,Information Mas,0775MSI,Big Data Analytics MSI,2520,WN 2025,GINF,047640,SI,507
49047455,FA 2024,GINF,WN 2027, ,02003,Information Mas,0775MSI,Big Data Analytics MSI,2520,WN 2025,GINF,050663,SI,568
49047455,FA 2024,GINF,WN 2027, ,02003,Information Mas,0775MSI,Big Data Analytics MSI,2520,WN 2025,GINF,050983,SI,602
49047455,FA 2024,GINF,WN 2027, ,02003,Information Mas,0775MSI,Big Data Analytics MSI,2560,FA 2025,GINF,001459,SI,690
49047455,FA 2024,GINF,WN 2027, ,02003,Information Mas,0775MSI,Big Data Analytics MSI,2560,FA 2025,GINF,041934,SI,608
49047455,FA 2024,GINF,WN 2027, ,02003,Information Mas,0775MSI,Big Data Analytics MSI,2560,FA 2025,GINF,042071,SI,563
49047455,FA 2024,GINF,WN 2027, ,02003,Information Mas,0775MSI,Big Data Analytics MSI,2560,FA 2025,GINF,045930,SI,671
49047455,FA 2024,GINF,WN 2027, ,02003,Information Mas,0775MSI,Big Data Analytics MSI,2560,FA 2025,GINF,048129,SI,505
49047455,FA 2024,GINF,WN 2027, ,02003,Information Mas,0775MSI,Big Data Analytics MSI,2560,FA 2025,GINF,048500,SI,670
49047455,FA 2024,GINF,WN 2027, ,02003,Information Mas,0775MSI,Big Data Analytics MSI,2570,WN 2026,GINF,047901,SI,699
49075313,FA 2024,GINF,WN 2026, ,02003,Information Mas,9455MSI,User-Centered Agile Dev MSI,2510,FA 2024,GINF,012456,SI,549
49075313,FA 2024,GINF,WN 2026, ,02003,Information Mas,9455MSI,User-Centered Agile Dev MSI,2510,FA 2024,GINF,039178,SI,539
49075313,FA 2024,GINF,WN 2026, ,02003,Information Mas,9455MSI,User-Centered Agile Dev MSI,2510,FA 2024,GINF,044772,SI,582
49075313,FA 2024,GINF,WN 2026, ,02003,Information Mas,9455MSI,User-Centered Agile Dev MSI,2510,FA 2024,GINF,047246,SI,506
49075313,FA 2024,GINF,WN 2026, ,02003,Information Mas,9455MSI,User-Centered Agile Dev MSI,2510,FA 2024,GINF,048488,SI,559
49075313,FA 2024,GINF,WN 2026, ,02003,Information Mas,9455MSI,User-Centered Agile Dev MSI,2510,FA 2024,GINF,051553,SI,500
49075313,FA 2024,GINF,WN 2026, ,02003,Information Mas,9455MSI,User-Centered Agile Dev MSI,2520,WN 2025,GINF,020401,SI,622
49075313,FA 2024,GINF,WN 2026, ,02003,Information Mas,9455MSI,User-Centered Agile Dev MSI,2520,WN 2025,GINF,021050,SI,691
49075313,FA 2024,GINF,WN 2026, ,02003,Information Mas,9455MSI,User-Centered Agile Dev MSI,2520,WN 2025,GINF,041957,ENGR,599
49075313,FA 2024,GINF,WN 2026, ,02003,Information Mas,9455MSI,User-Centered Agile Dev MSI,2520,WN 2025,GINF,050159,SI,579
49075313,FA 2024,GINF,WN 2026, ,02003,Information Mas,9455MSI,User-Centered Agile Dev MSI,2520,WN 2025,GINF,050164,SI,504
49075313,FA 2024,GINF,WN 2026, ,02003,Information Mas,9455MSI,User-Centered Agile Dev MSI,2520,WN 2025,GINF,051455,SI,569
49075313,FA 2024,GINF,WN 2026, ,02003,Information Mas,9455MSI,User-Centered Agile Dev MSI,2560,FA 2025,GINF,017281,SI,588
49075313,FA 2024,GINF,WN 2026, ,02003,Information Mas,9455MSI,User-Centered Agile Dev MSI,2560,FA 2025,GINF,041957,ENGR,599
49075313,FA 2024,GINF,WN 2026, ,02003,Information Mas,9455MSI,User-Centered Agile Dev MSI,2560,FA 2025,GINF,048487,SI,669
49075313,FA 2024,GINF,WN 2026, ,02003,Information Mas,9455MSI,User-Centered Agile Dev MSI,2560,FA 2025,GINF,049432,EDUC,616
49075313,FA 2024,GINF,WN 2026, ,02003,Information Mas,9455MSI,User-Centered Agile Dev MSI,2560,FA 2025,GINF,052093,EDUC,546
49075313,FA 2024,GINF,WN 2026, ,02003,Information Mas,9455MSI,User-Centered Agile Dev MSI,2560,FA 2025,GINF,052172,SI,679
49075313,FA 2024,GINF,WN 2026, ,02003,Information Mas,9455MSI,User-Centered Agile Dev MSI,2570,WN 2026,GINF,021050,SI,691
49075313,FA 2024,GINF,WN 2026, ,02003,Information Mas,9455MSI,User-Centered Agile Dev MSI,2570,WN 2026,GINF,047901,SI,699
49075313,FA 2024,GINF,WN 2026, ,02003,Information Mas,9455MSI,User-Centered Agile Dev MSI,2570,WN 2026,GINF,049432,EDUC,616
49075313,FA 2024,GINF,WN 2026, ,02003,Information Mas,9455MSI,User-Centered Agile Dev MSI,2570,WN 2026,GINF,052216,SI,512
49301185,FA 2024,GINF,WN 2026, ,02003,Information Mas,9445MSI,User Experience Design MSI,2510,FA 2024,GINF,017281,SI,588
49301185,FA 2024,GINF,WN 2026, ,02003,Information Mas,9445MSI,User Experience Design MSI,2510,FA 2024,GINF,039178,SI,539
49301185,FA 2024,GINF,WN 2026, ,02003,Information Mas,9445MSI,User Experience Design MSI,2510,FA 2024,GINF,047246,SI,506
49301185,FA 2024,GINF,WN 2026, ,02003,Information Mas,9445MSI,User Experience Design MSI,2510,FA 2024,GINF,051553,SI,500
49301185,FA 2024,GINF,WN 2026, ,02003,Information Mas,9445MSI,User Experience Design MSI,2520,WN 2025,GINF,020401,SI,622
49301185,FA 2024,GINF,WN 2026, ,02003,Information Mas,9445MSI,User Experience Design MSI,2520,WN 2025,GINF,021400,SI,520
49301185,FA 2024,GINF,WN 2026, ,02003,Information Mas,9445MSI,User Experience Design MSI,2520,WN 2025,GINF,022099,SI,658
49301185,FA 2024,GINF,WN 2026, ,02003,Information Mas,9445MSI,User Experience Design MSI,2520,WN 2025,GINF,044772,SI,582
49301185,FA 2024,GINF,WN 2026, ,02003,Information Mas,9445MSI,User Experience Design MSI,2560,FA 2025,GINF,021391,SI,511
49301185,FA 2024,GINF,WN 2026, ,02003,Information Mas,9445MSI,User Experience Design MSI,2560,FA 2025,GINF,045393,SI,552
49301185,FA 2024,GINF,WN 2026, ,02003,Information Mas,9445MSI,User Experience Design MSI,2560,FA 2025,GINF,045771,SI,684
49301185,FA 2024,GINF,WN 2026, ,02003,Information Mas,9445MSI,User Experience Design MSI,2560,FA 2025,GINF,052088,ENTR,405
49301185,FA 2024,GINF,WN 2026, ,02003,Information Mas,9445MSI,User Experience Design MSI,2570,WN 2026,GINF,001459,SI,690
49301185,FA 2024,GINF,WN 2026, ,02003,Information Mas,9445MSI,User Experience Design MSI,2570,WN 2026,GINF,047901,SI,699
49301185,FA 2024,GINF,WN 2026, ,02003,Information Mas,9445MSI,User Experience Design MSI,2570,WN 2026,GINF,051454,SI,594
49402328,FA 2025,GINF,WN 2026, ,02003,Information Mas,0775MSI,Big Data Analytics MSI,2560,FA 2025,GINF,001459,SI,690
49402328,FA 2025,GINF,WN 2026, ,02003,Information Mas,0775MSI,Big Data Analytics MSI,2560,FA 2025,GINF,038659,SI,519
49402328,FA 2025,GINF,WN 2026, ,02003,Information Mas,0775MSI,Big Data Analytics MSI,2560,FA 2025,GINF,041934,SI,608
49402328,FA 2025,GINF,WN 2026, ,02003,Information Mas,0775MSI,Big Data Analytics MSI,2560,FA 2025,GINF,045930,SI,671
49402328,FA 2025,GINF,WN 2026, ,02003,Information Mas,0775MSI,Big Data Analytics MSI,2560,FA 2025,GINF,050983,SI,602
49402328,FA 2025,GINF,WN 2026, ,02003,Information Mas,0775MSI,Big Data Analytics MSI,2570,WN 2026,GINF,020934,SI,649
49402328,FA 2025,GINF,WN 2026, ,02003,Information Mas,0775MSI,Big Data Analytics MSI,2570,WN 2026,GINF,039979,SI,623
49402328,FA 2025,GINF,WN 2026, ,02003,Information Mas,0775MSI,Big Data Analytics MSI,2570,WN 2026,GINF,047901,SI,699
49402328,FA 2025,GINF,WN 2026, ,02003,Information Mas,0775MSI,Big Data Analytics MSI,2570,WN 2026,GINF,050663,SI,568
49402328,FA 2025,GINF,WN 2026, ,02003,Information Mas,0775MSI,Big Data Analytics MSI,2570,WN 2026,GINF,051462,SI,644
49521451,FA 2024,GINF,WN 2025,WN 2025,02003,Information Mas,9445MSI,User Experience Design MSI,2510,FA 2024,GINF,001459,SI,690
49521451,FA 2024,GINF,WN 2025,WN 2025,02003,Information Mas,9445MSI,User Experience Design MSI,2510,FA 2024,GINF,021391,SI,511
49521451,FA 2024,GINF,WN 2025,WN 2025,02003,Information Mas,9445MSI,User Experience Design MSI,2510,FA 2024,GINF,041855,SI,631
49521451,FA 2024,GINF,WN 2025,WN 2025,02003,Information Mas,9445MSI,User Experience Design MSI,2510,FA 2024,GINF,050159,SI,579
49521451,FA 2024,GINF,WN 2025,WN 2025,02003,Information Mas,9445MSI,User Experience Design MSI,2510,FA 2024,GINF,050164,SI,504
49521451,FA 2024,GINF,WN 2025,WN 2025,02003,Information Mas,9445MSI,User Experience Design MSI,2510,FA 2024,GINF,051553,SI,500
49521451,FA 2024,GINF,WN 2025,WN 2025,02003,Information Mas,9445MSI,User Experience Design MSI,2520,WN 2025,GINF,014990,AAS,558
49521451,FA 2024,GINF,WN 2025,WN 2025,02003,Information Mas,9445MSI,User Experience Design MSI,2520,WN 2025,GINF,039081,SI,529
49521451,FA 2024,GINF,WN 2025,WN 2025,02003,Information Mas,9445MSI,User Experience Design MSI,2520,WN 2025,GINF,043863,SI,612
49521451,FA 2024,GINF,WN 2025,WN 2025,02003,Information Mas,9445MSI,User Experience Design MSI,2520,WN 2025,GINF,047901,SI,699
50334784,FA 2025,GINF,WN 2027, ,02003,Information Mas,9445MSI,User Experience Design MSI,2560,FA 2025,GINF,017281,SI,588
50334784,FA 2025,GINF,WN 2027, ,02003,Information Mas,9445MSI,User Experience Design MSI,2560,FA 2025,GINF,021391,SI,511
50334784,FA 2025,GINF,WN 2027, ,02003,Information Mas,9445MSI,User Experience Design MSI,2560,FA 2025,GINF,047246,SI,506
50334784,FA 2025,GINF,WN 2027, ,02003,Information Mas,9445MSI,User Experience Design MSI,2560,FA 2025,GINF,048129,SI,505
50334784,FA 2025,GINF,WN 2027, ,02003,Information Mas,9445MSI,User Experience Design MSI,2560,FA 2025,GINF,048488,SI,559
50334784,FA 2025,GINF,WN 2027, ,02003,Information Mas,9445MSI,User Experience Design MSI,2560,FA 2025,GINF,051553,SI,500
50334784,FA 2025,GINF,WN 2027, ,02003,Information Mas,9445MSI,User Experience Design MSI,2570,WN 2026,GINF,020401,SI,622
50334784,FA 2025,GINF,WN 2027, ,02003,Information Mas,9445MSI,User Experience Design MSI,2570,WN 2026,GINF,039979,SI,623
50334784,FA 2025,GINF,WN 2027, ,02003,Information Mas,9445MSI,User Experience Design MSI,2570,WN 2026,GINF,043863,SI,612
50334784,FA 2025,GINF,WN 2027, ,02003,Information Mas,9445MSI,User Experience Design MSI,2570,WN 2026,GINF,051454,SI,594
50334784,FA 2025,GINF,WN 2027, ,02003,Information Mas,9445MSI,User Experience Design MSI,2570,WN 2026,GINF,052256,ENTR,475
50432211,FA 2024,GINF,FA 2025,FA 2025,02003,Information Mas,9445MSI,User Experience Design MSI,2510,FA 2024,GINF,021400,SI,520
50432211,FA 2024,GINF,FA 2025,FA 2025,02003,Information Mas,9445MSI,User Experience Design MSI,2510,FA 2024,GINF,041985,SI,542
50432211,FA 2024,GINF,FA 2025,FA 2025,02003,Information Mas,9445MSI,User Experience Design MSI,2510,FA 2024,GINF,043863,SI,612
50432211,FA 2024,GINF,FA 2025,FA 2025,02003,Information Mas,9445MSI,User Experience Design MSI,2510,FA 2024,GINF,047246,SI,506
50432211,FA 2024,GINF,FA 2025,FA 2025,02003,Information Mas,9445MSI,User Experience Design MSI,2510,FA 2024,GINF,051553,SI,500
50432211,FA 2024,GINF,FA 2025,FA 2025,02003,Information Mas,9445MSI,User Experience Design MSI,2520,WN 2025,GINF,021391,SI,511
50432211,FA 2024,GINF,FA 2025,FA 2025,02003,Information Mas,9445MSI,User Experience Design MSI,2520,WN 2025,GINF,022099,SI,658
50432211,FA 2024,GINF,FA 2025,FA 2025,02003,Information Mas,9445MSI,User Experience Design MSI,2520,WN 2025,GINF,040667,SI,681
50432211,FA 2024,GINF,FA 2025,FA 2025,02003,Information Mas,9445MSI,User Experience Design MSI,2520,WN 2025,GINF,041945,ARCH,507
50432211,FA 2024,GINF,FA 2025,FA 2025,02003,Information Mas,9445MSI,User Experience Design MSI,2520,WN 2025,GINF,051836,SI,611
50432211,FA 2024,GINF,FA 2025,FA 2025,02003,Information Mas,9445MSI,User Experience Design MSI,2560,FA 2025,GINF,021391,SI,511
50432211,FA 2024,GINF,FA 2025,FA 2025,02003,Information Mas,9445MSI,User Experience Design MSI,2560,FA 2025,GINF,042071,SI,563
50432211,FA 2024,GINF,FA 2025,FA 2025,02003,Information Mas,9445MSI,User Experience Design MSI,2560,FA 2025,GINF,043210,SI,534
50432211,FA 2024,GINF,FA 2025,FA 2025,02003,Information Mas,9445MSI,User Experience Design MSI,2560,FA 2025,GINF,047901,SI,699
50567997,FA 2024,GINF,WN 2026, ,02003,Information Mas,9445MSI,User Experience Design MSI,2510,FA 2024,GINF,017281,SI,588
50567997,FA 2024,GINF,WN 2026, ,02003,Information Mas,9445MSI,User Experience Design MSI,2510,FA 2024,GINF,039178,SI,539
50567997,FA 2024,GINF,WN 2026, ,02003,Information Mas,9445MSI,User Experience Design MSI,2510,FA 2024,GINF,047246,SI,506
50567997,FA 2024,GINF,WN 2026, ,02003,Information Mas,9445MSI,User Experience Design MSI,2510,FA 2024,GINF,051553,SI,500
50567997,FA 2024,GINF,WN 2026, ,02003,Information Mas,9445MSI,User Experience Design MSI,2520,WN 2025,GINF,020401,SI,622
50567997,FA 2024,GINF,WN 2026, ,02003,Information Mas,9445MSI,User Experience Design MSI,2520,WN 2025,GINF,040667,SI,681
50567997,FA 2024,GINF,WN 2026, ,02003,Information Mas,9445MSI,User Experience Design MSI,2520,WN 2025,GINF,044772,SI,582
50567997,FA 2024,GINF,WN 2026, ,02003,Information Mas,9445MSI,User Experience Design MSI,2520,WN 2025,GINF,048129,SI,505
50567997,FA 2024,GINF,WN 2026, ,02003,Information Mas,9445MSI,User Experience Design MSI,2520,WN 2025,GINF,048486,SI,659
50567997,FA 2024,GINF,WN 2026, ,02003,Information Mas,9445MSI,User Experience Design MSI,2520,WN 2025,GINF,051836,SI,611
50567997,FA 2024,GINF,WN 2026, ,02003,Information Mas,9445MSI,User Experience Design MSI,2560,FA 2025,GINF,001459,SI,690
50567997,FA 2024,GINF,WN 2026, ,02003,Information Mas,9445MSI,User Experience Design MSI,2560,FA 2025,GINF,043210,SI,534
50567997,FA 2024,GINF,WN 2026, ,02003,Information Mas,9445MSI,User Experience Design MSI,2560,FA 2025,GINF,045393,SI,552
50567997,FA 2024,GINF,WN 2026, ,02003,Information Mas,9445MSI,User Experience Design MSI,2560,FA 2025,GINF,045771,SI,684
50567997,FA 2024,GINF,WN 2026, ,02003,Information Mas,9445MSI,User Experience Design MSI,2560,FA 2025,GINF,048507,EECS,298
50567997,FA 2024,GINF,WN 2026, ,02003,Information Mas,9445MSI,User Experience Design MSI,2570,WN 2026,GINF,001459,SI,690
50567997,FA 2024,GINF,WN 2026, ,02003,Information Mas,9445MSI,User Experience Design MSI,2570,WN 2026,GINF,021391,SI,511
50567997,FA 2024,GINF,WN 2026, ,02003,Information Mas,9445MSI,User Experience Design MSI,2570,WN 2026,GINF,047901,SI,699
50567997,FA 2024,GINF,WN 2026, ,02003,Information Mas,9445MSI,User Experience Design MSI,2570,WN 2026,GINF,050136,UARTS,560
50567997,FA 2024,GINF,WN 2026, ,02003,Information Mas,9445MSI,User Experience Design MSI,2570,WN 2026,GINF,051454,SI,594
50866512,FA 2025,GINF,WN 2027, ,02003,Information Mas,9445MSI,User Experience Design MSI,2560,FA 2025,GINF,017281,SI,588
50866512,FA 2025,GINF,WN 2027, ,02003,Information Mas,9445MSI,User Experience Design MSI,2560,FA 2025,GINF,044772,SI,582
50866512,FA 2025,GINF,WN 2027, ,02003,Information Mas,9445MSI,User Experience Design MSI,2560,FA 2025,GINF,047246,SI,506
50866512,FA 2025,GINF,WN 2027, ,02003,Information Mas,9445MSI,User Experience Design MSI,2560,FA 2025,GINF,048129,SI,505
50866512,FA 2025,GINF,WN 2027, ,02003,Information Mas,9445MSI,User Experience Design MSI,2560,FA 2025,GINF,051553,SI,500
50866512,FA 2025,GINF,WN 2027, ,02003,Information Mas,9445MSI,User Experience Design MSI,2570,WN 2026,GINF,020401,SI,622
50866512,FA 2025,GINF,WN 2027, ,02003,Information Mas,9445MSI,User Experience Design MSI,2570,WN 2026,GINF,021391,SI,511
50866512,FA 2025,GINF,WN 2027, ,02003,Information Mas,9445MSI,User Experience Design MSI,2570,WN 2026,GINF,051836,SI,611
51648056,FA 2024,GINF,WN 2026, ,02003,Information Mas,0775MSI,Big Data Analytics MSI,2510,FA 2024,GINF,021391,SI,511
51648056,FA 2024,GINF,WN 2026, ,02003,Information Mas,0775MSI,Big Data Analytics MSI,2510,FA 2024,GINF,047640,SI,507
51648056,FA 2024,GINF,WN 2026, ,02003,Information Mas,0775MSI,Big Data Analytics MSI,2510,FA 2024,GINF,050164,SI,504
51648056,FA 2024,GINF,WN 2026, ,02003,Information Mas,0775MSI,Big Data Analytics MSI,2510,FA 2024,GINF,051553,SI,500
51648056,FA 2024,GINF,WN 2026, ,02003,Information Mas,0775MSI,Big Data Analytics MSI,2520,WN 2025,GINF,020934,SI,649
51648056,FA 2024,GINF,WN 2026, ,02003,Information Mas,0775MSI,Big Data Analytics MSI,2520,WN 2025,GINF,042091,SI,618
51648056,FA 2024,GINF,WN 2026, ,02003,Information Mas,0775MSI,Big Data Analytics MSI,2520,WN 2025,GINF,050663,SI,568
51648056,FA 2024,GINF,WN 2026, ,02003,Information Mas,0775MSI,Big Data Analytics MSI,2520,WN 2025,GINF,050983,SI,602
51648056,FA 2024,GINF,WN 2026, ,02003,Information Mas,0775MSI,Big Data Analytics MSI,2560,FA 2025,GINF,041934,SI,608
51648056,FA 2024,GINF,WN 2026, ,02003,Information Mas,0775MSI,Big Data Analytics MSI,2560,FA 2025,GINF,045930,SI,671
51648056,FA 2024,GINF,WN 2026, ,02003,Information Mas,0775MSI,Big Data Analytics MSI,2570,WN 2026,GINF,047901,SI,699
51648056,FA 2024,GINF,WN 2026, ,02003,Information Mas,0775MSI,Big Data Analytics MSI,2570,WN 2026,GINF,051454,SI,594
51711522,FA 2025,GINF,WN 2027, ,02003,Information Mas,9445MSI,User Experience Design MSI,2560,FA 2025,GINF,017281,SI,588
51711522,FA 2025,GINF,WN 2027, ,02003,Information Mas,9445MSI,User Experience Design MSI,2560,FA 2025,GINF,044772,SI,582
51711522,FA 2025,GINF,WN 2027, ,02003,Information Mas,9445MSI,User Experience Design MSI,2560,FA 2025,GINF,047246,SI,506
51711522,FA 2025,GINF,WN 2027, ,02003,Information Mas,9445MSI,User Experience Design MSI,2560,FA 2025,GINF,048129,SI,505
51711522,FA 2025,GINF,WN 2027, ,02003,Information Mas,9445MSI,User Experience Design MSI,2560,FA 2025,GINF,051553,SI,500
51711522,FA 2025,GINF,WN 2027, ,02003,Information Mas,9445MSI,User Experience Design MSI,2570,WN 2026,GINF,020401,SI,622
51711522,FA 2025,GINF,WN 2027, ,02003,Information Mas,9445MSI,User Experience Design MSI,2570,WN 2026,GINF,021391,SI,511
51711522,FA 2025,GINF,WN 2027, ,02003,Information Mas,9445MSI,User Experience Design MSI,2570,WN 2026,GINF,039178,SI,539
51711522,FA 2025,GINF,WN 2027, ,02003,Information Mas,9445MSI,User Experience Design MSI,2570,WN 2026,GINF,051836,SI,611
51752572,FA 2024,GINF,WN 2026, ,02003,Information Mas,9445MSI,User Experience Design MSI,2510,FA 2024,GINF,017281,SI,588
51752572,FA 2024,GINF,WN 2026, ,02003,Information Mas,9445MSI,User Experience Design MSI,2510,FA 2024,GINF,047246,SI,506
51752572,FA 2024,GINF,WN 2026, ,02003,Information Mas,9445MSI,User Experience Design MSI,2510,FA 2024,GINF,051553,SI,500
51752572,FA 2024,GINF,WN 2026, ,02003,Information Mas,9445MSI,User Experience Design MSI,2520,WN 2025,GINF,020401,SI,622
51752572,FA 2024,GINF,WN 2026, ,02003,Information Mas,9445MSI,User Experience Design MSI,2520,WN 2025,GINF,039178,SI,539
51752572,FA 2024,GINF,WN 2026, ,02003,Information Mas,9445MSI,User Experience Design MSI,2520,WN 2025,GINF,044772,SI,582
51752572,FA 2024,GINF,WN 2026, ,02003,Information Mas,9445MSI,User Experience Design MSI,2560,FA 2025,GINF,001459,SI,690
51752572,FA 2024,GINF,WN 2026, ,02003,Information Mas,9445MSI,User Experience Design MSI,2560,FA 2025,GINF,021400,SI,520
51752572,FA 2024,GINF,WN 2026, ,02003,Information Mas,9445MSI,User Experience Design MSI,2560,FA 2025,GINF,038659,SI,519
51752572,FA 2024,GINF,WN 2026, ,02003,Information Mas,9445MSI,User Experience Design MSI,2560,FA 2025,GINF,045393,SI,552
51752572,FA 2024,GINF,WN 2026, ,02003,Information Mas,9445MSI,User Experience Design MSI,2560,FA 2025,GINF,048488,SI,559
51752572,FA 2024,GINF,WN 2026, ,02003,Information Mas,9445MSI,User Experience Design MSI,2570,WN 2026,GINF,009731,SI,580
51752572,FA 2024,GINF,WN 2026, ,02003,Information Mas,9445MSI,User Experience Design MSI,2570,WN 2026,GINF,012772,SI,548
51752572,FA 2024,GINF,WN 2026, ,02003,Information Mas,9445MSI,User Experience Design MSI,2570,WN 2026,GINF,022099,SI,658
51752572,FA 2024,GINF,WN 2026, ,02003,Information Mas,9445MSI,User Experience Design MSI,2570,WN 2026,GINF,047901,SI,699
51752572,FA 2024,GINF,WN 2026, ,02003,Information Mas,9445MSI,User Experience Design MSI,2570,WN 2026,GINF,051836,SI,611
52038398,FA 2024,GINF,WN 2026, ,02003,Information Mas,4865MSI,"Lib, Arch&Knwl Envs in Soc MSI",2510,FA 2024,GINF,009731,SI,580
52038398,FA 2024,GINF,WN 2026, ,02003,Information Mas,4865MSI,"Lib, Arch&Knwl Envs in Soc MSI",2510,FA 2024,GINF,021045,SI,666
52038398,FA 2024,GINF,WN 2026, ,02003,Information Mas,4865MSI,"Lib, Arch&Knwl Envs in Soc MSI",2510,FA 2024,GINF,047246,SI,506
52038398,FA 2024,GINF,WN 2026, ,02003,Information Mas,4865MSI,"Lib, Arch&Knwl Envs in Soc MSI",2510,FA 2024,GINF,051553,SI,500
52038398,FA 2024,GINF,WN 2026, ,02003,Information Mas,4865MSI,"Lib, Arch&Knwl Envs in Soc MSI",2520,WN 2025,GINF,039979,SI,623
52038398,FA 2024,GINF,WN 2026, ,02003,Information Mas,4865MSI,"Lib, Arch&Knwl Envs in Soc MSI",2520,WN 2025,GINF,040667,SI,681
52038398,FA 2024,GINF,WN 2026, ,02003,Information Mas,4865MSI,"Lib, Arch&Knwl Envs in Soc MSI",2520,WN 2025,GINF,048280,SI,667
52038398,FA 2024,GINF,WN 2026, ,02003,Information Mas,4865MSI,"Lib, Arch&Knwl Envs in Soc MSI",2520,WN 2025,GINF,050162,SI,510
52038398,FA 2024,GINF,WN 2026, ,02003,Information Mas,4865MSI,"Lib, Arch&Knwl Envs in Soc MSI",2520,WN 2025,GINF,050165,SI,585
52038398,FA 2024,GINF,WN 2026, ,02003,Information Mas,4865MSI,"Lib, Arch&Knwl Envs in Soc MSI",2560,FA 2025,GINF,021042,SI,647
52038398,FA 2024,GINF,WN 2026, ,02003,Information Mas,4865MSI,"Lib, Arch&Knwl Envs in Soc MSI",2560,FA 2025,GINF,038659,SI,519
52038398,FA 2024,GINF,WN 2026, ,02003,Information Mas,4865MSI,"Lib, Arch&Knwl Envs in Soc MSI",2560,FA 2025,GINF,049601,SI,564
52038398,FA 2024,GINF,WN 2026, ,02003,Information Mas,4865MSI,"Lib, Arch&Knwl Envs in Soc MSI",2560,FA 2025,GINF,050161,SI,676
52038398,FA 2024,GINF,WN 2026, ,02003,Information Mas,4865MSI,"Lib, Arch&Knwl Envs in Soc MSI",2560,FA 2025,GINF,050164,SI,504
52038398,FA 2024,GINF,WN 2026, ,02003,Information Mas,4865MSI,"Lib, Arch&Knwl Envs in Soc MSI",2570,WN 2026,GINF,001459,SI,690
52038398,FA 2024,GINF,WN 2026, ,02003,Information Mas,4865MSI,"Lib, Arch&Knwl Envs in Soc MSI",2570,WN 2026,GINF,020803,SI,643
52038398,FA 2024,GINF,WN 2026, ,02003,Information Mas,4865MSI,"Lib, Arch&Knwl Envs in Soc MSI",2570,WN 2026,GINF,042324,SI,639
52038398,FA 2024,GINF,WN 2026, ,02003,Information Mas,4865MSI,"Lib, Arch&Knwl Envs in Soc MSI",2570,WN 2026,GINF,047901,SI,699
52038398,FA 2024,GINF,WN 2026, ,02003,Information Mas,4865MSI,"Lib, Arch&Knwl Envs in Soc MSI",2570,WN 2026,GINF,048129,SI,505
52249050,FA 2024,GINF,WN 2026, ,02003,Information Mas,9445MSI,User Experience Design MSI,2510,FA 2024,GINF,017281,SI,588
52249050,FA 2024,GINF,WN 2026, ,02003,Information Mas,9445MSI,User Experience Design MSI,2510,FA 2024,GINF,044772,SI,582
52249050,FA 2024,GINF,WN 2026, ,02003,Information Mas,9445MSI,User Experience Design MSI,2510,FA 2024,GINF,047246,SI,506
52249050,FA 2024,GINF,WN 2026, ,02003,Information Mas,9445MSI,User Experience Design MSI,2510,FA 2024,GINF,048129,SI,505
52249050,FA 2024,GINF,WN 2026, ,02003,Information Mas,9445MSI,User Experience Design MSI,2510,FA 2024,GINF,051553,SI,500
52249050,FA 2024,GINF,WN 2026, ,02003,Information Mas,9445MSI,User Experience Design MSI,2520,WN 2025,GINF,020401,SI,622
52249050,FA 2024,GINF,WN 2026, ,02003,Information Mas,9445MSI,User Experience Design MSI,2520,WN 2025,GINF,021400,SI,520
52249050,FA 2024,GINF,WN 2026, ,02003,Information Mas,9445MSI,User Experience Design MSI,2520,WN 2025,GINF,039178,SI,539
52249050,FA 2024,GINF,WN 2026, ,02003,Information Mas,9445MSI,User Experience Design MSI,2520,WN 2025,GINF,040667,SI,681
52249050,FA 2024,GINF,WN 2026, ,02003,Information Mas,9445MSI,User Experience Design MSI,2520,WN 2025,GINF,050136,UARTS,560
52249050,FA 2024,GINF,WN 2026, ,02003,Information Mas,9445MSI,User Experience Design MSI,2560,FA 2025,GINF,013063,EAS,581
52249050,FA 2024,GINF,WN 2026, ,02003,Information Mas,9445MSI,User Experience Design MSI,2560,FA 2025,GINF,043863,SI,612
52249050,FA 2024,GINF,WN 2026, ,02003,Information Mas,9445MSI,User Experience Design MSI,2560,FA 2025,GINF,045393,SI,552
52249050,FA 2024,GINF,WN 2026, ,02003,Information Mas,9445MSI,User Experience Design MSI,2560,FA 2025,GINF,048831,SI,547
52249050,FA 2024,GINF,WN 2026, ,02003,Information Mas,9445MSI,User Experience Design MSI,2560,FA 2025,GINF,050136,UARTS,560
52249050,FA 2024,GINF,WN 2026, ,02003,Information Mas,9445MSI,User Experience Design MSI,2570,WN 2026,GINF,021391,SI,511
52249050,FA 2024,GINF,WN 2026, ,02003,Information Mas,9445MSI,User Experience Design MSI,2570,WN 2026,GINF,043515,DANCE,100
52249050,FA 2024,GINF,WN 2026, ,02003,Information Mas,9445MSI,User Experience Design MSI,2570,WN 2026,GINF,047901,SI,699
52249050,FA 2024,GINF,WN 2026, ,02003,Information Mas,9445MSI,User Experience Design MSI,2570,WN 2026,GINF,050136,UARTS,560
52249050,FA 2024,GINF,WN 2026, ,02003,Information Mas,9445MSI,User Experience Design MSI,2570,WN 2026,GINF,051836,SI,611
52283846,FA 2025,GINF,WN 2027, ,02003,Information Mas,9445MSI,User Experience Design MSI,2560,FA 2025,GINF,017281,SI,588
52283846,FA 2025,GINF,WN 2027, ,02003,Information Mas,9445MSI,User Experience Design MSI,2560,FA 2025,GINF,039178,SI,539
52283846,FA 2025,GINF,WN 2027, ,02003,Information Mas,9445MSI,User Experience Design MSI,2560,FA 2025,GINF,047246,SI,506
52283846,FA 2025,GINF,WN 2027, ,02003,Information Mas,9445MSI,User Experience Design MSI,2560,FA 2025,GINF,051553,SI,500
52283846,FA 2025,GINF,WN 2027, ,02003,Information Mas,9445MSI,User Experience Design MSI,2570,WN 2026,GINF,020401,SI,622
52283846,FA 2025,GINF,WN 2027, ,02003,Information Mas,9445MSI,User Experience Design MSI,2570,WN 2026,GINF,021391,SI,511
52283846,FA 2025,GINF,WN 2027, ,02003,Information Mas,9445MSI,User Experience Design MSI,2570,WN 2026,GINF,044772,SI,582
52283846,FA 2025,GINF,WN 2027, ,02003,Information Mas,9445MSI,User Experience Design MSI,2570,WN 2026,GINF,051836,SI,611
52327614,FA 2024,GINF,WN 2026, ,02003,Information Mas,9455MSI,User-Centered Agile Dev MSI,2510,FA 2024,GINF,017281,SI,588
52327614,FA 2024,GINF,WN 2026, ,02003,Information Mas,9455MSI,User-Centered Agile Dev MSI,2510,FA 2024,GINF,039178,SI,539
52327614,FA 2024,GINF,WN 2026, ,02003,Information Mas,9455MSI,User-Centered Agile Dev MSI,2510,FA 2024,GINF,044772,SI,582
52327614,FA 2024,GINF,WN 2026, ,02003,Information Mas,9455MSI,User-Centered Agile Dev MSI,2510,FA 2024,GINF,047246,SI,506
52327614,FA 2024,GINF,WN 2026, ,02003,Information Mas,9455MSI,User-Centered Agile Dev MSI,2510,FA 2024,GINF,048129,SI,505
52327614,FA 2024,GINF,WN 2026, ,02003,Information Mas,9455MSI,User-Centered Agile Dev MSI,2510,FA 2024,GINF,051553,SI,500
52327614,FA 2024,GINF,WN 2026, ,02003,Information Mas,9455MSI,User-Centered Agile Dev MSI,2520,WN 2025,GINF,021391,SI,511
52327614,FA 2024,GINF,WN 2026, ,02003,Information Mas,9455MSI,User-Centered Agile Dev MSI,2520,WN 2025,GINF,040667,SI,681
52327614,FA 2024,GINF,WN 2026, ,02003,Information Mas,9455MSI,User-Centered Agile Dev MSI,2520,WN 2025,GINF,041626,SI,664
52327614,FA 2024,GINF,WN 2026, ,02003,Information Mas,9455MSI,User-Centered Agile Dev MSI,2520,WN 2025,GINF,048486,SI,659
52327614,FA 2024,GINF,WN 2026, ,02003,Information Mas,9455MSI,User-Centered Agile Dev MSI,2520,WN 2025,GINF,050159,SI,579
52327614,FA 2024,GINF,WN 2026, ,02003,Information Mas,9455MSI,User-Centered Agile Dev MSI,2520,WN 2025,GINF,050164,SI,504
52327614,FA 2024,GINF,WN 2026, ,02003,Information Mas,9455MSI,User-Centered Agile Dev MSI,2520,WN 2025,GINF,051454,SI,594
52327614,FA 2024,GINF,WN 2026, ,02003,Information Mas,9455MSI,User-Centered Agile Dev MSI,2560,FA 2025,GINF,048154,MKT,626
52327614,FA 2024,GINF,WN 2026, ,02003,Information Mas,9455MSI,User-Centered Agile Dev MSI,2560,FA 2025,GINF,052093,EDUC,546
52327614,FA 2024,GINF,WN 2026, ,02003,Information Mas,9455MSI,User-Centered Agile Dev MSI,2560,FA 2025,GINF,052172,SI,679
52327614,FA 2024,GINF,WN 2026, ,02003,Information Mas,9455MSI,User-Centered Agile Dev MSI,2570,WN 2026,GINF,047901,SI,699
52436219,FA 2025,GINF,WN 2027, ,02003,Information Mas,0775MSI,Big Data Analytics MSI,2560,FA 2025,GINF,016607,SI,544
52436219,FA 2025,GINF,WN 2027, ,02003,Information Mas,0775MSI,Big Data Analytics MSI,2560,FA 2025,GINF,047246,SI,506
52436219,FA 2025,GINF,WN 2027, ,02003,Information Mas,0775MSI,Big Data Analytics MSI,2560,FA 2025,GINF,050164,SI,504
52436219,FA 2025,GINF,WN 2027, ,02003,Information Mas,0775MSI,Big Data Analytics MSI,2560,FA 2025,GINF,051553,SI,500
52436219,FA 2025,GINF,WN 2027, ,02003,Information Mas,0775MSI,Big Data Analytics MSI,2570,WN 2026,GINF,001801,MATH,417
52436219,FA 2025,GINF,WN 2027, ,02003,Information Mas,0775MSI,Big Data Analytics MSI,2570,WN 2026,GINF,042091,SI,618
52436219,FA 2025,GINF,WN 2027, ,02003,Information Mas,0775MSI,Big Data Analytics MSI,2570,WN 2026,GINF,047640,SI,507
52436219,FA 2025,GINF,WN 2027, ,02003,Information Mas,0775MSI,Big Data Analytics MSI,2570,WN 2026,GINF,049601,SI,564
52436219,FA 2025,GINF,WN 2027, ,02003,Information Mas,0775MSI,Big Data Analytics MSI,2570,WN 2026,GINF,050663,SI,568
52592335,FA 2025,GINF,WN 2027, ,02003,Information Mas,0775MSI,Big Data Analytics MSI,2560,FA 2025,GINF,041626,SI,664
52592335,FA 2025,GINF,WN 2027, ,02003,Information Mas,0775MSI,Big Data Analytics MSI,2560,FA 2025,GINF,043210,SI,534
52592335,FA 2025,GINF,WN 2027, ,02003,Information Mas,0775MSI,Big Data Analytics MSI,2560,FA 2025,GINF,047640,SI,507
52592335,FA 2025,GINF,WN 2027, ,02003,Information Mas,0775MSI,Big Data Analytics MSI,2560,FA 2025,GINF,049601,SI,564
52592335,FA 2025,GINF,WN 2027, ,02003,Information Mas,0775MSI,Big Data Analytics MSI,2560,FA 2025,GINF,050164,SI,504
52592335,FA 2025,GINF,WN 2027, ,02003,Information Mas,0775MSI,Big Data Analytics MSI,2560,FA 2025,GINF,051553,SI,500
52592335,FA 2025,GINF,WN 2027, ,02003,Information Mas,0775MSI,Big Data Analytics MSI,2570,WN 2026,GINF,014746,EECS,542
52592335,FA 2025,GINF,WN 2027, ,02003,Information Mas,0775MSI,Big Data Analytics MSI,2570,WN 2026,GINF,014748,EECS,545
52592335,FA 2025,GINF,WN 2027, ,02003,Information Mas,0775MSI,Big Data Analytics MSI,2570,WN 2026,GINF,020934,SI,649
52592335,FA 2025,GINF,WN 2027, ,02003,Information Mas,0775MSI,Big Data Analytics MSI,2570,WN 2026,GINF,047226,EECS,504
52592335,FA 2025,GINF,WN 2027, ,02003,Information Mas,0775MSI,Big Data Analytics MSI,2570,WN 2026,GINF,048268,SI,630
52592335,FA 2025,GINF,WN 2027, ,02003,Information Mas,0775MSI,Big Data Analytics MSI,2570,WN 2026,GINF,050663,SI,568
52592335,FA 2025,GINF,WN 2027, ,02003,Information Mas,0775MSI,Big Data Analytics MSI,2570,WN 2026,GINF,052216,SI,512
52651588,FA 2024,GINF,WN 2026, ,02003,Information Mas,9445MSI,User Experience Design MSI,2510,FA 2024,GINF,017281,SI,588
52651588,FA 2024,GINF,WN 2026, ,02003,Information Mas,9445MSI,User Experience Design MSI,2510,FA 2024,GINF,021400,SI,520
52651588,FA 2024,GINF,WN 2026, ,02003,Information Mas,9445MSI,User Experience Design MSI,2510,FA 2024,GINF,044772,SI,582
52651588,FA 2024,GINF,WN 2026, ,02003,Information Mas,9445MSI,User Experience Design MSI,2510,FA 2024,GINF,047246,SI,506
52651588,FA 2024,GINF,WN 2026, ,02003,Information Mas,9445MSI,User Experience Design MSI,2510,FA 2024,GINF,051553,SI,500
52651588,FA 2024,GINF,WN 2026, ,02003,Information Mas,9445MSI,User Experience Design MSI,2520,WN 2025,GINF,020401,SI,622
52651588,FA 2024,GINF,WN 2026, ,02003,Information Mas,9445MSI,User Experience Design MSI,2520,WN 2025,GINF,021391,SI,511
52651588,FA 2024,GINF,WN 2026, ,02003,Information Mas,9445MSI,User Experience Design MSI,2520,WN 2025,GINF,022099,SI,658
52651588,FA 2024,GINF,WN 2026, ,02003,Information Mas,9445MSI,User Experience Design MSI,2520,WN 2025,GINF,039178,SI,539
52651588,FA 2024,GINF,WN 2026, ,02003,Information Mas,9445MSI,User Experience Design MSI,2520,WN 2025,GINF,048488,SI,559
52651588,FA 2024,GINF,WN 2026, ,02003,Information Mas,9445MSI,User Experience Design MSI,2560,FA 2025,GINF,021391,SI,511
52651588,FA 2024,GINF,WN 2026, ,02003,Information Mas,9445MSI,User Experience Design MSI,2560,FA 2025,GINF,042071,SI,563
52651588,FA 2024,GINF,WN 2026, ,02003,Information Mas,9445MSI,User Experience Design MSI,2560,FA 2025,GINF,045393,SI,552
52651588,FA 2024,GINF,WN 2026, ,02003,Information Mas,9445MSI,User Experience Design MSI,2560,FA 2025,GINF,052088,ENTR,405
52651588,FA 2024,GINF,WN 2026, ,02003,Information Mas,9445MSI,User Experience Design MSI,2570,WN 2026,GINF,021391,SI,511
52651588,FA 2024,GINF,WN 2026, ,02003,Information Mas,9445MSI,User Experience Design MSI,2570,WN 2026,GINF,047901,SI,699
52651588,FA 2024,GINF,WN 2026, ,02003,Information Mas,9445MSI,User Experience Design MSI,2570,WN 2026,GINF,051454,SI,594
52651588,FA 2024,GINF,WN 2026, ,02003,Information Mas,9445MSI,User Experience Design MSI,2570,WN 2026,GINF,051836,SI,611
53029123,FA 2025,GINF,WN 2027, ,02003,Information Mas,9445MSI,User Experience Design MSI,2560,FA 2025,GINF,017281,SI,588
53029123,FA 2025,GINF,WN 2027, ,02003,Information Mas,9445MSI,User Experience Design MSI,2560,FA 2025,GINF,044772,SI,582
53029123,FA 2025,GINF,WN 2027, ,02003,Information Mas,9445MSI,User Experience Design MSI,2560,FA 2025,GINF,047246,SI,506
53029123,FA 2025,GINF,WN 2027, ,02003,Information Mas,9445MSI,User Experience Design MSI,2560,FA 2025,GINF,051553,SI,500
53029123,FA 2025,GINF,WN 2027, ,02003,Information Mas,9445MSI,User Experience Design MSI,2570,WN 2026,GINF,020401,SI,622
53029123,FA 2025,GINF,WN 2027, ,02003,Information Mas,9445MSI,User Experience Design MSI,2570,WN 2026,GINF,021391,SI,511
53029123,FA 2025,GINF,WN 2027, ,02003,Information Mas,9445MSI,User Experience Design MSI,2570,WN 2026,GINF,039178,SI,539
53029123,FA 2025,GINF,WN 2027, ,02003,Information Mas,9445MSI,User Experience Design MSI,2570,WN 2026,GINF,048129,SI,505
53029123,FA 2025,GINF,WN 2027, ,02003,Information Mas,9445MSI,User Experience Design MSI,2570,WN 2026,GINF,051836,SI,611
53071226,FA 2024,GINF,WN 2026, ,02003,Information Mas,0775MSI,Big Data Analytics MSI,2510,FA 2024,GINF,016607,SI,544
53071226,FA 2024,GINF,WN 2026, ,02003,Information Mas,0775MSI,Big Data Analytics MSI,2510,FA 2024,GINF,047246,SI,506
53071226,FA 2024,GINF,WN 2026, ,02003,Information Mas,0775MSI,Big Data Analytics MSI,2510,FA 2024,GINF,050164,SI,504
53071226,FA 2024,GINF,WN 2026, ,02003,Information Mas,0775MSI,Big Data Analytics MSI,2510,FA 2024,GINF,051553,SI,500
53071226,FA 2024,GINF,WN 2026, ,02003,Information Mas,0775MSI,Big Data Analytics MSI,2520,WN 2025,GINF,040667,SI,681
53071226,FA 2024,GINF,WN 2026, ,02003,Information Mas,0775MSI,Big Data Analytics MSI,2520,WN 2025,GINF,042091,SI,618
53071226,FA 2024,GINF,WN 2026, ,02003,Information Mas,0775MSI,Big Data Analytics MSI,2520,WN 2025,GINF,047228,ENTR,500
53071226,FA 2024,GINF,WN 2026, ,02003,Information Mas,0775MSI,Big Data Analytics MSI,2520,WN 2025,GINF,047640,SI,507
53071226,FA 2024,GINF,WN 2026, ,02003,Information Mas,0775MSI,Big Data Analytics MSI,2520,WN 2025,GINF,048129,SI,505
53071226,FA 2024,GINF,WN 2026, ,02003,Information Mas,0775MSI,Big Data Analytics MSI,2520,WN 2025,GINF,050663,SI,568
53071226,FA 2024,GINF,WN 2026, ,02003,Information Mas,0775MSI,Big Data Analytics MSI,2520,WN 2025,GINF,050983,SI,602
53071226,FA 2024,GINF,WN 2026, ,02003,Information Mas,0775MSI,Big Data Analytics MSI,2560,FA 2025,GINF,021391,SI,511
53071226,FA 2024,GINF,WN 2026, ,02003,Information Mas,0775MSI,Big Data Analytics MSI,2560,FA 2025,GINF,041934,SI,608
53071226,FA 2024,GINF,WN 2026, ,02003,Information Mas,0775MSI,Big Data Analytics MSI,2560,FA 2025,GINF,044772,SI,582
53071226,FA 2024,GINF,WN 2026, ,02003,Information Mas,0775MSI,Big Data Analytics MSI,2560,FA 2025,GINF,045930,SI,671
53071226,FA 2024,GINF,WN 2026, ,02003,Information Mas,0775MSI,Big Data Analytics MSI,2570,WN 2026,GINF,021391,SI,511
53071226,FA 2024,GINF,WN 2026, ,02003,Information Mas,0775MSI,Big Data Analytics MSI,2570,WN 2026,GINF,047901,SI,699
53071226,FA 2024,GINF,WN 2026, ,02003,Information Mas,0775MSI,Big Data Analytics MSI,2570,WN 2026,GINF,048268,SI,630
53421201,FA 2024,GINF,WN 2025,WN 2025,02003,Information Mas,9445MSI,User Experience Design MSI,2510,FA 2024,GINF,021391,SI,511
53421201,FA 2024,GINF,WN 2025,WN 2025,02003,Information Mas,9445MSI,User Experience Design MSI,2510,FA 2024,GINF,043210,SI,534
53421201,FA 2024,GINF,WN 2025,WN 2025,02003,Information Mas,9445MSI,User Experience Design MSI,2510,FA 2024,GINF,045393,SI,552
53421201,FA 2024,GINF,WN 2025,WN 2025,02003,Information Mas,9445MSI,User Experience Design MSI,2510,FA 2024,GINF,048488,SI,559
53421201,FA 2024,GINF,WN 2025,WN 2025,02003,Information Mas,9445MSI,User Experience Design MSI,2510,FA 2024,GINF,051553,SI,500
53421201,FA 2024,GINF,WN 2025,WN 2025,02003,Information Mas,9445MSI,User Experience Design MSI,2520,WN 2025,GINF,021391,SI,511
53421201,FA 2024,GINF,WN 2025,WN 2025,02003,Information Mas,9445MSI,User Experience Design MSI,2520,WN 2025,GINF,022099,SI,658
53421201,FA 2024,GINF,WN 2025,WN 2025,02003,Information Mas,9445MSI,User Experience Design MSI,2520,WN 2025,GINF,047304,ENTR,550
53421201,FA 2024,GINF,WN 2025,WN 2025,02003,Information Mas,9445MSI,User Experience Design MSI,2520,WN 2025,GINF,047901,SI,699
53421201,FA 2024,GINF,WN 2025,WN 2025,02003,Information Mas,9445MSI,User Experience Design MSI,2520,WN 2025,GINF,051836,SI,611
53563350,FA 2024,GINF,WN 2027, ,02003,Information Mas,9445MSI,User Experience Design MSI,2510,FA 2024,GINF,039178,SI,539
53563350,FA 2024,GINF,WN 2027, ,02003,Information Mas,9445MSI,User Experience Design MSI,2510,FA 2024,GINF,044772,SI,582
53563350,FA 2024,GINF,WN 2027, ,02003,Information Mas,9445MSI,User Experience Design MSI,2510,FA 2024,GINF,047246,SI,506
53563350,FA 2024,GINF,WN 2027, ,02003,Information Mas,9445MSI,User Experience Design MSI,2510,FA 2024,GINF,048129,SI,505
53563350,FA 2024,GINF,WN 2027, ,02003,Information Mas,9445MSI,User Experience Design MSI,2510,FA 2024,GINF,048488,SI,559
53563350,FA 2024,GINF,WN 2027, ,02003,Information Mas,9445MSI,User Experience Design MSI,2510,FA 2024,GINF,051553,SI,500
53563350,FA 2024,GINF,WN 2027, ,02003,Information Mas,9445MSI,User Experience Design MSI,2520,WN 2025,GINF,020401,SI,622
53563350,FA 2024,GINF,WN 2027, ,02003,Information Mas,9445MSI,User Experience Design MSI,2520,WN 2025,GINF,041626,SI,664
53563350,FA 2024,GINF,WN 2027, ,02003,Information Mas,9445MSI,User Experience Design MSI,2520,WN 2025,GINF,041957,ENGR,599
53563350,FA 2024,GINF,WN 2027, ,02003,Information Mas,9445MSI,User Experience Design MSI,2520,WN 2025,GINF,051454,SI,594
53563350,FA 2024,GINF,WN 2027, ,02003,Information Mas,9445MSI,User Experience Design MSI,2560,FA 2025,GINF,017281,SI,588
53563350,FA 2024,GINF,WN 2027, ,02003,Information Mas,9445MSI,User Experience Design MSI,2560,FA 2025,GINF,041957,ENGR,599
53563350,FA 2024,GINF,WN 2027, ,02003,Information Mas,9445MSI,User Experience Design MSI,2560,FA 2025,GINF,049432,EDUC,616
53563350,FA 2024,GINF,WN 2027, ,02003,Information Mas,9445MSI,User Experience Design MSI,2560,FA 2025,GINF,052093,EDUC,546
53563350,FA 2024,GINF,WN 2027, ,02003,Information Mas,9445MSI,User Experience Design MSI,2570,WN 2026,GINF,021391,SI,511
53563350,FA 2024,GINF,WN 2027, ,02003,Information Mas,9445MSI,User Experience Design MSI,2570,WN 2026,GINF,021400,SI,520
53563350,FA 2024,GINF,WN 2027, ,02003,Information Mas,9445MSI,User Experience Design MSI,2570,WN 2026,GINF,045393,SI,552
53563350,FA 2024,GINF,WN 2027, ,02003,Information Mas,9445MSI,User Experience Design MSI,2570,WN 2026,GINF,049432,EDUC,616
53938278,FA 2025,GINF,WN 2027, ,02003,Information Mas,0775MSI,Big Data Analytics MSI,2560,FA 2025,GINF,016607,SI,544
53938278,FA 2025,GINF,WN 2027, ,02003,Information Mas,0775MSI,Big Data Analytics MSI,2560,FA 2025,GINF,039178,SI,539
53938278,FA 2025,GINF,WN 2027, ,02003,Information Mas,0775MSI,Big Data Analytics MSI,2560,FA 2025,GINF,047246,SI,506
53938278,FA 2025,GINF,WN 2027, ,02003,Information Mas,0775MSI,Big Data Analytics MSI,2560,FA 2025,GINF,048129,SI,505
53938278,FA 2025,GINF,WN 2027, ,02003,Information Mas,0775MSI,Big Data Analytics MSI,2560,FA 2025,GINF,049601,SI,564
53938278,FA 2025,GINF,WN 2027, ,02003,Information Mas,0775MSI,Big Data Analytics MSI,2560,FA 2025,GINF,050164,SI,504
53938278,FA 2025,GINF,WN 2027, ,02003,Information Mas,0775MSI,Big Data Analytics MSI,2560,FA 2025,GINF,051553,SI,500
53938278,FA 2025,GINF,WN 2027, ,02003,Information Mas,0775MSI,Big Data Analytics MSI,2570,WN 2026,GINF,041626,SI,664
53938278,FA 2025,GINF,WN 2027, ,02003,Information Mas,0775MSI,Big Data Analytics MSI,2570,WN 2026,GINF,042091,SI,618
53938278,FA 2025,GINF,WN 2027, ,02003,Information Mas,0775MSI,Big Data Analytics MSI,2570,WN 2026,GINF,043396,EECS,402
53938278,FA 2025,GINF,WN 2027, ,02003,Information Mas,0775MSI,Big Data Analytics MSI,2570,WN 2026,GINF,047640,SI,507
53938278,FA 2025,GINF,WN 2027, ,02003,Information Mas,0775MSI,Big Data Analytics MSI,2570,WN 2026,GINF,050663,SI,568
53938278,FA 2025,GINF,WN 2027, ,02003,Information Mas,0775MSI,Big Data Analytics MSI,2570,WN 2026,GINF,050983,SI,602
54379861,FA 2024,GINF,WN 2026, ,02003,Information Mas,0775MSI,Big Data Analytics MSI,2510,FA 2024,GINF,016607,SI,544
54379861,FA 2024,GINF,WN 2026, ,02003,Information Mas,0775MSI,Big Data Analytics MSI,2510,FA 2024,GINF,039178,SI,539
54379861,FA 2024,GINF,WN 2026, ,02003,Information Mas,0775MSI,Big Data Analytics MSI,2510,FA 2024,GINF,048488,SI,559
54379861,FA 2024,GINF,WN 2026, ,02003,Information Mas,0775MSI,Big Data Analytics MSI,2510,FA 2024,GINF,050159,SI,579
54379861,FA 2024,GINF,WN 2026, ,02003,Information Mas,0775MSI,Big Data Analytics MSI,2510,FA 2024,GINF,050164,SI,504
54379861,FA 2024,GINF,WN 2026, ,02003,Information Mas,0775MSI,Big Data Analytics MSI,2510,FA 2024,GINF,051553,SI,500
54379861,FA 2024,GINF,WN 2026, ,02003,Information Mas,0775MSI,Big Data Analytics MSI,2520,WN 2025,GINF,020934,SI,649
54379861,FA 2024,GINF,WN 2026, ,02003,Information Mas,0775MSI,Big Data Analytics MSI,2520,WN 2025,GINF,040667,SI,681
54379861,FA 2024,GINF,WN 2026, ,02003,Information Mas,0775MSI,Big Data Analytics MSI,2520,WN 2025,GINF,041626,SI,664
54379861,FA 2024,GINF,WN 2026, ,02003,Information Mas,0775MSI,Big Data Analytics MSI,2520,WN 2025,GINF,042091,SI,618
54379861,FA 2024,GINF,WN 2026, ,02003,Information Mas,0775MSI,Big Data Analytics MSI,2520,WN 2025,GINF,044772,SI,582
54379861,FA 2024,GINF,WN 2026, ,02003,Information Mas,0775MSI,Big Data Analytics MSI,2520,WN 2025,GINF,050663,SI,568
54379861,FA 2024,GINF,WN 2026, ,02003,Information Mas,0775MSI,Big Data Analytics MSI,2520,WN 2025,GINF,050983,SI,602
54379861,FA 2024,GINF,WN 2026, ,02003,Information Mas,0775MSI,Big Data Analytics MSI,2560,FA 2025,GINF,001459,SI,690
54379861,FA 2024,GINF,WN 2026, ,02003,Information Mas,0775MSI,Big Data Analytics MSI,2560,FA 2025,GINF,009732,SI,650
54379861,FA 2024,GINF,WN 2026, ,02003,Information Mas,0775MSI,Big Data Analytics MSI,2560,FA 2025,GINF,041934,SI,608
54379861,FA 2024,GINF,WN 2026, ,02003,Information Mas,0775MSI,Big Data Analytics MSI,2560,FA 2025,GINF,048500,SI,670
54379861,FA 2024,GINF,WN 2026, ,02003,Information Mas,0775MSI,Big Data Analytics MSI,2570,WN 2026,GINF,001459,SI,690
54379861,FA 2024,GINF,WN 2026, ,02003,Information Mas,0775MSI,Big Data Analytics MSI,2570,WN 2026,GINF,047901,SI,699
54729523,FA 2024,GINF,WN 2026, ,02003,Information Mas,0775MSI,Big Data Analytics MSI,2510,FA 2024,GINF,016607,SI,544
54729523,FA 2024,GINF,WN 2026, ,02003,Information Mas,0775MSI,Big Data Analytics MSI,2510,FA 2024,GINF,047246,SI,506
54729523,FA 2024,GINF,WN 2026, ,02003,Information Mas,0775MSI,Big Data Analytics MSI,2510,FA 2024,GINF,048129,SI,505
54729523,FA 2024,GINF,WN 2026, ,02003,Information Mas,0775MSI,Big Data Analytics MSI,2510,FA 2024,GINF,050164,SI,504
54729523,FA 2024,GINF,WN 2026, ,02003,Information Mas,0775MSI,Big Data Analytics MSI,2510,FA 2024,GINF,051553,SI,500
54729523,FA 2024,GINF,WN 2026, ,02003,Information Mas,0775MSI,Big Data Analytics MSI,2520,WN 2025,GINF,040667,SI,681
54729523,FA 2024,GINF,WN 2026, ,02003,Information Mas,0775MSI,Big Data Analytics MSI,2520,WN 2025,GINF,042091,SI,618
54729523,FA 2024,GINF,WN 2026, ,02003,Information Mas,0775MSI,Big Data Analytics MSI,2520,WN 2025,GINF,047640,SI,507
54729523,FA 2024,GINF,WN 2026, ,02003,Information Mas,0775MSI,Big Data Analytics MSI,2520,WN 2025,GINF,050663,SI,568
54729523,FA 2024,GINF,WN 2026, ,02003,Information Mas,0775MSI,Big Data Analytics MSI,2520,WN 2025,GINF,050983,SI,602
54729523,FA 2024,GINF,WN 2026, ,02003,Information Mas,0775MSI,Big Data Analytics MSI,2560,FA 2025,GINF,041626,SI,664
54729523,FA 2024,GINF,WN 2026, ,02003,Information Mas,0775MSI,Big Data Analytics MSI,2560,FA 2025,GINF,041934,SI,608
54729523,FA 2024,GINF,WN 2026, ,02003,Information Mas,0775MSI,Big Data Analytics MSI,2560,FA 2025,GINF,042071,SI,563
54729523,FA 2024,GINF,WN 2026, ,02003,Information Mas,0775MSI,Big Data Analytics MSI,2560,FA 2025,GINF,045930,SI,671
54729523,FA 2024,GINF,WN 2026, ,02003,Information Mas,0775MSI,Big Data Analytics MSI,2570,WN 2026,GINF,001459,SI,690
54729523,FA 2024,GINF,WN 2026, ,02003,Information Mas,0775MSI,Big Data Analytics MSI,2570,WN 2026,GINF,020934,SI,649
54729523,FA 2024,GINF,WN 2026, ,02003,Information Mas,0775MSI,Big Data Analytics MSI,2570,WN 2026,GINF,039081,SI,529
54729523,FA 2024,GINF,WN 2026, ,02003,Information Mas,0775MSI,Big Data Analytics MSI,2570,WN 2026,GINF,047901,SI,699
54791918,FA 2025,GINF,WN 2027, ,02003,Information Mas,9455MSI,User-Centered Agile Dev MSI,2560,FA 2025,GINF,017281,SI,588
54791918,FA 2025,GINF,WN 2027, ,02003,Information Mas,9455MSI,User-Centered Agile Dev MSI,2560,FA 2025,GINF,039178,SI,539
54791918,FA 2025,GINF,WN 2027, ,02003,Information Mas,9455MSI,User-Centered Agile Dev MSI,2560,FA 2025,GINF,041855,SI,631
54791918,FA 2025,GINF,WN 2027, ,02003,Information Mas,9455MSI,User-Centered Agile Dev MSI,2560,FA 2025,GINF,043863,SI,612
54791918,FA 2025,GINF,WN 2027, ,02003,Information Mas,9455MSI,User-Centered Agile Dev MSI,2560,FA 2025,GINF,051553,SI,500
54791918,FA 2025,GINF,WN 2027, ,02003,Information Mas,9455MSI,User-Centered Agile Dev MSI,2570,WN 2026,GINF,020401,SI,622
54791918,FA 2025,GINF,WN 2027, ,02003,Information Mas,9455MSI,User-Centered Agile Dev MSI,2570,WN 2026,GINF,049601,SI,564
54791918,FA 2025,GINF,WN 2027, ,02003,Information Mas,9455MSI,User-Centered Agile Dev MSI,2570,WN 2026,GINF,050159,SI,579
54791918,FA 2025,GINF,WN 2027, ,02003,Information Mas,9455MSI,User-Centered Agile Dev MSI,2570,WN 2026,GINF,050164,SI,504
54791918,FA 2025,GINF,WN 2027, ,02003,Information Mas,9455MSI,User-Centered Agile Dev MSI,2570,WN 2026,GINF,051836,SI,611
54805942,FA 2025,GINF,WN 2027, ,02003,Information Mas,0775MSI,Big Data Analytics MSI,2560,FA 2025,GINF,016607,SI,544
54805942,FA 2025,GINF,WN 2027, ,02003,Information Mas,0775MSI,Big Data Analytics MSI,2560,FA 2025,GINF,047246,SI,506
54805942,FA 2025,GINF,WN 2027, ,02003,Information Mas,0775MSI,Big Data Analytics MSI,2560,FA 2025,GINF,049601,SI,564
54805942,FA 2025,GINF,WN 2027, ,02003,Information Mas,0775MSI,Big Data Analytics MSI,2560,FA 2025,GINF,050164,SI,504
54805942,FA 2025,GINF,WN 2027, ,02003,Information Mas,0775MSI,Big Data Analytics MSI,2560,FA 2025,GINF,051553,SI,500
54805942,FA 2025,GINF,WN 2027, ,02003,Information Mas,0775MSI,Big Data Analytics MSI,2570,WN 2026,GINF,021391,SI,511
54805942,FA 2025,GINF,WN 2027, ,02003,Information Mas,0775MSI,Big Data Analytics MSI,2570,WN 2026,GINF,042091,SI,618
54805942,FA 2025,GINF,WN 2027, ,02003,Information Mas,0775MSI,Big Data Analytics MSI,2570,WN 2026,GINF,047640,SI,507
54805942,FA 2025,GINF,WN 2027, ,02003,Information Mas,0775MSI,Big Data Analytics MSI,2570,WN 2026,GINF,050663,SI,568
54805942,FA 2025,GINF,WN 2027, ,02003,Information Mas,0775MSI,Big Data Analytics MSI,2570,WN 2026,GINF,050983,SI,602
54805942,FA 2025,GINF,WN 2027, ,02003,Information Mas,0775MSI,Big Data Analytics MSI,2570,WN 2026,GINF,051462,SI,644
55561616,FA 2025,GINF,WN 2027, ,02003,Information Mas,9445MSI,User Experience Design MSI,2560,FA 2025,GINF,017281,SI,588
55561616,FA 2025,GINF,WN 2027, ,02003,Information Mas,9445MSI,User Experience Design MSI,2560,FA 2025,GINF,039178,SI,539
55561616,FA 2025,GINF,WN 2027, ,02003,Information Mas,9445MSI,User Experience Design MSI,2560,FA 2025,GINF,047246,SI,506
55561616,FA 2025,GINF,WN 2027, ,02003,Information Mas,9445MSI,User Experience Design MSI,2560,FA 2025,GINF,051553,SI,500
55561616,FA 2025,GINF,WN 2027, ,02003,Information Mas,9445MSI,User Experience Design MSI,2560,FA 2025,GINF,052216,SI,512
55561616,FA 2025,GINF,WN 2027, ,02003,Information Mas,9445MSI,User Experience Design MSI,2570,WN 2026,GINF,020401,SI,622
55561616,FA 2025,GINF,WN 2027, ,02003,Information Mas,9445MSI,User Experience Design MSI,2570,WN 2026,GINF,022099,SI,658
55561616,FA 2025,GINF,WN 2027, ,02003,Information Mas,9445MSI,User Experience Design MSI,2570,WN 2026,GINF,043366,SI,617
55561616,FA 2025,GINF,WN 2027, ,02003,Information Mas,9445MSI,User Experience Design MSI,2570,WN 2026,GINF,044772,SI,582
55561616,FA 2025,GINF,WN 2027, ,02003,Information Mas,9445MSI,User Experience Design MSI,2570,WN 2026,GINF,048129,SI,505
55646929,FA 2024,GINF,WN 2027, ,02003,Information Mas,0775MSI,Big Data Analytics MSI,2510,FA 2024,GINF,016607,SI,544
55646929,FA 2024,GINF,WN 2027, ,02003,Information Mas,0775MSI,Big Data Analytics MSI,2510,FA 2024,GINF,021391,SI,511
55646929,FA 2024,GINF,WN 2027, ,02003,Information Mas,0775MSI,Big Data Analytics MSI,2510,FA 2024,GINF,047246,SI,506
55646929,FA 2024,GINF,WN 2027, ,02003,Information Mas,0775MSI,Big Data Analytics MSI,2510,FA 2024,GINF,050164,SI,504
55646929,FA 2024,GINF,WN 2027, ,02003,Information Mas,0775MSI,Big Data Analytics MSI,2510,FA 2024,GINF,051553,SI,500
55646929,FA 2024,GINF,WN 2027, ,02003,Information Mas,0775MSI,Big Data Analytics MSI,2520,WN 2025,GINF,039979,SI,623
55646929,FA 2024,GINF,WN 2027, ,02003,Information Mas,0775MSI,Big Data Analytics MSI,2520,WN 2025,GINF,040667,SI,681
55646929,FA 2024,GINF,WN 2027, ,02003,Information Mas,0775MSI,Big Data Analytics MSI,2520,WN 2025,GINF,042091,SI,618
55646929,FA 2024,GINF,WN 2027, ,02003,Information Mas,0775MSI,Big Data Analytics MSI,2520,WN 2025,GINF,047640,SI,507
55646929,FA 2024,GINF,WN 2027, ,02003,Information Mas,0775MSI,Big Data Analytics MSI,2520,WN 2025,GINF,050663,SI,568
55646929,FA 2024,GINF,WN 2027, ,02003,Information Mas,0775MSI,Big Data Analytics MSI,2520,WN 2025,GINF,050983,SI,602
55646929,FA 2024,GINF,WN 2027, ,02003,Information Mas,0775MSI,Big Data Analytics MSI,2560,FA 2025,GINF,009732,SI,650
55646929,FA 2024,GINF,WN 2027, ,02003,Information Mas,0775MSI,Big Data Analytics MSI,2560,FA 2025,GINF,041934,SI,608
55646929,FA 2024,GINF,WN 2027, ,02003,Information Mas,0775MSI,Big Data Analytics MSI,2560,FA 2025,GINF,048500,SI,670
55646929,FA 2024,GINF,WN 2027, ,02003,Information Mas,0775MSI,Big Data Analytics MSI,2570,WN 2026,GINF,012183,ECE,550
55646929,FA 2024,GINF,WN 2027, ,02003,Information Mas,0775MSI,Big Data Analytics MSI,2570,WN 2026,GINF,047901,SI,699
55646929,FA 2024,GINF,WN 2027, ,02003,Information Mas,0775MSI,Big Data Analytics MSI,2570,WN 2026,GINF,048268,SI,630
56251501,FA 2024,GINF,WN 2027, ,02003,Information Mas,0775MSI,Big Data Analytics MSI,2510,FA 2024,GINF,047246,SI,506
56251501,FA 2024,GINF,WN 2027, ,02003,Information Mas,0775MSI,Big Data Analytics MSI,2510,FA 2024,GINF,051553,SI,500
56251501,FA 2024,GINF,WN 2027, ,02003,Information Mas,0775MSI,Big Data Analytics MSI,2520,WN 2025,GINF,020997,BCOM,561
56251501,FA 2024,GINF,WN 2027, ,02003,Information Mas,0775MSI,Big Data Analytics MSI,2520,WN 2025,GINF,040667,SI,681
56251501,FA 2024,GINF,WN 2027, ,02003,Information Mas,0775MSI,Big Data Analytics MSI,2520,WN 2025,GINF,041626,SI,664
56251501,FA 2024,GINF,WN 2027, ,02003,Information Mas,0775MSI,Big Data Analytics MSI,2520,WN 2025,GINF,047228,ENTR,500
56251501,FA 2024,GINF,WN 2027, ,02003,Information Mas,0775MSI,Big Data Analytics MSI,2520,WN 2025,GINF,047640,SI,507
56251501,FA 2024,GINF,WN 2027, ,02003,Information Mas,0775MSI,Big Data Analytics MSI,2520,WN 2025,GINF,048421,ENTR,560
56251501,FA 2024,GINF,WN 2027, ,02003,Information Mas,0775MSI,Big Data Analytics MSI,2520,WN 2025,GINF,049601,SI,564
56251501,FA 2024,GINF,WN 2027, ,02003,Information Mas,0775MSI,Big Data Analytics MSI,2520,WN 2025,GINF,050164,SI,504
56251501,FA 2024,GINF,WN 2027, ,02003,Information Mas,0775MSI,Big Data Analytics MSI,2560,FA 2025,GINF,016607,SI,544
56251501,FA 2024,GINF,WN 2027, ,02003,Information Mas,0775MSI,Big Data Analytics MSI,2560,FA 2025,GINF,017517,ES,516
56251501,FA 2024,GINF,WN 2027, ,02003,Information Mas,0775MSI,Big Data Analytics MSI,2560,FA 2025,GINF,020934,SI,649
56251501,FA 2024,GINF,WN 2027, ,02003,Information Mas,0775MSI,Big Data Analytics MSI,2560,FA 2025,GINF,042091,SI,618
56251501,FA 2024,GINF,WN 2027, ,02003,Information Mas,0775MSI,Big Data Analytics MSI,2560,FA 2025,GINF,047232,ENTR,530
56251501,FA 2024,GINF,WN 2027, ,02003,Information Mas,0775MSI,Big Data Analytics MSI,2560,FA 2025,GINF,047233,ENTR,520
56251501,FA 2024,GINF,WN 2027, ,02003,Information Mas,0775MSI,Big Data Analytics MSI,2560,FA 2025,GINF,051462,SI,644
56251501,FA 2024,GINF,WN 2027, ,02003,Information Mas,0775MSI,Big Data Analytics MSI,2570,WN 2026,GINF,050663,SI,568
56251501,FA 2024,GINF,WN 2027, ,02003,Information Mas,0775MSI,Big Data Analytics MSI,2570,WN 2026,GINF,050983,SI,602
56344139,FA 2025,GINF,WN 2026, ,02003,Information Mas,9445MSI,User Experience Design MSI,2560,FA 2025,GINF,001459,SI,690
56344139,FA 2025,GINF,WN 2026, ,02003,Information Mas,9445MSI,User Experience Design MSI,2560,FA 2025,GINF,021400,SI,520
56344139,FA 2025,GINF,WN 2026, ,02003,Information Mas,9445MSI,User Experience Design MSI,2560,FA 2025,GINF,039178,SI,539
56344139,FA 2025,GINF,WN 2026, ,02003,Information Mas,9445MSI,User Experience Design MSI,2560,FA 2025,GINF,045393,SI,552
56344139,FA 2025,GINF,WN 2026, ,02003,Information Mas,9445MSI,User Experience Design MSI,2560,FA 2025,GINF,048488,SI,559
56344139,FA 2025,GINF,WN 2026, ,02003,Information Mas,9445MSI,User Experience Design MSI,2570,WN 2026,GINF,001459,SI,690
56344139,FA 2025,GINF,WN 2026, ,02003,Information Mas,9445MSI,User Experience Design MSI,2570,WN 2026,GINF,043863,SI,612
56344139,FA 2025,GINF,WN 2026, ,02003,Information Mas,9445MSI,User Experience Design MSI,2570,WN 2026,GINF,047001,ARTDES,197
56344139,FA 2025,GINF,WN 2026, ,02003,Information Mas,9445MSI,User Experience Design MSI,2570,WN 2026,GINF,047901,SI,699
56344139,FA 2025,GINF,WN 2026, ,02003,Information Mas,9445MSI,User Experience Design MSI,2570,WN 2026,GINF,048486,SI,659
56344139,FA 2025,GINF,WN 2026, ,02003,Information Mas,9445MSI,User Experience Design MSI,2570,WN 2026,GINF,052254,ENTR,403
56381050,FA 2024,GINF,WN 2026, ,02003,Information Mas,9445MSI,User Experience Design MSI,2510,FA 2024,GINF,017281,SI,588
56381050,FA 2024,GINF,WN 2026, ,02003,Information Mas,9445MSI,User Experience Design MSI,2510,FA 2024,GINF,044772,SI,582
56381050,FA 2024,GINF,WN 2026, ,02003,Information Mas,9445MSI,User Experience Design MSI,2510,FA 2024,GINF,047246,SI,506
56381050,FA 2024,GINF,WN 2026, ,02003,Information Mas,9445MSI,User Experience Design MSI,2510,FA 2024,GINF,048129,SI,505
56381050,FA 2024,GINF,WN 2026, ,02003,Information Mas,9445MSI,User Experience Design MSI,2510,FA 2024,GINF,051553,SI,500
56381050,FA 2024,GINF,WN 2026, ,02003,Information Mas,9445MSI,User Experience Design MSI,2520,WN 2025,GINF,021391,SI,511
56381050,FA 2024,GINF,WN 2026, ,02003,Information Mas,9445MSI,User Experience Design MSI,2520,WN 2025,GINF,021400,SI,520
56381050,FA 2024,GINF,WN 2026, ,02003,Information Mas,9445MSI,User Experience Design MSI,2520,WN 2025,GINF,039178,SI,539
56381050,FA 2024,GINF,WN 2026, ,02003,Information Mas,9445MSI,User Experience Design MSI,2520,WN 2025,GINF,040667,SI,681
56381050,FA 2024,GINF,WN 2026, ,02003,Information Mas,9445MSI,User Experience Design MSI,2520,WN 2025,GINF,045393,SI,552
56381050,FA 2024,GINF,WN 2026, ,02003,Information Mas,9445MSI,User Experience Design MSI,2520,WN 2025,GINF,051836,SI,611
56381050,FA 2024,GINF,WN 2026, ,02003,Information Mas,9445MSI,User Experience Design MSI,2560,FA 2025,GINF,043863,SI,612
56381050,FA 2024,GINF,WN 2026, ,02003,Information Mas,9445MSI,User Experience Design MSI,2560,FA 2025,GINF,045771,SI,684
56381050,FA 2024,GINF,WN 2026, ,02003,Information Mas,9445MSI,User Experience Design MSI,2560,FA 2025,GINF,047901,SI,699
56381050,FA 2024,GINF,WN 2026, ,02003,Information Mas,9445MSI,User Experience Design MSI,2570,WN 2026,GINF,012085,MKT,613
56381050,FA 2024,GINF,WN 2026, ,02003,Information Mas,9445MSI,User Experience Design MSI,2570,WN 2026,GINF,042324,SI,639
56381050,FA 2024,GINF,WN 2026, ,02003,Information Mas,9445MSI,User Experience Design MSI,2570,WN 2026,GINF,048421,ENTR,560
56381050,FA 2024,GINF,WN 2026, ,02003,Information Mas,9445MSI,User Experience Design MSI,2570,WN 2026,GINF,051836,SI,611
56575918,FA 2025,GINF,WN 2027, ,02003,Information Mas,0775MSI,Big Data Analytics MSI,2560,FA 2025,GINF,014796,ELI,531
56575918,FA 2025,GINF,WN 2027, ,02003,Information Mas,0775MSI,Big Data Analytics MSI,2560,FA 2025,GINF,014801,ELI,536
56575918,FA 2025,GINF,WN 2027, ,02003,Information Mas,0775MSI,Big Data Analytics MSI,2560,FA 2025,GINF,016607,SI,544
56575918,FA 2025,GINF,WN 2027, ,02003,Information Mas,0775MSI,Big Data Analytics MSI,2560,FA 2025,GINF,047246,SI,506
56575918,FA 2025,GINF,WN 2027, ,02003,Information Mas,0775MSI,Big Data Analytics MSI,2560,FA 2025,GINF,049601,SI,564
56575918,FA 2025,GINF,WN 2027, ,02003,Information Mas,0775MSI,Big Data Analytics MSI,2560,FA 2025,GINF,050164,SI,504
56575918,FA 2025,GINF,WN 2027, ,02003,Information Mas,0775MSI,Big Data Analytics MSI,2560,FA 2025,GINF,051553,SI,500
56575918,FA 2025,GINF,WN 2027, ,02003,Information Mas,0775MSI,Big Data Analytics MSI,2570,WN 2026,GINF,039178,SI,539
56575918,FA 2025,GINF,WN 2027, ,02003,Information Mas,0775MSI,Big Data Analytics MSI,2570,WN 2026,GINF,042091,SI,618
56575918,FA 2025,GINF,WN 2027, ,02003,Information Mas,0775MSI,Big Data Analytics MSI,2570,WN 2026,GINF,047640,SI,507
56575918,FA 2025,GINF,WN 2027, ,02003,Information Mas,0775MSI,Big Data Analytics MSI,2570,WN 2026,GINF,050663,SI,568
56575918,FA 2025,GINF,WN 2027, ,02003,Information Mas,0775MSI,Big Data Analytics MSI,2570,WN 2026,GINF,050983,SI,602
56575918,FA 2025,GINF,WN 2027, ,02003,Information Mas,0775MSI,Big Data Analytics MSI,2570,WN 2026,GINF,051462,SI,644
57009646,FA 2025,GINF,WN 2027, ,02003,Information Mas,0775MSI,Big Data Analytics MSI,2560,FA 2025,GINF,016607,SI,544
57009646,FA 2025,GINF,WN 2027, ,02003,Information Mas,0775MSI,Big Data Analytics MSI,2560,FA 2025,GINF,043210,SI,534
57009646,FA 2025,GINF,WN 2027, ,02003,Information Mas,0775MSI,Big Data Analytics MSI,2560,FA 2025,GINF,047246,SI,506
57009646,FA 2025,GINF,WN 2027, ,02003,Information Mas,0775MSI,Big Data Analytics MSI,2560,FA 2025,GINF,050164,SI,504
57009646,FA 2025,GINF,WN 2027, ,02003,Information Mas,0775MSI,Big Data Analytics MSI,2560,FA 2025,GINF,051553,SI,500
57009646,FA 2025,GINF,WN 2027, ,02003,Information Mas,0775MSI,Big Data Analytics MSI,2570,WN 2026,GINF,020934,SI,649
57009646,FA 2025,GINF,WN 2027, ,02003,Information Mas,0775MSI,Big Data Analytics MSI,2570,WN 2026,GINF,042091,SI,618
57009646,FA 2025,GINF,WN 2027, ,02003,Information Mas,0775MSI,Big Data Analytics MSI,2570,WN 2026,GINF,047640,SI,507
57009646,FA 2025,GINF,WN 2027, ,02003,Information Mas,0775MSI,Big Data Analytics MSI,2570,WN 2026,GINF,048129,SI,505
57009646,FA 2025,GINF,WN 2027, ,02003,Information Mas,0775MSI,Big Data Analytics MSI,2570,WN 2026,GINF,049601,SI,564
57009646,FA 2025,GINF,WN 2027, ,02003,Information Mas,0775MSI,Big Data Analytics MSI,2570,WN 2026,GINF,050663,SI,568
57009646,FA 2025,GINF,WN 2027, ,02003,Information Mas,0775MSI,Big Data Analytics MSI,2570,WN 2026,GINF,050983,SI,602
57187132,FA 2024,GINF,WN 2026, ,02003,Information Mas,5005MSI,Master's ThesisOption Prog MSI,2510,FA 2024,GINF,001459,SI,690
57187132,FA 2024,GINF,WN 2026, ,02003,Information Mas,5005MSI,Master's ThesisOption Prog MSI,2510,FA 2024,GINF,021391,SI,511
57187132,FA 2024,GINF,WN 2026, ,02003,Information Mas,5005MSI,Master's ThesisOption Prog MSI,2510,FA 2024,GINF,043210,SI,534
57187132,FA 2024,GINF,WN 2026, ,02003,Information Mas,5005MSI,Master's ThesisOption Prog MSI,2510,FA 2024,GINF,045393,SI,552
57187132,FA 2024,GINF,WN 2026, ,02003,Information Mas,5005MSI,Master's ThesisOption Prog MSI,2510,FA 2024,GINF,051553,SI,500
57187132,FA 2024,GINF,WN 2026, ,02003,Information Mas,5005MSI,Master's ThesisOption Prog MSI,2520,WN 2025,GINF,021391,SI,511
57187132,FA 2024,GINF,WN 2026, ,02003,Information Mas,5005MSI,Master's ThesisOption Prog MSI,2520,WN 2025,GINF,039979,SI,623
57187132,FA 2024,GINF,WN 2026, ,02003,Information Mas,5005MSI,Master's ThesisOption Prog MSI,2520,WN 2025,GINF,042459,HBHEQ,638
57187132,FA 2024,GINF,WN 2026, ,02003,Information Mas,5005MSI,Master's ThesisOption Prog MSI,2560,FA 2025,GINF,018365,WGS,530
57187132,FA 2024,GINF,WN 2026, ,02003,Information Mas,5005MSI,Master's ThesisOption Prog MSI,2560,FA 2025,GINF,041855,SI,631
57187132,FA 2024,GINF,WN 2026, ,02003,Information Mas,5005MSI,Master's ThesisOption Prog MSI,2560,FA 2025,GINF,047160,EHS,510
57187132,FA 2024,GINF,WN 2026, ,02003,Information Mas,5005MSI,Master's ThesisOption Prog MSI,2560,FA 2025,GINF,049365,SI,697
57187132,FA 2024,GINF,WN 2026, ,02003,Information Mas,5005MSI,Master's ThesisOption Prog MSI,2560,FA 2025,GINF,052100,SI,597
57187132,FA 2024,GINF,WN 2026, ,02003,Information Mas,5005MSI,Master's ThesisOption Prog MSI,2570,WN 2026,GINF,021391,SI,511
57187132,FA 2024,GINF,WN 2026, ,02003,Information Mas,5005MSI,Master's ThesisOption Prog MSI,2570,WN 2026,GINF,049040,SI,698
57187132,FA 2024,GINF,WN 2026, ,02003,Information Mas,5005MSI,Master's ThesisOption Prog MSI,2570,WN 2026,GINF,049082,SI,682
57295073,FA 2024,GINF,WN 2026, ,02003,Information Mas,9445MSI,User Experience Design MSI,2510,FA 2024,GINF,017281,SI,588
57295073,FA 2024,GINF,WN 2026, ,02003,Information Mas,9445MSI,User Experience Design MSI,2510,FA 2024,GINF,021400,SI,520
57295073,FA 2024,GINF,WN 2026, ,02003,Information Mas,9445MSI,User Experience Design MSI,2510,FA 2024,GINF,044772,SI,582
57295073,FA 2024,GINF,WN 2026, ,02003,Information Mas,9445MSI,User Experience Design MSI,2510,FA 2024,GINF,048488,SI,559
57295073,FA 2024,GINF,WN 2026, ,02003,Information Mas,9445MSI,User Experience Design MSI,2510,FA 2024,GINF,051553,SI,500
57295073,FA 2024,GINF,WN 2026, ,02003,Information Mas,9445MSI,User Experience Design MSI,2520,WN 2025,GINF,020401,SI,622
57295073,FA 2024,GINF,WN 2026, ,02003,Information Mas,9445MSI,User Experience Design MSI,2520,WN 2025,GINF,022099,SI,658
57295073,FA 2024,GINF,WN 2026, ,02003,Information Mas,9445MSI,User Experience Design MSI,2520,WN 2025,GINF,039178,SI,539
57295073,FA 2024,GINF,WN 2026, ,02003,Information Mas,9445MSI,User Experience Design MSI,2520,WN 2025,GINF,040667,SI,681
57295073,FA 2024,GINF,WN 2026, ,02003,Information Mas,9445MSI,User Experience Design MSI,2520,WN 2025,GINF,047246,SI,506
57295073,FA 2024,GINF,WN 2026, ,02003,Information Mas,9445MSI,User Experience Design MSI,2520,WN 2025,GINF,051836,SI,611
57295073,FA 2024,GINF,WN 2026, ,02003,Information Mas,9445MSI,User Experience Design MSI,2560,FA 2025,GINF,021391,SI,511
57295073,FA 2024,GINF,WN 2026, ,02003,Information Mas,9445MSI,User Experience Design MSI,2560,FA 2025,GINF,041044,ELI,510
57295073,FA 2024,GINF,WN 2026, ,02003,Information Mas,9445MSI,User Experience Design MSI,2560,FA 2025,GINF,045393,SI,552
57295073,FA 2024,GINF,WN 2026, ,02003,Information Mas,9445MSI,User Experience Design MSI,2570,WN 2026,GINF,047901,SI,699
57319562,FA 2025,GINF,WN 2026, ,02003,Information Mas,0775MSI,Big Data Analytics MSI,2560,FA 2025,GINF,001459,SI,690
57319562,FA 2025,GINF,WN 2026, ,02003,Information Mas,0775MSI,Big Data Analytics MSI,2560,FA 2025,GINF,038659,SI,519
57319562,FA 2025,GINF,WN 2026, ,02003,Information Mas,0775MSI,Big Data Analytics MSI,2560,FA 2025,GINF,041934,SI,608
57319562,FA 2025,GINF,WN 2026, ,02003,Information Mas,0775MSI,Big Data Analytics MSI,2560,FA 2025,GINF,048500,SI,670
57319562,FA 2025,GINF,WN 2026, ,02003,Information Mas,0775MSI,Big Data Analytics MSI,2560,FA 2025,GINF,050983,SI,602
57319562,FA 2025,GINF,WN 2026, ,02003,Information Mas,0775MSI,Big Data Analytics MSI,2570,WN 2026,GINF,020934,SI,649
57319562,FA 2025,GINF,WN 2026, ,02003,Information Mas,0775MSI,Big Data Analytics MSI,2570,WN 2026,GINF,039081,SI,529
57319562,FA 2025,GINF,WN 2026, ,02003,Information Mas,0775MSI,Big Data Analytics MSI,2570,WN 2026,GINF,042324,SI,639
57319562,FA 2025,GINF,WN 2026, ,02003,Information Mas,0775MSI,Big Data Analytics MSI,2570,WN 2026,GINF,047901,SI,699
57319562,FA 2025,GINF,WN 2026, ,02003,Information Mas,0775MSI,Big Data Analytics MSI,2570,WN 2026,GINF,050663,SI,568
57656410,FA 2024,GINF,WN 2025,WN 2025,02003,Information Mas,0775MSI,Big Data Analytics MSI,2510,FA 2024,GINF,001459,SI,690
57656410,FA 2024,GINF,WN 2025,WN 2025,02003,Information Mas,0775MSI,Big Data Analytics MSI,2510,FA 2024,GINF,009731,SI,580
57656410,FA 2024,GINF,WN 2025,WN 2025,02003,Information Mas,0775MSI,Big Data Analytics MSI,2510,FA 2024,GINF,045930,SI,671
57656410,FA 2024,GINF,WN 2025,WN 2025,02003,Information Mas,0775MSI,Big Data Analytics MSI,2510,FA 2024,GINF,048500,SI,670
57656410,FA 2024,GINF,WN 2025,WN 2025,02003,Information Mas,0775MSI,Big Data Analytics MSI,2510,FA 2024,GINF,051553,SI,500
57656410,FA 2024,GINF,WN 2025,WN 2025,02003,Information Mas,0775MSI,Big Data Analytics MSI,2520,WN 2025,GINF,001459,SI,690
57656410,FA 2024,GINF,WN 2025,WN 2025,02003,Information Mas,0775MSI,Big Data Analytics MSI,2520,WN 2025,GINF,020934,SI,649
57656410,FA 2024,GINF,WN 2025,WN 2025,02003,Information Mas,0775MSI,Big Data Analytics MSI,2520,WN 2025,GINF,047901,SI,699
57656410,FA 2024,GINF,WN 2025,WN 2025,02003,Information Mas,0775MSI,Big Data Analytics MSI,2520,WN 2025,GINF,048268,SI,630
57656410,FA 2024,GINF,WN 2025,WN 2025,02003,Information Mas,0775MSI,Big Data Analytics MSI,2520,WN 2025,GINF,049601,SI,564
57656410,FA 2024,GINF,WN 2025,WN 2025,02003,Information Mas,0775MSI,Big Data Analytics MSI,2520,WN 2025,GINF,050663,SI,568
58170490,FA 2025,GINF,WN 2027, ,02003,Information Mas,9445MSI,User Experience Design MSI,2560,FA 2025,GINF,017281,SI,588
58170490,FA 2025,GINF,WN 2027, ,02003,Information Mas,9445MSI,User Experience Design MSI,2560,FA 2025,GINF,043863,SI,612
58170490,FA 2025,GINF,WN 2027, ,02003,Information Mas,9445MSI,User Experience Design MSI,2560,FA 2025,GINF,047246,SI,506
58170490,FA 2025,GINF,WN 2027, ,02003,Information Mas,9445MSI,User Experience Design MSI,2560,FA 2025,GINF,051553,SI,500
58170490,FA 2025,GINF,WN 2027, ,02003,Information Mas,9445MSI,User Experience Design MSI,2570,WN 2026,GINF,020401,SI,622
58170490,FA 2025,GINF,WN 2027, ,02003,Information Mas,9445MSI,User Experience Design MSI,2570,WN 2026,GINF,050159,SI,579
58170490,FA 2025,GINF,WN 2027, ,02003,Information Mas,9445MSI,User Experience Design MSI,2570,WN 2026,GINF,050164,SI,504
58170490,FA 2025,GINF,WN 2027, ,02003,Information Mas,9445MSI,User Experience Design MSI,2570,WN 2026,GINF,051454,SI,594
58287413,FA 2024,GINF,WN 2026, ,02003,Information Mas,9445MSI,User Experience Design MSI,2510,FA 2024,GINF,017281,SI,588
58287413,FA 2024,GINF,WN 2026, ,02003,Information Mas,9445MSI,User Experience Design MSI,2510,FA 2024,GINF,039178,SI,539
58287413,FA 2024,GINF,WN 2026, ,02003,Information Mas,9445MSI,User Experience Design MSI,2510,FA 2024,GINF,047246,SI,506
58287413,FA 2024,GINF,WN 2026, ,02003,Information Mas,9445MSI,User Experience Design MSI,2510,FA 2024,GINF,051553,SI,500
58287413,FA 2024,GINF,WN 2026, ,02003,Information Mas,9445MSI,User Experience Design MSI,2520,WN 2025,GINF,020401,SI,622
58287413,FA 2024,GINF,WN 2026, ,02003,Information Mas,9445MSI,User Experience Design MSI,2520,WN 2025,GINF,021400,SI,520
58287413,FA 2024,GINF,WN 2026, ,02003,Information Mas,9445MSI,User Experience Design MSI,2520,WN 2025,GINF,044772,SI,582
58287413,FA 2024,GINF,WN 2026, ,02003,Information Mas,9445MSI,User Experience Design MSI,2520,WN 2025,GINF,048488,SI,559
58287413,FA 2024,GINF,WN 2026, ,02003,Information Mas,9445MSI,User Experience Design MSI,2560,FA 2025,GINF,043241,SI,657
58287413,FA 2024,GINF,WN 2026, ,02003,Information Mas,9445MSI,User Experience Design MSI,2560,FA 2025,GINF,043863,SI,612
58287413,FA 2024,GINF,WN 2026, ,02003,Information Mas,9445MSI,User Experience Design MSI,2560,FA 2025,GINF,045687,SI,538
58287413,FA 2024,GINF,WN 2026, ,02003,Information Mas,9445MSI,User Experience Design MSI,2560,FA 2025,GINF,051836,SI,611
58287413,FA 2024,GINF,WN 2026, ,02003,Information Mas,9445MSI,User Experience Design MSI,2570,WN 2026,GINF,046306,SI,616
58287413,FA 2024,GINF,WN 2026, ,02003,Information Mas,9445MSI,User Experience Design MSI,2570,WN 2026,GINF,047901,SI,699
58287413,FA 2024,GINF,WN 2026, ,02003,Information Mas,9445MSI,User Experience Design MSI,2570,WN 2026,GINF,051454,SI,594
58287413,FA 2024,GINF,WN 2026, ,02003,Information Mas,9445MSI,User Experience Design MSI,2570,WN 2026,GINF,051836,SI,611
58386300,FA 2025,GINF,WN 2027, ,02003,Information Mas,9445MSI,User Experience Design MSI,2560,FA 2025,GINF,039178,SI,539
58386300,FA 2025,GINF,WN 2027, ,02003,Information Mas,9445MSI,User Experience Design MSI,2560,FA 2025,GINF,044772,SI,582
58386300,FA 2025,GINF,WN 2027, ,02003,Information Mas,9445MSI,User Experience Design MSI,2560,FA 2025,GINF,047246,SI,506
58386300,FA 2025,GINF,WN 2027, ,02003,Information Mas,9445MSI,User Experience Design MSI,2560,FA 2025,GINF,051553,SI,500
58386300,FA 2025,GINF,WN 2027, ,02003,Information Mas,9445MSI,User Experience Design MSI,2570,WN 2026,GINF,022099,SI,658
58386300,FA 2025,GINF,WN 2027, ,02003,Information Mas,9445MSI,User Experience Design MSI,2570,WN 2026,GINF,043515,DANCE,100
58386300,FA 2025,GINF,WN 2027, ,02003,Information Mas,9445MSI,User Experience Design MSI,2570,WN 2026,GINF,050136,UARTS,560
58386300,FA 2025,GINF,WN 2027, ,02003,Information Mas,9445MSI,User Experience Design MSI,2570,WN 2026,GINF,050159,SI,579
58386300,FA 2025,GINF,WN 2027, ,02003,Information Mas,9445MSI,User Experience Design MSI,2570,WN 2026,GINF,050164,SI,504
58386300,FA 2025,GINF,WN 2027, ,02003,Information Mas,9445MSI,User Experience Design MSI,2570,WN 2026,GINF,051454,SI,594
58386300,FA 2025,GINF,WN 2027, ,02003,Information Mas,9445MSI,User Experience Design MSI,2570,WN 2026,GINF,052256,ENTR,475
58419442,FA 2024,GINF,WN 2027, ,02003,Information Mas,4865MSI,"Lib, Arch&Knwl Envs in Soc MSI",2510,FA 2024,GINF,021042,SI,647
58419442,FA 2024,GINF,WN 2027, ,02003,Information Mas,4865MSI,"Lib, Arch&Knwl Envs in Soc MSI",2510,FA 2024,GINF,021045,SI,666
58419442,FA 2024,GINF,WN 2027, ,02003,Information Mas,4865MSI,"Lib, Arch&Knwl Envs in Soc MSI",2510,FA 2024,GINF,047246,SI,506
58419442,FA 2024,GINF,WN 2027, ,02003,Information Mas,4865MSI,"Lib, Arch&Knwl Envs in Soc MSI",2510,FA 2024,GINF,051553,SI,500
58419442,FA 2024,GINF,WN 2027, ,02003,Information Mas,4865MSI,"Lib, Arch&Knwl Envs in Soc MSI",2520,WN 2025,GINF,009731,SI,580
58419442,FA 2024,GINF,WN 2027, ,02003,Information Mas,4865MSI,"Lib, Arch&Knwl Envs in Soc MSI",2520,WN 2025,GINF,047246,SI,506
58419442,FA 2024,GINF,WN 2027, ,02003,Information Mas,4865MSI,"Lib, Arch&Knwl Envs in Soc MSI",2520,WN 2025,GINF,050162,SI,510
58419442,FA 2024,GINF,WN 2027, ,02003,Information Mas,4865MSI,"Lib, Arch&Knwl Envs in Soc MSI",2560,FA 2025,GINF,038948,SI,632
58419442,FA 2024,GINF,WN 2027, ,02003,Information Mas,4865MSI,"Lib, Arch&Knwl Envs in Soc MSI",2560,FA 2025,GINF,045393,SI,552
58419442,FA 2024,GINF,WN 2027, ,02003,Information Mas,4865MSI,"Lib, Arch&Knwl Envs in Soc MSI",2560,FA 2025,GINF,048831,SI,547
58419442,FA 2024,GINF,WN 2027, ,02003,Information Mas,4865MSI,"Lib, Arch&Knwl Envs in Soc MSI",2570,WN 2026,GINF,020803,SI,643
58419442,FA 2024,GINF,WN 2027, ,02003,Information Mas,4865MSI,"Lib, Arch&Knwl Envs in Soc MSI",2570,WN 2026,GINF,039979,SI,623
58419442,FA 2024,GINF,WN 2027, ,02003,Information Mas,4865MSI,"Lib, Arch&Knwl Envs in Soc MSI",2570,WN 2026,GINF,047901,SI,699
58429260,FA 2025,GINF,WN 2027, ,02003,Information Mas,4865MSI,"Lib, Arch&Knwl Envs in Soc MSI",2560,FA 2025,GINF,009731,SI,580
58429260,FA 2025,GINF,WN 2027, ,02003,Information Mas,4865MSI,"Lib, Arch&Knwl Envs in Soc MSI",2560,FA 2025,GINF,021045,SI,666
58429260,FA 2025,GINF,WN 2027, ,02003,Information Mas,4865MSI,"Lib, Arch&Knwl Envs in Soc MSI",2560,FA 2025,GINF,021391,SI,511
58429260,FA 2025,GINF,WN 2027, ,02003,Information Mas,4865MSI,"Lib, Arch&Knwl Envs in Soc MSI",2560,FA 2025,GINF,047246,SI,506
58429260,FA 2025,GINF,WN 2027, ,02003,Information Mas,4865MSI,"Lib, Arch&Knwl Envs in Soc MSI",2560,FA 2025,GINF,051553,SI,500
58429260,FA 2025,GINF,WN 2027, ,02003,Information Mas,4865MSI,"Lib, Arch&Knwl Envs in Soc MSI",2570,WN 2026,GINF,022326,SI,581
58429260,FA 2025,GINF,WN 2027, ,02003,Information Mas,4865MSI,"Lib, Arch&Knwl Envs in Soc MSI",2570,WN 2026,GINF,042324,SI,639
58429260,FA 2025,GINF,WN 2027, ,02003,Information Mas,4865MSI,"Lib, Arch&Knwl Envs in Soc MSI",2570,WN 2026,GINF,048280,SI,667
58429260,FA 2025,GINF,WN 2027, ,02003,Information Mas,4865MSI,"Lib, Arch&Knwl Envs in Soc MSI",2570,WN 2026,GINF,049601,SI,564
58429260,FA 2025,GINF,WN 2027, ,02003,Information Mas,4865MSI,"Lib, Arch&Knwl Envs in Soc MSI",2570,WN 2026,GINF,050162,SI,510
58457448,FA 2024,GINF,WN 2026, ,02003,Information Mas,4865MSI,"Lib, Arch&Knwl Envs in Soc MSI",2510,FA 2024,GINF,009731,SI,580
58457448,FA 2024,GINF,WN 2026, ,02003,Information Mas,4865MSI,"Lib, Arch&Knwl Envs in Soc MSI",2510,FA 2024,GINF,017281,SI,588
58457448,FA 2024,GINF,WN 2026, ,02003,Information Mas,4865MSI,"Lib, Arch&Knwl Envs in Soc MSI",2510,FA 2024,GINF,047246,SI,506
58457448,FA 2024,GINF,WN 2026, ,02003,Information Mas,4865MSI,"Lib, Arch&Knwl Envs in Soc MSI",2510,FA 2024,GINF,048129,SI,505
58457448,FA 2024,GINF,WN 2026, ,02003,Information Mas,4865MSI,"Lib, Arch&Knwl Envs in Soc MSI",2510,FA 2024,GINF,051553,SI,500
58457448,FA 2024,GINF,WN 2026, ,02003,Information Mas,4865MSI,"Lib, Arch&Knwl Envs in Soc MSI",2520,WN 2025,GINF,022326,SI,581
58457448,FA 2024,GINF,WN 2026, ,02003,Information Mas,4865MSI,"Lib, Arch&Knwl Envs in Soc MSI",2520,WN 2025,GINF,048280,SI,667
58457448,FA 2024,GINF,WN 2026, ,02003,Information Mas,4865MSI,"Lib, Arch&Knwl Envs in Soc MSI",2520,WN 2025,GINF,048421,ENTR,560
58457448,FA 2024,GINF,WN 2026, ,02003,Information Mas,4865MSI,"Lib, Arch&Knwl Envs in Soc MSI",2520,WN 2025,GINF,050162,SI,510
58457448,FA 2024,GINF,WN 2026, ,02003,Information Mas,4865MSI,"Lib, Arch&Knwl Envs in Soc MSI",2560,FA 2025,GINF,021042,SI,647
58457448,FA 2024,GINF,WN 2026, ,02003,Information Mas,4865MSI,"Lib, Arch&Knwl Envs in Soc MSI",2560,FA 2025,GINF,021045,SI,666
58457448,FA 2024,GINF,WN 2026, ,02003,Information Mas,4865MSI,"Lib, Arch&Knwl Envs in Soc MSI",2560,FA 2025,GINF,038948,SI,632
58457448,FA 2024,GINF,WN 2026, ,02003,Information Mas,4865MSI,"Lib, Arch&Knwl Envs in Soc MSI",2560,FA 2025,GINF,050028,SI,583
58457448,FA 2024,GINF,WN 2026, ,02003,Information Mas,4865MSI,"Lib, Arch&Knwl Envs in Soc MSI",2570,WN 2026,GINF,039081,SI,529
58457448,FA 2024,GINF,WN 2026, ,02003,Information Mas,4865MSI,"Lib, Arch&Knwl Envs in Soc MSI",2570,WN 2026,GINF,042324,SI,639
58457448,FA 2024,GINF,WN 2026, ,02003,Information Mas,4865MSI,"Lib, Arch&Knwl Envs in Soc MSI",2570,WN 2026,GINF,047901,SI,699
58457448,FA 2024,GINF,WN 2026, ,02003,Information Mas,4865MSI,"Lib, Arch&Knwl Envs in Soc MSI",2570,WN 2026,GINF,049601,SI,564
58457448,FA 2024,GINF,WN 2026, ,02003,Information Mas,4865MSI,"Lib, Arch&Knwl Envs in Soc MSI",2570,WN 2026,GINF,051074,SI,626
58467795,FA 2025,GINF,WN 2027, ,02003,Information Mas,9445MSI,User Experience Design MSI,2560,FA 2025,GINF,013075,EAS,701
58467795,FA 2025,GINF,WN 2027, ,02003,Information Mas,9445MSI,User Experience Design MSI,2560,FA 2025,GINF,021400,SI,520
58467795,FA 2025,GINF,WN 2027, ,02003,Information Mas,9445MSI,User Experience Design MSI,2560,FA 2025,GINF,044772,SI,582
58467795,FA 2025,GINF,WN 2027, ,02003,Information Mas,9445MSI,User Experience Design MSI,2560,FA 2025,GINF,051553,SI,500
58467795,FA 2025,GINF,WN 2027, ,02003,Information Mas,9445MSI,User Experience Design MSI,2570,WN 2026,GINF,013031,EAS,501
58467795,FA 2025,GINF,WN 2027, ,02003,Information Mas,9445MSI,User Experience Design MSI,2570,WN 2026,GINF,013075,EAS,701
58467795,FA 2025,GINF,WN 2027, ,02003,Information Mas,9445MSI,User Experience Design MSI,2570,WN 2026,GINF,039081,SI,529
58467795,FA 2025,GINF,WN 2027, ,02003,Information Mas,9445MSI,User Experience Design MSI,2570,WN 2026,GINF,043863,SI,612
58467795,FA 2025,GINF,WN 2027, ,02003,Information Mas,9445MSI,User Experience Design MSI,2570,WN 2026,GINF,047246,SI,506
58474481,FA 2025,GINF,WN 2027, ,02003,Information Mas,9445MSI,User Experience Design MSI,2560,FA 2025,GINF,006578,GUITAR,111
58474481,FA 2025,GINF,WN 2027, ,02003,Information Mas,9445MSI,User Experience Design MSI,2560,FA 2025,GINF,017281,SI,588
58474481,FA 2025,GINF,WN 2027, ,02003,Information Mas,9445MSI,User Experience Design MSI,2560,FA 2025,GINF,044772,SI,582
58474481,FA 2025,GINF,WN 2027, ,02003,Information Mas,9445MSI,User Experience Design MSI,2560,FA 2025,GINF,047246,SI,506
58474481,FA 2025,GINF,WN 2027, ,02003,Information Mas,9445MSI,User Experience Design MSI,2560,FA 2025,GINF,051553,SI,500
58474481,FA 2025,GINF,WN 2027, ,02003,Information Mas,9445MSI,User Experience Design MSI,2570,WN 2026,GINF,012472,PIANO,110
58474481,FA 2025,GINF,WN 2027, ,02003,Information Mas,9445MSI,User Experience Design MSI,2570,WN 2026,GINF,020401,SI,622
58474481,FA 2025,GINF,WN 2027, ,02003,Information Mas,9445MSI,User Experience Design MSI,2570,WN 2026,GINF,043863,SI,612
58474481,FA 2025,GINF,WN 2027, ,02003,Information Mas,9445MSI,User Experience Design MSI,2570,WN 2026,GINF,048488,SI,559
58474481,FA 2025,GINF,WN 2027, ,02003,Information Mas,9445MSI,User Experience Design MSI,2570,WN 2026,GINF,051454,SI,594
58825522,FA 2025,GINF,WN 2027, ,02003,Information Mas,9455MSI,User-Centered Agile Dev MSI,2560,FA 2025,GINF,017281,SI,588
58825522,FA 2025,GINF,WN 2027, ,02003,Information Mas,9455MSI,User-Centered Agile Dev MSI,2560,FA 2025,GINF,038659,SI,519
58825522,FA 2025,GINF,WN 2027, ,02003,Information Mas,9455MSI,User-Centered Agile Dev MSI,2560,FA 2025,GINF,047246,SI,506
58825522,FA 2025,GINF,WN 2027, ,02003,Information Mas,9455MSI,User-Centered Agile Dev MSI,2560,FA 2025,GINF,048129,SI,505
58825522,FA 2025,GINF,WN 2027, ,02003,Information Mas,9455MSI,User-Centered Agile Dev MSI,2560,FA 2025,GINF,051553,SI,500
58825522,FA 2025,GINF,WN 2027, ,02003,Information Mas,9455MSI,User-Centered Agile Dev MSI,2570,WN 2026,GINF,020401,SI,622
58825522,FA 2025,GINF,WN 2027, ,02003,Information Mas,9455MSI,User-Centered Agile Dev MSI,2570,WN 2026,GINF,039178,SI,539
58825522,FA 2025,GINF,WN 2027, ,02003,Information Mas,9455MSI,User-Centered Agile Dev MSI,2570,WN 2026,GINF,044772,SI,582
58825522,FA 2025,GINF,WN 2027, ,02003,Information Mas,9455MSI,User-Centered Agile Dev MSI,2570,WN 2026,GINF,050159,SI,579
58825522,FA 2025,GINF,WN 2027, ,02003,Information Mas,9455MSI,User-Centered Agile Dev MSI,2570,WN 2026,GINF,050164,SI,504
58876234,FA 2025,GINF,WN 2027, ,02003,Information Mas,4865MSI,"Lib, Arch&Knwl Envs in Soc MSI",2560,FA 2025,GINF,021042,SI,647
58876234,FA 2025,GINF,WN 2027, ,02003,Information Mas,4865MSI,"Lib, Arch&Knwl Envs in Soc MSI",2560,FA 2025,GINF,021045,SI,666
58876234,FA 2025,GINF,WN 2027, ,02003,Information Mas,4865MSI,"Lib, Arch&Knwl Envs in Soc MSI",2560,FA 2025,GINF,021391,SI,511
58876234,FA 2025,GINF,WN 2027, ,02003,Information Mas,4865MSI,"Lib, Arch&Knwl Envs in Soc MSI",2560,FA 2025,GINF,048129,SI,505
58876234,FA 2025,GINF,WN 2027, ,02003,Information Mas,4865MSI,"Lib, Arch&Knwl Envs in Soc MSI",2560,FA 2025,GINF,051553,SI,500
58876234,FA 2025,GINF,WN 2027, ,02003,Information Mas,4865MSI,"Lib, Arch&Knwl Envs in Soc MSI",2570,WN 2026,GINF,009731,SI,580
58876234,FA 2025,GINF,WN 2027, ,02003,Information Mas,4865MSI,"Lib, Arch&Knwl Envs in Soc MSI",2570,WN 2026,GINF,047246,SI,506
58876234,FA 2025,GINF,WN 2027, ,02003,Information Mas,4865MSI,"Lib, Arch&Knwl Envs in Soc MSI",2570,WN 2026,GINF,048280,SI,667
58876234,FA 2025,GINF,WN 2027, ,02003,Information Mas,4865MSI,"Lib, Arch&Knwl Envs in Soc MSI",2570,WN 2026,GINF,050162,SI,510
58977746,FA 2024,GINF,WN 2027, ,02003,Information Mas,9445MSI,User Experience Design MSI,2510,FA 2024,GINF,017281,SI,588
58977746,FA 2024,GINF,WN 2027, ,02003,Information Mas,9445MSI,User Experience Design MSI,2510,FA 2024,GINF,044772,SI,582
58977746,FA 2024,GINF,WN 2027, ,02003,Information Mas,9445MSI,User Experience Design MSI,2510,FA 2024,GINF,047246,SI,506
58977746,FA 2024,GINF,WN 2027, ,02003,Information Mas,9445MSI,User Experience Design MSI,2510,FA 2024,GINF,051553,SI,500
58977746,FA 2024,GINF,WN 2027, ,02003,Information Mas,9445MSI,User Experience Design MSI,2520,WN 2025,GINF,020401,SI,622
58977746,FA 2024,GINF,WN 2027, ,02003,Information Mas,9445MSI,User Experience Design MSI,2520,WN 2025,GINF,039178,SI,539
58977746,FA 2024,GINF,WN 2027, ,02003,Information Mas,9445MSI,User Experience Design MSI,2520,WN 2025,GINF,040667,SI,681
58977746,FA 2024,GINF,WN 2027, ,02003,Information Mas,9445MSI,User Experience Design MSI,2520,WN 2025,GINF,043863,SI,612
58977746,FA 2024,GINF,WN 2027, ,02003,Information Mas,9445MSI,User Experience Design MSI,2520,WN 2025,GINF,050164,SI,504
58977746,FA 2024,GINF,WN 2027, ,02003,Information Mas,9445MSI,User Experience Design MSI,2520,WN 2025,GINF,051454,SI,594
58977746,FA 2024,GINF,WN 2027, ,02003,Information Mas,9445MSI,User Experience Design MSI,2560,FA 2025,GINF,021391,SI,511
58977746,FA 2024,GINF,WN 2027, ,02003,Information Mas,9445MSI,User Experience Design MSI,2560,FA 2025,GINF,021400,SI,520
58977746,FA 2024,GINF,WN 2027, ,02003,Information Mas,9445MSI,User Experience Design MSI,2560,FA 2025,GINF,048488,SI,559
58977746,FA 2024,GINF,WN 2027, ,02003,Information Mas,9445MSI,User Experience Design MSI,2560,FA 2025,GINF,051836,SI,611
58977746,FA 2024,GINF,WN 2027, ,02003,Information Mas,9445MSI,User Experience Design MSI,2570,WN 2026,GINF,047901,SI,699
58977746,FA 2024,GINF,WN 2027, ,02003,Information Mas,9445MSI,User Experience Design MSI,2570,WN 2026,GINF,051836,SI,611
59045504,FA 2024,GINF,FA 2025,FA 2025,02003,Information Mas,9445MSI,User Experience Design MSI,2510,FA 2024,GINF,021391,SI,511
59045504,FA 2024,GINF,FA 2025,FA 2025,02003,Information Mas,9445MSI,User Experience Design MSI,2510,FA 2024,GINF,021400,SI,520
59045504,FA 2024,GINF,FA 2025,FA 2025,02003,Information Mas,9445MSI,User Experience Design MSI,2510,FA 2024,GINF,045393,SI,552
59045504,FA 2024,GINF,FA 2025,FA 2025,02003,Information Mas,9445MSI,User Experience Design MSI,2510,FA 2024,GINF,045771,SI,684
59045504,FA 2024,GINF,FA 2025,FA 2025,02003,Information Mas,9445MSI,User Experience Design MSI,2510,FA 2024,GINF,051553,SI,500
59045504,FA 2024,GINF,FA 2025,FA 2025,02003,Information Mas,9445MSI,User Experience Design MSI,2520,WN 2025,GINF,015660,WRITING,993
59045504,FA 2024,GINF,FA 2025,FA 2025,02003,Information Mas,9445MSI,User Experience Design MSI,2520,WN 2025,GINF,020803,SI,643
59045504,FA 2024,GINF,FA 2025,FA 2025,02003,Information Mas,9445MSI,User Experience Design MSI,2520,WN 2025,GINF,047901,SI,699
59045504,FA 2024,GINF,FA 2025,FA 2025,02003,Information Mas,9445MSI,User Experience Design MSI,2520,WN 2025,GINF,051836,SI,611
59045504,FA 2024,GINF,FA 2025,FA 2025,02003,Information Mas,9445MSI,User Experience Design MSI,2560,FA 2025,GINF,001459,SI,690
59045504,FA 2024,GINF,FA 2025,FA 2025,02003,Information Mas,9445MSI,User Experience Design MSI,2560,FA 2025,GINF,051836,SI,611
59172091,FA 2024,GINF,WN 2026, ,02003,Information Mas,9445MSI,User Experience Design MSI,2510,FA 2024,GINF,014801,ELI,536
59172091,FA 2024,GINF,WN 2026, ,02003,Information Mas,9445MSI,User Experience Design MSI,2510,FA 2024,GINF,017281,SI,588
59172091,FA 2024,GINF,WN 2026, ,02003,Information Mas,9445MSI,User Experience Design MSI,2510,FA 2024,GINF,041985,SI,542
59172091,FA 2024,GINF,WN 2026, ,02003,Information Mas,9445MSI,User Experience Design MSI,2510,FA 2024,GINF,047246,SI,506
59172091,FA 2024,GINF,WN 2026, ,02003,Information Mas,9445MSI,User Experience Design MSI,2510,FA 2024,GINF,048129,SI,505
59172091,FA 2024,GINF,WN 2026, ,02003,Information Mas,9445MSI,User Experience Design MSI,2510,FA 2024,GINF,051553,SI,500
59172091,FA 2024,GINF,WN 2026, ,02003,Information Mas,9445MSI,User Experience Design MSI,2520,WN 2025,GINF,020401,SI,622
59172091,FA 2024,GINF,WN 2026, ,02003,Information Mas,9445MSI,User Experience Design MSI,2520,WN 2025,GINF,021391,SI,511
59172091,FA 2024,GINF,WN 2026, ,02003,Information Mas,9445MSI,User Experience Design MSI,2520,WN 2025,GINF,039178,SI,539
59172091,FA 2024,GINF,WN 2026, ,02003,Information Mas,9445MSI,User Experience Design MSI,2520,WN 2025,GINF,041957,ENGR,599
59172091,FA 2024,GINF,WN 2026, ,02003,Information Mas,9445MSI,User Experience Design MSI,2520,WN 2025,GINF,045393,SI,552
59172091,FA 2024,GINF,WN 2026, ,02003,Information Mas,9445MSI,User Experience Design MSI,2560,FA 2025,GINF,003670,ACC,471
59172091,FA 2024,GINF,WN 2026, ,02003,Information Mas,9445MSI,User Experience Design MSI,2560,FA 2025,GINF,004678,ANTHRARC,282
59172091,FA 2024,GINF,WN 2026, ,02003,Information Mas,9445MSI,User Experience Design MSI,2560,FA 2025,GINF,021391,SI,511
59172091,FA 2024,GINF,WN 2026, ,02003,Information Mas,9445MSI,User Experience Design MSI,2560,FA 2025,GINF,041957,ENGR,599
59172091,FA 2024,GINF,WN 2026, ,02003,Information Mas,9445MSI,User Experience Design MSI,2560,FA 2025,GINF,043241,SI,657
59172091,FA 2024,GINF,WN 2026, ,02003,Information Mas,9445MSI,User Experience Design MSI,2560,FA 2025,GINF,045771,SI,684
59172091,FA 2024,GINF,WN 2026, ,02003,Information Mas,9445MSI,User Experience Design MSI,2560,FA 2025,GINF,048488,SI,559
59172091,FA 2024,GINF,WN 2026, ,02003,Information Mas,9445MSI,User Experience Design MSI,2570,WN 2026,GINF,017533,MO,512
59172091,FA 2024,GINF,WN 2026, ,02003,Information Mas,9445MSI,User Experience Design MSI,2570,WN 2026,GINF,021391,SI,511
59172091,FA 2024,GINF,WN 2026, ,02003,Information Mas,9445MSI,User Experience Design MSI,2570,WN 2026,GINF,047901,SI,699
59172091,FA 2024,GINF,WN 2026, ,02003,Information Mas,9445MSI,User Experience Design MSI,2570,WN 2026,GINF,051454,SI,594
59384998,FA 2025,GINF,WN 2027, ,02003,Information Mas,9445MSI,User Experience Design MSI,2560,FA 2025,GINF,017281,SI,588
59384998,FA 2025,GINF,WN 2027, ,02003,Information Mas,9445MSI,User Experience Design MSI,2560,FA 2025,GINF,044772,SI,582
59384998,FA 2025,GINF,WN 2027, ,02003,Information Mas,9445MSI,User Experience Design MSI,2560,FA 2025,GINF,047246,SI,506
59384998,FA 2025,GINF,WN 2027, ,02003,Information Mas,9445MSI,User Experience Design MSI,2560,FA 2025,GINF,050164,SI,504
59384998,FA 2025,GINF,WN 2027, ,02003,Information Mas,9445MSI,User Experience Design MSI,2560,FA 2025,GINF,051553,SI,500
59384998,FA 2025,GINF,WN 2027, ,02003,Information Mas,9445MSI,User Experience Design MSI,2570,WN 2026,GINF,020401,SI,622
59384998,FA 2025,GINF,WN 2027, ,02003,Information Mas,9445MSI,User Experience Design MSI,2570,WN 2026,GINF,021400,SI,520
59384998,FA 2025,GINF,WN 2027, ,02003,Information Mas,9445MSI,User Experience Design MSI,2570,WN 2026,GINF,039178,SI,539
59384998,FA 2025,GINF,WN 2027, ,02003,Information Mas,9445MSI,User Experience Design MSI,2570,WN 2026,GINF,041626,SI,664
59384998,FA 2025,GINF,WN 2027, ,02003,Information Mas,9445MSI,User Experience Design MSI,2570,WN 2026,GINF,045393,SI,552
59384998,FA 2025,GINF,WN 2027, ,02003,Information Mas,9445MSI,User Experience Design MSI,2570,WN 2026,GINF,051454,SI,594
59389368,FA 2024,GINF,WN 2027, ,02003,Information Mas,5005MSI,Master's ThesisOption Prog MSI,2510,FA 2024,GINF,016607,SI,544
59389368,FA 2024,GINF,WN 2027, ,02003,Information Mas,5005MSI,Master's ThesisOption Prog MSI,2510,FA 2024,GINF,019384,EAS,560
59389368,FA 2024,GINF,WN 2027, ,02003,Information Mas,5005MSI,Master's ThesisOption Prog MSI,2510,FA 2024,GINF,047246,SI,506
59389368,FA 2024,GINF,WN 2027, ,02003,Information Mas,5005MSI,Master's ThesisOption Prog MSI,2510,FA 2024,GINF,050164,SI,504
59389368,FA 2024,GINF,WN 2027, ,02003,Information Mas,5005MSI,Master's ThesisOption Prog MSI,2510,FA 2024,GINF,051553,SI,500
59389368,FA 2024,GINF,WN 2027, ,02003,Information Mas,5005MSI,Master's ThesisOption Prog MSI,2520,WN 2025,GINF,005266,URP,532
59389368,FA 2024,GINF,WN 2027, ,02003,Information Mas,5005MSI,Master's ThesisOption Prog MSI,2520,WN 2025,GINF,016760,MUSICOL,606
59389368,FA 2024,GINF,WN 2027, ,02003,Information Mas,5005MSI,Master's ThesisOption Prog MSI,2520,WN 2025,GINF,049112,PAT,500
59389368,FA 2024,GINF,WN 2027, ,02003,Information Mas,5005MSI,Master's ThesisOption Prog MSI,2560,FA 2025,GINF,017281,SI,588
59389368,FA 2024,GINF,WN 2027, ,02003,Information Mas,5005MSI,Master's ThesisOption Prog MSI,2560,FA 2025,GINF,018672,SI,521
59389368,FA 2024,GINF,WN 2027, ,02003,Information Mas,5005MSI,Master's ThesisOption Prog MSI,2560,FA 2025,GINF,045393,SI,552
59389368,FA 2024,GINF,WN 2027, ,02003,Information Mas,5005MSI,Master's ThesisOption Prog MSI,2560,FA 2025,GINF,049365,SI,697
59389368,FA 2024,GINF,WN 2027, ,02003,Information Mas,5005MSI,Master's ThesisOption Prog MSI,2560,FA 2025,GINF,052100,SI,597
59389368,FA 2024,GINF,WN 2027, ,02003,Information Mas,5005MSI,Master's ThesisOption Prog MSI,2570,WN 2026,GINF,001459,SI,690
59389368,FA 2024,GINF,WN 2027, ,02003,Information Mas,5005MSI,Master's ThesisOption Prog MSI,2570,WN 2026,GINF,020803,SI,643
59389368,FA 2024,GINF,WN 2027, ,02003,Information Mas,5005MSI,Master's ThesisOption Prog MSI,2570,WN 2026,GINF,049040,SI,698
59389368,FA 2024,GINF,WN 2027, ,02003,Information Mas,5005MSI,Master's ThesisOption Prog MSI,2570,WN 2026,GINF,050162,SI,510
59429582,FA 2025,GINF,WN 2027, ,02003,Information Mas,0775MSI,Big Data Analytics MSI,2560,FA 2025,GINF,020934,SI,649
59429582,FA 2025,GINF,WN 2027, ,02003,Information Mas,0775MSI,Big Data Analytics MSI,2560,FA 2025,GINF,039178,SI,539
59429582,FA 2025,GINF,WN 2027, ,02003,Information Mas,0775MSI,Big Data Analytics MSI,2560,FA 2025,GINF,045930,SI,671
59429582,FA 2025,GINF,WN 2027, ,02003,Information Mas,0775MSI,Big Data Analytics MSI,2560,FA 2025,GINF,050159,SI,579
59429582,FA 2025,GINF,WN 2027, ,02003,Information Mas,0775MSI,Big Data Analytics MSI,2560,FA 2025,GINF,051553,SI,500
59429582,FA 2025,GINF,WN 2027, ,02003,Information Mas,0775MSI,Big Data Analytics MSI,2570,WN 2026,GINF,014746,EECS,542
59429582,FA 2025,GINF,WN 2027, ,02003,Information Mas,0775MSI,Big Data Analytics MSI,2570,WN 2026,GINF,021391,SI,511
59429582,FA 2025,GINF,WN 2027, ,02003,Information Mas,0775MSI,Big Data Analytics MSI,2570,WN 2026,GINF,041626,SI,664
59429582,FA 2025,GINF,WN 2027, ,02003,Information Mas,0775MSI,Big Data Analytics MSI,2570,WN 2026,GINF,042324,SI,639
59429582,FA 2025,GINF,WN 2027, ,02003,Information Mas,0775MSI,Big Data Analytics MSI,2570,WN 2026,GINF,048268,SI,630
59429582,FA 2025,GINF,WN 2027, ,02003,Information Mas,0775MSI,Big Data Analytics MSI,2570,WN 2026,GINF,050663,SI,568
59429582,FA 2025,GINF,WN 2027, ,02003,Information Mas,0775MSI,Big Data Analytics MSI,2570,WN 2026,GINF,051462,SI,644
59736283,FA 2024,GINF,WN 2025,WN 2025,02003,Information Mas,9445MSI,User Experience Design MSI,2510,FA 2024,GINF,001459,SI,690
59736283,FA 2024,GINF,WN 2025,WN 2025,02003,Information Mas,9445MSI,User Experience Design MSI,2510,FA 2024,GINF,021391,SI,511
59736283,FA 2024,GINF,WN 2025,WN 2025,02003,Information Mas,9445MSI,User Experience Design MSI,2510,FA 2024,GINF,045771,SI,684
59736283,FA 2024,GINF,WN 2025,WN 2025,02003,Information Mas,9445MSI,User Experience Design MSI,2510,FA 2024,GINF,048488,SI,559
59736283,FA 2024,GINF,WN 2025,WN 2025,02003,Information Mas,9445MSI,User Experience Design MSI,2510,FA 2024,GINF,051553,SI,500
59736283,FA 2024,GINF,WN 2025,WN 2025,02003,Information Mas,9445MSI,User Experience Design MSI,2520,WN 2025,GINF,045393,SI,552
59736283,FA 2024,GINF,WN 2025,WN 2025,02003,Information Mas,9445MSI,User Experience Design MSI,2520,WN 2025,GINF,047901,SI,699
59736283,FA 2024,GINF,WN 2025,WN 2025,02003,Information Mas,9445MSI,User Experience Design MSI,2520,WN 2025,GINF,051836,SI,611
59887757,FA 2024,GINF,WN 2027, ,02003,Information Mas,0775MSI,Big Data Analytics MSI,2510,FA 2024,GINF,047246,SI,506
59887757,FA 2024,GINF,WN 2027, ,02003,Information Mas,0775MSI,Big Data Analytics MSI,2510,FA 2024,GINF,048488,SI,559
59887757,FA 2024,GINF,WN 2027, ,02003,Information Mas,0775MSI,Big Data Analytics MSI,2510,FA 2024,GINF,050164,SI,504
59887757,FA 2024,GINF,WN 2027, ,02003,Information Mas,0775MSI,Big Data Analytics MSI,2510,FA 2024,GINF,051553,SI,500
59887757,FA 2024,GINF,WN 2027, ,02003,Information Mas,0775MSI,Big Data Analytics MSI,2520,WN 2025,GINF,039178,SI,539
59887757,FA 2024,GINF,WN 2027, ,02003,Information Mas,0775MSI,Big Data Analytics MSI,2520,WN 2025,GINF,042091,SI,618
59887757,FA 2024,GINF,WN 2027, ,02003,Information Mas,0775MSI,Big Data Analytics MSI,2520,WN 2025,GINF,047640,SI,507
59887757,FA 2024,GINF,WN 2027, ,02003,Information Mas,0775MSI,Big Data Analytics MSI,2520,WN 2025,GINF,049601,SI,564
59887757,FA 2024,GINF,WN 2027, ,02003,Information Mas,0775MSI,Big Data Analytics MSI,2520,WN 2025,GINF,050159,SI,579
59887757,FA 2024,GINF,WN 2027, ,02003,Information Mas,0775MSI,Big Data Analytics MSI,2520,WN 2025,GINF,050663,SI,568
59887757,FA 2024,GINF,WN 2027, ,02003,Information Mas,0775MSI,Big Data Analytics MSI,2560,FA 2025,GINF,001459,SI,690
59887757,FA 2024,GINF,WN 2027, ,02003,Information Mas,0775MSI,Big Data Analytics MSI,2560,FA 2025,GINF,009732,SI,650
59887757,FA 2024,GINF,WN 2027, ,02003,Information Mas,0775MSI,Big Data Analytics MSI,2560,FA 2025,GINF,041934,SI,608
59887757,FA 2024,GINF,WN 2027, ,02003,Information Mas,0775MSI,Big Data Analytics MSI,2560,FA 2025,GINF,048500,SI,670
59887757,FA 2024,GINF,WN 2027, ,02003,Information Mas,0775MSI,Big Data Analytics MSI,2560,FA 2025,GINF,052172,SI,679
59887757,FA 2024,GINF,WN 2027, ,02003,Information Mas,0775MSI,Big Data Analytics MSI,2570,WN 2026,GINF,047901,SI,699
59887757,FA 2024,GINF,WN 2027, ,02003,Information Mas,0775MSI,Big Data Analytics MSI,2570,WN 2026,GINF,051462,SI,644
59931244,FA 2024,GINF,WN 2026, ,02003,Information Mas,5005MSI,Master's ThesisOption Prog MSI,2510,FA 2024,GINF,017281,SI,588
59931244,FA 2024,GINF,WN 2026, ,02003,Information Mas,5005MSI,Master's ThesisOption Prog MSI,2510,FA 2024,GINF,021400,SI,520
59931244,FA 2024,GINF,WN 2026, ,02003,Information Mas,5005MSI,Master's ThesisOption Prog MSI,2510,FA 2024,GINF,044772,SI,582
59931244,FA 2024,GINF,WN 2026, ,02003,Information Mas,5005MSI,Master's ThesisOption Prog MSI,2510,FA 2024,GINF,048129,SI,505
59931244,FA 2024,GINF,WN 2026, ,02003,Information Mas,5005MSI,Master's ThesisOption Prog MSI,2510,FA 2024,GINF,051553,SI,500
59931244,FA 2024,GINF,WN 2026, ,02003,Information Mas,5005MSI,Master's ThesisOption Prog MSI,2520,WN 2025,GINF,020401,SI,622
59931244,FA 2024,GINF,WN 2026, ,02003,Information Mas,5005MSI,Master's ThesisOption Prog MSI,2520,WN 2025,GINF,021050,SI,691
59931244,FA 2024,GINF,WN 2026, ,02003,Information Mas,5005MSI,Master's ThesisOption Prog MSI,2520,WN 2025,GINF,040667,SI,681
59931244,FA 2024,GINF,WN 2026, ,02003,Information Mas,5005MSI,Master's ThesisOption Prog MSI,2520,WN 2025,GINF,051455,SI,569
59931244,FA 2024,GINF,WN 2026, ,02003,Information Mas,5005MSI,Master's ThesisOption Prog MSI,2520,WN 2025,GINF,051519,ECE,598
59931244,FA 2024,GINF,WN 2026, ,02003,Information Mas,5005MSI,Master's ThesisOption Prog MSI,2560,FA 2025,GINF,045393,SI,552
59931244,FA 2024,GINF,WN 2026, ,02003,Information Mas,5005MSI,Master's ThesisOption Prog MSI,2560,FA 2025,GINF,048507,EECS,298
59931244,FA 2024,GINF,WN 2026, ,02003,Information Mas,5005MSI,Master's ThesisOption Prog MSI,2560,FA 2025,GINF,049365,SI,697
59931244,FA 2024,GINF,WN 2026, ,02003,Information Mas,5005MSI,Master's ThesisOption Prog MSI,2560,FA 2025,GINF,052100,SI,597
59931244,FA 2024,GINF,WN 2026, ,02003,Information Mas,5005MSI,Master's ThesisOption Prog MSI,2570,WN 2026,GINF,021391,SI,511
59931244,FA 2024,GINF,WN 2026, ,02003,Information Mas,5005MSI,Master's ThesisOption Prog MSI,2570,WN 2026,GINF,040369,SI,515
59931244,FA 2024,GINF,WN 2026, ,02003,Information Mas,5005MSI,Master's ThesisOption Prog MSI,2570,WN 2026,GINF,049040,SI,698
59931244,FA 2024,GINF,WN 2026, ,02003,Information Mas,5005MSI,Master's ThesisOption Prog MSI,2570,WN 2026,GINF,051454,SI,594
60308102,FA 2024,GINF,WN 2026, ,02003,Information Mas,9455MSI,User-Centered Agile Dev MSI,2510,FA 2024,GINF,039178,SI,539
60308102,FA 2024,GINF,WN 2026, ,02003,Information Mas,9455MSI,User-Centered Agile Dev MSI,2510,FA 2024,GINF,044772,SI,582
60308102,FA 2024,GINF,WN 2026, ,02003,Information Mas,9455MSI,User-Centered Agile Dev MSI,2510,FA 2024,GINF,047246,SI,506
60308102,FA 2024,GINF,WN 2026, ,02003,Information Mas,9455MSI,User-Centered Agile Dev MSI,2510,FA 2024,GINF,048129,SI,505
60308102,FA 2024,GINF,WN 2026, ,02003,Information Mas,9455MSI,User-Centered Agile Dev MSI,2510,FA 2024,GINF,048488,SI,559
60308102,FA 2024,GINF,WN 2026, ,02003,Information Mas,9455MSI,User-Centered Agile Dev MSI,2510,FA 2024,GINF,051553,SI,500
60308102,FA 2024,GINF,WN 2026, ,02003,Information Mas,9455MSI,User-Centered Agile Dev MSI,2520,WN 2025,GINF,020401,SI,622
60308102,FA 2024,GINF,WN 2026, ,02003,Information Mas,9455MSI,User-Centered Agile Dev MSI,2520,WN 2025,GINF,021050,SI,691
60308102,FA 2024,GINF,WN 2026, ,02003,Information Mas,9455MSI,User-Centered Agile Dev MSI,2520,WN 2025,GINF,021400,SI,520
60308102,FA 2024,GINF,WN 2026, ,02003,Information Mas,9455MSI,User-Centered Agile Dev MSI,2520,WN 2025,GINF,048486,SI,659
60308102,FA 2024,GINF,WN 2026, ,02003,Information Mas,9455MSI,User-Centered Agile Dev MSI,2520,WN 2025,GINF,051836,SI,611
60308102,FA 2024,GINF,WN 2026, ,02003,Information Mas,9455MSI,User-Centered Agile Dev MSI,2560,FA 2025,GINF,017281,SI,588
60308102,FA 2024,GINF,WN 2026, ,02003,Information Mas,9455MSI,User-Centered Agile Dev MSI,2560,FA 2025,GINF,041031,PUBPOL,515
60308102,FA 2024,GINF,WN 2026, ,02003,Information Mas,9455MSI,User-Centered Agile Dev MSI,2560,FA 2025,GINF,050159,SI,579
60308102,FA 2024,GINF,WN 2026, ,02003,Information Mas,9455MSI,User-Centered Agile Dev MSI,2560,FA 2025,GINF,050164,SI,504
60308102,FA 2024,GINF,WN 2026, ,02003,Information Mas,9455MSI,User-Centered Agile Dev MSI,2560,FA 2025,GINF,052172,SI,679
60308102,FA 2024,GINF,WN 2026, ,02003,Information Mas,9455MSI,User-Centered Agile Dev MSI,2570,WN 2026,GINF,021391,SI,511
60308102,FA 2024,GINF,WN 2026, ,02003,Information Mas,9455MSI,User-Centered Agile Dev MSI,2570,WN 2026,GINF,047901,SI,699
60492902,FA 2024,GINF,WN 2026, ,02003,Information Mas,0775MSI,Big Data Analytics MSI,2510,FA 2024,GINF,016607,SI,544
60492902,FA 2024,GINF,WN 2026, ,02003,Information Mas,0775MSI,Big Data Analytics MSI,2510,FA 2024,GINF,047246,SI,506
60492902,FA 2024,GINF,WN 2026, ,02003,Information Mas,0775MSI,Big Data Analytics MSI,2510,FA 2024,GINF,048129,SI,505
60492902,FA 2024,GINF,WN 2026, ,02003,Information Mas,0775MSI,Big Data Analytics MSI,2510,FA 2024,GINF,049601,SI,564
60492902,FA 2024,GINF,WN 2026, ,02003,Information Mas,0775MSI,Big Data Analytics MSI,2510,FA 2024,GINF,050164,SI,504
60492902,FA 2024,GINF,WN 2026, ,02003,Information Mas,0775MSI,Big Data Analytics MSI,2510,FA 2024,GINF,051553,SI,500
60492902,FA 2024,GINF,WN 2026, ,02003,Information Mas,0775MSI,Big Data Analytics MSI,2520,WN 2025,GINF,040667,SI,681
60492902,FA 2024,GINF,WN 2026, ,02003,Information Mas,0775MSI,Big Data Analytics MSI,2520,WN 2025,GINF,042091,SI,618
60492902,FA 2024,GINF,WN 2026, ,02003,Information Mas,0775MSI,Big Data Analytics MSI,2520,WN 2025,GINF,047640,SI,507
60492902,FA 2024,GINF,WN 2026, ,02003,Information Mas,0775MSI,Big Data Analytics MSI,2520,WN 2025,GINF,050663,SI,568
60492902,FA 2024,GINF,WN 2026, ,02003,Information Mas,0775MSI,Big Data Analytics MSI,2520,WN 2025,GINF,050983,SI,602
60492902,FA 2024,GINF,WN 2026, ,02003,Information Mas,0775MSI,Big Data Analytics MSI,2560,FA 2025,GINF,001459,SI,690
60492902,FA 2024,GINF,WN 2026, ,02003,Information Mas,0775MSI,Big Data Analytics MSI,2560,FA 2025,GINF,020934,SI,649
60492902,FA 2024,GINF,WN 2026, ,02003,Information Mas,0775MSI,Big Data Analytics MSI,2560,FA 2025,GINF,041626,SI,664
60492902,FA 2024,GINF,WN 2026, ,02003,Information Mas,0775MSI,Big Data Analytics MSI,2560,FA 2025,GINF,045930,SI,671
60492902,FA 2024,GINF,WN 2026, ,02003,Information Mas,0775MSI,Big Data Analytics MSI,2570,WN 2026,GINF,017508,TO,512
60492902,FA 2024,GINF,WN 2026, ,02003,Information Mas,0775MSI,Big Data Analytics MSI,2570,WN 2026,GINF,047901,SI,699
60492902,FA 2024,GINF,WN 2026, ,02003,Information Mas,0775MSI,Big Data Analytics MSI,2570,WN 2026,GINF,048268,SI,630
60566892,FA 2025,GINF,WN 2027, ,02003,Information Mas,0775MSI,Big Data Analytics MSI,2560,FA 2025,GINF,016607,SI,544
60566892,FA 2025,GINF,WN 2027, ,02003,Information Mas,0775MSI,Big Data Analytics MSI,2560,FA 2025,GINF,047246,SI,506
60566892,FA 2025,GINF,WN 2027, ,02003,Information Mas,0775MSI,Big Data Analytics MSI,2560,FA 2025,GINF,050164,SI,504
60566892,FA 2025,GINF,WN 2027, ,02003,Information Mas,0775MSI,Big Data Analytics MSI,2560,FA 2025,GINF,051553,SI,500
60566892,FA 2025,GINF,WN 2027, ,02003,Information Mas,0775MSI,Big Data Analytics MSI,2560,FA 2025,GINF,052216,SI,512
60566892,FA 2025,GINF,WN 2027, ,02003,Information Mas,0775MSI,Big Data Analytics MSI,2570,WN 2026,GINF,020401,SI,622
60566892,FA 2025,GINF,WN 2027, ,02003,Information Mas,0775MSI,Big Data Analytics MSI,2570,WN 2026,GINF,039178,SI,539
60566892,FA 2025,GINF,WN 2027, ,02003,Information Mas,0775MSI,Big Data Analytics MSI,2570,WN 2026,GINF,041626,SI,664
60566892,FA 2025,GINF,WN 2027, ,02003,Information Mas,0775MSI,Big Data Analytics MSI,2570,WN 2026,GINF,044772,SI,582
60566892,FA 2025,GINF,WN 2027, ,02003,Information Mas,0775MSI,Big Data Analytics MSI,2570,WN 2026,GINF,045393,SI,552
60566892,FA 2025,GINF,WN 2027, ,02003,Information Mas,0775MSI,Big Data Analytics MSI,2570,WN 2026,GINF,049038,SI,688
60612834,FA 2024,GINF,WN 2026, ,02003,Information Mas,9445MSI,User Experience Design MSI,2510,FA 2024,GINF,017281,SI,588
60612834,FA 2024,GINF,WN 2026, ,02003,Information Mas,9445MSI,User Experience Design MSI,2510,FA 2024,GINF,039081,SI,529
60612834,FA 2024,GINF,WN 2026, ,02003,Information Mas,9445MSI,User Experience Design MSI,2510,FA 2024,GINF,047246,SI,506
60612834,FA 2024,GINF,WN 2026, ,02003,Information Mas,9445MSI,User Experience Design MSI,2510,FA 2024,GINF,051553,SI,500
60612834,FA 2024,GINF,WN 2026, ,02003,Information Mas,9445MSI,User Experience Design MSI,2520,WN 2025,GINF,020401,SI,622
60612834,FA 2024,GINF,WN 2026, ,02003,Information Mas,9445MSI,User Experience Design MSI,2520,WN 2025,GINF,021400,SI,520
60612834,FA 2024,GINF,WN 2026, ,02003,Information Mas,9445MSI,User Experience Design MSI,2520,WN 2025,GINF,039178,SI,539
60612834,FA 2024,GINF,WN 2026, ,02003,Information Mas,9445MSI,User Experience Design MSI,2520,WN 2025,GINF,040667,SI,681
60612834,FA 2024,GINF,WN 2026, ,02003,Information Mas,9445MSI,User Experience Design MSI,2520,WN 2025,GINF,044772,SI,582
60612834,FA 2024,GINF,WN 2026, ,02003,Information Mas,9445MSI,User Experience Design MSI,2560,FA 2025,GINF,045771,SI,684
60612834,FA 2024,GINF,WN 2026, ,02003,Information Mas,9445MSI,User Experience Design MSI,2560,FA 2025,GINF,049601,SI,564
60612834,FA 2024,GINF,WN 2026, ,02003,Information Mas,9445MSI,User Experience Design MSI,2560,FA 2025,GINF,050164,SI,504
60612834,FA 2024,GINF,WN 2026, ,02003,Information Mas,9445MSI,User Experience Design MSI,2560,FA 2025,GINF,051836,SI,611
60612834,FA 2024,GINF,WN 2026, ,02003,Information Mas,9445MSI,User Experience Design MSI,2570,WN 2026,GINF,021391,SI,511
60612834,FA 2024,GINF,WN 2026, ,02003,Information Mas,9445MSI,User Experience Design MSI,2570,WN 2026,GINF,046306,SI,616
60612834,FA 2024,GINF,WN 2026, ,02003,Information Mas,9445MSI,User Experience Design MSI,2570,WN 2026,GINF,047901,SI,699
61016784,FA 2024,GINF,FA 2025,FA 2025,02003,Information Mas,9445MSI,User Experience Design MSI,2510,FA 2024,GINF,017281,SI,588
61016784,FA 2024,GINF,FA 2025,FA 2025,02003,Information Mas,9445MSI,User Experience Design MSI,2510,FA 2024,GINF,039178,SI,539
61016784,FA 2024,GINF,FA 2025,FA 2025,02003,Information Mas,9445MSI,User Experience Design MSI,2510,FA 2024,GINF,047246,SI,506
61016784,FA 2024,GINF,FA 2025,FA 2025,02003,Information Mas,9445MSI,User Experience Design MSI,2510,FA 2024,GINF,048129,SI,505
61016784,FA 2024,GINF,FA 2025,FA 2025,02003,Information Mas,9445MSI,User Experience Design MSI,2510,FA 2024,GINF,048488,SI,559
61016784,FA 2024,GINF,FA 2025,FA 2025,02003,Information Mas,9445MSI,User Experience Design MSI,2510,FA 2024,GINF,051553,SI,500
61016784,FA 2024,GINF,FA 2025,FA 2025,02003,Information Mas,9445MSI,User Experience Design MSI,2520,WN 2025,GINF,020401,SI,622
61016784,FA 2024,GINF,FA 2025,FA 2025,02003,Information Mas,9445MSI,User Experience Design MSI,2520,WN 2025,GINF,021400,SI,520
61016784,FA 2024,GINF,FA 2025,FA 2025,02003,Information Mas,9445MSI,User Experience Design MSI,2520,WN 2025,GINF,039081,SI,529
61016784,FA 2024,GINF,FA 2025,FA 2025,02003,Information Mas,9445MSI,User Experience Design MSI,2520,WN 2025,GINF,040667,SI,681
61016784,FA 2024,GINF,FA 2025,FA 2025,02003,Information Mas,9445MSI,User Experience Design MSI,2520,WN 2025,GINF,044772,SI,582
61016784,FA 2024,GINF,FA 2025,FA 2025,02003,Information Mas,9445MSI,User Experience Design MSI,2520,WN 2025,GINF,051454,SI,594
61016784,FA 2024,GINF,FA 2025,FA 2025,02003,Information Mas,9445MSI,User Experience Design MSI,2560,FA 2025,GINF,021391,SI,511
61016784,FA 2024,GINF,FA 2025,FA 2025,02003,Information Mas,9445MSI,User Experience Design MSI,2560,FA 2025,GINF,045771,SI,684
61016784,FA 2024,GINF,FA 2025,FA 2025,02003,Information Mas,9445MSI,User Experience Design MSI,2560,FA 2025,GINF,047901,SI,699
61016784,FA 2024,GINF,FA 2025,FA 2025,02003,Information Mas,9445MSI,User Experience Design MSI,2560,FA 2025,GINF,049601,SI,564
61044690,FA 2024,GINF,WN 2026, ,02003,Information Mas,0775MSI,Big Data Analytics MSI,2510,FA 2024,GINF,039178,SI,539
61044690,FA 2024,GINF,WN 2026, ,02003,Information Mas,0775MSI,Big Data Analytics MSI,2510,FA 2024,GINF,039473,CSE,583
61044690,FA 2024,GINF,WN 2026, ,02003,Information Mas,0775MSI,Big Data Analytics MSI,2510,FA 2024,GINF,041626,SI,664
61044690,FA 2024,GINF,WN 2026, ,02003,Information Mas,0775MSI,Big Data Analytics MSI,2510,FA 2024,GINF,042091,SI,618
61044690,FA 2024,GINF,WN 2026, ,02003,Information Mas,0775MSI,Big Data Analytics MSI,2510,FA 2024,GINF,049601,SI,564
61044690,FA 2024,GINF,WN 2026, ,02003,Information Mas,0775MSI,Big Data Analytics MSI,2510,FA 2024,GINF,051553,SI,500
61044690,FA 2024,GINF,WN 2026, ,02003,Information Mas,0775MSI,Big Data Analytics MSI,2520,WN 2025,GINF,020803,SI,643
61044690,FA 2024,GINF,WN 2026, ,02003,Information Mas,0775MSI,Big Data Analytics MSI,2520,WN 2025,GINF,042324,SI,639
61044690,FA 2024,GINF,WN 2026, ,02003,Information Mas,0775MSI,Big Data Analytics MSI,2520,WN 2025,GINF,047640,SI,507
61044690,FA 2024,GINF,WN 2026, ,02003,Information Mas,0775MSI,Big Data Analytics MSI,2520,WN 2025,GINF,048268,SI,630
61044690,FA 2024,GINF,WN 2026, ,02003,Information Mas,0775MSI,Big Data Analytics MSI,2520,WN 2025,GINF,050663,SI,568
61044690,FA 2024,GINF,WN 2026, ,02003,Information Mas,0775MSI,Big Data Analytics MSI,2520,WN 2025,GINF,050983,SI,602
61044690,FA 2024,GINF,WN 2026, ,02003,Information Mas,0775MSI,Big Data Analytics MSI,2560,FA 2025,GINF,041855,SI,631
61044690,FA 2024,GINF,WN 2026, ,02003,Information Mas,0775MSI,Big Data Analytics MSI,2560,FA 2025,GINF,041934,SI,608
61044690,FA 2024,GINF,WN 2026, ,02003,Information Mas,0775MSI,Big Data Analytics MSI,2560,FA 2025,GINF,042071,SI,563
61044690,FA 2024,GINF,WN 2026, ,02003,Information Mas,0775MSI,Big Data Analytics MSI,2560,FA 2025,GINF,045930,SI,671
61044690,FA 2024,GINF,WN 2026, ,02003,Information Mas,0775MSI,Big Data Analytics MSI,2560,FA 2025,GINF,050159,SI,579
61044690,FA 2024,GINF,WN 2026, ,02003,Information Mas,0775MSI,Big Data Analytics MSI,2560,FA 2025,GINF,052172,SI,679
61044690,FA 2024,GINF,WN 2026, ,02003,Information Mas,0775MSI,Big Data Analytics MSI,2570,WN 2026,GINF,047901,SI,699
61401992,FA 2024,GINF,WN 2026, ,02003,Information Mas,9445MSI,User Experience Design MSI,2510,FA 2024,GINF,017281,SI,588
61401992,FA 2024,GINF,WN 2026, ,02003,Information Mas,9445MSI,User Experience Design MSI,2510,FA 2024,GINF,039178,SI,539
61401992,FA 2024,GINF,WN 2026, ,02003,Information Mas,9445MSI,User Experience Design MSI,2510,FA 2024,GINF,047246,SI,506
61401992,FA 2024,GINF,WN 2026, ,02003,Information Mas,9445MSI,User Experience Design MSI,2510,FA 2024,GINF,051553,SI,500
61401992,FA 2024,GINF,WN 2026, ,02003,Information Mas,9445MSI,User Experience Design MSI,2520,WN 2025,GINF,020401,SI,622
61401992,FA 2024,GINF,WN 2026, ,02003,Information Mas,9445MSI,User Experience Design MSI,2520,WN 2025,GINF,021400,SI,520
61401992,FA 2024,GINF,WN 2026, ,02003,Information Mas,9445MSI,User Experience Design MSI,2520,WN 2025,GINF,040667,SI,681
61401992,FA 2024,GINF,WN 2026, ,02003,Information Mas,9445MSI,User Experience Design MSI,2520,WN 2025,GINF,044772,SI,582
61401992,FA 2024,GINF,WN 2026, ,02003,Information Mas,9445MSI,User Experience Design MSI,2520,WN 2025,GINF,050162,SI,510
61401992,FA 2024,GINF,WN 2026, ,02003,Information Mas,9445MSI,User Experience Design MSI,2560,FA 2025,GINF,001459,SI,690
61401992,FA 2024,GINF,WN 2026, ,02003,Information Mas,9445MSI,User Experience Design MSI,2560,FA 2025,GINF,041985,BIOINF,668
61401992,FA 2024,GINF,WN 2026, ,02003,Information Mas,9445MSI,User Experience Design MSI,2560,FA 2025,GINF,044637,SI,648
61401992,FA 2024,GINF,WN 2026, ,02003,Information Mas,9445MSI,User Experience Design MSI,2560,FA 2025,GINF,045771,SI,684
61401992,FA 2024,GINF,WN 2026, ,02003,Information Mas,9445MSI,User Experience Design MSI,2560,FA 2025,GINF,051836,SI,611
61401992,FA 2024,GINF,WN 2026, ,02003,Information Mas,9445MSI,User Experience Design MSI,2560,FA 2025,GINF,052216,SI,512
61401992,FA 2024,GINF,WN 2026, ,02003,Information Mas,9445MSI,User Experience Design MSI,2570,WN 2026,GINF,045393,SI,552
61401992,FA 2024,GINF,WN 2026, ,02003,Information Mas,9445MSI,User Experience Design MSI,2570,WN 2026,GINF,047173,LHS,610
61401992,FA 2024,GINF,WN 2026, ,02003,Information Mas,9445MSI,User Experience Design MSI,2570,WN 2026,GINF,047356,LHS,611
61401992,FA 2024,GINF,WN 2026, ,02003,Information Mas,9445MSI,User Experience Design MSI,2570,WN 2026,GINF,047901,SI,699
61401992,FA 2024,GINF,WN 2026, ,02003,Information Mas,9445MSI,User Experience Design MSI,2570,WN 2026,GINF,049601,SI,564
61572520,FA 2025,GINF,WN 2026, ,02003,Information Mas,0775MSI,Big Data Analytics MSI,2560,FA 2025,GINF,001459,SI,690
61572520,FA 2025,GINF,WN 2026, ,02003,Information Mas,0775MSI,Big Data Analytics MSI,2560,FA 2025,GINF,009732,SI,650
61572520,FA 2025,GINF,WN 2026, ,02003,Information Mas,0775MSI,Big Data Analytics MSI,2560,FA 2025,GINF,045930,SI,671
61572520,FA 2025,GINF,WN 2026, ,02003,Information Mas,0775MSI,Big Data Analytics MSI,2560,FA 2025,GINF,050983,SI,602
61572520,FA 2025,GINF,WN 2026, ,02003,Information Mas,0775MSI,Big Data Analytics MSI,2560,FA 2025,GINF,051462,SI,644
61572520,FA 2025,GINF,WN 2026, ,02003,Information Mas,0775MSI,Big Data Analytics MSI,2570,WN 2026,GINF,020934,SI,649
61572520,FA 2025,GINF,WN 2026, ,02003,Information Mas,0775MSI,Big Data Analytics MSI,2570,WN 2026,GINF,047641,SI,540
61572520,FA 2025,GINF,WN 2026, ,02003,Information Mas,0775MSI,Big Data Analytics MSI,2570,WN 2026,GINF,047901,SI,699
61572520,FA 2025,GINF,WN 2026, ,02003,Information Mas,0775MSI,Big Data Analytics MSI,2570,WN 2026,GINF,050663,SI,568
62064526,FA 2025,GINF,WN 2026, ,02003,Information Mas,9445MSI,User Experience Design MSI,2560,FA 2025,GINF,001459,SI,690
62064526,FA 2025,GINF,WN 2026, ,02003,Information Mas,9445MSI,User Experience Design MSI,2560,FA 2025,GINF,021391,SI,511
62064526,FA 2025,GINF,WN 2026, ,02003,Information Mas,9445MSI,User Experience Design MSI,2560,FA 2025,GINF,045393,SI,552
62064526,FA 2025,GINF,WN 2026, ,02003,Information Mas,9445MSI,User Experience Design MSI,2560,FA 2025,GINF,047901,SI,699
62064526,FA 2025,GINF,WN 2026, ,02003,Information Mas,9445MSI,User Experience Design MSI,2560,FA 2025,GINF,050136,UARTS,560
62064526,FA 2025,GINF,WN 2026, ,02003,Information Mas,9445MSI,User Experience Design MSI,2570,WN 2026,GINF,022099,SI,658
62064526,FA 2025,GINF,WN 2026, ,02003,Information Mas,9445MSI,User Experience Design MSI,2570,WN 2026,GINF,050136,UARTS,560
62064526,FA 2025,GINF,WN 2026, ,02003,Information Mas,9445MSI,User Experience Design MSI,2570,WN 2026,GINF,051836,SI,611
62086624,FA 2025,GINF,WN 2027, ,02003,Information Mas,0775MSI,Big Data Analytics MSI,2560,FA 2025,GINF,016607,SI,544
62086624,FA 2025,GINF,WN 2027, ,02003,Information Mas,0775MSI,Big Data Analytics MSI,2560,FA 2025,GINF,047246,SI,506
62086624,FA 2025,GINF,WN 2027, ,02003,Information Mas,0775MSI,Big Data Analytics MSI,2560,FA 2025,GINF,050164,SI,504
62086624,FA 2025,GINF,WN 2027, ,02003,Information Mas,0775MSI,Big Data Analytics MSI,2560,FA 2025,GINF,051553,SI,500
62086624,FA 2025,GINF,WN 2027, ,02003,Information Mas,0775MSI,Big Data Analytics MSI,2570,WN 2026,GINF,041626,SI,664
62086624,FA 2025,GINF,WN 2027, ,02003,Information Mas,0775MSI,Big Data Analytics MSI,2570,WN 2026,GINF,042091,SI,618
62086624,FA 2025,GINF,WN 2027, ,02003,Information Mas,0775MSI,Big Data Analytics MSI,2570,WN 2026,GINF,047640,SI,507
62086624,FA 2025,GINF,WN 2027, ,02003,Information Mas,0775MSI,Big Data Analytics MSI,2570,WN 2026,GINF,049038,SI,688
62086624,FA 2025,GINF,WN 2027, ,02003,Information Mas,0775MSI,Big Data Analytics MSI,2570,WN 2026,GINF,049601,SI,564
62086624,FA 2025,GINF,WN 2027, ,02003,Information Mas,0775MSI,Big Data Analytics MSI,2570,WN 2026,GINF,050663,SI,568
62086624,FA 2025,GINF,WN 2027, ,02003,Information Mas,0775MSI,Big Data Analytics MSI,2570,WN 2026,GINF,050983,SI,602
62162550,FA 2025,GINF,WN 2027, ,02003,Information Mas,0775MSI,Big Data Analytics MSI,2560,FA 2025,GINF,042071,SI,563
62162550,FA 2025,GINF,WN 2027, ,02003,Information Mas,0775MSI,Big Data Analytics MSI,2560,FA 2025,GINF,047246,SI,506
62162550,FA 2025,GINF,WN 2027, ,02003,Information Mas,0775MSI,Big Data Analytics MSI,2560,FA 2025,GINF,049601,SI,564
62162550,FA 2025,GINF,WN 2027, ,02003,Information Mas,0775MSI,Big Data Analytics MSI,2560,FA 2025,GINF,050164,SI,504
62162550,FA 2025,GINF,WN 2027, ,02003,Information Mas,0775MSI,Big Data Analytics MSI,2560,FA 2025,GINF,051553,SI,500
62162550,FA 2025,GINF,WN 2027, ,02003,Information Mas,0775MSI,Big Data Analytics MSI,2570,WN 2026,GINF,041626,SI,664
62162550,FA 2025,GINF,WN 2027, ,02003,Information Mas,0775MSI,Big Data Analytics MSI,2570,WN 2026,GINF,042091,SI,618
62162550,FA 2025,GINF,WN 2027, ,02003,Information Mas,0775MSI,Big Data Analytics MSI,2570,WN 2026,GINF,047640,SI,507
62162550,FA 2025,GINF,WN 2027, ,02003,Information Mas,0775MSI,Big Data Analytics MSI,2570,WN 2026,GINF,049038,SI,688
62162550,FA 2025,GINF,WN 2027, ,02003,Information Mas,0775MSI,Big Data Analytics MSI,2570,WN 2026,GINF,050663,SI,568
62162550,FA 2025,GINF,WN 2027, ,02003,Information Mas,0775MSI,Big Data Analytics MSI,2570,WN 2026,GINF,051462,SI,644
62162550,FA 2025,GINF,WN 2027, ,02003,Information Mas,0775MSI,Big Data Analytics MSI,2570,WN 2026,GINF,052216,SI,512
62285862,FA 2025,GINF,WN 2027, ,02003,Information Mas,4865MSI,"Lib, Arch&Knwl Envs in Soc MSI",2560,FA 2025,GINF,009731,SI,580
62285862,FA 2025,GINF,WN 2027, ,02003,Information Mas,4865MSI,"Lib, Arch&Knwl Envs in Soc MSI",2560,FA 2025,GINF,021045,SI,666
62285862,FA 2025,GINF,WN 2027, ,02003,Information Mas,4865MSI,"Lib, Arch&Knwl Envs in Soc MSI",2560,FA 2025,GINF,050028,SI,583
62285862,FA 2025,GINF,WN 2027, ,02003,Information Mas,4865MSI,"Lib, Arch&Knwl Envs in Soc MSI",2560,FA 2025,GINF,051553,SI,500
62285862,FA 2025,GINF,WN 2027, ,02003,Information Mas,4865MSI,"Lib, Arch&Knwl Envs in Soc MSI",2570,WN 2026,GINF,022326,SI,581
62285862,FA 2025,GINF,WN 2027, ,02003,Information Mas,4865MSI,"Lib, Arch&Knwl Envs in Soc MSI",2570,WN 2026,GINF,047246,SI,506
62285862,FA 2025,GINF,WN 2027, ,02003,Information Mas,4865MSI,"Lib, Arch&Knwl Envs in Soc MSI",2570,WN 2026,GINF,048280,SI,667
62285862,FA 2025,GINF,WN 2027, ,02003,Information Mas,4865MSI,"Lib, Arch&Knwl Envs in Soc MSI",2570,WN 2026,GINF,050162,SI,510
62410212,FA 2025,GINF,WN 2026, ,02003,Information Mas,9445MSI,User Experience Design MSI,2560,FA 2025,GINF,001459,SI,690
62410212,FA 2025,GINF,WN 2026, ,02003,Information Mas,9445MSI,User Experience Design MSI,2560,FA 2025,GINF,039178,SI,539
62410212,FA 2025,GINF,WN 2026, ,02003,Information Mas,9445MSI,User Experience Design MSI,2560,FA 2025,GINF,043241,SI,657
62410212,FA 2025,GINF,WN 2026, ,02003,Information Mas,9445MSI,User Experience Design MSI,2560,FA 2025,GINF,043863,SI,612
62410212,FA 2025,GINF,WN 2026, ,02003,Information Mas,9445MSI,User Experience Design MSI,2560,FA 2025,GINF,045771,SI,684
62410212,FA 2025,GINF,WN 2026, ,02003,Information Mas,9445MSI,User Experience Design MSI,2570,WN 2026,GINF,021391,SI,511
62410212,FA 2025,GINF,WN 2026, ,02003,Information Mas,9445MSI,User Experience Design MSI,2570,WN 2026,GINF,047901,SI,699
62410212,FA 2025,GINF,WN 2026, ,02003,Information Mas,9445MSI,User Experience Design MSI,2570,WN 2026,GINF,051836,SI,611
62588177,FA 2024,GINF,WN 2027, ,02003,Information Mas,9445MSI,User Experience Design MSI,2510,FA 2024,GINF,017281,SI,588
62588177,FA 2024,GINF,WN 2027, ,02003,Information Mas,9445MSI,User Experience Design MSI,2510,FA 2024,GINF,021400,SI,520
62588177,FA 2024,GINF,WN 2027, ,02003,Information Mas,9445MSI,User Experience Design MSI,2510,FA 2024,GINF,039178,SI,539
62588177,FA 2024,GINF,WN 2027, ,02003,Information Mas,9445MSI,User Experience Design MSI,2510,FA 2024,GINF,041626,SI,664
62588177,FA 2024,GINF,WN 2027, ,02003,Information Mas,9445MSI,User Experience Design MSI,2510,FA 2024,GINF,051553,SI,500
62588177,FA 2024,GINF,WN 2027, ,02003,Information Mas,9445MSI,User Experience Design MSI,2520,WN 2025,GINF,042091,SI,618
62588177,FA 2024,GINF,WN 2027, ,02003,Information Mas,9445MSI,User Experience Design MSI,2520,WN 2025,GINF,047640,SI,507
62588177,FA 2024,GINF,WN 2027, ,02003,Information Mas,9445MSI,User Experience Design MSI,2520,WN 2025,GINF,050159,SI,579
62588177,FA 2024,GINF,WN 2027, ,02003,Information Mas,9445MSI,User Experience Design MSI,2520,WN 2025,GINF,050164,SI,504
62588177,FA 2024,GINF,WN 2027, ,02003,Information Mas,9445MSI,User Experience Design MSI,2520,WN 2025,GINF,050663,SI,568
62588177,FA 2024,GINF,WN 2027, ,02003,Information Mas,9445MSI,User Experience Design MSI,2520,WN 2025,GINF,050983,SI,602
62588177,FA 2024,GINF,WN 2027, ,02003,Information Mas,9445MSI,User Experience Design MSI,2560,FA 2025,GINF,016607,SI,544
62588177,FA 2024,GINF,WN 2027, ,02003,Information Mas,9445MSI,User Experience Design MSI,2560,FA 2025,GINF,041934,SI,608
62588177,FA 2024,GINF,WN 2027, ,02003,Information Mas,9445MSI,User Experience Design MSI,2560,FA 2025,GINF,045930,SI,671
62588177,FA 2024,GINF,WN 2027, ,02003,Information Mas,9445MSI,User Experience Design MSI,2570,WN 2026,GINF,020401,SI,622
62588177,FA 2024,GINF,WN 2027, ,02003,Information Mas,9445MSI,User Experience Design MSI,2570,WN 2026,GINF,044772,SI,582
62588177,FA 2024,GINF,WN 2027, ,02003,Information Mas,9445MSI,User Experience Design MSI,2570,WN 2026,GINF,048488,SI,559
62653341,FA 2024,GINF,WN 2026, ,02003,Information Mas,9445MSI,User Experience Design MSI,2510,FA 2024,GINF,017281,SI,588
62653341,FA 2024,GINF,WN 2026, ,02003,Information Mas,9445MSI,User Experience Design MSI,2510,FA 2024,GINF,044772,SI,582
62653341,FA 2024,GINF,WN 2026, ,02003,Information Mas,9445MSI,User Experience Design MSI,2510,FA 2024,GINF,047246,SI,506
62653341,FA 2024,GINF,WN 2026, ,02003,Information Mas,9445MSI,User Experience Design MSI,2510,FA 2024,GINF,048129,SI,505
62653341,FA 2024,GINF,WN 2026, ,02003,Information Mas,9445MSI,User Experience Design MSI,2510,FA 2024,GINF,051553,SI,500
62653341,FA 2024,GINF,WN 2026, ,02003,Information Mas,9445MSI,User Experience Design MSI,2520,WN 2025,GINF,020401,SI,622
62653341,FA 2024,GINF,WN 2026, ,02003,Information Mas,9445MSI,User Experience Design MSI,2520,WN 2025,GINF,021400,SI,520
62653341,FA 2024,GINF,WN 2026, ,02003,Information Mas,9445MSI,User Experience Design MSI,2520,WN 2025,GINF,022099,SI,658
62653341,FA 2024,GINF,WN 2026, ,02003,Information Mas,9445MSI,User Experience Design MSI,2520,WN 2025,GINF,039178,SI,539
62653341,FA 2024,GINF,WN 2026, ,02003,Information Mas,9445MSI,User Experience Design MSI,2560,FA 2025,GINF,001459,SI,690
62653341,FA 2024,GINF,WN 2026, ,02003,Information Mas,9445MSI,User Experience Design MSI,2560,FA 2025,GINF,021391,SI,511
62653341,FA 2024,GINF,WN 2026, ,02003,Information Mas,9445MSI,User Experience Design MSI,2560,FA 2025,GINF,048488,SI,559
62653341,FA 2024,GINF,WN 2026, ,02003,Information Mas,9445MSI,User Experience Design MSI,2560,FA 2025,GINF,050159,SI,579
62653341,FA 2024,GINF,WN 2026, ,02003,Information Mas,9445MSI,User Experience Design MSI,2560,FA 2025,GINF,050164,SI,504
62653341,FA 2024,GINF,WN 2026, ,02003,Information Mas,9445MSI,User Experience Design MSI,2570,WN 2026,GINF,021391,SI,511
62653341,FA 2024,GINF,WN 2026, ,02003,Information Mas,9445MSI,User Experience Design MSI,2570,WN 2026,GINF,045393,SI,552
62653341,FA 2024,GINF,WN 2026, ,02003,Information Mas,9445MSI,User Experience Design MSI,2570,WN 2026,GINF,047901,SI,699
62653341,FA 2024,GINF,WN 2026, ,02003,Information Mas,9445MSI,User Experience Design MSI,2570,WN 2026,GINF,051454,SI,594
62691025,FA 2024,GINF,WN 2025,WN 2025,02003,Information Mas,9445MSI,User Experience Design MSI,2510,FA 2024,GINF,001459,SI,690
62691025,FA 2024,GINF,WN 2025,WN 2025,02003,Information Mas,9445MSI,User Experience Design MSI,2510,FA 2024,GINF,045393,SI,552
62691025,FA 2024,GINF,WN 2025,WN 2025,02003,Information Mas,9445MSI,User Experience Design MSI,2510,FA 2024,GINF,048488,SI,559
62691025,FA 2024,GINF,WN 2025,WN 2025,02003,Information Mas,9445MSI,User Experience Design MSI,2510,FA 2024,GINF,051553,SI,500
62691025,FA 2024,GINF,WN 2025,WN 2025,02003,Information Mas,9445MSI,User Experience Design MSI,2520,WN 2025,GINF,022099,SI,658
62691025,FA 2024,GINF,WN 2025,WN 2025,02003,Information Mas,9445MSI,User Experience Design MSI,2520,WN 2025,GINF,047901,SI,699
62691025,FA 2024,GINF,WN 2025,WN 2025,02003,Information Mas,9445MSI,User Experience Design MSI,2520,WN 2025,GINF,051836,SI,611
62807401,FA 2024,GINF,WN 2027, ,02003,Information Mas,9445MSI,User Experience Design MSI,2510,FA 2024,GINF,017281,SI,588
62807401,FA 2024,GINF,WN 2027, ,02003,Information Mas,9445MSI,User Experience Design MSI,2510,FA 2024,GINF,044772,SI,582
62807401,FA 2024,GINF,WN 2027, ,02003,Information Mas,9445MSI,User Experience Design MSI,2510,FA 2024,GINF,047246,SI,506
62807401,FA 2024,GINF,WN 2027, ,02003,Information Mas,9445MSI,User Experience Design MSI,2510,FA 2024,GINF,048129,SI,505
62807401,FA 2024,GINF,WN 2027, ,02003,Information Mas,9445MSI,User Experience Design MSI,2510,FA 2024,GINF,051553,SI,500
62807401,FA 2024,GINF,WN 2027, ,02003,Information Mas,9445MSI,User Experience Design MSI,2520,WN 2025,GINF,020401,SI,622
62807401,FA 2024,GINF,WN 2027, ,02003,Information Mas,9445MSI,User Experience Design MSI,2520,WN 2025,GINF,021400,SI,520
62807401,FA 2024,GINF,WN 2027, ,02003,Information Mas,9445MSI,User Experience Design MSI,2520,WN 2025,GINF,039178,SI,539
62807401,FA 2024,GINF,WN 2027, ,02003,Information Mas,9445MSI,User Experience Design MSI,2520,WN 2025,GINF,040667,SI,681
62807401,FA 2024,GINF,WN 2027, ,02003,Information Mas,9445MSI,User Experience Design MSI,2520,WN 2025,GINF,045393,SI,552
62807401,FA 2024,GINF,WN 2027, ,02003,Information Mas,9445MSI,User Experience Design MSI,2560,FA 2025,GINF,001459,SI,690
62807401,FA 2024,GINF,WN 2027, ,02003,Information Mas,9445MSI,User Experience Design MSI,2560,FA 2025,GINF,043210,SI,534
62807401,FA 2024,GINF,WN 2027, ,02003,Information Mas,9445MSI,User Experience Design MSI,2560,FA 2025,GINF,048488,SI,559
62807401,FA 2024,GINF,WN 2027, ,02003,Information Mas,9445MSI,User Experience Design MSI,2560,FA 2025,GINF,051836,SI,611
62807401,FA 2024,GINF,WN 2027, ,02003,Information Mas,9445MSI,User Experience Design MSI,2570,WN 2026,GINF,021391,SI,511
62807401,FA 2024,GINF,WN 2027, ,02003,Information Mas,9445MSI,User Experience Design MSI,2570,WN 2026,GINF,047901,SI,699
62811490,FA 2024,GINF,WN 2026, ,02003,Information Mas,0775MSI,Big Data Analytics MSI,2510,FA 2024,GINF,016607,SI,544
62811490,FA 2024,GINF,WN 2026, ,02003,Information Mas,0775MSI,Big Data Analytics MSI,2510,FA 2024,GINF,039178,SI,539
62811490,FA 2024,GINF,WN 2026, ,02003,Information Mas,0775MSI,Big Data Analytics MSI,2510,FA 2024,GINF,047246,SI,506
62811490,FA 2024,GINF,WN 2026, ,02003,Information Mas,0775MSI,Big Data Analytics MSI,2510,FA 2024,GINF,050164,SI,504
62811490,FA 2024,GINF,WN 2026, ,02003,Information Mas,0775MSI,Big Data Analytics MSI,2510,FA 2024,GINF,051553,SI,500
62811490,FA 2024,GINF,WN 2026, ,02003,Information Mas,0775MSI,Big Data Analytics MSI,2520,WN 2025,GINF,040667,SI,681
62811490,FA 2024,GINF,WN 2026, ,02003,Information Mas,0775MSI,Big Data Analytics MSI,2520,WN 2025,GINF,042091,SI,618
62811490,FA 2024,GINF,WN 2026, ,02003,Information Mas,0775MSI,Big Data Analytics MSI,2520,WN 2025,GINF,044799,ENTR,490
62811490,FA 2024,GINF,WN 2026, ,02003,Information Mas,0775MSI,Big Data Analytics MSI,2520,WN 2025,GINF,047640,SI,507
62811490,FA 2024,GINF,WN 2026, ,02003,Information Mas,0775MSI,Big Data Analytics MSI,2520,WN 2025,GINF,050159,SI,579
62811490,FA 2024,GINF,WN 2026, ,02003,Information Mas,0775MSI,Big Data Analytics MSI,2520,WN 2025,GINF,050663,SI,568
62811490,FA 2024,GINF,WN 2026, ,02003,Information Mas,0775MSI,Big Data Analytics MSI,2520,WN 2025,GINF,050983,SI,602
62811490,FA 2024,GINF,WN 2026, ,02003,Information Mas,0775MSI,Big Data Analytics MSI,2560,FA 2025,GINF,009732,SI,650
62811490,FA 2024,GINF,WN 2026, ,02003,Information Mas,0775MSI,Big Data Analytics MSI,2560,FA 2025,GINF,020934,SI,649
62811490,FA 2024,GINF,WN 2026, ,02003,Information Mas,0775MSI,Big Data Analytics MSI,2560,FA 2025,GINF,044799,ENTR,490
62811490,FA 2024,GINF,WN 2026, ,02003,Information Mas,0775MSI,Big Data Analytics MSI,2560,FA 2025,GINF,048500,SI,670
62811490,FA 2024,GINF,WN 2026, ,02003,Information Mas,0775MSI,Big Data Analytics MSI,2570,WN 2026,GINF,047901,SI,699
62948992,FA 2024,GINF,WN 2026, ,02003,Information Mas,0775MSI,Big Data Analytics MSI,2510,FA 2024,GINF,009732,SI,650
62948992,FA 2024,GINF,WN 2026, ,02003,Information Mas,0775MSI,Big Data Analytics MSI,2510,FA 2024,GINF,047640,SI,507
62948992,FA 2024,GINF,WN 2026, ,02003,Information Mas,0775MSI,Big Data Analytics MSI,2510,FA 2024,GINF,048129,SI,505
62948992,FA 2024,GINF,WN 2026, ,02003,Information Mas,0775MSI,Big Data Analytics MSI,2510,FA 2024,GINF,048488,SI,559
62948992,FA 2024,GINF,WN 2026, ,02003,Information Mas,0775MSI,Big Data Analytics MSI,2510,FA 2024,GINF,049601,SI,564
62948992,FA 2024,GINF,WN 2026, ,02003,Information Mas,0775MSI,Big Data Analytics MSI,2510,FA 2024,GINF,051553,SI,500
62948992,FA 2024,GINF,WN 2026, ,02003,Information Mas,0775MSI,Big Data Analytics MSI,2520,WN 2025,GINF,022099,SI,658
62948992,FA 2024,GINF,WN 2026, ,02003,Information Mas,0775MSI,Big Data Analytics MSI,2520,WN 2025,GINF,040667,SI,681
62948992,FA 2024,GINF,WN 2026, ,02003,Information Mas,0775MSI,Big Data Analytics MSI,2520,WN 2025,GINF,042324,SI,639
62948992,FA 2024,GINF,WN 2026, ,02003,Information Mas,0775MSI,Big Data Analytics MSI,2520,WN 2025,GINF,043602,EECS,568
62948992,FA 2024,GINF,WN 2026, ,02003,Information Mas,0775MSI,Big Data Analytics MSI,2520,WN 2025,GINF,048268,SI,630
62948992,FA 2024,GINF,WN 2026, ,02003,Information Mas,0775MSI,Big Data Analytics MSI,2520,WN 2025,GINF,048486,SI,659
62948992,FA 2024,GINF,WN 2026, ,02003,Information Mas,0775MSI,Big Data Analytics MSI,2520,WN 2025,GINF,050663,SI,568
62948992,FA 2024,GINF,WN 2026, ,02003,Information Mas,0775MSI,Big Data Analytics MSI,2560,FA 2025,GINF,041626,SI,664
62948992,FA 2024,GINF,WN 2026, ,02003,Information Mas,0775MSI,Big Data Analytics MSI,2560,FA 2025,GINF,041934,SI,608
62948992,FA 2024,GINF,WN 2026, ,02003,Information Mas,0775MSI,Big Data Analytics MSI,2560,FA 2025,GINF,048500,SI,670
62948992,FA 2024,GINF,WN 2026, ,02003,Information Mas,0775MSI,Big Data Analytics MSI,2570,WN 2026,GINF,047901,SI,699
63015839,FA 2025,GINF,WN 2026, ,02003,Information Mas,9445MSI,User Experience Design MSI,2560,FA 2025,GINF,017441,CARILLON,500
63015839,FA 2025,GINF,WN 2026, ,02003,Information Mas,9445MSI,User Experience Design MSI,2560,FA 2025,GINF,021400,SI,520
63015839,FA 2025,GINF,WN 2026, ,02003,Information Mas,9445MSI,User Experience Design MSI,2560,FA 2025,GINF,045393,SI,552
63015839,FA 2025,GINF,WN 2026, ,02003,Information Mas,9445MSI,User Experience Design MSI,2560,FA 2025,GINF,045687,SI,538
63015839,FA 2025,GINF,WN 2026, ,02003,Information Mas,9445MSI,User Experience Design MSI,2560,FA 2025,GINF,048831,SI,547
63015839,FA 2025,GINF,WN 2026, ,02003,Information Mas,9445MSI,User Experience Design MSI,2570,WN 2026,GINF,017441,CARILLON,500
63015839,FA 2025,GINF,WN 2026, ,02003,Information Mas,9445MSI,User Experience Design MSI,2570,WN 2026,GINF,043863,SI,612
63015839,FA 2025,GINF,WN 2026, ,02003,Information Mas,9445MSI,User Experience Design MSI,2570,WN 2026,GINF,047901,SI,699
63015839,FA 2025,GINF,WN 2026, ,02003,Information Mas,9445MSI,User Experience Design MSI,2570,WN 2026,GINF,049082,SI,682
63134892,FA 2025,GINF,WN 2027, ,02003,Information Mas,0775MSI,Big Data Analytics MSI,2560,FA 2025,GINF,041626,SI,664
63134892,FA 2025,GINF,WN 2027, ,02003,Information Mas,0775MSI,Big Data Analytics MSI,2560,FA 2025,GINF,042091,SI,618
63134892,FA 2025,GINF,WN 2027, ,02003,Information Mas,0775MSI,Big Data Analytics MSI,2560,FA 2025,GINF,047640,SI,507
63134892,FA 2025,GINF,WN 2027, ,02003,Information Mas,0775MSI,Big Data Analytics MSI,2560,FA 2025,GINF,050164,SI,504
63134892,FA 2025,GINF,WN 2027, ,02003,Information Mas,0775MSI,Big Data Analytics MSI,2560,FA 2025,GINF,051553,SI,500
63134892,FA 2025,GINF,WN 2027, ,02003,Information Mas,0775MSI,Big Data Analytics MSI,2570,WN 2026,GINF,004418,MATH,562
63134892,FA 2025,GINF,WN 2027, ,02003,Information Mas,0775MSI,Big Data Analytics MSI,2570,WN 2026,GINF,014748,EECS,545
63134892,FA 2025,GINF,WN 2027, ,02003,Information Mas,0775MSI,Big Data Analytics MSI,2570,WN 2026,GINF,020934,SI,649
63134892,FA 2025,GINF,WN 2027, ,02003,Information Mas,0775MSI,Big Data Analytics MSI,2570,WN 2026,GINF,048268,SI,630
63134892,FA 2025,GINF,WN 2027, ,02003,Information Mas,0775MSI,Big Data Analytics MSI,2570,WN 2026,GINF,050663,SI,568
63146588,FA 2024,GINF,WN 2027, ,02003,Information Mas,0775MSI,Big Data Analytics MSI,2510,FA 2024,GINF,047246,SI,506
63146588,FA 2024,GINF,WN 2027, ,02003,Information Mas,0775MSI,Big Data Analytics MSI,2520,WN 2025,GINF,047640,SI,507
63146588,FA 2024,GINF,WN 2027, ,02003,Information Mas,0775MSI,Big Data Analytics MSI,2520,WN 2025,GINF,050164,SI,504
63146588,FA 2024,GINF,WN 2027, ,02003,Information Mas,0775MSI,Big Data Analytics MSI,2560,FA 2025,GINF,016607,SI,544
63146588,FA 2024,GINF,WN 2027, ,02003,Information Mas,0775MSI,Big Data Analytics MSI,2570,WN 2026,GINF,042091,SI,618
63227806,FA 2025,GINF,WN 2027, ,02003,Information Mas,9455MSI,User-Centered Agile Dev MSI,2560,FA 2025,GINF,017281,SI,588
63227806,FA 2025,GINF,WN 2027, ,02003,Information Mas,9455MSI,User-Centered Agile Dev MSI,2560,FA 2025,GINF,021400,SI,520
63227806,FA 2025,GINF,WN 2027, ,02003,Information Mas,9455MSI,User-Centered Agile Dev MSI,2560,FA 2025,GINF,047246,SI,506
63227806,FA 2025,GINF,WN 2027, ,02003,Information Mas,9455MSI,User-Centered Agile Dev MSI,2560,FA 2025,GINF,051553,SI,500
63227806,FA 2025,GINF,WN 2027, ,02003,Information Mas,9455MSI,User-Centered Agile Dev MSI,2570,WN 2026,GINF,020401,SI,622
63227806,FA 2025,GINF,WN 2027, ,02003,Information Mas,9455MSI,User-Centered Agile Dev MSI,2570,WN 2026,GINF,039178,SI,539
63227806,FA 2025,GINF,WN 2027, ,02003,Information Mas,9455MSI,User-Centered Agile Dev MSI,2570,WN 2026,GINF,046306,SI,616
63227806,FA 2025,GINF,WN 2027, ,02003,Information Mas,9455MSI,User-Centered Agile Dev MSI,2570,WN 2026,GINF,048129,SI,505
63227806,FA 2025,GINF,WN 2027, ,02003,Information Mas,9455MSI,User-Centered Agile Dev MSI,2570,WN 2026,GINF,050136,UARTS,560
63227806,FA 2025,GINF,WN 2027, ,02003,Information Mas,9455MSI,User-Centered Agile Dev MSI,2570,WN 2026,GINF,050159,SI,579
63227806,FA 2025,GINF,WN 2027, ,02003,Information Mas,9455MSI,User-Centered Agile Dev MSI,2570,WN 2026,GINF,050164,SI,504
63247238,FA 2025,GINF,WN 2027, ,02003,Information Mas,0775MSI,Big Data Analytics MSI,2560,FA 2025,GINF,012999,EAS,436
63247238,FA 2025,GINF,WN 2027, ,02003,Information Mas,0775MSI,Big Data Analytics MSI,2560,FA 2025,GINF,014908,EAS,691
63247238,FA 2025,GINF,WN 2027, ,02003,Information Mas,0775MSI,Big Data Analytics MSI,2560,FA 2025,GINF,039178,SI,539
63247238,FA 2025,GINF,WN 2027, ,02003,Information Mas,0775MSI,Big Data Analytics MSI,2560,FA 2025,GINF,048129,SI,505
63247238,FA 2025,GINF,WN 2027, ,02003,Information Mas,0775MSI,Big Data Analytics MSI,2560,FA 2025,GINF,051553,SI,500
63247238,FA 2025,GINF,WN 2027, ,02003,Information Mas,0775MSI,Big Data Analytics MSI,2570,WN 2026,GINF,020401,SI,622
63247238,FA 2025,GINF,WN 2027, ,02003,Information Mas,0775MSI,Big Data Analytics MSI,2570,WN 2026,GINF,021400,SI,520
63247238,FA 2025,GINF,WN 2027, ,02003,Information Mas,0775MSI,Big Data Analytics MSI,2570,WN 2026,GINF,050159,SI,579
63247238,FA 2025,GINF,WN 2027, ,02003,Information Mas,0775MSI,Big Data Analytics MSI,2570,WN 2026,GINF,050164,SI,504
63267363,FA 2025,GINF,WN 2027, ,02003,Information Mas,0775MSI,Big Data Analytics MSI,2560,FA 2025,GINF,016607,SI,544
63267363,FA 2025,GINF,WN 2027, ,02003,Information Mas,0775MSI,Big Data Analytics MSI,2560,FA 2025,GINF,047246,SI,506
63267363,FA 2025,GINF,WN 2027, ,02003,Information Mas,0775MSI,Big Data Analytics MSI,2560,FA 2025,GINF,049601,SI,564
63267363,FA 2025,GINF,WN 2027, ,02003,Information Mas,0775MSI,Big Data Analytics MSI,2560,FA 2025,GINF,050164,SI,504
63267363,FA 2025,GINF,WN 2027, ,02003,Information Mas,0775MSI,Big Data Analytics MSI,2560,FA 2025,GINF,051553,SI,500
63267363,FA 2025,GINF,WN 2027, ,02003,Information Mas,0775MSI,Big Data Analytics MSI,2570,WN 2026,GINF,042091,SI,618
63267363,FA 2025,GINF,WN 2027, ,02003,Information Mas,0775MSI,Big Data Analytics MSI,2570,WN 2026,GINF,047640,SI,507
63267363,FA 2025,GINF,WN 2027, ,02003,Information Mas,0775MSI,Big Data Analytics MSI,2570,WN 2026,GINF,050510,CSE,593
63267363,FA 2025,GINF,WN 2027, ,02003,Information Mas,0775MSI,Big Data Analytics MSI,2570,WN 2026,GINF,050663,SI,568
63267363,FA 2025,GINF,WN 2027, ,02003,Information Mas,0775MSI,Big Data Analytics MSI,2570,WN 2026,GINF,050983,SI,602
63315429,FA 2025,GINF,WN 2027, ,02003,Information Mas,0775MSI,Big Data Analytics MSI,2560,FA 2025,GINF,016607,SI,544
63315429,FA 2025,GINF,WN 2027, ,02003,Information Mas,0775MSI,Big Data Analytics MSI,2560,FA 2025,GINF,047246,SI,506
63315429,FA 2025,GINF,WN 2027, ,02003,Information Mas,0775MSI,Big Data Analytics MSI,2560,FA 2025,GINF,049601,SI,564
63315429,FA 2025,GINF,WN 2027, ,02003,Information Mas,0775MSI,Big Data Analytics MSI,2560,FA 2025,GINF,050164,SI,504
63315429,FA 2025,GINF,WN 2027, ,02003,Information Mas,0775MSI,Big Data Analytics MSI,2560,FA 2025,GINF,051553,SI,500
63315429,FA 2025,GINF,WN 2027, ,02003,Information Mas,0775MSI,Big Data Analytics MSI,2570,WN 2026,GINF,041626,SI,664
63315429,FA 2025,GINF,WN 2027, ,02003,Information Mas,0775MSI,Big Data Analytics MSI,2570,WN 2026,GINF,042091,SI,618
63315429,FA 2025,GINF,WN 2027, ,02003,Information Mas,0775MSI,Big Data Analytics MSI,2570,WN 2026,GINF,047640,SI,507
63315429,FA 2025,GINF,WN 2027, ,02003,Information Mas,0775MSI,Big Data Analytics MSI,2570,WN 2026,GINF,050663,SI,568
63315429,FA 2025,GINF,WN 2027, ,02003,Information Mas,0775MSI,Big Data Analytics MSI,2570,WN 2026,GINF,050983,SI,602
63435122,FA 2025,GINF,WN 2027, ,02003,Information Mas,4865MSI,"Lib, Arch&Knwl Envs in Soc MSI",2560,FA 2025,GINF,009731,SI,580
63435122,FA 2025,GINF,WN 2027, ,02003,Information Mas,4865MSI,"Lib, Arch&Knwl Envs in Soc MSI",2560,FA 2025,GINF,021045,SI,666
63435122,FA 2025,GINF,WN 2027, ,02003,Information Mas,4865MSI,"Lib, Arch&Knwl Envs in Soc MSI",2560,FA 2025,GINF,021391,SI,511
63435122,FA 2025,GINF,WN 2027, ,02003,Information Mas,4865MSI,"Lib, Arch&Knwl Envs in Soc MSI",2560,FA 2025,GINF,051553,SI,500
63435122,FA 2025,GINF,WN 2027, ,02003,Information Mas,4865MSI,"Lib, Arch&Knwl Envs in Soc MSI",2570,WN 2026,GINF,020803,SI,643
63435122,FA 2025,GINF,WN 2027, ,02003,Information Mas,4865MSI,"Lib, Arch&Knwl Envs in Soc MSI",2570,WN 2026,GINF,040667,SI,681
63435122,FA 2025,GINF,WN 2027, ,02003,Information Mas,4865MSI,"Lib, Arch&Knwl Envs in Soc MSI",2570,WN 2026,GINF,047246,SI,506
63435122,FA 2025,GINF,WN 2027, ,02003,Information Mas,4865MSI,"Lib, Arch&Knwl Envs in Soc MSI",2570,WN 2026,GINF,048129,SI,505
63435122,FA 2025,GINF,WN 2027, ,02003,Information Mas,4865MSI,"Lib, Arch&Knwl Envs in Soc MSI",2570,WN 2026,GINF,048280,SI,667
63435122,FA 2025,GINF,WN 2027, ,02003,Information Mas,4865MSI,"Lib, Arch&Knwl Envs in Soc MSI",2570,WN 2026,GINF,050162,SI,510
63868665,FA 2024,GINF,WN 2025,WN 2025,02003,Information Mas,0775MSI,Big Data Analytics MSI,2510,FA 2024,GINF,001459,SI,690
63868665,FA 2024,GINF,WN 2025,WN 2025,02003,Information Mas,0775MSI,Big Data Analytics MSI,2510,FA 2024,GINF,020934,SI,649
63868665,FA 2024,GINF,WN 2025,WN 2025,02003,Information Mas,0775MSI,Big Data Analytics MSI,2510,FA 2024,GINF,041934,SI,608
63868665,FA 2024,GINF,WN 2025,WN 2025,02003,Information Mas,0775MSI,Big Data Analytics MSI,2510,FA 2024,GINF,047304,ENTR,550
63868665,FA 2024,GINF,WN 2025,WN 2025,02003,Information Mas,0775MSI,Big Data Analytics MSI,2510,FA 2024,GINF,048500,SI,670
63868665,FA 2024,GINF,WN 2025,WN 2025,02003,Information Mas,0775MSI,Big Data Analytics MSI,2510,FA 2024,GINF,051553,SI,500
63868665,FA 2024,GINF,WN 2025,WN 2025,02003,Information Mas,0775MSI,Big Data Analytics MSI,2520,WN 2025,GINF,047849,ARTSADMN,533
63868665,FA 2024,GINF,WN 2025,WN 2025,02003,Information Mas,0775MSI,Big Data Analytics MSI,2520,WN 2025,GINF,047901,SI,699
63868665,FA 2024,GINF,WN 2025,WN 2025,02003,Information Mas,0775MSI,Big Data Analytics MSI,2520,WN 2025,GINF,048129,SI,505
63868665,FA 2024,GINF,WN 2025,WN 2025,02003,Information Mas,0775MSI,Big Data Analytics MSI,2520,WN 2025,GINF,050663,SI,568
63868665,FA 2024,GINF,WN 2025,WN 2025,02003,Information Mas,0775MSI,Big Data Analytics MSI,2520,WN 2025,GINF,050983,SI,602
63920218,FA 2024,GINF,WN 2027, ,02003,Information Mas,9445MSI,User Experience Design MSI,2510,FA 2024,GINF,017281,SI,588
63920218,FA 2024,GINF,WN 2027, ,02003,Information Mas,9445MSI,User Experience Design MSI,2510,FA 2024,GINF,044772,SI,582
63920218,FA 2024,GINF,WN 2027, ,02003,Information Mas,9445MSI,User Experience Design MSI,2510,FA 2024,GINF,047246,SI,506
63920218,FA 2024,GINF,WN 2027, ,02003,Information Mas,9445MSI,User Experience Design MSI,2510,FA 2024,GINF,051553,SI,500
63920218,FA 2024,GINF,WN 2027, ,02003,Information Mas,9445MSI,User Experience Design MSI,2520,WN 2025,GINF,020401,SI,622
63920218,FA 2024,GINF,WN 2027, ,02003,Information Mas,9445MSI,User Experience Design MSI,2520,WN 2025,GINF,021400,SI,520
63920218,FA 2024,GINF,WN 2027, ,02003,Information Mas,9445MSI,User Experience Design MSI,2520,WN 2025,GINF,039178,SI,539
63920218,FA 2024,GINF,WN 2027, ,02003,Information Mas,9445MSI,User Experience Design MSI,2520,WN 2025,GINF,040667,SI,681
63920218,FA 2024,GINF,WN 2027, ,02003,Information Mas,9445MSI,User Experience Design MSI,2520,WN 2025,GINF,047641,SI,540
63920218,FA 2024,GINF,WN 2027, ,02003,Information Mas,9445MSI,User Experience Design MSI,2560,FA 2025,GINF,001459,SI,690
63920218,FA 2024,GINF,WN 2027, ,02003,Information Mas,9445MSI,User Experience Design MSI,2560,FA 2025,GINF,045771,SI,684
63920218,FA 2024,GINF,WN 2027, ,02003,Information Mas,9445MSI,User Experience Design MSI,2570,WN 2026,GINF,012772,SI,548
63920218,FA 2024,GINF,WN 2027, ,02003,Information Mas,9445MSI,User Experience Design MSI,2570,WN 2026,GINF,049082,SI,682
64074496,FA 2025,GINF,WN 2027, ,02003,Information Mas,0775MSI,Big Data Analytics MSI,2560,FA 2025,GINF,047640,SI,507
64074496,FA 2025,GINF,WN 2027, ,02003,Information Mas,0775MSI,Big Data Analytics MSI,2560,FA 2025,GINF,049601,SI,564
64074496,FA 2025,GINF,WN 2027, ,02003,Information Mas,0775MSI,Big Data Analytics MSI,2560,FA 2025,GINF,050164,SI,504
64074496,FA 2025,GINF,WN 2027, ,02003,Information Mas,0775MSI,Big Data Analytics MSI,2560,FA 2025,GINF,051553,SI,500
64074496,FA 2025,GINF,WN 2027, ,02003,Information Mas,0775MSI,Big Data Analytics MSI,2560,FA 2025,GINF,052216,SI,512
64074496,FA 2025,GINF,WN 2027, ,02003,Information Mas,0775MSI,Big Data Analytics MSI,2570,WN 2026,GINF,003763,IOE,510
64074496,FA 2025,GINF,WN 2027, ,02003,Information Mas,0775MSI,Big Data Analytics MSI,2570,WN 2026,GINF,014748,EECS,545
64074496,FA 2025,GINF,WN 2027, ,02003,Information Mas,0775MSI,Big Data Analytics MSI,2570,WN 2026,GINF,021314,PUBPOL,639
64074496,FA 2025,GINF,WN 2027, ,02003,Information Mas,0775MSI,Big Data Analytics MSI,2570,WN 2026,GINF,043366,SI,617
64074496,FA 2025,GINF,WN 2027, ,02003,Information Mas,0775MSI,Big Data Analytics MSI,2570,WN 2026,GINF,048268,SI,630
64074496,FA 2025,GINF,WN 2027, ,02003,Information Mas,0775MSI,Big Data Analytics MSI,2570,WN 2026,GINF,050663,SI,568
64074496,FA 2025,GINF,WN 2027, ,02003,Information Mas,0775MSI,Big Data Analytics MSI,2570,WN 2026,GINF,051462,SI,644
64213632,FA 2024,GINF,WN 2026, ,02003,Information Mas,5005MSI,Master's ThesisOption Prog MSI,2510,FA 2024,GINF,001393,CSE,598
64213632,FA 2024,GINF,WN 2026, ,02003,Information Mas,5005MSI,Master's ThesisOption Prog MSI,2510,FA 2024,GINF,039178,SI,539
64213632,FA 2024,GINF,WN 2026, ,02003,Information Mas,5005MSI,Master's ThesisOption Prog MSI,2510,FA 2024,GINF,044772,SI,582
64213632,FA 2024,GINF,WN 2026, ,02003,Information Mas,5005MSI,Master's ThesisOption Prog MSI,2510,FA 2024,GINF,047246,SI,506
64213632,FA 2024,GINF,WN 2026, ,02003,Information Mas,5005MSI,Master's ThesisOption Prog MSI,2510,FA 2024,GINF,048488,SI,559
64213632,FA 2024,GINF,WN 2026, ,02003,Information Mas,5005MSI,Master's ThesisOption Prog MSI,2520,WN 2025,GINF,020803,SI,643
64213632,FA 2024,GINF,WN 2026, ,02003,Information Mas,5005MSI,Master's ThesisOption Prog MSI,2520,WN 2025,GINF,039979,SI,623
64213632,FA 2024,GINF,WN 2026, ,02003,Information Mas,5005MSI,Master's ThesisOption Prog MSI,2520,WN 2025,GINF,041957,ENGR,599
64213632,FA 2024,GINF,WN 2026, ,02003,Information Mas,5005MSI,Master's ThesisOption Prog MSI,2520,WN 2025,GINF,044771,PAT,598
64213632,FA 2024,GINF,WN 2026, ,02003,Information Mas,5005MSI,Master's ThesisOption Prog MSI,2520,WN 2025,GINF,051553,SI,500
64213632,FA 2024,GINF,WN 2026, ,02003,Information Mas,5005MSI,Master's ThesisOption Prog MSI,2560,FA 2025,GINF,016607,SI,544
64213632,FA 2024,GINF,WN 2026, ,02003,Information Mas,5005MSI,Master's ThesisOption Prog MSI,2560,FA 2025,GINF,041957,ENGR,599
64213632,FA 2024,GINF,WN 2026, ,02003,Information Mas,5005MSI,Master's ThesisOption Prog MSI,2560,FA 2025,GINF,049365,SI,697
64213632,FA 2024,GINF,WN 2026, ,02003,Information Mas,5005MSI,Master's ThesisOption Prog MSI,2560,FA 2025,GINF,051836,SI,611
64213632,FA 2024,GINF,WN 2026, ,02003,Information Mas,5005MSI,Master's ThesisOption Prog MSI,2560,FA 2025,GINF,052100,SI,597
64213632,FA 2024,GINF,WN 2026, ,02003,Information Mas,5005MSI,Master's ThesisOption Prog MSI,2570,WN 2026,GINF,041626,SI,664
64213632,FA 2024,GINF,WN 2026, ,02003,Information Mas,5005MSI,Master's ThesisOption Prog MSI,2570,WN 2026,GINF,043366,SI,617
64213632,FA 2024,GINF,WN 2026, ,02003,Information Mas,5005MSI,Master's ThesisOption Prog MSI,2570,WN 2026,GINF,049040,SI,698
64213632,FA 2024,GINF,WN 2026, ,02003,Information Mas,5005MSI,Master's ThesisOption Prog MSI,2570,WN 2026,GINF,052103,PAT,564
64346300,FA 2025,GINF,WN 2027, ,02003,Information Mas,9445MSI,User Experience Design MSI,2560,FA 2025,GINF,017281,SI,588
64346300,FA 2025,GINF,WN 2027, ,02003,Information Mas,9445MSI,User Experience Design MSI,2560,FA 2025,GINF,039178,SI,539
64346300,FA 2025,GINF,WN 2027, ,02003,Information Mas,9445MSI,User Experience Design MSI,2560,FA 2025,GINF,047246,SI,506
64346300,FA 2025,GINF,WN 2027, ,02003,Information Mas,9445MSI,User Experience Design MSI,2560,FA 2025,GINF,051553,SI,500
64346300,FA 2025,GINF,WN 2027, ,02003,Information Mas,9445MSI,User Experience Design MSI,2570,WN 2026,GINF,020401,SI,622
64346300,FA 2025,GINF,WN 2027, ,02003,Information Mas,9445MSI,User Experience Design MSI,2570,WN 2026,GINF,021400,SI,520
64346300,FA 2025,GINF,WN 2027, ,02003,Information Mas,9445MSI,User Experience Design MSI,2570,WN 2026,GINF,045393,SI,552
64346300,FA 2025,GINF,WN 2027, ,02003,Information Mas,9445MSI,User Experience Design MSI,2570,WN 2026,GINF,048488,SI,559
64403171,FA 2024,GINF,WN 2026, ,02003,Information Mas,9445MSI,User Experience Design MSI,2510,FA 2024,GINF,017281,SI,588
64403171,FA 2024,GINF,WN 2026, ,02003,Information Mas,9445MSI,User Experience Design MSI,2510,FA 2024,GINF,044772,SI,582
64403171,FA 2024,GINF,WN 2026, ,02003,Information Mas,9445MSI,User Experience Design MSI,2510,FA 2024,GINF,047246,SI,506
64403171,FA 2024,GINF,WN 2026, ,02003,Information Mas,9445MSI,User Experience Design MSI,2510,FA 2024,GINF,048129,SI,505
64403171,FA 2024,GINF,WN 2026, ,02003,Information Mas,9445MSI,User Experience Design MSI,2510,FA 2024,GINF,051553,SI,500
64403171,FA 2024,GINF,WN 2026, ,02003,Information Mas,9445MSI,User Experience Design MSI,2520,WN 2025,GINF,020401,SI,622
64403171,FA 2024,GINF,WN 2026, ,02003,Information Mas,9445MSI,User Experience Design MSI,2520,WN 2025,GINF,022099,SI,658
64403171,FA 2024,GINF,WN 2026, ,02003,Information Mas,9445MSI,User Experience Design MSI,2520,WN 2025,GINF,039178,SI,539
64403171,FA 2024,GINF,WN 2026, ,02003,Information Mas,9445MSI,User Experience Design MSI,2520,WN 2025,GINF,040667,SI,681
64403171,FA 2024,GINF,WN 2026, ,02003,Information Mas,9445MSI,User Experience Design MSI,2520,WN 2025,GINF,051836,SI,611
64403171,FA 2024,GINF,WN 2026, ,02003,Information Mas,9445MSI,User Experience Design MSI,2560,FA 2025,GINF,019903,TO,548
64403171,FA 2024,GINF,WN 2026, ,02003,Information Mas,9445MSI,User Experience Design MSI,2560,FA 2025,GINF,021391,SI,511
64403171,FA 2024,GINF,WN 2026, ,02003,Information Mas,9445MSI,User Experience Design MSI,2560,FA 2025,GINF,021400,SI,520
64403171,FA 2024,GINF,WN 2026, ,02003,Information Mas,9445MSI,User Experience Design MSI,2560,FA 2025,GINF,047645,ARTDES,516
64403171,FA 2024,GINF,WN 2026, ,02003,Information Mas,9445MSI,User Experience Design MSI,2570,WN 2026,GINF,045393,SI,552
64403171,FA 2024,GINF,WN 2026, ,02003,Information Mas,9445MSI,User Experience Design MSI,2570,WN 2026,GINF,047901,SI,699
64403171,FA 2024,GINF,WN 2026, ,02003,Information Mas,9445MSI,User Experience Design MSI,2570,WN 2026,GINF,051454,SI,594
64571366,FA 2025,GINF,WN 2027, ,02003,Information Mas,0775MSI,Big Data Analytics MSI,2560,FA 2025,GINF,016141,CSE,587
64571366,FA 2025,GINF,WN 2027, ,02003,Information Mas,0775MSI,Big Data Analytics MSI,2560,FA 2025,GINF,041626,SI,664
64571366,FA 2025,GINF,WN 2027, ,02003,Information Mas,0775MSI,Big Data Analytics MSI,2560,FA 2025,GINF,042091,SI,618
64571366,FA 2025,GINF,WN 2027, ,02003,Information Mas,0775MSI,Big Data Analytics MSI,2560,FA 2025,GINF,047640,SI,507
64571366,FA 2025,GINF,WN 2027, ,02003,Information Mas,0775MSI,Big Data Analytics MSI,2560,FA 2025,GINF,050164,SI,504
64571366,FA 2025,GINF,WN 2027, ,02003,Information Mas,0775MSI,Big Data Analytics MSI,2560,FA 2025,GINF,051553,SI,500
64571366,FA 2025,GINF,WN 2027, ,02003,Information Mas,0775MSI,Big Data Analytics MSI,2570,WN 2026,GINF,012126,EECS,370
64571366,FA 2025,GINF,WN 2027, ,02003,Information Mas,0775MSI,Big Data Analytics MSI,2570,WN 2026,GINF,045612,COGSCI,200
64571366,FA 2025,GINF,WN 2027, ,02003,Information Mas,0775MSI,Big Data Analytics MSI,2570,WN 2026,GINF,047246,SI,506
64571366,FA 2025,GINF,WN 2027, ,02003,Information Mas,0775MSI,Big Data Analytics MSI,2570,WN 2026,GINF,048268,SI,630
64571366,FA 2025,GINF,WN 2027, ,02003,Information Mas,0775MSI,Big Data Analytics MSI,2570,WN 2026,GINF,050663,SI,568
64659865,FA 2024,GINF,WN 2026, ,02003,Information Mas,9455MSI,User-Centered Agile Dev MSI,2510,FA 2024,GINF,017281,SI,588
64659865,FA 2024,GINF,WN 2026, ,02003,Information Mas,9455MSI,User-Centered Agile Dev MSI,2510,FA 2024,GINF,044772,SI,582
64659865,FA 2024,GINF,WN 2026, ,02003,Information Mas,9455MSI,User-Centered Agile Dev MSI,2510,FA 2024,GINF,047246,SI,506
64659865,FA 2024,GINF,WN 2026, ,02003,Information Mas,9455MSI,User-Centered Agile Dev MSI,2510,FA 2024,GINF,051553,SI,500
64659865,FA 2024,GINF,WN 2026, ,02003,Information Mas,9455MSI,User-Centered Agile Dev MSI,2520,WN 2025,GINF,020401,SI,622
64659865,FA 2024,GINF,WN 2026, ,02003,Information Mas,9455MSI,User-Centered Agile Dev MSI,2520,WN 2025,GINF,039178,SI,539
64659865,FA 2024,GINF,WN 2026, ,02003,Information Mas,9455MSI,User-Centered Agile Dev MSI,2520,WN 2025,GINF,040667,SI,681
64659865,FA 2024,GINF,WN 2026, ,02003,Information Mas,9455MSI,User-Centered Agile Dev MSI,2520,WN 2025,GINF,050159,SI,579
64659865,FA 2024,GINF,WN 2026, ,02003,Information Mas,9455MSI,User-Centered Agile Dev MSI,2520,WN 2025,GINF,050164,SI,504
64659865,FA 2024,GINF,WN 2026, ,02003,Information Mas,9455MSI,User-Centered Agile Dev MSI,2560,FA 2025,GINF,041855,SI,631
64659865,FA 2024,GINF,WN 2026, ,02003,Information Mas,9455MSI,User-Centered Agile Dev MSI,2560,FA 2025,GINF,048487,SI,669
64659865,FA 2024,GINF,WN 2026, ,02003,Information Mas,9455MSI,User-Centered Agile Dev MSI,2560,FA 2025,GINF,048488,SI,559
64659865,FA 2024,GINF,WN 2026, ,02003,Information Mas,9455MSI,User-Centered Agile Dev MSI,2560,FA 2025,GINF,052172,SI,679
64659865,FA 2024,GINF,WN 2026, ,02003,Information Mas,9455MSI,User-Centered Agile Dev MSI,2570,WN 2026,GINF,021391,SI,511
64659865,FA 2024,GINF,WN 2026, ,02003,Information Mas,9455MSI,User-Centered Agile Dev MSI,2570,WN 2026,GINF,043863,SI,612
64659865,FA 2024,GINF,WN 2026, ,02003,Information Mas,9455MSI,User-Centered Agile Dev MSI,2570,WN 2026,GINF,047901,SI,699
64719336,FA 2025,GINF,WN 2027, ,02003,Information Mas,4865MSI,"Lib, Arch&Knwl Envs in Soc MSI",2570,WN 2026,GINF,015660,WRITING,993
64719336,FA 2025,GINF,WN 2027, ,02003,Information Mas,4865MSI,"Lib, Arch&Knwl Envs in Soc MSI",2570,WN 2026,GINF,044185,REEES,601
64719336,FA 2025,GINF,WN 2027, ,02003,Information Mas,4865MSI,"Lib, Arch&Knwl Envs in Soc MSI",2570,WN 2026,GINF,047246,SI,506
64719336,FA 2025,GINF,WN 2027, ,02003,Information Mas,4865MSI,"Lib, Arch&Knwl Envs in Soc MSI",2570,WN 2026,GINF,047641,SI,540
64719336,FA 2025,GINF,WN 2027, ,02003,Information Mas,4865MSI,"Lib, Arch&Knwl Envs in Soc MSI",2570,WN 2026,GINF,048280,SI,667
64719336,FA 2025,GINF,WN 2027, ,02003,Information Mas,4865MSI,"Lib, Arch&Knwl Envs in Soc MSI",2570,WN 2026,GINF,049601,SI,564
64719336,FA 2025,GINF,WN 2027, ,02003,Information Mas,4865MSI,"Lib, Arch&Knwl Envs in Soc MSI",2570,WN 2026,GINF,050162,SI,510
64719336,FA 2025,GINF,WN 2027, ,02003,Information Mas,4865MSI,"Lib, Arch&Knwl Envs in Soc MSI",2570,WN 2026,GINF,050164,SI,504
64848558,FA 2024,GINF,WN 2026, ,02003,Information Mas,5005MSI,Master's ThesisOption Prog MSI,2510,FA 2024,GINF,016607,SI,544
64848558,FA 2024,GINF,WN 2026, ,02003,Information Mas,5005MSI,Master's ThesisOption Prog MSI,2510,FA 2024,GINF,017281,SI,588
64848558,FA 2024,GINF,WN 2026, ,02003,Information Mas,5005MSI,Master's ThesisOption Prog MSI,2510,FA 2024,GINF,044772,SI,582
64848558,FA 2024,GINF,WN 2026, ,02003,Information Mas,5005MSI,Master's ThesisOption Prog MSI,2510,FA 2024,GINF,047246,SI,506
64848558,FA 2024,GINF,WN 2026, ,02003,Information Mas,5005MSI,Master's ThesisOption Prog MSI,2510,FA 2024,GINF,051553,SI,500
64848558,FA 2024,GINF,WN 2026, ,02003,Information Mas,5005MSI,Master's ThesisOption Prog MSI,2520,WN 2025,GINF,011466,CELLO,500
64848558,FA 2024,GINF,WN 2026, ,02003,Information Mas,5005MSI,Master's ThesisOption Prog MSI,2520,WN 2025,GINF,020401,SI,622
64848558,FA 2024,GINF,WN 2026, ,02003,Information Mas,5005MSI,Master's ThesisOption Prog MSI,2520,WN 2025,GINF,021391,SI,511
64848558,FA 2024,GINF,WN 2026, ,02003,Information Mas,5005MSI,Master's ThesisOption Prog MSI,2520,WN 2025,GINF,021400,SI,520
64848558,FA 2024,GINF,WN 2026, ,02003,Information Mas,5005MSI,Master's ThesisOption Prog MSI,2520,WN 2025,GINF,039178,SI,539
64848558,FA 2024,GINF,WN 2026, ,02003,Information Mas,5005MSI,Master's ThesisOption Prog MSI,2520,WN 2025,GINF,040667,SI,681
64848558,FA 2024,GINF,WN 2026, ,02003,Information Mas,5005MSI,Master's ThesisOption Prog MSI,2520,WN 2025,GINF,050164,SI,504
64848558,FA 2024,GINF,WN 2026, ,02003,Information Mas,5005MSI,Master's ThesisOption Prog MSI,2560,FA 2025,GINF,041855,SI,631
64848558,FA 2024,GINF,WN 2026, ,02003,Information Mas,5005MSI,Master's ThesisOption Prog MSI,2560,FA 2025,GINF,045771,SI,684
64848558,FA 2024,GINF,WN 2026, ,02003,Information Mas,5005MSI,Master's ThesisOption Prog MSI,2560,FA 2025,GINF,048488,SI,559
64848558,FA 2024,GINF,WN 2026, ,02003,Information Mas,5005MSI,Master's ThesisOption Prog MSI,2560,FA 2025,GINF,049365,SI,697
64848558,FA 2024,GINF,WN 2026, ,02003,Information Mas,5005MSI,Master's ThesisOption Prog MSI,2560,FA 2025,GINF,049601,SI,564
64848558,FA 2024,GINF,WN 2026, ,02003,Information Mas,5005MSI,Master's ThesisOption Prog MSI,2560,FA 2025,GINF,050510,CSE,593
64848558,FA 2024,GINF,WN 2026, ,02003,Information Mas,5005MSI,Master's ThesisOption Prog MSI,2560,FA 2025,GINF,052100,SI,597
64848558,FA 2024,GINF,WN 2026, ,02003,Information Mas,5005MSI,Master's ThesisOption Prog MSI,2570,WN 2026,GINF,049040,SI,698
65000401,FA 2025,GINF,WN 2027, ,02003,Information Mas,9445MSI,User Experience Design MSI,2560,FA 2025,GINF,017281,SI,588
65000401,FA 2025,GINF,WN 2027, ,02003,Information Mas,9445MSI,User Experience Design MSI,2560,FA 2025,GINF,039178,SI,539
65000401,FA 2025,GINF,WN 2027, ,02003,Information Mas,9445MSI,User Experience Design MSI,2560,FA 2025,GINF,047246,SI,506
65000401,FA 2025,GINF,WN 2027, ,02003,Information Mas,9445MSI,User Experience Design MSI,2560,FA 2025,GINF,051553,SI,500
65000401,FA 2025,GINF,WN 2027, ,02003,Information Mas,9445MSI,User Experience Design MSI,2570,WN 2026,GINF,020401,SI,622
65000401,FA 2025,GINF,WN 2027, ,02003,Information Mas,9445MSI,User Experience Design MSI,2570,WN 2026,GINF,021391,SI,511
65000401,FA 2025,GINF,WN 2027, ,02003,Information Mas,9445MSI,User Experience Design MSI,2570,WN 2026,GINF,021400,SI,520
65000401,FA 2025,GINF,WN 2027, ,02003,Information Mas,9445MSI,User Experience Design MSI,2570,WN 2026,GINF,044772,SI,582
65000401,FA 2025,GINF,WN 2027, ,02003,Information Mas,9445MSI,User Experience Design MSI,2570,WN 2026,GINF,051836,SI,611
65042195,FA 2025,GINF,WN 2027, ,02003,Information Mas,4865MSI,"Lib, Arch&Knwl Envs in Soc MSI",2560,FA 2025,GINF,009731,SI,580
65042195,FA 2025,GINF,WN 2027, ,02003,Information Mas,4865MSI,"Lib, Arch&Knwl Envs in Soc MSI",2560,FA 2025,GINF,021045,SI,666
65042195,FA 2025,GINF,WN 2027, ,02003,Information Mas,4865MSI,"Lib, Arch&Knwl Envs in Soc MSI",2560,FA 2025,GINF,021391,SI,511
65042195,FA 2025,GINF,WN 2027, ,02003,Information Mas,4865MSI,"Lib, Arch&Knwl Envs in Soc MSI",2560,FA 2025,GINF,051553,SI,500
65042195,FA 2025,GINF,WN 2027, ,02003,Information Mas,4865MSI,"Lib, Arch&Knwl Envs in Soc MSI",2570,WN 2026,GINF,022326,SI,581
65042195,FA 2025,GINF,WN 2027, ,02003,Information Mas,4865MSI,"Lib, Arch&Knwl Envs in Soc MSI",2570,WN 2026,GINF,047246,SI,506
65042195,FA 2025,GINF,WN 2027, ,02003,Information Mas,4865MSI,"Lib, Arch&Knwl Envs in Soc MSI",2570,WN 2026,GINF,048280,SI,667
65042195,FA 2025,GINF,WN 2027, ,02003,Information Mas,4865MSI,"Lib, Arch&Knwl Envs in Soc MSI",2570,WN 2026,GINF,050162,SI,510
65138830,FA 2024,GINF,WN 2027, ,02003,Information Mas,0775MSI,Big Data Analytics MSI,2510,FA 2024,GINF,016607,SI,544
65138830,FA 2024,GINF,WN 2027, ,02003,Information Mas,0775MSI,Big Data Analytics MSI,2510,FA 2024,GINF,047228,ENTR,500
65138830,FA 2024,GINF,WN 2027, ,02003,Information Mas,0775MSI,Big Data Analytics MSI,2510,FA 2024,GINF,047246,SI,506
65138830,FA 2024,GINF,WN 2027, ,02003,Information Mas,0775MSI,Big Data Analytics MSI,2510,FA 2024,GINF,048129,SI,505
65138830,FA 2024,GINF,WN 2027, ,02003,Information Mas,0775MSI,Big Data Analytics MSI,2510,FA 2024,GINF,050164,SI,504
65138830,FA 2024,GINF,WN 2027, ,02003,Information Mas,0775MSI,Big Data Analytics MSI,2510,FA 2024,GINF,051553,SI,500
65138830,FA 2024,GINF,WN 2027, ,02003,Information Mas,0775MSI,Big Data Analytics MSI,2520,WN 2025,GINF,040667,SI,681
65138830,FA 2024,GINF,WN 2027, ,02003,Information Mas,0775MSI,Big Data Analytics MSI,2520,WN 2025,GINF,042091,SI,618
65138830,FA 2024,GINF,WN 2027, ,02003,Information Mas,0775MSI,Big Data Analytics MSI,2520,WN 2025,GINF,047640,SI,507
65138830,FA 2024,GINF,WN 2027, ,02003,Information Mas,0775MSI,Big Data Analytics MSI,2520,WN 2025,GINF,048421,ENTR,560
65138830,FA 2024,GINF,WN 2027, ,02003,Information Mas,0775MSI,Big Data Analytics MSI,2520,WN 2025,GINF,049601,SI,564
65138830,FA 2024,GINF,WN 2027, ,02003,Information Mas,0775MSI,Big Data Analytics MSI,2520,WN 2025,GINF,050663,SI,568
65138830,FA 2024,GINF,WN 2027, ,02003,Information Mas,0775MSI,Big Data Analytics MSI,2520,WN 2025,GINF,050983,SI,602
65138830,FA 2024,GINF,WN 2027, ,02003,Information Mas,0775MSI,Big Data Analytics MSI,2560,FA 2025,GINF,009732,SI,650
65138830,FA 2024,GINF,WN 2027, ,02003,Information Mas,0775MSI,Big Data Analytics MSI,2560,FA 2025,GINF,041934,SI,608
65138830,FA 2024,GINF,WN 2027, ,02003,Information Mas,0775MSI,Big Data Analytics MSI,2560,FA 2025,GINF,048500,SI,670
65138830,FA 2024,GINF,WN 2027, ,02003,Information Mas,0775MSI,Big Data Analytics MSI,2560,FA 2025,GINF,051111,EAS,506
65138830,FA 2024,GINF,WN 2027, ,02003,Information Mas,0775MSI,Big Data Analytics MSI,2570,WN 2026,GINF,047901,SI,699
65315956,FA 2025,GINF,WN 2027, ,02003,Information Mas,0775MSI,Big Data Analytics MSI,2560,FA 2025,GINF,016607,SI,544
65315956,FA 2025,GINF,WN 2027, ,02003,Information Mas,0775MSI,Big Data Analytics MSI,2560,FA 2025,GINF,047228,ENTR,500
65315956,FA 2025,GINF,WN 2027, ,02003,Information Mas,0775MSI,Big Data Analytics MSI,2560,FA 2025,GINF,047246,SI,506
65315956,FA 2025,GINF,WN 2027, ,02003,Information Mas,0775MSI,Big Data Analytics MSI,2560,FA 2025,GINF,048129,SI,505
65315956,FA 2025,GINF,WN 2027, ,02003,Information Mas,0775MSI,Big Data Analytics MSI,2560,FA 2025,GINF,050164,SI,504
65315956,FA 2025,GINF,WN 2027, ,02003,Information Mas,0775MSI,Big Data Analytics MSI,2560,FA 2025,GINF,051553,SI,500
65315956,FA 2025,GINF,WN 2027, ,02003,Information Mas,0775MSI,Big Data Analytics MSI,2570,WN 2026,GINF,017508,TO,512
65315956,FA 2025,GINF,WN 2027, ,02003,Information Mas,0775MSI,Big Data Analytics MSI,2570,WN 2026,GINF,042091,SI,618
65315956,FA 2025,GINF,WN 2027, ,02003,Information Mas,0775MSI,Big Data Analytics MSI,2570,WN 2026,GINF,047640,SI,507
65315956,FA 2025,GINF,WN 2027, ,02003,Information Mas,0775MSI,Big Data Analytics MSI,2570,WN 2026,GINF,049038,SI,688
65315956,FA 2025,GINF,WN 2027, ,02003,Information Mas,0775MSI,Big Data Analytics MSI,2570,WN 2026,GINF,049601,SI,564
65315956,FA 2025,GINF,WN 2027, ,02003,Information Mas,0775MSI,Big Data Analytics MSI,2570,WN 2026,GINF,050663,SI,568
65315956,FA 2025,GINF,WN 2027, ,02003,Information Mas,0775MSI,Big Data Analytics MSI,2570,WN 2026,GINF,050983,SI,602
65331522,FA 2025,GINF,WN 2026, ,02003,Information Mas,9445MSI,User Experience Design MSI,2560,FA 2025,GINF,001459,SI,690
65331522,FA 2025,GINF,WN 2026, ,02003,Information Mas,9445MSI,User Experience Design MSI,2560,FA 2025,GINF,021391,SI,511
65331522,FA 2025,GINF,WN 2026, ,02003,Information Mas,9445MSI,User Experience Design MSI,2560,FA 2025,GINF,039178,SI,539
65331522,FA 2025,GINF,WN 2026, ,02003,Information Mas,9445MSI,User Experience Design MSI,2560,FA 2025,GINF,045771,SI,684
65331522,FA 2025,GINF,WN 2026, ,02003,Information Mas,9445MSI,User Experience Design MSI,2560,FA 2025,GINF,048488,SI,559
65331522,FA 2025,GINF,WN 2026, ,02003,Information Mas,9445MSI,User Experience Design MSI,2570,WN 2026,GINF,043863,SI,612
65331522,FA 2025,GINF,WN 2026, ,02003,Information Mas,9445MSI,User Experience Design MSI,2570,WN 2026,GINF,047901,SI,699
65331522,FA 2025,GINF,WN 2026, ,02003,Information Mas,9445MSI,User Experience Design MSI,2570,WN 2026,GINF,051903,PAT,525
65331522,FA 2025,GINF,WN 2026, ,02003,Information Mas,9445MSI,User Experience Design MSI,2570,WN 2026,GINF,052254,ENTR,403
65363815,FA 2025,GINF,WN 2027, ,02003,Information Mas,0775MSI,Big Data Analytics MSI,2560,FA 2025,GINF,006306,STATS,500
65363815,FA 2025,GINF,WN 2027, ,02003,Information Mas,0775MSI,Big Data Analytics MSI,2560,FA 2025,GINF,041626,SI,664
65363815,FA 2025,GINF,WN 2027, ,02003,Information Mas,0775MSI,Big Data Analytics MSI,2560,FA 2025,GINF,042091,SI,618
65363815,FA 2025,GINF,WN 2027, ,02003,Information Mas,0775MSI,Big Data Analytics MSI,2560,FA 2025,GINF,047640,SI,507
65363815,FA 2025,GINF,WN 2027, ,02003,Information Mas,0775MSI,Big Data Analytics MSI,2560,FA 2025,GINF,050164,SI,504
65363815,FA 2025,GINF,WN 2027, ,02003,Information Mas,0775MSI,Big Data Analytics MSI,2560,FA 2025,GINF,051553,SI,500
65363815,FA 2025,GINF,WN 2027, ,02003,Information Mas,0775MSI,Big Data Analytics MSI,2570,WN 2026,GINF,004418,MATH,562
65363815,FA 2025,GINF,WN 2027, ,02003,Information Mas,0775MSI,Big Data Analytics MSI,2570,WN 2026,GINF,014748,EECS,545
65363815,FA 2025,GINF,WN 2027, ,02003,Information Mas,0775MSI,Big Data Analytics MSI,2570,WN 2026,GINF,039178,SI,539
65363815,FA 2025,GINF,WN 2027, ,02003,Information Mas,0775MSI,Big Data Analytics MSI,2570,WN 2026,GINF,048268,SI,630
65363815,FA 2025,GINF,WN 2027, ,02003,Information Mas,0775MSI,Big Data Analytics MSI,2570,WN 2026,GINF,050663,SI,568
65607994,FA 2024,GINF,WN 2026, ,02003,Information Mas,4865MSI,"Lib, Arch&Knwl Envs in Soc MSI",2510,FA 2024,GINF,048831,SI,547
65607994,FA 2024,GINF,WN 2026, ,02003,Information Mas,4865MSI,"Lib, Arch&Knwl Envs in Soc MSI",2510,FA 2024,GINF,050028,SI,583
65607994,FA 2024,GINF,WN 2026, ,02003,Information Mas,4865MSI,"Lib, Arch&Knwl Envs in Soc MSI",2510,FA 2024,GINF,051553,SI,500
65607994,FA 2024,GINF,WN 2026, ,02003,Information Mas,4865MSI,"Lib, Arch&Knwl Envs in Soc MSI",2520,WN 2025,GINF,009731,SI,580
65607994,FA 2024,GINF,WN 2026, ,02003,Information Mas,4865MSI,"Lib, Arch&Knwl Envs in Soc MSI",2520,WN 2025,GINF,022205,ENGLISH,569
65607994,FA 2024,GINF,WN 2026, ,02003,Information Mas,4865MSI,"Lib, Arch&Knwl Envs in Soc MSI",2520,WN 2025,GINF,045393,SI,552
65607994,FA 2024,GINF,WN 2026, ,02003,Information Mas,4865MSI,"Lib, Arch&Knwl Envs in Soc MSI",2520,WN 2025,GINF,048513,WELLNESS,520
65607994,FA 2024,GINF,WN 2026, ,02003,Information Mas,4865MSI,"Lib, Arch&Knwl Envs in Soc MSI",2520,WN 2025,GINF,050162,SI,510
65607994,FA 2024,GINF,WN 2026, ,02003,Information Mas,4865MSI,"Lib, Arch&Knwl Envs in Soc MSI",2560,FA 2025,GINF,021042,SI,647
65607994,FA 2024,GINF,WN 2026, ,02003,Information Mas,4865MSI,"Lib, Arch&Knwl Envs in Soc MSI",2560,FA 2025,GINF,021045,SI,666
65607994,FA 2024,GINF,WN 2026, ,02003,Information Mas,4865MSI,"Lib, Arch&Knwl Envs in Soc MSI",2560,FA 2025,GINF,038948,SI,632
65607994,FA 2024,GINF,WN 2026, ,02003,Information Mas,4865MSI,"Lib, Arch&Knwl Envs in Soc MSI",2560,FA 2025,GINF,047246,SI,506
65607994,FA 2024,GINF,WN 2026, ,02003,Information Mas,4865MSI,"Lib, Arch&Knwl Envs in Soc MSI",2560,FA 2025,GINF,048129,SI,505
65607994,FA 2024,GINF,WN 2026, ,02003,Information Mas,4865MSI,"Lib, Arch&Knwl Envs in Soc MSI",2560,FA 2025,GINF,051304,NEUROSCI,515
65607994,FA 2024,GINF,WN 2026, ,02003,Information Mas,4865MSI,"Lib, Arch&Knwl Envs in Soc MSI",2560,FA 2025,GINF,052216,SI,512
65607994,FA 2024,GINF,WN 2026, ,02003,Information Mas,4865MSI,"Lib, Arch&Knwl Envs in Soc MSI",2570,WN 2026,GINF,020803,SI,643
65607994,FA 2024,GINF,WN 2026, ,02003,Information Mas,4865MSI,"Lib, Arch&Knwl Envs in Soc MSI",2570,WN 2026,GINF,022212,HISTORY,698
65607994,FA 2024,GINF,WN 2026, ,02003,Information Mas,4865MSI,"Lib, Arch&Knwl Envs in Soc MSI",2570,WN 2026,GINF,039979,SI,623
65607994,FA 2024,GINF,WN 2026, ,02003,Information Mas,4865MSI,"Lib, Arch&Knwl Envs in Soc MSI",2570,WN 2026,GINF,047246,SI,506
65607994,FA 2024,GINF,WN 2026, ,02003,Information Mas,4865MSI,"Lib, Arch&Knwl Envs in Soc MSI",2570,WN 2026,GINF,047901,SI,699
65620738,FA 2025,GINF,WN 2027, ,02003,Information Mas,0775MSI,Big Data Analytics MSI,2560,FA 2025,GINF,009732,SI,650
65620738,FA 2025,GINF,WN 2027, ,02003,Information Mas,0775MSI,Big Data Analytics MSI,2560,FA 2025,GINF,039178,SI,539
65620738,FA 2025,GINF,WN 2027, ,02003,Information Mas,0775MSI,Big Data Analytics MSI,2560,FA 2025,GINF,041626,SI,664
65620738,FA 2025,GINF,WN 2027, ,02003,Information Mas,0775MSI,Big Data Analytics MSI,2560,FA 2025,GINF,042091,SI,618
65620738,FA 2025,GINF,WN 2027, ,02003,Information Mas,0775MSI,Big Data Analytics MSI,2560,FA 2025,GINF,050164,SI,504
65620738,FA 2025,GINF,WN 2027, ,02003,Information Mas,0775MSI,Big Data Analytics MSI,2560,FA 2025,GINF,051553,SI,500
65620738,FA 2025,GINF,WN 2027, ,02003,Information Mas,0775MSI,Big Data Analytics MSI,2570,WN 2026,GINF,020803,SI,643
65620738,FA 2025,GINF,WN 2027, ,02003,Information Mas,0775MSI,Big Data Analytics MSI,2570,WN 2026,GINF,042324,SI,639
65620738,FA 2025,GINF,WN 2027, ,02003,Information Mas,0775MSI,Big Data Analytics MSI,2570,WN 2026,GINF,048268,SI,630
65620738,FA 2025,GINF,WN 2027, ,02003,Information Mas,0775MSI,Big Data Analytics MSI,2570,WN 2026,GINF,050663,SI,568
65620738,FA 2025,GINF,WN 2027, ,02003,Information Mas,0775MSI,Big Data Analytics MSI,2570,WN 2026,GINF,050983,SI,602
66227545,FA 2024,GINF,WN 2026, ,02003,Information Mas,9445MSI,User Experience Design MSI,2510,FA 2024,GINF,021400,SI,520
66227545,FA 2024,GINF,WN 2026, ,02003,Information Mas,9445MSI,User Experience Design MSI,2510,FA 2024,GINF,039178,SI,539
66227545,FA 2024,GINF,WN 2026, ,02003,Information Mas,9445MSI,User Experience Design MSI,2510,FA 2024,GINF,044772,SI,582
66227545,FA 2024,GINF,WN 2026, ,02003,Information Mas,9445MSI,User Experience Design MSI,2510,FA 2024,GINF,047246,SI,506
66227545,FA 2024,GINF,WN 2026, ,02003,Information Mas,9445MSI,User Experience Design MSI,2510,FA 2024,GINF,048129,SI,505
66227545,FA 2024,GINF,WN 2026, ,02003,Information Mas,9445MSI,User Experience Design MSI,2510,FA 2024,GINF,051553,SI,500
66227545,FA 2024,GINF,WN 2026, ,02003,Information Mas,9445MSI,User Experience Design MSI,2520,WN 2025,GINF,020401,SI,622
66227545,FA 2024,GINF,WN 2026, ,02003,Information Mas,9445MSI,User Experience Design MSI,2520,WN 2025,GINF,045393,SI,552
66227545,FA 2024,GINF,WN 2026, ,02003,Information Mas,9445MSI,User Experience Design MSI,2520,WN 2025,GINF,051836,SI,611
66227545,FA 2024,GINF,WN 2026, ,02003,Information Mas,9445MSI,User Experience Design MSI,2560,FA 2025,GINF,001459,SI,690
66227545,FA 2024,GINF,WN 2026, ,02003,Information Mas,9445MSI,User Experience Design MSI,2560,FA 2025,GINF,021391,SI,511
66227545,FA 2024,GINF,WN 2026, ,02003,Information Mas,9445MSI,User Experience Design MSI,2560,FA 2025,GINF,043863,SI,612
66227545,FA 2024,GINF,WN 2026, ,02003,Information Mas,9445MSI,User Experience Design MSI,2560,FA 2025,GINF,050159,SI,579
66227545,FA 2024,GINF,WN 2026, ,02003,Information Mas,9445MSI,User Experience Design MSI,2570,WN 2026,GINF,021391,SI,511
66227545,FA 2024,GINF,WN 2026, ,02003,Information Mas,9445MSI,User Experience Design MSI,2570,WN 2026,GINF,047901,SI,699
66227545,FA 2024,GINF,WN 2026, ,02003,Information Mas,9445MSI,User Experience Design MSI,2570,WN 2026,GINF,051454,SI,594
67129465,FA 2024,GINF,WN 2026, ,02003,Information Mas,5005MSI,Master's ThesisOption Prog MSI,2510,FA 2024,GINF,009731,SI,580
67129465,FA 2024,GINF,WN 2026, ,02003,Information Mas,5005MSI,Master's ThesisOption Prog MSI,2510,FA 2024,GINF,016607,SI,544
67129465,FA 2024,GINF,WN 2026, ,02003,Information Mas,5005MSI,Master's ThesisOption Prog MSI,2510,FA 2024,GINF,021045,SI,666
67129465,FA 2024,GINF,WN 2026, ,02003,Information Mas,5005MSI,Master's ThesisOption Prog MSI,2510,FA 2024,GINF,047246,SI,506
67129465,FA 2024,GINF,WN 2026, ,02003,Information Mas,5005MSI,Master's ThesisOption Prog MSI,2510,FA 2024,GINF,051553,SI,500
67129465,FA 2024,GINF,WN 2026, ,02003,Information Mas,5005MSI,Master's ThesisOption Prog MSI,2520,WN 2025,GINF,039979,SI,623
67129465,FA 2024,GINF,WN 2026, ,02003,Information Mas,5005MSI,Master's ThesisOption Prog MSI,2520,WN 2025,GINF,040667,SI,681
67129465,FA 2024,GINF,WN 2026, ,02003,Information Mas,5005MSI,Master's ThesisOption Prog MSI,2520,WN 2025,GINF,041865,CMPLXSYS,511
67129465,FA 2024,GINF,WN 2026, ,02003,Information Mas,5005MSI,Master's ThesisOption Prog MSI,2520,WN 2025,GINF,048280,SI,667
67129465,FA 2024,GINF,WN 2026, ,02003,Information Mas,5005MSI,Master's ThesisOption Prog MSI,2520,WN 2025,GINF,050162,SI,510
67129465,FA 2024,GINF,WN 2026, ,02003,Information Mas,5005MSI,Master's ThesisOption Prog MSI,2560,FA 2025,GINF,021042,SI,647
67129465,FA 2024,GINF,WN 2026, ,02003,Information Mas,5005MSI,Master's ThesisOption Prog MSI,2560,FA 2025,GINF,049365,SI,697
67129465,FA 2024,GINF,WN 2026, ,02003,Information Mas,5005MSI,Master's ThesisOption Prog MSI,2560,FA 2025,GINF,050161,SI,676
67129465,FA 2024,GINF,WN 2026, ,02003,Information Mas,5005MSI,Master's ThesisOption Prog MSI,2560,FA 2025,GINF,052100,SI,597
67129465,FA 2024,GINF,WN 2026, ,02003,Information Mas,5005MSI,Master's ThesisOption Prog MSI,2570,WN 2026,GINF,020803,SI,643
67129465,FA 2024,GINF,WN 2026, ,02003,Information Mas,5005MSI,Master's ThesisOption Prog MSI,2570,WN 2026,GINF,049040,SI,698
67129465,FA 2024,GINF,WN 2026, ,02003,Information Mas,5005MSI,Master's ThesisOption Prog MSI,2570,WN 2026,GINF,051074,SI,626
67306363,FA 2025,GINF,WN 2026, ,02003,Information Mas,0775MSI,Big Data Analytics MSI,2560,FA 2025,GINF,001459,SI,690
67306363,FA 2025,GINF,WN 2026, ,02003,Information Mas,0775MSI,Big Data Analytics MSI,2560,FA 2025,GINF,041855,SI,631
67306363,FA 2025,GINF,WN 2026, ,02003,Information Mas,0775MSI,Big Data Analytics MSI,2560,FA 2025,GINF,045930,SI,671
67306363,FA 2025,GINF,WN 2026, ,02003,Information Mas,0775MSI,Big Data Analytics MSI,2560,FA 2025,GINF,048500,SI,670
67306363,FA 2025,GINF,WN 2026, ,02003,Information Mas,0775MSI,Big Data Analytics MSI,2560,FA 2025,GINF,050983,SI,602
67306363,FA 2025,GINF,WN 2026, ,02003,Information Mas,0775MSI,Big Data Analytics MSI,2560,FA 2025,GINF,051462,SI,644
67306363,FA 2025,GINF,WN 2026, ,02003,Information Mas,0775MSI,Big Data Analytics MSI,2570,WN 2026,GINF,020934,SI,649
67306363,FA 2025,GINF,WN 2026, ,02003,Information Mas,0775MSI,Big Data Analytics MSI,2570,WN 2026,GINF,041626,SI,664
67306363,FA 2025,GINF,WN 2026, ,02003,Information Mas,0775MSI,Big Data Analytics MSI,2570,WN 2026,GINF,047901,SI,699
67306363,FA 2025,GINF,WN 2026, ,02003,Information Mas,0775MSI,Big Data Analytics MSI,2570,WN 2026,GINF,050164,SI,504
67306363,FA 2025,GINF,WN 2026, ,02003,Information Mas,0775MSI,Big Data Analytics MSI,2570,WN 2026,GINF,050663,SI,568
67320484,FA 2025,GINF,WN 2027, ,02003,Information Mas,0775MSI,Big Data Analytics MSI,2560,FA 2025,GINF,047640,SI,507
67320484,FA 2025,GINF,WN 2027, ,02003,Information Mas,0775MSI,Big Data Analytics MSI,2560,FA 2025,GINF,048500,SI,670
67320484,FA 2025,GINF,WN 2027, ,02003,Information Mas,0775MSI,Big Data Analytics MSI,2560,FA 2025,GINF,050159,SI,579
67320484,FA 2025,GINF,WN 2027, ,02003,Information Mas,0775MSI,Big Data Analytics MSI,2560,FA 2025,GINF,051553,SI,500
67320484,FA 2025,GINF,WN 2027, ,02003,Information Mas,0775MSI,Big Data Analytics MSI,2570,WN 2026,GINF,007780,EECS,498
67320484,FA 2025,GINF,WN 2027, ,02003,Information Mas,0775MSI,Big Data Analytics MSI,2570,WN 2026,GINF,041626,SI,664
67320484,FA 2025,GINF,WN 2027, ,02003,Information Mas,0775MSI,Big Data Analytics MSI,2570,WN 2026,GINF,042091,SI,618
67320484,FA 2025,GINF,WN 2027, ,02003,Information Mas,0775MSI,Big Data Analytics MSI,2570,WN 2026,GINF,048129,SI,505
67320484,FA 2025,GINF,WN 2027, ,02003,Information Mas,0775MSI,Big Data Analytics MSI,2570,WN 2026,GINF,048268,SI,630
67320484,FA 2025,GINF,WN 2027, ,02003,Information Mas,0775MSI,Big Data Analytics MSI,2570,WN 2026,GINF,050663,SI,568
67485558,FA 2025,GINF,WN 2027, ,02003,Information Mas,0775MSI,Big Data Analytics MSI,2560,FA 2025,GINF,016607,SI,544
67485558,FA 2025,GINF,WN 2027, ,02003,Information Mas,0775MSI,Big Data Analytics MSI,2560,FA 2025,GINF,050164,SI,504
67485558,FA 2025,GINF,WN 2027, ,02003,Information Mas,0775MSI,Big Data Analytics MSI,2570,WN 2026,GINF,042091,SI,618
67485558,FA 2025,GINF,WN 2027, ,02003,Information Mas,0775MSI,Big Data Analytics MSI,2570,WN 2026,GINF,047640,SI,507
67485558,FA 2025,GINF,WN 2027, ,02003,Information Mas,0775MSI,Big Data Analytics MSI,2570,WN 2026,GINF,050663,SI,568
67578419,FA 2024,GINF,WN 2026, ,02003,Information Mas,0775MSI,Big Data Analytics MSI,2510,FA 2024,GINF,016607,SI,544
67578419,FA 2024,GINF,WN 2026, ,02003,Information Mas,0775MSI,Big Data Analytics MSI,2510,FA 2024,GINF,047246,SI,506
67578419,FA 2024,GINF,WN 2026, ,02003,Information Mas,0775MSI,Big Data Analytics MSI,2510,FA 2024,GINF,048129,SI,505
67578419,FA 2024,GINF,WN 2026, ,02003,Information Mas,0775MSI,Big Data Analytics MSI,2510,FA 2024,GINF,050164,SI,504
67578419,FA 2024,GINF,WN 2026, ,02003,Information Mas,0775MSI,Big Data Analytics MSI,2510,FA 2024,GINF,051553,SI,500
67578419,FA 2024,GINF,WN 2026, ,02003,Information Mas,0775MSI,Big Data Analytics MSI,2520,WN 2025,GINF,040667,SI,681
67578419,FA 2024,GINF,WN 2026, ,02003,Information Mas,0775MSI,Big Data Analytics MSI,2520,WN 2025,GINF,042091,SI,618
67578419,FA 2024,GINF,WN 2026, ,02003,Information Mas,0775MSI,Big Data Analytics MSI,2520,WN 2025,GINF,047640,SI,507
67578419,FA 2024,GINF,WN 2026, ,02003,Information Mas,0775MSI,Big Data Analytics MSI,2520,WN 2025,GINF,049601,SI,564
67578419,FA 2024,GINF,WN 2026, ,02003,Information Mas,0775MSI,Big Data Analytics MSI,2520,WN 2025,GINF,050663,SI,568
67578419,FA 2024,GINF,WN 2026, ,02003,Information Mas,0775MSI,Big Data Analytics MSI,2520,WN 2025,GINF,050983,SI,602
67578419,FA 2024,GINF,WN 2026, ,02003,Information Mas,0775MSI,Big Data Analytics MSI,2560,FA 2025,GINF,009732,SI,650
67578419,FA 2024,GINF,WN 2026, ,02003,Information Mas,0775MSI,Big Data Analytics MSI,2560,FA 2025,GINF,045930,SI,671
67578419,FA 2024,GINF,WN 2026, ,02003,Information Mas,0775MSI,Big Data Analytics MSI,2560,FA 2025,GINF,048500,SI,670
67578419,FA 2024,GINF,WN 2026, ,02003,Information Mas,0775MSI,Big Data Analytics MSI,2570,WN 2026,GINF,001459,SI,690
67578419,FA 2024,GINF,WN 2026, ,02003,Information Mas,0775MSI,Big Data Analytics MSI,2570,WN 2026,GINF,004327,EECS,484
67578419,FA 2024,GINF,WN 2026, ,02003,Information Mas,0775MSI,Big Data Analytics MSI,2570,WN 2026,GINF,047901,SI,699
67652169,FA 2024,GINF,FA 2025,FA 2025,02003,Information Mas,0775MSI,Big Data Analytics MSI,2510,FA 2024,GINF,039178,SI,539
67652169,FA 2024,GINF,FA 2025,FA 2025,02003,Information Mas,0775MSI,Big Data Analytics MSI,2510,FA 2024,GINF,042071,SI,563
67652169,FA 2024,GINF,FA 2025,FA 2025,02003,Information Mas,0775MSI,Big Data Analytics MSI,2510,FA 2024,GINF,042091,SI,618
67652169,FA 2024,GINF,FA 2025,FA 2025,02003,Information Mas,0775MSI,Big Data Analytics MSI,2510,FA 2024,GINF,047640,SI,507
67652169,FA 2024,GINF,FA 2025,FA 2025,02003,Information Mas,0775MSI,Big Data Analytics MSI,2510,FA 2024,GINF,051553,SI,500
67652169,FA 2024,GINF,FA 2025,FA 2025,02003,Information Mas,0775MSI,Big Data Analytics MSI,2520,WN 2025,GINF,014748,EECS,545
67652169,FA 2024,GINF,FA 2025,FA 2025,02003,Information Mas,0775MSI,Big Data Analytics MSI,2520,WN 2025,GINF,020040,MATH,623
67652169,FA 2024,GINF,FA 2025,FA 2025,02003,Information Mas,0775MSI,Big Data Analytics MSI,2520,WN 2025,GINF,040667,SI,681
67652169,FA 2024,GINF,FA 2025,FA 2025,02003,Information Mas,0775MSI,Big Data Analytics MSI,2520,WN 2025,GINF,041626,SI,664
67652169,FA 2024,GINF,FA 2025,FA 2025,02003,Information Mas,0775MSI,Big Data Analytics MSI,2520,WN 2025,GINF,048268,SI,630
67652169,FA 2024,GINF,FA 2025,FA 2025,02003,Information Mas,0775MSI,Big Data Analytics MSI,2520,WN 2025,GINF,049601,SI,564
67652169,FA 2024,GINF,FA 2025,FA 2025,02003,Information Mas,0775MSI,Big Data Analytics MSI,2520,WN 2025,GINF,050663,SI,568
67652169,FA 2024,GINF,FA 2025,FA 2025,02003,Information Mas,0775MSI,Big Data Analytics MSI,2520,WN 2025,GINF,050983,SI,602
67652169,FA 2024,GINF,FA 2025,FA 2025,02003,Information Mas,0775MSI,Big Data Analytics MSI,2560,FA 2025,GINF,045930,SI,671
67652169,FA 2024,GINF,FA 2025,FA 2025,02003,Information Mas,0775MSI,Big Data Analytics MSI,2560,FA 2025,GINF,047901,SI,699
67652169,FA 2024,GINF,FA 2025,FA 2025,02003,Information Mas,0775MSI,Big Data Analytics MSI,2560,FA 2025,GINF,048500,SI,670
67794627,FA 2025,GINF,WN 2027, ,02003,Information Mas,0775MSI,Big Data Analytics MSI,2560,FA 2025,GINF,016607,SI,544
67794627,FA 2025,GINF,WN 2027, ,02003,Information Mas,0775MSI,Big Data Analytics MSI,2560,FA 2025,GINF,047640,SI,507
67794627,FA 2025,GINF,WN 2027, ,02003,Information Mas,0775MSI,Big Data Analytics MSI,2560,FA 2025,GINF,050164,SI,504
67794627,FA 2025,GINF,WN 2027, ,02003,Information Mas,0775MSI,Big Data Analytics MSI,2560,FA 2025,GINF,051553,SI,500
67794627,FA 2025,GINF,WN 2027, ,02003,Information Mas,0775MSI,Big Data Analytics MSI,2570,WN 2026,GINF,041626,SI,664
67794627,FA 2025,GINF,WN 2027, ,02003,Information Mas,0775MSI,Big Data Analytics MSI,2570,WN 2026,GINF,042091,SI,618
67794627,FA 2025,GINF,WN 2027, ,02003,Information Mas,0775MSI,Big Data Analytics MSI,2570,WN 2026,GINF,049601,SI,564
67794627,FA 2025,GINF,WN 2027, ,02003,Information Mas,0775MSI,Big Data Analytics MSI,2570,WN 2026,GINF,050663,SI,568
67794627,FA 2025,GINF,WN 2027, ,02003,Information Mas,0775MSI,Big Data Analytics MSI,2570,WN 2026,GINF,050983,SI,602
67794627,FA 2025,GINF,WN 2027, ,02003,Information Mas,0775MSI,Big Data Analytics MSI,2570,WN 2026,GINF,052256,ENTR,475
67856797,FA 2025,GINF,WN 2027, ,02003,Information Mas,9445MSI,User Experience Design MSI,2560,FA 2025,GINF,044772,SI,582
67856797,FA 2025,GINF,WN 2027, ,02003,Information Mas,9445MSI,User Experience Design MSI,2560,FA 2025,GINF,045393,SI,552
67856797,FA 2025,GINF,WN 2027, ,02003,Information Mas,9445MSI,User Experience Design MSI,2560,FA 2025,GINF,048831,SI,547
67856797,FA 2025,GINF,WN 2027, ,02003,Information Mas,9445MSI,User Experience Design MSI,2570,WN 2026,GINF,022099,SI,658
67856797,FA 2025,GINF,WN 2027, ,02003,Information Mas,9445MSI,User Experience Design MSI,2570,WN 2026,GINF,051836,SI,611
68296282,FA 2024,GINF,WN 2027, ,02003,Information Mas,4865MSI,"Lib, Arch&Knwl Envs in Soc MSI",2520,WN 2025,GINF,047246,SI,506
68296282,FA 2024,GINF,WN 2027, ,02003,Information Mas,4865MSI,"Lib, Arch&Knwl Envs in Soc MSI",2520,WN 2025,GINF,050162,SI,510
68615522,FA 2024,GINF,WN 2026, ,02003,Information Mas,4865MSI,"Lib, Arch&Knwl Envs in Soc MSI",2510,FA 2024,GINF,009731,SI,580
68615522,FA 2024,GINF,WN 2026, ,02003,Information Mas,4865MSI,"Lib, Arch&Knwl Envs in Soc MSI",2510,FA 2024,GINF,021042,SI,647
68615522,FA 2024,GINF,WN 2026, ,02003,Information Mas,4865MSI,"Lib, Arch&Knwl Envs in Soc MSI",2510,FA 2024,GINF,021045,SI,666
68615522,FA 2024,GINF,WN 2026, ,02003,Information Mas,4865MSI,"Lib, Arch&Knwl Envs in Soc MSI",2510,FA 2024,GINF,047246,SI,506
68615522,FA 2024,GINF,WN 2026, ,02003,Information Mas,4865MSI,"Lib, Arch&Knwl Envs in Soc MSI",2510,FA 2024,GINF,048831,SI,547
68615522,FA 2024,GINF,WN 2026, ,02003,Information Mas,4865MSI,"Lib, Arch&Knwl Envs in Soc MSI",2510,FA 2024,GINF,051553,SI,500
68615522,FA 2024,GINF,WN 2026, ,02003,Information Mas,4865MSI,"Lib, Arch&Knwl Envs in Soc MSI",2520,WN 2025,GINF,020803,SI,643
68615522,FA 2024,GINF,WN 2026, ,02003,Information Mas,4865MSI,"Lib, Arch&Knwl Envs in Soc MSI",2520,WN 2025,GINF,021391,SI,511
68615522,FA 2024,GINF,WN 2026, ,02003,Information Mas,4865MSI,"Lib, Arch&Knwl Envs in Soc MSI",2520,WN 2025,GINF,040667,SI,681
68615522,FA 2024,GINF,WN 2026, ,02003,Information Mas,4865MSI,"Lib, Arch&Knwl Envs in Soc MSI",2520,WN 2025,GINF,042324,SI,639
68615522,FA 2024,GINF,WN 2026, ,02003,Information Mas,4865MSI,"Lib, Arch&Knwl Envs in Soc MSI",2520,WN 2025,GINF,049601,SI,564
68615522,FA 2024,GINF,WN 2026, ,02003,Information Mas,4865MSI,"Lib, Arch&Knwl Envs in Soc MSI",2520,WN 2025,GINF,050162,SI,510
68615522,FA 2024,GINF,WN 2026, ,02003,Information Mas,4865MSI,"Lib, Arch&Knwl Envs in Soc MSI",2520,WN 2025,GINF,050165,SI,585
68615522,FA 2024,GINF,WN 2026, ,02003,Information Mas,4865MSI,"Lib, Arch&Knwl Envs in Soc MSI",2520,WN 2025,GINF,051074,SI,626
68615522,FA 2024,GINF,WN 2026, ,02003,Information Mas,4865MSI,"Lib, Arch&Knwl Envs in Soc MSI",2570,WN 2026,GINF,047901,SI,699
68615522,FA 2024,GINF,WN 2026, ,02003,Information Mas,4865MSI,"Lib, Arch&Knwl Envs in Soc MSI",2570,WN 2026,GINF,048129,SI,505
68632069,FA 2024,GINF,WN 2026, ,02003,Information Mas,0775MSI,Big Data Analytics MSI,2510,FA 2024,GINF,016607,SI,544
68632069,FA 2024,GINF,WN 2026, ,02003,Information Mas,0775MSI,Big Data Analytics MSI,2510,FA 2024,GINF,047246,SI,506
68632069,FA 2024,GINF,WN 2026, ,02003,Information Mas,0775MSI,Big Data Analytics MSI,2510,FA 2024,GINF,048129,SI,505
68632069,FA 2024,GINF,WN 2026, ,02003,Information Mas,0775MSI,Big Data Analytics MSI,2510,FA 2024,GINF,049601,SI,564
68632069,FA 2024,GINF,WN 2026, ,02003,Information Mas,0775MSI,Big Data Analytics MSI,2510,FA 2024,GINF,050164,SI,504
68632069,FA 2024,GINF,WN 2026, ,02003,Information Mas,0775MSI,Big Data Analytics MSI,2510,FA 2024,GINF,051553,SI,500
68632069,FA 2024,GINF,WN 2026, ,02003,Information Mas,0775MSI,Big Data Analytics MSI,2520,WN 2025,GINF,042091,SI,618
68632069,FA 2024,GINF,WN 2026, ,02003,Information Mas,0775MSI,Big Data Analytics MSI,2520,WN 2025,GINF,043366,SI,617
68632069,FA 2024,GINF,WN 2026, ,02003,Information Mas,0775MSI,Big Data Analytics MSI,2520,WN 2025,GINF,047640,SI,507
68632069,FA 2024,GINF,WN 2026, ,02003,Information Mas,0775MSI,Big Data Analytics MSI,2520,WN 2025,GINF,050663,SI,568
68632069,FA 2024,GINF,WN 2026, ,02003,Information Mas,0775MSI,Big Data Analytics MSI,2520,WN 2025,GINF,050983,SI,602
68632069,FA 2024,GINF,WN 2026, ,02003,Information Mas,0775MSI,Big Data Analytics MSI,2520,WN 2025,GINF,051462,SI,644
68632069,FA 2024,GINF,WN 2026, ,02003,Information Mas,0775MSI,Big Data Analytics MSI,2560,FA 2025,GINF,001459,SI,690
68632069,FA 2024,GINF,WN 2026, ,02003,Information Mas,0775MSI,Big Data Analytics MSI,2560,FA 2025,GINF,009732,SI,650
68632069,FA 2024,GINF,WN 2026, ,02003,Information Mas,0775MSI,Big Data Analytics MSI,2560,FA 2025,GINF,020934,SI,649
68632069,FA 2024,GINF,WN 2026, ,02003,Information Mas,0775MSI,Big Data Analytics MSI,2560,FA 2025,GINF,039178,SI,539
68632069,FA 2024,GINF,WN 2026, ,02003,Information Mas,0775MSI,Big Data Analytics MSI,2560,FA 2025,GINF,041626,SI,664
68632069,FA 2024,GINF,WN 2026, ,02003,Information Mas,0775MSI,Big Data Analytics MSI,2560,FA 2025,GINF,045930,SI,671
68632069,FA 2024,GINF,WN 2026, ,02003,Information Mas,0775MSI,Big Data Analytics MSI,2570,WN 2026,GINF,047901,SI,699
68651027,FA 2024,GINF,WN 2026, ,02003,Information Mas,9445MSI,User Experience Design MSI,2510,FA 2024,GINF,017281,SI,588
68651027,FA 2024,GINF,WN 2026, ,02003,Information Mas,9445MSI,User Experience Design MSI,2510,FA 2024,GINF,039178,SI,539
68651027,FA 2024,GINF,WN 2026, ,02003,Information Mas,9445MSI,User Experience Design MSI,2510,FA 2024,GINF,047246,SI,506
68651027,FA 2024,GINF,WN 2026, ,02003,Information Mas,9445MSI,User Experience Design MSI,2510,FA 2024,GINF,051553,SI,500
68651027,FA 2024,GINF,WN 2026, ,02003,Information Mas,9445MSI,User Experience Design MSI,2520,WN 2025,GINF,021400,SI,520
68651027,FA 2024,GINF,WN 2026, ,02003,Information Mas,9445MSI,User Experience Design MSI,2520,WN 2025,GINF,022099,SI,658
68651027,FA 2024,GINF,WN 2026, ,02003,Information Mas,9445MSI,User Experience Design MSI,2520,WN 2025,GINF,044772,SI,582
68651027,FA 2024,GINF,WN 2026, ,02003,Information Mas,9445MSI,User Experience Design MSI,2520,WN 2025,GINF,045393,SI,552
68651027,FA 2024,GINF,WN 2026, ,02003,Information Mas,9445MSI,User Experience Design MSI,2560,FA 2025,GINF,001459,SI,690
68651027,FA 2024,GINF,WN 2026, ,02003,Information Mas,9445MSI,User Experience Design MSI,2560,FA 2025,GINF,047228,ENTR,500
68651027,FA 2024,GINF,WN 2026, ,02003,Information Mas,9445MSI,User Experience Design MSI,2560,FA 2025,GINF,051111,EAS,506
68651027,FA 2024,GINF,WN 2026, ,02003,Information Mas,9445MSI,User Experience Design MSI,2570,WN 2026,GINF,021391,SI,511
68651027,FA 2024,GINF,WN 2026, ,02003,Information Mas,9445MSI,User Experience Design MSI,2570,WN 2026,GINF,047901,SI,699
68651027,FA 2024,GINF,WN 2026, ,02003,Information Mas,9445MSI,User Experience Design MSI,2570,WN 2026,GINF,051454,SI,594
68651027,FA 2024,GINF,WN 2026, ,02003,Information Mas,9445MSI,User Experience Design MSI,2570,WN 2026,GINF,051836,SI,611
68687444,FA 2025,GINF,WN 2027, ,02003,Information Mas,9445MSI,User Experience Design MSI,2560,FA 2025,GINF,051553,SI,500
68687444,FA 2025,GINF,WN 2027, ,02003,Information Mas,9445MSI,User Experience Design MSI,2570,WN 2026,GINF,021391,SI,511
68738232,FA 2025,GINF,WN 2027, ,02003,Information Mas,9445MSI,User Experience Design MSI,2560,FA 2025,GINF,017281,SI,588
68738232,FA 2025,GINF,WN 2027, ,02003,Information Mas,9445MSI,User Experience Design MSI,2560,FA 2025,GINF,039178,SI,539
68738232,FA 2025,GINF,WN 2027, ,02003,Information Mas,9445MSI,User Experience Design MSI,2560,FA 2025,GINF,047246,SI,506
68738232,FA 2025,GINF,WN 2027, ,02003,Information Mas,9445MSI,User Experience Design MSI,2560,FA 2025,GINF,051553,SI,500
68738232,FA 2025,GINF,WN 2027, ,02003,Information Mas,9445MSI,User Experience Design MSI,2570,WN 2026,GINF,020401,SI,622
68738232,FA 2025,GINF,WN 2027, ,02003,Information Mas,9445MSI,User Experience Design MSI,2570,WN 2026,GINF,021391,SI,511
68738232,FA 2025,GINF,WN 2027, ,02003,Information Mas,9445MSI,User Experience Design MSI,2570,WN 2026,GINF,021400,SI,520
68738232,FA 2025,GINF,WN 2027, ,02003,Information Mas,9445MSI,User Experience Design MSI,2570,WN 2026,GINF,044772,SI,582
68738232,FA 2025,GINF,WN 2027, ,02003,Information Mas,9445MSI,User Experience Design MSI,2570,WN 2026,GINF,048129,SI,505
68738232,FA 2025,GINF,WN 2027, ,02003,Information Mas,9445MSI,User Experience Design MSI,2570,WN 2026,GINF,048488,SI,559
68767079,FA 2025,GINF,WN 2027, ,02003,Information Mas,0775MSI,Big Data Analytics MSI,2560,FA 2025,GINF,042091,SI,618
68767079,FA 2025,GINF,WN 2027, ,02003,Information Mas,0775MSI,Big Data Analytics MSI,2560,FA 2025,GINF,050159,SI,579
68767079,FA 2025,GINF,WN 2027, ,02003,Information Mas,0775MSI,Big Data Analytics MSI,2560,FA 2025,GINF,051462,SI,644
68767079,FA 2025,GINF,WN 2027, ,02003,Information Mas,0775MSI,Big Data Analytics MSI,2560,FA 2025,GINF,051553,SI,500
68767079,FA 2025,GINF,WN 2027, ,02003,Information Mas,0775MSI,Big Data Analytics MSI,2570,WN 2026,GINF,007780,EECS,498
68767079,FA 2025,GINF,WN 2027, ,02003,Information Mas,0775MSI,Big Data Analytics MSI,2570,WN 2026,GINF,041626,SI,664
68767079,FA 2025,GINF,WN 2027, ,02003,Information Mas,0775MSI,Big Data Analytics MSI,2570,WN 2026,GINF,043366,SI,617
68767079,FA 2025,GINF,WN 2027, ,02003,Information Mas,0775MSI,Big Data Analytics MSI,2570,WN 2026,GINF,048129,SI,505
68767079,FA 2025,GINF,WN 2027, ,02003,Information Mas,0775MSI,Big Data Analytics MSI,2570,WN 2026,GINF,050663,SI,568
68869080,FA 2024,GINF,WN 2026, ,02003,Information Mas,9445MSI,User Experience Design MSI,2510,FA 2024,GINF,017281,SI,588
68869080,FA 2024,GINF,WN 2026, ,02003,Information Mas,9445MSI,User Experience Design MSI,2510,FA 2024,GINF,044772,SI,582
68869080,FA 2024,GINF,WN 2026, ,02003,Information Mas,9445MSI,User Experience Design MSI,2510,FA 2024,GINF,047246,SI,506
68869080,FA 2024,GINF,WN 2026, ,02003,Information Mas,9445MSI,User Experience Design MSI,2510,FA 2024,GINF,051553,SI,500
68869080,FA 2024,GINF,WN 2026, ,02003,Information Mas,9445MSI,User Experience Design MSI,2520,WN 2025,GINF,020401,SI,622
68869080,FA 2024,GINF,WN 2026, ,02003,Information Mas,9445MSI,User Experience Design MSI,2520,WN 2025,GINF,039178,SI,539
68869080,FA 2024,GINF,WN 2026, ,02003,Information Mas,9445MSI,User Experience Design MSI,2520,WN 2025,GINF,045393,SI,552
68869080,FA 2024,GINF,WN 2026, ,02003,Information Mas,9445MSI,User Experience Design MSI,2520,WN 2025,GINF,048129,SI,505
68869080,FA 2024,GINF,WN 2026, ,02003,Information Mas,9445MSI,User Experience Design MSI,2560,FA 2025,GINF,021400,SI,520
68869080,FA 2024,GINF,WN 2026, ,02003,Information Mas,9445MSI,User Experience Design MSI,2560,FA 2025,GINF,045687,SI,538
68869080,FA 2024,GINF,WN 2026, ,02003,Information Mas,9445MSI,User Experience Design MSI,2560,FA 2025,GINF,047304,ENTR,550
68869080,FA 2024,GINF,WN 2026, ,02003,Information Mas,9445MSI,User Experience Design MSI,2560,FA 2025,GINF,048488,SI,559
68869080,FA 2024,GINF,WN 2026, ,02003,Information Mas,9445MSI,User Experience Design MSI,2570,WN 2026,GINF,021391,SI,511
68869080,FA 2024,GINF,WN 2026, ,02003,Information Mas,9445MSI,User Experience Design MSI,2570,WN 2026,GINF,043025,ENGR,455
68869080,FA 2024,GINF,WN 2026, ,02003,Information Mas,9445MSI,User Experience Design MSI,2570,WN 2026,GINF,043366,SI,617
68869080,FA 2024,GINF,WN 2026, ,02003,Information Mas,9445MSI,User Experience Design MSI,2570,WN 2026,GINF,047641,SI,540
68869080,FA 2024,GINF,WN 2026, ,02003,Information Mas,9445MSI,User Experience Design MSI,2570,WN 2026,GINF,047901,SI,699
69858270,FA 2025,GINF,WN 2027, ,02003,Information Mas,9445MSI,User Experience Design MSI,2560,FA 2025,GINF,017281,SI,588
69858270,FA 2025,GINF,WN 2027, ,02003,Information Mas,9445MSI,User Experience Design MSI,2560,FA 2025,GINF,039178,SI,539
69858270,FA 2025,GINF,WN 2027, ,02003,Information Mas,9445MSI,User Experience Design MSI,2560,FA 2025,GINF,047246,SI,506
69858270,FA 2025,GINF,WN 2027, ,02003,Information Mas,9445MSI,User Experience Design MSI,2560,FA 2025,GINF,051553,SI,500
69858270,FA 2025,GINF,WN 2027, ,02003,Information Mas,9445MSI,User Experience Design MSI,2570,WN 2026,GINF,020401,SI,622
69858270,FA 2025,GINF,WN 2027, ,02003,Information Mas,9445MSI,User Experience Design MSI,2570,WN 2026,GINF,039081,SI,529
69858270,FA 2025,GINF,WN 2027, ,02003,Information Mas,9445MSI,User Experience Design MSI,2570,WN 2026,GINF,044772,SI,582
69858270,FA 2025,GINF,WN 2027, ,02003,Information Mas,9445MSI,User Experience Design MSI,2570,WN 2026,GINF,047246,SI,506
69950116,FA 2024,GINF,WN 2027, ,02003,Information Mas,9445MSI,User Experience Design MSI,2510,FA 2024,GINF,017281,SI,588
69950116,FA 2024,GINF,WN 2027, ,02003,Information Mas,9445MSI,User Experience Design MSI,2510,FA 2024,GINF,044772,SI,582
69950116,FA 2024,GINF,WN 2027, ,02003,Information Mas,9445MSI,User Experience Design MSI,2510,FA 2024,GINF,047246,SI,506
69950116,FA 2024,GINF,WN 2027, ,02003,Information Mas,9445MSI,User Experience Design MSI,2510,FA 2024,GINF,048129,SI,505
69950116,FA 2024,GINF,WN 2027, ,02003,Information Mas,9445MSI,User Experience Design MSI,2510,FA 2024,GINF,051553,SI,500
69950116,FA 2024,GINF,WN 2027, ,02003,Information Mas,9445MSI,User Experience Design MSI,2520,WN 2025,GINF,020401,SI,622
69950116,FA 2024,GINF,WN 2027, ,02003,Information Mas,9445MSI,User Experience Design MSI,2520,WN 2025,GINF,039178,SI,539
69950116,FA 2024,GINF,WN 2027, ,02003,Information Mas,9445MSI,User Experience Design MSI,2520,WN 2025,GINF,040667,SI,681
69950116,FA 2024,GINF,WN 2027, ,02003,Information Mas,9445MSI,User Experience Design MSI,2520,WN 2025,GINF,045393,SI,552
69950116,FA 2024,GINF,WN 2027, ,02003,Information Mas,9445MSI,User Experience Design MSI,2520,WN 2025,GINF,051454,SI,594
69950116,FA 2024,GINF,WN 2027, ,02003,Information Mas,9445MSI,User Experience Design MSI,2560,FA 2025,GINF,021391,SI,511
69950116,FA 2024,GINF,WN 2027, ,02003,Information Mas,9445MSI,User Experience Design MSI,2560,FA 2025,GINF,021400,SI,520
69950116,FA 2024,GINF,WN 2027, ,02003,Information Mas,9445MSI,User Experience Design MSI,2560,FA 2025,GINF,043210,SI,534
69950116,FA 2024,GINF,WN 2027, ,02003,Information Mas,9445MSI,User Experience Design MSI,2560,FA 2025,GINF,044798,ENTR,599
69950116,FA 2024,GINF,WN 2027, ,02003,Information Mas,9445MSI,User Experience Design MSI,2570,WN 2026,GINF,039081,SI,529
69950116,FA 2024,GINF,WN 2027, ,02003,Information Mas,9445MSI,User Experience Design MSI,2570,WN 2026,GINF,047901,SI,699
70114010,FA 2025,GINF,WN 2027, ,02003,Information Mas,4865MSI,"Lib, Arch&Knwl Envs in Soc MSI",2560,FA 2025,GINF,009731,SI,580
70114010,FA 2025,GINF,WN 2027, ,02003,Information Mas,4865MSI,"Lib, Arch&Knwl Envs in Soc MSI",2560,FA 2025,GINF,021045,SI,666
70114010,FA 2025,GINF,WN 2027, ,02003,Information Mas,4865MSI,"Lib, Arch&Knwl Envs in Soc MSI",2560,FA 2025,GINF,021391,SI,511
70114010,FA 2025,GINF,WN 2027, ,02003,Information Mas,4865MSI,"Lib, Arch&Knwl Envs in Soc MSI",2560,FA 2025,GINF,051553,SI,500
70114010,FA 2025,GINF,WN 2027, ,02003,Information Mas,4865MSI,"Lib, Arch&Knwl Envs in Soc MSI",2570,WN 2026,GINF,022326,SI,581
70114010,FA 2025,GINF,WN 2027, ,02003,Information Mas,4865MSI,"Lib, Arch&Knwl Envs in Soc MSI",2570,WN 2026,GINF,047246,SI,506
70114010,FA 2025,GINF,WN 2027, ,02003,Information Mas,4865MSI,"Lib, Arch&Knwl Envs in Soc MSI",2570,WN 2026,GINF,048280,SI,667
70114010,FA 2025,GINF,WN 2027, ,02003,Information Mas,4865MSI,"Lib, Arch&Knwl Envs in Soc MSI",2570,WN 2026,GINF,049038,SI,688
70114010,FA 2025,GINF,WN 2027, ,02003,Information Mas,4865MSI,"Lib, Arch&Knwl Envs in Soc MSI",2570,WN 2026,GINF,050162,SI,510
70329131,FA 2024,GINF,WN 2026, ,02003,Information Mas,9445MSI,User Experience Design MSI,2510,FA 2024,GINF,017281,SI,588
70329131,FA 2024,GINF,WN 2026, ,02003,Information Mas,9445MSI,User Experience Design MSI,2510,FA 2024,GINF,021400,SI,520
70329131,FA 2024,GINF,WN 2026, ,02003,Information Mas,9445MSI,User Experience Design MSI,2510,FA 2024,GINF,047246,SI,506
70329131,FA 2024,GINF,WN 2026, ,02003,Information Mas,9445MSI,User Experience Design MSI,2510,FA 2024,GINF,050815,PUBPOL,500
70329131,FA 2024,GINF,WN 2026, ,02003,Information Mas,9445MSI,User Experience Design MSI,2510,FA 2024,GINF,051553,SI,500
70329131,FA 2024,GINF,WN 2026, ,02003,Information Mas,9445MSI,User Experience Design MSI,2520,WN 2025,GINF,020401,SI,622
70329131,FA 2024,GINF,WN 2026, ,02003,Information Mas,9445MSI,User Experience Design MSI,2520,WN 2025,GINF,021391,SI,511
70329131,FA 2024,GINF,WN 2026, ,02003,Information Mas,9445MSI,User Experience Design MSI,2520,WN 2025,GINF,039178,SI,539
70329131,FA 2024,GINF,WN 2026, ,02003,Information Mas,9445MSI,User Experience Design MSI,2520,WN 2025,GINF,040667,SI,681
70329131,FA 2024,GINF,WN 2026, ,02003,Information Mas,9445MSI,User Experience Design MSI,2520,WN 2025,GINF,044772,SI,582
70329131,FA 2024,GINF,WN 2026, ,02003,Information Mas,9445MSI,User Experience Design MSI,2520,WN 2025,GINF,046306,SI,616
70329131,FA 2024,GINF,WN 2026, ,02003,Information Mas,9445MSI,User Experience Design MSI,2520,WN 2025,GINF,048129,SI,505
70329131,FA 2024,GINF,WN 2026, ,02003,Information Mas,9445MSI,User Experience Design MSI,2570,WN 2026,GINF,007443,URP,611
70329131,FA 2024,GINF,WN 2026, ,02003,Information Mas,9445MSI,User Experience Design MSI,2570,WN 2026,GINF,021391,SI,511
70329131,FA 2024,GINF,WN 2026, ,02003,Information Mas,9445MSI,User Experience Design MSI,2570,WN 2026,GINF,045393,SI,552
70329131,FA 2024,GINF,WN 2026, ,02003,Information Mas,9445MSI,User Experience Design MSI,2570,WN 2026,GINF,047901,SI,699
70375524,FA 2025,GINF,WN 2026, ,02003,Information Mas,9445MSI,User Experience Design MSI,2560,FA 2025,GINF,001459,SI,690
70375524,FA 2025,GINF,WN 2026, ,02003,Information Mas,9445MSI,User Experience Design MSI,2560,FA 2025,GINF,043210,SI,534
70375524,FA 2025,GINF,WN 2026, ,02003,Information Mas,9445MSI,User Experience Design MSI,2560,FA 2025,GINF,043863,SI,612
70375524,FA 2025,GINF,WN 2026, ,02003,Information Mas,9445MSI,User Experience Design MSI,2560,FA 2025,GINF,045393,SI,552
70375524,FA 2025,GINF,WN 2026, ,02003,Information Mas,9445MSI,User Experience Design MSI,2560,FA 2025,GINF,045771,SI,684
70375524,FA 2025,GINF,WN 2026, ,02003,Information Mas,9445MSI,User Experience Design MSI,2570,WN 2026,GINF,021391,SI,511
70375524,FA 2025,GINF,WN 2026, ,02003,Information Mas,9445MSI,User Experience Design MSI,2570,WN 2026,GINF,022099,SI,658
70375524,FA 2025,GINF,WN 2026, ,02003,Information Mas,9445MSI,User Experience Design MSI,2570,WN 2026,GINF,047901,SI,699
70494019,FA 2025,GINF,WN 2027, ,02003,Information Mas,9445MSI,User Experience Design MSI,2560,FA 2025,GINF,017281,SI,588
70494019,FA 2025,GINF,WN 2027, ,02003,Information Mas,9445MSI,User Experience Design MSI,2560,FA 2025,GINF,021400,SI,520
70494019,FA 2025,GINF,WN 2027, ,02003,Information Mas,9445MSI,User Experience Design MSI,2560,FA 2025,GINF,045687,SI,538
70494019,FA 2025,GINF,WN 2027, ,02003,Information Mas,9445MSI,User Experience Design MSI,2560,FA 2025,GINF,048129,SI,505
70494019,FA 2025,GINF,WN 2027, ,02003,Information Mas,9445MSI,User Experience Design MSI,2560,FA 2025,GINF,051553,SI,500
70494019,FA 2025,GINF,WN 2027, ,02003,Information Mas,9445MSI,User Experience Design MSI,2570,WN 2026,GINF,020401,SI,622
70494019,FA 2025,GINF,WN 2027, ,02003,Information Mas,9445MSI,User Experience Design MSI,2570,WN 2026,GINF,044772,SI,582
70494019,FA 2025,GINF,WN 2027, ,02003,Information Mas,9445MSI,User Experience Design MSI,2570,WN 2026,GINF,046306,SI,616
70494019,FA 2025,GINF,WN 2027, ,02003,Information Mas,9445MSI,User Experience Design MSI,2570,WN 2026,GINF,048421,ENTR,560
70630376,FA 2024,GINF,WN 2026, ,02003,Information Mas,9445MSI,User Experience Design MSI,2510,FA 2024,GINF,017281,SI,588
70630376,FA 2024,GINF,WN 2026, ,02003,Information Mas,9445MSI,User Experience Design MSI,2510,FA 2024,GINF,039178,SI,539
70630376,FA 2024,GINF,WN 2026, ,02003,Information Mas,9445MSI,User Experience Design MSI,2510,FA 2024,GINF,047246,SI,506
70630376,FA 2024,GINF,WN 2026, ,02003,Information Mas,9445MSI,User Experience Design MSI,2510,FA 2024,GINF,051553,SI,500
70630376,FA 2024,GINF,WN 2026, ,02003,Information Mas,9445MSI,User Experience Design MSI,2520,WN 2025,GINF,020401,SI,622
70630376,FA 2024,GINF,WN 2026, ,02003,Information Mas,9445MSI,User Experience Design MSI,2520,WN 2025,GINF,021400,SI,520
70630376,FA 2024,GINF,WN 2026, ,02003,Information Mas,9445MSI,User Experience Design MSI,2520,WN 2025,GINF,044772,SI,582
70630376,FA 2024,GINF,WN 2026, ,02003,Information Mas,9445MSI,User Experience Design MSI,2520,WN 2025,GINF,047641,SI,540
70630376,FA 2024,GINF,WN 2026, ,02003,Information Mas,9445MSI,User Experience Design MSI,2560,FA 2025,GINF,043210,SI,534
70630376,FA 2024,GINF,WN 2026, ,02003,Information Mas,9445MSI,User Experience Design MSI,2560,FA 2025,GINF,045393,SI,552
70630376,FA 2024,GINF,WN 2026, ,02003,Information Mas,9445MSI,User Experience Design MSI,2560,FA 2025,GINF,047901,SI,699
70630376,FA 2024,GINF,WN 2026, ,02003,Information Mas,9445MSI,User Experience Design MSI,2560,FA 2025,GINF,048488,SI,559
70630376,FA 2024,GINF,WN 2026, ,02003,Information Mas,9445MSI,User Experience Design MSI,2570,WN 2026,GINF,020803,SI,643
70630376,FA 2024,GINF,WN 2026, ,02003,Information Mas,9445MSI,User Experience Design MSI,2570,WN 2026,GINF,041626,SI,664
70630376,FA 2024,GINF,WN 2026, ,02003,Information Mas,9445MSI,User Experience Design MSI,2570,WN 2026,GINF,045428,SI,661
70630376,FA 2024,GINF,WN 2026, ,02003,Information Mas,9445MSI,User Experience Design MSI,2570,WN 2026,GINF,051074,SI,626
70886767,FA 2024,GINF,WN 2026, ,02003,Information Mas,9445MSI,User Experience Design MSI,2510,FA 2024,GINF,017281,SI,588
70886767,FA 2024,GINF,WN 2026, ,02003,Information Mas,9445MSI,User Experience Design MSI,2510,FA 2024,GINF,044772,SI,582
70886767,FA 2024,GINF,WN 2026, ,02003,Information Mas,9445MSI,User Experience Design MSI,2510,FA 2024,GINF,047246,SI,506
70886767,FA 2024,GINF,WN 2026, ,02003,Information Mas,9445MSI,User Experience Design MSI,2510,FA 2024,GINF,051553,SI,500
70886767,FA 2024,GINF,WN 2026, ,02003,Information Mas,9445MSI,User Experience Design MSI,2520,WN 2025,GINF,020401,SI,622
70886767,FA 2024,GINF,WN 2026, ,02003,Information Mas,9445MSI,User Experience Design MSI,2520,WN 2025,GINF,021400,SI,520
70886767,FA 2024,GINF,WN 2026, ,02003,Information Mas,9445MSI,User Experience Design MSI,2520,WN 2025,GINF,039178,SI,539
70886767,FA 2024,GINF,WN 2026, ,02003,Information Mas,9445MSI,User Experience Design MSI,2520,WN 2025,GINF,048129,SI,505
70886767,FA 2024,GINF,WN 2026, ,02003,Information Mas,9445MSI,User Experience Design MSI,2560,FA 2025,GINF,021391,SI,511
70886767,FA 2024,GINF,WN 2026, ,02003,Information Mas,9445MSI,User Experience Design MSI,2560,FA 2025,GINF,045393,SI,552
70886767,FA 2024,GINF,WN 2026, ,02003,Information Mas,9445MSI,User Experience Design MSI,2560,FA 2025,GINF,045687,SI,538
70886767,FA 2024,GINF,WN 2026, ,02003,Information Mas,9445MSI,User Experience Design MSI,2560,FA 2025,GINF,048488,SI,559
70886767,FA 2024,GINF,WN 2026, ,02003,Information Mas,9445MSI,User Experience Design MSI,2570,WN 2026,GINF,009731,SI,580
70886767,FA 2024,GINF,WN 2026, ,02003,Information Mas,9445MSI,User Experience Design MSI,2570,WN 2026,GINF,039081,SI,529
70886767,FA 2024,GINF,WN 2026, ,02003,Information Mas,9445MSI,User Experience Design MSI,2570,WN 2026,GINF,047901,SI,699
70886767,FA 2024,GINF,WN 2026, ,02003,Information Mas,9445MSI,User Experience Design MSI,2570,WN 2026,GINF,051836,SI,611
71075396,FA 2025,GINF,WN 2027, ,02003,Information Mas,9455MSI,User-Centered Agile Dev MSI,2560,FA 2025,GINF,039178,SI,539
71075396,FA 2025,GINF,WN 2027, ,02003,Information Mas,9455MSI,User-Centered Agile Dev MSI,2560,FA 2025,GINF,043863,SI,612
71075396,FA 2025,GINF,WN 2027, ,02003,Information Mas,9455MSI,User-Centered Agile Dev MSI,2560,FA 2025,GINF,044772,SI,582
71075396,FA 2025,GINF,WN 2027, ,02003,Information Mas,9455MSI,User-Centered Agile Dev MSI,2560,FA 2025,GINF,048129,SI,505
71075396,FA 2025,GINF,WN 2027, ,02003,Information Mas,9455MSI,User-Centered Agile Dev MSI,2560,FA 2025,GINF,050164,SI,504
71075396,FA 2025,GINF,WN 2027, ,02003,Information Mas,9455MSI,User-Centered Agile Dev MSI,2560,FA 2025,GINF,051553,SI,500
71075396,FA 2025,GINF,WN 2027, ,02003,Information Mas,9455MSI,User-Centered Agile Dev MSI,2570,WN 2026,GINF,017533,MO,512
71075396,FA 2025,GINF,WN 2027, ,02003,Information Mas,9455MSI,User-Centered Agile Dev MSI,2570,WN 2026,GINF,021391,SI,511
71075396,FA 2025,GINF,WN 2027, ,02003,Information Mas,9455MSI,User-Centered Agile Dev MSI,2570,WN 2026,GINF,047304,ENTR,550
71075396,FA 2025,GINF,WN 2027, ,02003,Information Mas,9455MSI,User-Centered Agile Dev MSI,2570,WN 2026,GINF,050159,SI,579
71714424,FA 2025,GINF,WN 2027, ,02003,Information Mas,4865MSI,"Lib, Arch&Knwl Envs in Soc MSI",2560,FA 2025,GINF,009731,SI,580
71714424,FA 2025,GINF,WN 2027, ,02003,Information Mas,4865MSI,"Lib, Arch&Knwl Envs in Soc MSI",2560,FA 2025,GINF,021045,SI,666
71714424,FA 2025,GINF,WN 2027, ,02003,Information Mas,4865MSI,"Lib, Arch&Knwl Envs in Soc MSI",2560,FA 2025,GINF,021391,SI,511
71714424,FA 2025,GINF,WN 2027, ,02003,Information Mas,4865MSI,"Lib, Arch&Knwl Envs in Soc MSI",2560,FA 2025,GINF,051553,SI,500
71714424,FA 2025,GINF,WN 2027, ,02003,Information Mas,4865MSI,"Lib, Arch&Knwl Envs in Soc MSI",2570,WN 2026,GINF,047246,SI,506
71714424,FA 2025,GINF,WN 2027, ,02003,Information Mas,4865MSI,"Lib, Arch&Knwl Envs in Soc MSI",2570,WN 2026,GINF,048280,SI,667
71714424,FA 2025,GINF,WN 2027, ,02003,Information Mas,4865MSI,"Lib, Arch&Knwl Envs in Soc MSI",2570,WN 2026,GINF,050162,SI,510
71714424,FA 2025,GINF,WN 2027, ,02003,Information Mas,4865MSI,"Lib, Arch&Knwl Envs in Soc MSI",2570,WN 2026,GINF,051074,SI,626
72394208,FA 2025,GINF,WN 2027, ,02003,Information Mas,9445MSI,User Experience Design MSI,2560,FA 2025,GINF,017281,SI,588
72394208,FA 2025,GINF,WN 2027, ,02003,Information Mas,9445MSI,User Experience Design MSI,2560,FA 2025,GINF,044772,SI,582
72394208,FA 2025,GINF,WN 2027, ,02003,Information Mas,9445MSI,User Experience Design MSI,2560,FA 2025,GINF,047246,SI,506
72394208,FA 2025,GINF,WN 2027, ,02003,Information Mas,9445MSI,User Experience Design MSI,2560,FA 2025,GINF,048129,SI,505
72394208,FA 2025,GINF,WN 2027, ,02003,Information Mas,9445MSI,User Experience Design MSI,2560,FA 2025,GINF,051553,SI,500
72394208,FA 2025,GINF,WN 2027, ,02003,Information Mas,9445MSI,User Experience Design MSI,2570,WN 2026,GINF,020401,SI,622
72394208,FA 2025,GINF,WN 2027, ,02003,Information Mas,9445MSI,User Experience Design MSI,2570,WN 2026,GINF,021391,SI,511
72394208,FA 2025,GINF,WN 2027, ,02003,Information Mas,9445MSI,User Experience Design MSI,2570,WN 2026,GINF,045393,SI,552
72394208,FA 2025,GINF,WN 2027, ,02003,Information Mas,9445MSI,User Experience Design MSI,2570,WN 2026,GINF,051454,SI,594
72394208,FA 2025,GINF,WN 2027, ,02003,Information Mas,9445MSI,User Experience Design MSI,2570,WN 2026,GINF,051836,SI,611
72431654,FA 2024,GINF,WN 2026, ,02003,Information Mas,0775MSI,Big Data Analytics MSI,2510,FA 2024,GINF,016607,SI,544
72431654,FA 2024,GINF,WN 2026, ,02003,Information Mas,0775MSI,Big Data Analytics MSI,2510,FA 2024,GINF,047246,SI,506
72431654,FA 2024,GINF,WN 2026, ,02003,Information Mas,0775MSI,Big Data Analytics MSI,2510,FA 2024,GINF,050164,SI,504
72431654,FA 2024,GINF,WN 2026, ,02003,Information Mas,0775MSI,Big Data Analytics MSI,2510,FA 2024,GINF,051553,SI,500
72431654,FA 2024,GINF,WN 2026, ,02003,Information Mas,0775MSI,Big Data Analytics MSI,2520,WN 2025,GINF,040667,SI,681
72431654,FA 2024,GINF,WN 2026, ,02003,Information Mas,0775MSI,Big Data Analytics MSI,2520,WN 2025,GINF,042091,SI,618
72431654,FA 2024,GINF,WN 2026, ,02003,Information Mas,0775MSI,Big Data Analytics MSI,2520,WN 2025,GINF,047640,SI,507
72431654,FA 2024,GINF,WN 2026, ,02003,Information Mas,0775MSI,Big Data Analytics MSI,2520,WN 2025,GINF,050663,SI,568
72431654,FA 2024,GINF,WN 2026, ,02003,Information Mas,0775MSI,Big Data Analytics MSI,2520,WN 2025,GINF,050983,SI,602
72431654,FA 2024,GINF,WN 2026, ,02003,Information Mas,0775MSI,Big Data Analytics MSI,2560,FA 2025,GINF,041626,SI,664
72431654,FA 2024,GINF,WN 2026, ,02003,Information Mas,0775MSI,Big Data Analytics MSI,2560,FA 2025,GINF,041934,SI,608
72431654,FA 2024,GINF,WN 2026, ,02003,Information Mas,0775MSI,Big Data Analytics MSI,2560,FA 2025,GINF,045930,SI,671
72431654,FA 2024,GINF,WN 2026, ,02003,Information Mas,0775MSI,Big Data Analytics MSI,2570,WN 2026,GINF,020934,SI,649
72431654,FA 2024,GINF,WN 2026, ,02003,Information Mas,0775MSI,Big Data Analytics MSI,2570,WN 2026,GINF,021391,SI,511
72431654,FA 2024,GINF,WN 2026, ,02003,Information Mas,0775MSI,Big Data Analytics MSI,2570,WN 2026,GINF,047901,SI,699
72431654,FA 2024,GINF,WN 2026, ,02003,Information Mas,0775MSI,Big Data Analytics MSI,2570,WN 2026,GINF,048268,SI,630
72433705,FA 2024,GINF,WN 2026, ,02003,Information Mas,9445MSI,User Experience Design MSI,2510,FA 2024,GINF,017281,SI,588
72433705,FA 2024,GINF,WN 2026, ,02003,Information Mas,9445MSI,User Experience Design MSI,2510,FA 2024,GINF,044772,SI,582
72433705,FA 2024,GINF,WN 2026, ,02003,Information Mas,9445MSI,User Experience Design MSI,2510,FA 2024,GINF,047246,SI,506
72433705,FA 2024,GINF,WN 2026, ,02003,Information Mas,9445MSI,User Experience Design MSI,2510,FA 2024,GINF,051553,SI,500
72433705,FA 2024,GINF,WN 2026, ,02003,Information Mas,9445MSI,User Experience Design MSI,2520,WN 2025,GINF,020401,SI,622
72433705,FA 2024,GINF,WN 2026, ,02003,Information Mas,9445MSI,User Experience Design MSI,2520,WN 2025,GINF,039178,SI,539
72433705,FA 2024,GINF,WN 2026, ,02003,Information Mas,9445MSI,User Experience Design MSI,2520,WN 2025,GINF,045393,SI,552
72433705,FA 2024,GINF,WN 2026, ,02003,Information Mas,9445MSI,User Experience Design MSI,2520,WN 2025,GINF,048129,SI,505
72433705,FA 2024,GINF,WN 2026, ,02003,Information Mas,9445MSI,User Experience Design MSI,2560,FA 2025,GINF,021400,SI,520
72433705,FA 2024,GINF,WN 2026, ,02003,Information Mas,9445MSI,User Experience Design MSI,2560,FA 2025,GINF,039178,SI,539
72433705,FA 2024,GINF,WN 2026, ,02003,Information Mas,9445MSI,User Experience Design MSI,2560,FA 2025,GINF,043210,SI,534
72433705,FA 2024,GINF,WN 2026, ,02003,Information Mas,9445MSI,User Experience Design MSI,2560,FA 2025,GINF,045687,SI,538
72433705,FA 2024,GINF,WN 2026, ,02003,Information Mas,9445MSI,User Experience Design MSI,2560,FA 2025,GINF,048488,SI,559
72433705,FA 2024,GINF,WN 2026, ,02003,Information Mas,9445MSI,User Experience Design MSI,2570,WN 2026,GINF,021391,SI,511
72433705,FA 2024,GINF,WN 2026, ,02003,Information Mas,9445MSI,User Experience Design MSI,2570,WN 2026,GINF,047901,SI,699
72433705,FA 2024,GINF,WN 2026, ,02003,Information Mas,9445MSI,User Experience Design MSI,2570,WN 2026,GINF,049082,SI,682
72433705,FA 2024,GINF,WN 2026, ,02003,Information Mas,9445MSI,User Experience Design MSI,2570,WN 2026,GINF,051454,SI,594
72433705,FA 2024,GINF,WN 2026, ,02003,Information Mas,9445MSI,User Experience Design MSI,2570,WN 2026,GINF,051836,SI,611
72876211,FA 2025,GINF,WN 2026, ,02003,Information Mas,9445MSI,User Experience Design MSI,2560,FA 2025,GINF,001459,SI,690
72876211,FA 2025,GINF,WN 2026, ,02003,Information Mas,9445MSI,User Experience Design MSI,2560,FA 2025,GINF,021400,SI,520
72876211,FA 2025,GINF,WN 2026, ,02003,Information Mas,9445MSI,User Experience Design MSI,2560,FA 2025,GINF,038659,SI,519
72876211,FA 2025,GINF,WN 2026, ,02003,Information Mas,9445MSI,User Experience Design MSI,2560,FA 2025,GINF,039178,SI,539
72876211,FA 2025,GINF,WN 2026, ,02003,Information Mas,9445MSI,User Experience Design MSI,2560,FA 2025,GINF,045393,SI,552
72876211,FA 2025,GINF,WN 2026, ,02003,Information Mas,9445MSI,User Experience Design MSI,2570,WN 2026,GINF,022099,SI,658
72876211,FA 2025,GINF,WN 2026, ,02003,Information Mas,9445MSI,User Experience Design MSI,2570,WN 2026,GINF,043366,SI,617
72876211,FA 2025,GINF,WN 2026, ,02003,Information Mas,9445MSI,User Experience Design MSI,2570,WN 2026,GINF,045732,SI,554
72876211,FA 2025,GINF,WN 2026, ,02003,Information Mas,9445MSI,User Experience Design MSI,2570,WN 2026,GINF,047901,SI,699
72937792,FA 2025,GINF,WN 2027, ,02003,Information Mas,9455MSI,User-Centered Agile Dev MSI,2560,FA 2025,GINF,017281,SI,588
72937792,FA 2025,GINF,WN 2027, ,02003,Information Mas,9455MSI,User-Centered Agile Dev MSI,2560,FA 2025,GINF,039178,SI,539
72937792,FA 2025,GINF,WN 2027, ,02003,Information Mas,9455MSI,User-Centered Agile Dev MSI,2560,FA 2025,GINF,044772,SI,582
72937792,FA 2025,GINF,WN 2027, ,02003,Information Mas,9455MSI,User-Centered Agile Dev MSI,2560,FA 2025,GINF,047246,SI,506
72937792,FA 2025,GINF,WN 2027, ,02003,Information Mas,9455MSI,User-Centered Agile Dev MSI,2560,FA 2025,GINF,048129,SI,505
72937792,FA 2025,GINF,WN 2027, ,02003,Information Mas,9455MSI,User-Centered Agile Dev MSI,2560,FA 2025,GINF,051553,SI,500
72937792,FA 2025,GINF,WN 2027, ,02003,Information Mas,9455MSI,User-Centered Agile Dev MSI,2570,WN 2026,GINF,020401,SI,622
72937792,FA 2025,GINF,WN 2027, ,02003,Information Mas,9455MSI,User-Centered Agile Dev MSI,2570,WN 2026,GINF,045393,SI,552
72937792,FA 2025,GINF,WN 2027, ,02003,Information Mas,9455MSI,User-Centered Agile Dev MSI,2570,WN 2026,GINF,050159,SI,579
72937792,FA 2025,GINF,WN 2027, ,02003,Information Mas,9455MSI,User-Centered Agile Dev MSI,2570,WN 2026,GINF,050164,SI,504
72937792,FA 2025,GINF,WN 2027, ,02003,Information Mas,9455MSI,User-Centered Agile Dev MSI,2570,WN 2026,GINF,051836,SI,611
73135760,FA 2024,GINF,WN 2027, ,02003,Information Mas,4865MSI,"Lib, Arch&Knwl Envs in Soc MSI",2510,FA 2024,GINF,009731,SI,580
73135760,FA 2024,GINF,WN 2027, ,02003,Information Mas,4865MSI,"Lib, Arch&Knwl Envs in Soc MSI",2510,FA 2024,GINF,021045,SI,666
73135760,FA 2024,GINF,WN 2027, ,02003,Information Mas,4865MSI,"Lib, Arch&Knwl Envs in Soc MSI",2510,FA 2024,GINF,047246,SI,506
73135760,FA 2024,GINF,WN 2027, ,02003,Information Mas,4865MSI,"Lib, Arch&Knwl Envs in Soc MSI",2510,FA 2024,GINF,051553,SI,500
73135760,FA 2024,GINF,WN 2027, ,02003,Information Mas,4865MSI,"Lib, Arch&Knwl Envs in Soc MSI",2520,WN 2025,GINF,022326,SI,581
73135760,FA 2024,GINF,WN 2027, ,02003,Information Mas,4865MSI,"Lib, Arch&Knwl Envs in Soc MSI",2520,WN 2025,GINF,047246,SI,506
73135760,FA 2024,GINF,WN 2027, ,02003,Information Mas,4865MSI,"Lib, Arch&Knwl Envs in Soc MSI",2520,WN 2025,GINF,048280,SI,667
73135760,FA 2024,GINF,WN 2027, ,02003,Information Mas,4865MSI,"Lib, Arch&Knwl Envs in Soc MSI",2520,WN 2025,GINF,050162,SI,510
73135760,FA 2024,GINF,WN 2027, ,02003,Information Mas,4865MSI,"Lib, Arch&Knwl Envs in Soc MSI",2560,FA 2025,GINF,021042,SI,647
73135760,FA 2024,GINF,WN 2027, ,02003,Information Mas,4865MSI,"Lib, Arch&Knwl Envs in Soc MSI",2560,FA 2025,GINF,038948,SI,632
73135760,FA 2024,GINF,WN 2027, ,02003,Information Mas,4865MSI,"Lib, Arch&Knwl Envs in Soc MSI",2560,FA 2025,GINF,050028,SI,583
73135760,FA 2024,GINF,WN 2027, ,02003,Information Mas,4865MSI,"Lib, Arch&Knwl Envs in Soc MSI",2560,FA 2025,GINF,050163,SI,633
73135760,FA 2024,GINF,WN 2027, ,02003,Information Mas,4865MSI,"Lib, Arch&Knwl Envs in Soc MSI",2570,WN 2026,GINF,001459,SI,690
73135760,FA 2024,GINF,WN 2027, ,02003,Information Mas,4865MSI,"Lib, Arch&Knwl Envs in Soc MSI",2570,WN 2026,GINF,001740,HISTART,600
73135760,FA 2024,GINF,WN 2027, ,02003,Information Mas,4865MSI,"Lib, Arch&Knwl Envs in Soc MSI",2570,WN 2026,GINF,020803,SI,643
73135760,FA 2024,GINF,WN 2027, ,02003,Information Mas,4865MSI,"Lib, Arch&Knwl Envs in Soc MSI",2570,WN 2026,GINF,047246,SI,506
73135760,FA 2024,GINF,WN 2027, ,02003,Information Mas,4865MSI,"Lib, Arch&Knwl Envs in Soc MSI",2570,WN 2026,GINF,047901,SI,699
73154420,FA 2024,GINF,WN 2025,WN 2025,02003,Information Mas,0775MSI,Big Data Analytics MSI,2510,FA 2024,GINF,001459,SI,690
73154420,FA 2024,GINF,WN 2025,WN 2025,02003,Information Mas,0775MSI,Big Data Analytics MSI,2510,FA 2024,GINF,009731,SI,580
73154420,FA 2024,GINF,WN 2025,WN 2025,02003,Information Mas,0775MSI,Big Data Analytics MSI,2510,FA 2024,GINF,020934,SI,649
73154420,FA 2024,GINF,WN 2025,WN 2025,02003,Information Mas,0775MSI,Big Data Analytics MSI,2510,FA 2024,GINF,048500,SI,670
73154420,FA 2024,GINF,WN 2025,WN 2025,02003,Information Mas,0775MSI,Big Data Analytics MSI,2510,FA 2024,GINF,051553,SI,500
73154420,FA 2024,GINF,WN 2025,WN 2025,02003,Information Mas,0775MSI,Big Data Analytics MSI,2520,WN 2025,GINF,047901,SI,699
73154420,FA 2024,GINF,WN 2025,WN 2025,02003,Information Mas,0775MSI,Big Data Analytics MSI,2520,WN 2025,GINF,048268,SI,630
73154420,FA 2024,GINF,WN 2025,WN 2025,02003,Information Mas,0775MSI,Big Data Analytics MSI,2520,WN 2025,GINF,049070,TO,638
73154420,FA 2024,GINF,WN 2025,WN 2025,02003,Information Mas,0775MSI,Big Data Analytics MSI,2520,WN 2025,GINF,050663,SI,568
73154420,FA 2024,GINF,WN 2025,WN 2025,02003,Information Mas,0775MSI,Big Data Analytics MSI,2520,WN 2025,GINF,050983,SI,602
73209476,FA 2024,GINF,WN 2026, ,02003,Information Mas,0775MSI,Big Data Analytics MSI,2510,FA 2024,GINF,016607,SI,544
73209476,FA 2024,GINF,WN 2026, ,02003,Information Mas,0775MSI,Big Data Analytics MSI,2510,FA 2024,GINF,047246,SI,506
73209476,FA 2024,GINF,WN 2026, ,02003,Information Mas,0775MSI,Big Data Analytics MSI,2510,FA 2024,GINF,048129,SI,505
73209476,FA 2024,GINF,WN 2026, ,02003,Information Mas,0775MSI,Big Data Analytics MSI,2510,FA 2024,GINF,050164,SI,504
73209476,FA 2024,GINF,WN 2026, ,02003,Information Mas,0775MSI,Big Data Analytics MSI,2510,FA 2024,GINF,051553,SI,500
73209476,FA 2024,GINF,WN 2026, ,02003,Information Mas,0775MSI,Big Data Analytics MSI,2520,WN 2025,GINF,017533,MO,512
73209476,FA 2024,GINF,WN 2026, ,02003,Information Mas,0775MSI,Big Data Analytics MSI,2520,WN 2025,GINF,040667,SI,681
73209476,FA 2024,GINF,WN 2026, ,02003,Information Mas,0775MSI,Big Data Analytics MSI,2520,WN 2025,GINF,042091,SI,618
73209476,FA 2024,GINF,WN 2026, ,02003,Information Mas,0775MSI,Big Data Analytics MSI,2520,WN 2025,GINF,047640,SI,507
73209476,FA 2024,GINF,WN 2026, ,02003,Information Mas,0775MSI,Big Data Analytics MSI,2520,WN 2025,GINF,050663,SI,568
73209476,FA 2024,GINF,WN 2026, ,02003,Information Mas,0775MSI,Big Data Analytics MSI,2520,WN 2025,GINF,050983,SI,602
73209476,FA 2024,GINF,WN 2026, ,02003,Information Mas,0775MSI,Big Data Analytics MSI,2560,FA 2025,GINF,001459,SI,690
73209476,FA 2024,GINF,WN 2026, ,02003,Information Mas,0775MSI,Big Data Analytics MSI,2560,FA 2025,GINF,041934,SI,608
73209476,FA 2024,GINF,WN 2026, ,02003,Information Mas,0775MSI,Big Data Analytics MSI,2560,FA 2025,GINF,044600,MO,620
73209476,FA 2024,GINF,WN 2026, ,02003,Information Mas,0775MSI,Big Data Analytics MSI,2560,FA 2025,GINF,045930,SI,671
73209476,FA 2024,GINF,WN 2026, ,02003,Information Mas,0775MSI,Big Data Analytics MSI,2560,FA 2025,GINF,048500,SI,670
73209476,FA 2024,GINF,WN 2026, ,02003,Information Mas,0775MSI,Big Data Analytics MSI,2560,FA 2025,GINF,051111,EAS,506
73209476,FA 2024,GINF,WN 2026, ,02003,Information Mas,0775MSI,Big Data Analytics MSI,2570,WN 2026,GINF,021391,SI,511
73209476,FA 2024,GINF,WN 2026, ,02003,Information Mas,0775MSI,Big Data Analytics MSI,2570,WN 2026,GINF,047901,SI,699
73564387,FA 2025,GINF,WN 2027, ,02003,Information Mas,9445MSI,User Experience Design MSI,2560,FA 2025,GINF,017281,SI,588
73564387,FA 2025,GINF,WN 2027, ,02003,Information Mas,9445MSI,User Experience Design MSI,2560,FA 2025,GINF,039178,SI,539
73564387,FA 2025,GINF,WN 2027, ,02003,Information Mas,9445MSI,User Experience Design MSI,2560,FA 2025,GINF,047246,SI,506
73564387,FA 2025,GINF,WN 2027, ,02003,Information Mas,9445MSI,User Experience Design MSI,2560,FA 2025,GINF,048129,SI,505
73564387,FA 2025,GINF,WN 2027, ,02003,Information Mas,9445MSI,User Experience Design MSI,2560,FA 2025,GINF,051553,SI,500
73564387,FA 2025,GINF,WN 2027, ,02003,Information Mas,9445MSI,User Experience Design MSI,2570,WN 2026,GINF,020401,SI,622
73564387,FA 2025,GINF,WN 2027, ,02003,Information Mas,9445MSI,User Experience Design MSI,2570,WN 2026,GINF,021391,SI,511
73564387,FA 2025,GINF,WN 2027, ,02003,Information Mas,9445MSI,User Experience Design MSI,2570,WN 2026,GINF,040667,SI,681
73564387,FA 2025,GINF,WN 2027, ,02003,Information Mas,9445MSI,User Experience Design MSI,2570,WN 2026,GINF,044772,SI,582
73564387,FA 2025,GINF,WN 2027, ,02003,Information Mas,9445MSI,User Experience Design MSI,2570,WN 2026,GINF,050136,UARTS,560
73564387,FA 2025,GINF,WN 2027, ,02003,Information Mas,9445MSI,User Experience Design MSI,2570,WN 2026,GINF,051454,SI,594
73564387,FA 2025,GINF,WN 2027, ,02003,Information Mas,9445MSI,User Experience Design MSI,2570,WN 2026,GINF,051836,SI,611
73639986,FA 2024,GINF,WN 2026, ,02003,Information Mas,4865MSI,"Lib, Arch&Knwl Envs in Soc MSI",2510,FA 2024,GINF,009731,SI,580
73639986,FA 2024,GINF,WN 2026, ,02003,Information Mas,4865MSI,"Lib, Arch&Knwl Envs in Soc MSI",2510,FA 2024,GINF,021045,SI,666
73639986,FA 2024,GINF,WN 2026, ,02003,Information Mas,4865MSI,"Lib, Arch&Knwl Envs in Soc MSI",2510,FA 2024,GINF,047246,SI,506
73639986,FA 2024,GINF,WN 2026, ,02003,Information Mas,4865MSI,"Lib, Arch&Knwl Envs in Soc MSI",2510,FA 2024,GINF,051553,SI,500
73639986,FA 2024,GINF,WN 2026, ,02003,Information Mas,4865MSI,"Lib, Arch&Knwl Envs in Soc MSI",2520,WN 2025,GINF,020803,SI,643
73639986,FA 2024,GINF,WN 2026, ,02003,Information Mas,4865MSI,"Lib, Arch&Knwl Envs in Soc MSI",2520,WN 2025,GINF,022326,SI,581
73639986,FA 2024,GINF,WN 2026, ,02003,Information Mas,4865MSI,"Lib, Arch&Knwl Envs in Soc MSI",2520,WN 2025,GINF,042324,SI,639
73639986,FA 2024,GINF,WN 2026, ,02003,Information Mas,4865MSI,"Lib, Arch&Knwl Envs in Soc MSI",2520,WN 2025,GINF,048280,SI,667
73639986,FA 2024,GINF,WN 2026, ,02003,Information Mas,4865MSI,"Lib, Arch&Knwl Envs in Soc MSI",2520,WN 2025,GINF,050162,SI,510
73639986,FA 2024,GINF,WN 2026, ,02003,Information Mas,4865MSI,"Lib, Arch&Knwl Envs in Soc MSI",2560,FA 2025,GINF,021042,SI,647
73639986,FA 2024,GINF,WN 2026, ,02003,Information Mas,4865MSI,"Lib, Arch&Knwl Envs in Soc MSI",2560,FA 2025,GINF,038659,SI,519
73639986,FA 2024,GINF,WN 2026, ,02003,Information Mas,4865MSI,"Lib, Arch&Knwl Envs in Soc MSI",2560,FA 2025,GINF,048831,SI,547
73639986,FA 2024,GINF,WN 2026, ,02003,Information Mas,4865MSI,"Lib, Arch&Knwl Envs in Soc MSI",2560,FA 2025,GINF,050028,SI,583
73639986,FA 2024,GINF,WN 2026, ,02003,Information Mas,4865MSI,"Lib, Arch&Knwl Envs in Soc MSI",2570,WN 2026,GINF,039979,SI,623
73639986,FA 2024,GINF,WN 2026, ,02003,Information Mas,4865MSI,"Lib, Arch&Knwl Envs in Soc MSI",2570,WN 2026,GINF,047901,SI,699
73639986,FA 2024,GINF,WN 2026, ,02003,Information Mas,4865MSI,"Lib, Arch&Knwl Envs in Soc MSI",2570,WN 2026,GINF,049601,SI,564
73639986,FA 2024,GINF,WN 2026, ,02003,Information Mas,4865MSI,"Lib, Arch&Knwl Envs in Soc MSI",2570,WN 2026,GINF,051074,SI,626
73709912,FA 2024,GINF,WN 2025,WN 2025,02003,Information Mas,0775MSI,Big Data Analytics MSI,2510,FA 2024,GINF,001459,SI,690
73709912,FA 2024,GINF,WN 2025,WN 2025,02003,Information Mas,0775MSI,Big Data Analytics MSI,2510,FA 2024,GINF,042091,SI,618
73709912,FA 2024,GINF,WN 2025,WN 2025,02003,Information Mas,0775MSI,Big Data Analytics MSI,2510,FA 2024,GINF,048500,SI,670
73709912,FA 2024,GINF,WN 2025,WN 2025,02003,Information Mas,0775MSI,Big Data Analytics MSI,2510,FA 2024,GINF,051553,SI,500
73709912,FA 2024,GINF,WN 2025,WN 2025,02003,Information Mas,0775MSI,Big Data Analytics MSI,2520,WN 2025,GINF,020934,SI,649
73709912,FA 2024,GINF,WN 2025,WN 2025,02003,Information Mas,0775MSI,Big Data Analytics MSI,2520,WN 2025,GINF,021033,SI,652
73709912,FA 2024,GINF,WN 2025,WN 2025,02003,Information Mas,0775MSI,Big Data Analytics MSI,2520,WN 2025,GINF,047901,SI,699
73709912,FA 2024,GINF,WN 2025,WN 2025,02003,Information Mas,0775MSI,Big Data Analytics MSI,2520,WN 2025,GINF,048268,SI,630
73709912,FA 2024,GINF,WN 2025,WN 2025,02003,Information Mas,0775MSI,Big Data Analytics MSI,2520,WN 2025,GINF,050663,SI,568
73709912,FA 2024,GINF,WN 2025,WN 2025,02003,Information Mas,0775MSI,Big Data Analytics MSI,2520,WN 2025,GINF,050983,SI,602
73921136,FA 2024,GINF,WN 2026, ,02003,Information Mas,9445MSI,User Experience Design MSI,2510,FA 2024,GINF,017281,SI,588
73921136,FA 2024,GINF,WN 2026, ,02003,Information Mas,9445MSI,User Experience Design MSI,2510,FA 2024,GINF,039178,SI,539
73921136,FA 2024,GINF,WN 2026, ,02003,Information Mas,9445MSI,User Experience Design MSI,2510,FA 2024,GINF,047246,SI,506
73921136,FA 2024,GINF,WN 2026, ,02003,Information Mas,9445MSI,User Experience Design MSI,2510,FA 2024,GINF,051553,SI,500
73921136,FA 2024,GINF,WN 2026, ,02003,Information Mas,9445MSI,User Experience Design MSI,2520,WN 2025,GINF,020401,SI,622
73921136,FA 2024,GINF,WN 2026, ,02003,Information Mas,9445MSI,User Experience Design MSI,2520,WN 2025,GINF,022099,SI,658
73921136,FA 2024,GINF,WN 2026, ,02003,Information Mas,9445MSI,User Experience Design MSI,2520,WN 2025,GINF,040667,SI,681
73921136,FA 2024,GINF,WN 2026, ,02003,Information Mas,9445MSI,User Experience Design MSI,2520,WN 2025,GINF,041957,ENGR,599
73921136,FA 2024,GINF,WN 2026, ,02003,Information Mas,9445MSI,User Experience Design MSI,2520,WN 2025,GINF,044772,SI,582
73921136,FA 2024,GINF,WN 2026, ,02003,Information Mas,9445MSI,User Experience Design MSI,2520,WN 2025,GINF,047640,SI,507
73921136,FA 2024,GINF,WN 2026, ,02003,Information Mas,9445MSI,User Experience Design MSI,2560,FA 2025,GINF,021391,SI,511
73921136,FA 2024,GINF,WN 2026, ,02003,Information Mas,9445MSI,User Experience Design MSI,2560,FA 2025,GINF,021400,SI,520
73921136,FA 2024,GINF,WN 2026, ,02003,Information Mas,9445MSI,User Experience Design MSI,2560,FA 2025,GINF,041957,ENGR,599
73921136,FA 2024,GINF,WN 2026, ,02003,Information Mas,9445MSI,User Experience Design MSI,2560,FA 2025,GINF,045687,SI,538
73921136,FA 2024,GINF,WN 2026, ,02003,Information Mas,9445MSI,User Experience Design MSI,2560,FA 2025,GINF,049601,SI,564
73921136,FA 2024,GINF,WN 2026, ,02003,Information Mas,9445MSI,User Experience Design MSI,2570,WN 2026,GINF,045393,SI,552
73921136,FA 2024,GINF,WN 2026, ,02003,Information Mas,9445MSI,User Experience Design MSI,2570,WN 2026,GINF,047901,SI,699
73921136,FA 2024,GINF,WN 2026, ,02003,Information Mas,9445MSI,User Experience Design MSI,2570,WN 2026,GINF,051462,SI,644
74346611,FA 2025,GINF,WN 2027, ,02003,Information Mas,9455MSI,User-Centered Agile Dev MSI,2560,FA 2025,GINF,017281,SI,588
74346611,FA 2025,GINF,WN 2027, ,02003,Information Mas,9455MSI,User-Centered Agile Dev MSI,2560,FA 2025,GINF,044772,SI,582
74346611,FA 2025,GINF,WN 2027, ,02003,Information Mas,9455MSI,User-Centered Agile Dev MSI,2560,FA 2025,GINF,047246,SI,506
74346611,FA 2025,GINF,WN 2027, ,02003,Information Mas,9455MSI,User-Centered Agile Dev MSI,2560,FA 2025,GINF,048129,SI,505
74346611,FA 2025,GINF,WN 2027, ,02003,Information Mas,9455MSI,User-Centered Agile Dev MSI,2560,FA 2025,GINF,051553,SI,500
74346611,FA 2025,GINF,WN 2027, ,02003,Information Mas,9455MSI,User-Centered Agile Dev MSI,2570,WN 2026,GINF,020401,SI,622
74346611,FA 2025,GINF,WN 2027, ,02003,Information Mas,9455MSI,User-Centered Agile Dev MSI,2570,WN 2026,GINF,021391,SI,511
74346611,FA 2025,GINF,WN 2027, ,02003,Information Mas,9455MSI,User-Centered Agile Dev MSI,2570,WN 2026,GINF,039178,SI,539
74346611,FA 2025,GINF,WN 2027, ,02003,Information Mas,9455MSI,User-Centered Agile Dev MSI,2570,WN 2026,GINF,050159,SI,579
74346611,FA 2025,GINF,WN 2027, ,02003,Information Mas,9455MSI,User-Centered Agile Dev MSI,2570,WN 2026,GINF,050164,SI,504
74509724,FA 2025,GINF,WN 2027, ,02003,Information Mas,0775MSI,Big Data Analytics MSI,2560,FA 2025,GINF,016607,SI,544
74509724,FA 2025,GINF,WN 2027, ,02003,Information Mas,0775MSI,Big Data Analytics MSI,2560,FA 2025,GINF,047246,SI,506
74509724,FA 2025,GINF,WN 2027, ,02003,Information Mas,0775MSI,Big Data Analytics MSI,2560,FA 2025,GINF,050164,SI,504
74509724,FA 2025,GINF,WN 2027, ,02003,Information Mas,0775MSI,Big Data Analytics MSI,2560,FA 2025,GINF,051553,SI,500
74509724,FA 2025,GINF,WN 2027, ,02003,Information Mas,0775MSI,Big Data Analytics MSI,2570,WN 2026,GINF,042091,SI,618
74509724,FA 2025,GINF,WN 2027, ,02003,Information Mas,0775MSI,Big Data Analytics MSI,2570,WN 2026,GINF,047640,SI,507
74509724,FA 2025,GINF,WN 2027, ,02003,Information Mas,0775MSI,Big Data Analytics MSI,2570,WN 2026,GINF,050663,SI,568
74509724,FA 2025,GINF,WN 2027, ,02003,Information Mas,0775MSI,Big Data Analytics MSI,2570,WN 2026,GINF,050983,SI,602
74657644,FA 2025,GINF,WN 2027, ,02003,Information Mas,9445MSI,User Experience Design MSI,2560,FA 2025,GINF,017281,SI,588
74657644,FA 2025,GINF,WN 2027, ,02003,Information Mas,9445MSI,User Experience Design MSI,2560,FA 2025,GINF,044772,SI,582
74657644,FA 2025,GINF,WN 2027, ,02003,Information Mas,9445MSI,User Experience Design MSI,2560,FA 2025,GINF,047246,SI,506
74657644,FA 2025,GINF,WN 2027, ,02003,Information Mas,9445MSI,User Experience Design MSI,2560,FA 2025,GINF,049601,SI,564
74657644,FA 2025,GINF,WN 2027, ,02003,Information Mas,9445MSI,User Experience Design MSI,2560,FA 2025,GINF,050136,UARTS,560
74657644,FA 2025,GINF,WN 2027, ,02003,Information Mas,9445MSI,User Experience Design MSI,2560,FA 2025,GINF,050164,SI,504
74657644,FA 2025,GINF,WN 2027, ,02003,Information Mas,9445MSI,User Experience Design MSI,2560,FA 2025,GINF,051553,SI,500
74657644,FA 2025,GINF,WN 2027, ,02003,Information Mas,9445MSI,User Experience Design MSI,2570,WN 2026,GINF,020401,SI,622
74657644,FA 2025,GINF,WN 2027, ,02003,Information Mas,9445MSI,User Experience Design MSI,2570,WN 2026,GINF,021400,SI,520
74657644,FA 2025,GINF,WN 2027, ,02003,Information Mas,9445MSI,User Experience Design MSI,2570,WN 2026,GINF,050136,UARTS,560
74657644,FA 2025,GINF,WN 2027, ,02003,Information Mas,9445MSI,User Experience Design MSI,2570,WN 2026,GINF,051454,SI,594
74657644,FA 2025,GINF,WN 2027, ,02003,Information Mas,9445MSI,User Experience Design MSI,2570,WN 2026,GINF,051836,SI,611
74657644,FA 2025,GINF,WN 2027, ,02003,Information Mas,9445MSI,User Experience Design MSI,2570,WN 2026,GINF,052216,SI,512
74700589,FA 2025,GINF,WN 2027, ,02003,Information Mas,0775MSI,Big Data Analytics MSI,2560,FA 2025,GINF,016607,SI,544
74700589,FA 2025,GINF,WN 2027, ,02003,Information Mas,0775MSI,Big Data Analytics MSI,2560,FA 2025,GINF,047246,SI,506
74700589,FA 2025,GINF,WN 2027, ,02003,Information Mas,0775MSI,Big Data Analytics MSI,2560,FA 2025,GINF,049601,SI,564
74700589,FA 2025,GINF,WN 2027, ,02003,Information Mas,0775MSI,Big Data Analytics MSI,2560,FA 2025,GINF,050164,SI,504
74700589,FA 2025,GINF,WN 2027, ,02003,Information Mas,0775MSI,Big Data Analytics MSI,2560,FA 2025,GINF,051553,SI,500
74700589,FA 2025,GINF,WN 2027, ,02003,Information Mas,0775MSI,Big Data Analytics MSI,2570,WN 2026,GINF,042091,SI,618
74700589,FA 2025,GINF,WN 2027, ,02003,Information Mas,0775MSI,Big Data Analytics MSI,2570,WN 2026,GINF,047640,SI,507
74700589,FA 2025,GINF,WN 2027, ,02003,Information Mas,0775MSI,Big Data Analytics MSI,2570,WN 2026,GINF,049038,SI,688
74700589,FA 2025,GINF,WN 2027, ,02003,Information Mas,0775MSI,Big Data Analytics MSI,2570,WN 2026,GINF,050663,SI,568
74700589,FA 2025,GINF,WN 2027, ,02003,Information Mas,0775MSI,Big Data Analytics MSI,2570,WN 2026,GINF,050983,SI,602
75110022,FA 2025,GINF,WN 2027, ,02003,Information Mas,9445MSI,User Experience Design MSI,2560,FA 2025,GINF,017281,SI,588
75110022,FA 2025,GINF,WN 2027, ,02003,Information Mas,9445MSI,User Experience Design MSI,2560,FA 2025,GINF,044772,SI,582
75110022,FA 2025,GINF,WN 2027, ,02003,Information Mas,9445MSI,User Experience Design MSI,2560,FA 2025,GINF,047246,SI,506
75110022,FA 2025,GINF,WN 2027, ,02003,Information Mas,9445MSI,User Experience Design MSI,2560,FA 2025,GINF,048129,SI,505
75110022,FA 2025,GINF,WN 2027, ,02003,Information Mas,9445MSI,User Experience Design MSI,2560,FA 2025,GINF,051553,SI,500
75110022,FA 2025,GINF,WN 2027, ,02003,Information Mas,9445MSI,User Experience Design MSI,2570,WN 2026,GINF,020401,SI,622
75110022,FA 2025,GINF,WN 2027, ,02003,Information Mas,9445MSI,User Experience Design MSI,2570,WN 2026,GINF,021400,SI,520
75110022,FA 2025,GINF,WN 2027, ,02003,Information Mas,9445MSI,User Experience Design MSI,2570,WN 2026,GINF,039178,SI,539
75110022,FA 2025,GINF,WN 2027, ,02003,Information Mas,9445MSI,User Experience Design MSI,2570,WN 2026,GINF,043863,SI,612
75110022,FA 2025,GINF,WN 2027, ,02003,Information Mas,9445MSI,User Experience Design MSI,2570,WN 2026,GINF,050164,SI,504
75305286,FA 2025,GINF,WN 2026, ,02003,Information Mas,9445MSI,User Experience Design MSI,2560,FA 2025,GINF,001459,SI,690
75305286,FA 2025,GINF,WN 2026, ,02003,Information Mas,9445MSI,User Experience Design MSI,2560,FA 2025,GINF,021400,SI,520
75305286,FA 2025,GINF,WN 2026, ,02003,Information Mas,9445MSI,User Experience Design MSI,2560,FA 2025,GINF,043210,SI,534
75305286,FA 2025,GINF,WN 2026, ,02003,Information Mas,9445MSI,User Experience Design MSI,2560,FA 2025,GINF,045393,SI,552
75305286,FA 2025,GINF,WN 2026, ,02003,Information Mas,9445MSI,User Experience Design MSI,2560,FA 2025,GINF,048488,SI,559
75305286,FA 2025,GINF,WN 2026, ,02003,Information Mas,9445MSI,User Experience Design MSI,2570,WN 2026,GINF,021391,SI,511
75305286,FA 2025,GINF,WN 2026, ,02003,Information Mas,9445MSI,User Experience Design MSI,2570,WN 2026,GINF,047641,SI,540
75305286,FA 2025,GINF,WN 2026, ,02003,Information Mas,9445MSI,User Experience Design MSI,2570,WN 2026,GINF,047901,SI,699
75305286,FA 2025,GINF,WN 2026, ,02003,Information Mas,9445MSI,User Experience Design MSI,2570,WN 2026,GINF,051836,SI,611
75307181,FA 2024,GINF,WN 2026, ,02003,Information Mas,9445MSI,User Experience Design MSI,2510,FA 2024,GINF,039178,SI,539
75307181,FA 2024,GINF,WN 2026, ,02003,Information Mas,9445MSI,User Experience Design MSI,2510,FA 2024,GINF,044772,SI,582
75307181,FA 2024,GINF,WN 2026, ,02003,Information Mas,9445MSI,User Experience Design MSI,2510,FA 2024,GINF,047246,SI,506
75307181,FA 2024,GINF,WN 2026, ,02003,Information Mas,9445MSI,User Experience Design MSI,2510,FA 2024,GINF,051553,SI,500
75307181,FA 2024,GINF,WN 2026, ,02003,Information Mas,9445MSI,User Experience Design MSI,2520,WN 2025,GINF,020401,SI,622
75307181,FA 2024,GINF,WN 2026, ,02003,Information Mas,9445MSI,User Experience Design MSI,2520,WN 2025,GINF,043863,SI,612
75307181,FA 2024,GINF,WN 2026, ,02003,Information Mas,9445MSI,User Experience Design MSI,2520,WN 2025,GINF,050159,SI,579
75307181,FA 2024,GINF,WN 2026, ,02003,Information Mas,9445MSI,User Experience Design MSI,2520,WN 2025,GINF,050164,SI,504
75307181,FA 2024,GINF,WN 2026, ,02003,Information Mas,9445MSI,User Experience Design MSI,2560,FA 2025,GINF,017281,SI,588
75307181,FA 2024,GINF,WN 2026, ,02003,Information Mas,9445MSI,User Experience Design MSI,2560,FA 2025,GINF,021400,SI,520
75307181,FA 2024,GINF,WN 2026, ,02003,Information Mas,9445MSI,User Experience Design MSI,2560,FA 2025,GINF,045687,SI,538
75307181,FA 2024,GINF,WN 2026, ,02003,Information Mas,9445MSI,User Experience Design MSI,2560,FA 2025,GINF,048831,SI,547
75307181,FA 2024,GINF,WN 2026, ,02003,Information Mas,9445MSI,User Experience Design MSI,2570,WN 2026,GINF,045393,SI,552
75307181,FA 2024,GINF,WN 2026, ,02003,Information Mas,9445MSI,User Experience Design MSI,2570,WN 2026,GINF,047901,SI,699
75307181,FA 2024,GINF,WN 2026, ,02003,Information Mas,9445MSI,User Experience Design MSI,2570,WN 2026,GINF,051454,SI,594
75307181,FA 2024,GINF,WN 2026, ,02003,Information Mas,9445MSI,User Experience Design MSI,2570,WN 2026,GINF,051836,SI,611
75712964,FA 2024,GINF,WN 2026, ,02003,Information Mas,0775MSI,Big Data Analytics MSI,2510,FA 2024,GINF,041626,SI,664
75712964,FA 2024,GINF,WN 2026, ,02003,Information Mas,0775MSI,Big Data Analytics MSI,2510,FA 2024,GINF,042091,SI,618
75712964,FA 2024,GINF,WN 2026, ,02003,Information Mas,0775MSI,Big Data Analytics MSI,2510,FA 2024,GINF,047640,SI,507
75712964,FA 2024,GINF,WN 2026, ,02003,Information Mas,0775MSI,Big Data Analytics MSI,2510,FA 2024,GINF,049601,SI,564
75712964,FA 2024,GINF,WN 2026, ,02003,Information Mas,0775MSI,Big Data Analytics MSI,2510,FA 2024,GINF,050164,SI,504
75712964,FA 2024,GINF,WN 2026, ,02003,Information Mas,0775MSI,Big Data Analytics MSI,2510,FA 2024,GINF,051553,SI,500
75712964,FA 2024,GINF,WN 2026, ,02003,Information Mas,0775MSI,Big Data Analytics MSI,2520,WN 2025,GINF,012195,CSE,592
75712964,FA 2024,GINF,WN 2026, ,02003,Information Mas,0775MSI,Big Data Analytics MSI,2520,WN 2025,GINF,020934,SI,649
75712964,FA 2024,GINF,WN 2026, ,02003,Information Mas,0775MSI,Big Data Analytics MSI,2520,WN 2025,GINF,040667,SI,681
75712964,FA 2024,GINF,WN 2026, ,02003,Information Mas,0775MSI,Big Data Analytics MSI,2520,WN 2025,GINF,042324,SI,639
75712964,FA 2024,GINF,WN 2026, ,02003,Information Mas,0775MSI,Big Data Analytics MSI,2520,WN 2025,GINF,048268,SI,630
75712964,FA 2024,GINF,WN 2026, ,02003,Information Mas,0775MSI,Big Data Analytics MSI,2520,WN 2025,GINF,050663,SI,568
75712964,FA 2024,GINF,WN 2026, ,02003,Information Mas,0775MSI,Big Data Analytics MSI,2520,WN 2025,GINF,051462,SI,644
75712964,FA 2024,GINF,WN 2026, ,02003,Information Mas,0775MSI,Big Data Analytics MSI,2560,FA 2025,GINF,042071,SI,563
75712964,FA 2024,GINF,WN 2026, ,02003,Information Mas,0775MSI,Big Data Analytics MSI,2560,FA 2025,GINF,045930,SI,671
75712964,FA 2024,GINF,WN 2026, ,02003,Information Mas,0775MSI,Big Data Analytics MSI,2560,FA 2025,GINF,047246,SI,506
75712964,FA 2024,GINF,WN 2026, ,02003,Information Mas,0775MSI,Big Data Analytics MSI,2560,FA 2025,GINF,050509,EECS,553
75712964,FA 2024,GINF,WN 2026, ,02003,Information Mas,0775MSI,Big Data Analytics MSI,2570,WN 2026,GINF,047901,SI,699
76282373,FA 2024,GINF,WN 2026, ,02003,Information Mas,4865MSI,"Lib, Arch&Knwl Envs in Soc MSI",2510,FA 2024,GINF,009731,SI,580
76282373,FA 2024,GINF,WN 2026, ,02003,Information Mas,4865MSI,"Lib, Arch&Knwl Envs in Soc MSI",2510,FA 2024,GINF,021045,SI,666
76282373,FA 2024,GINF,WN 2026, ,02003,Information Mas,4865MSI,"Lib, Arch&Knwl Envs in Soc MSI",2510,FA 2024,GINF,047246,SI,506
76282373,FA 2024,GINF,WN 2026, ,02003,Information Mas,4865MSI,"Lib, Arch&Knwl Envs in Soc MSI",2510,FA 2024,GINF,051553,SI,500
76282373,FA 2024,GINF,WN 2026, ,02003,Information Mas,4865MSI,"Lib, Arch&Knwl Envs in Soc MSI",2520,WN 2025,GINF,040667,SI,681
76282373,FA 2024,GINF,WN 2026, ,02003,Information Mas,4865MSI,"Lib, Arch&Knwl Envs in Soc MSI",2520,WN 2025,GINF,048280,SI,667
76282373,FA 2024,GINF,WN 2026, ,02003,Information Mas,4865MSI,"Lib, Arch&Knwl Envs in Soc MSI",2520,WN 2025,GINF,050162,SI,510
76282373,FA 2024,GINF,WN 2026, ,02003,Information Mas,4865MSI,"Lib, Arch&Knwl Envs in Soc MSI",2520,WN 2025,GINF,050165,SI,585
76282373,FA 2024,GINF,WN 2026, ,02003,Information Mas,4865MSI,"Lib, Arch&Knwl Envs in Soc MSI",2520,WN 2025,GINF,051074,SI,626
76282373,FA 2024,GINF,WN 2026, ,02003,Information Mas,4865MSI,"Lib, Arch&Knwl Envs in Soc MSI",2560,FA 2025,GINF,021042,SI,647
76282373,FA 2024,GINF,WN 2026, ,02003,Information Mas,4865MSI,"Lib, Arch&Knwl Envs in Soc MSI",2560,FA 2025,GINF,050161,SI,676
76282373,FA 2024,GINF,WN 2026, ,02003,Information Mas,4865MSI,"Lib, Arch&Knwl Envs in Soc MSI",2560,FA 2025,GINF,050163,SI,633
76282373,FA 2024,GINF,WN 2026, ,02003,Information Mas,4865MSI,"Lib, Arch&Knwl Envs in Soc MSI",2560,FA 2025,GINF,050164,SI,504
76282373,FA 2024,GINF,WN 2026, ,02003,Information Mas,4865MSI,"Lib, Arch&Knwl Envs in Soc MSI",2560,FA 2025,GINF,051304,NEUROSCI,515
76282373,FA 2024,GINF,WN 2026, ,02003,Information Mas,4865MSI,"Lib, Arch&Knwl Envs in Soc MSI",2570,WN 2026,GINF,020803,SI,643
76282373,FA 2024,GINF,WN 2026, ,02003,Information Mas,4865MSI,"Lib, Arch&Knwl Envs in Soc MSI",2570,WN 2026,GINF,042324,SI,639
76282373,FA 2024,GINF,WN 2026, ,02003,Information Mas,4865MSI,"Lib, Arch&Knwl Envs in Soc MSI",2570,WN 2026,GINF,047844,ARTSADMN,523
76282373,FA 2024,GINF,WN 2026, ,02003,Information Mas,4865MSI,"Lib, Arch&Knwl Envs in Soc MSI",2570,WN 2026,GINF,047901,SI,699
76282373,FA 2024,GINF,WN 2026, ,02003,Information Mas,4865MSI,"Lib, Arch&Knwl Envs in Soc MSI",2570,WN 2026,GINF,048129,SI,505
76282373,FA 2024,GINF,WN 2026, ,02003,Information Mas,4865MSI,"Lib, Arch&Knwl Envs in Soc MSI",2570,WN 2026,GINF,049038,SI,688
76366656,FA 2024,GINF,WN 2026, ,02003,Information Mas,9455MSI,User-Centered Agile Dev MSI,2510,FA 2024,GINF,017281,SI,588
76366656,FA 2024,GINF,WN 2026, ,02003,Information Mas,9455MSI,User-Centered Agile Dev MSI,2510,FA 2024,GINF,044772,SI,582
76366656,FA 2024,GINF,WN 2026, ,02003,Information Mas,9455MSI,User-Centered Agile Dev MSI,2510,FA 2024,GINF,047246,SI,506
76366656,FA 2024,GINF,WN 2026, ,02003,Information Mas,9455MSI,User-Centered Agile Dev MSI,2510,FA 2024,GINF,051553,SI,500
76366656,FA 2024,GINF,WN 2026, ,02003,Information Mas,9455MSI,User-Centered Agile Dev MSI,2520,WN 2025,GINF,020401,SI,622
76366656,FA 2024,GINF,WN 2026, ,02003,Information Mas,9455MSI,User-Centered Agile Dev MSI,2520,WN 2025,GINF,022099,SI,658
76366656,FA 2024,GINF,WN 2026, ,02003,Information Mas,9455MSI,User-Centered Agile Dev MSI,2520,WN 2025,GINF,039178,SI,539
76366656,FA 2024,GINF,WN 2026, ,02003,Information Mas,9455MSI,User-Centered Agile Dev MSI,2520,WN 2025,GINF,050164,SI,504
76366656,FA 2024,GINF,WN 2026, ,02003,Information Mas,9455MSI,User-Centered Agile Dev MSI,2560,FA 2025,GINF,001459,SI,690
76366656,FA 2024,GINF,WN 2026, ,02003,Information Mas,9455MSI,User-Centered Agile Dev MSI,2560,FA 2025,GINF,041626,SI,664
76366656,FA 2024,GINF,WN 2026, ,02003,Information Mas,9455MSI,User-Centered Agile Dev MSI,2560,FA 2025,GINF,049601,SI,564
76366656,FA 2024,GINF,WN 2026, ,02003,Information Mas,9455MSI,User-Centered Agile Dev MSI,2560,FA 2025,GINF,050159,SI,579
76366656,FA 2024,GINF,WN 2026, ,02003,Information Mas,9455MSI,User-Centered Agile Dev MSI,2570,WN 2026,GINF,001459,SI,690
76366656,FA 2024,GINF,WN 2026, ,02003,Information Mas,9455MSI,User-Centered Agile Dev MSI,2570,WN 2026,GINF,021391,SI,511
76366656,FA 2024,GINF,WN 2026, ,02003,Information Mas,9455MSI,User-Centered Agile Dev MSI,2570,WN 2026,GINF,043863,SI,612
76366656,FA 2024,GINF,WN 2026, ,02003,Information Mas,9455MSI,User-Centered Agile Dev MSI,2570,WN 2026,GINF,047901,SI,699
76366656,FA 2024,GINF,WN 2026, ,02003,Information Mas,9455MSI,User-Centered Agile Dev MSI,2570,WN 2026,GINF,048129,SI,505
76366656,FA 2024,GINF,WN 2026, ,02003,Information Mas,9455MSI,User-Centered Agile Dev MSI,2570,WN 2026,GINF,051836,SI,611
76520398,FA 2024,GINF,WN 2026, ,02003,Information Mas,5005MSI,Master's ThesisOption Prog MSI,2510,FA 2024,GINF,044772,SI,582
76520398,FA 2024,GINF,WN 2026, ,02003,Information Mas,5005MSI,Master's ThesisOption Prog MSI,2510,FA 2024,GINF,045393,SI,552
76520398,FA 2024,GINF,WN 2026, ,02003,Information Mas,5005MSI,Master's ThesisOption Prog MSI,2510,FA 2024,GINF,047246,SI,506
76520398,FA 2024,GINF,WN 2026, ,02003,Information Mas,5005MSI,Master's ThesisOption Prog MSI,2510,FA 2024,GINF,051553,SI,500
76520398,FA 2024,GINF,WN 2026, ,02003,Information Mas,5005MSI,Master's ThesisOption Prog MSI,2520,WN 2025,GINF,039178,SI,539
76520398,FA 2024,GINF,WN 2026, ,02003,Information Mas,5005MSI,Master's ThesisOption Prog MSI,2520,WN 2025,GINF,039979,SI,623
76520398,FA 2024,GINF,WN 2026, ,02003,Information Mas,5005MSI,Master's ThesisOption Prog MSI,2520,WN 2025,GINF,040667,SI,681
76520398,FA 2024,GINF,WN 2026, ,02003,Information Mas,5005MSI,Master's ThesisOption Prog MSI,2520,WN 2025,GINF,043366,SI,617
76520398,FA 2024,GINF,WN 2026, ,02003,Information Mas,5005MSI,Master's ThesisOption Prog MSI,2520,WN 2025,GINF,050159,SI,579
76520398,FA 2024,GINF,WN 2026, ,02003,Information Mas,5005MSI,Master's ThesisOption Prog MSI,2520,WN 2025,GINF,050164,SI,504
76520398,FA 2024,GINF,WN 2026, ,02003,Information Mas,5005MSI,Master's ThesisOption Prog MSI,2560,FA 2025,GINF,043241,SI,657
76520398,FA 2024,GINF,WN 2026, ,02003,Information Mas,5005MSI,Master's ThesisOption Prog MSI,2560,FA 2025,GINF,048487,SI,669
76520398,FA 2024,GINF,WN 2026, ,02003,Information Mas,5005MSI,Master's ThesisOption Prog MSI,2560,FA 2025,GINF,049365,SI,697
76520398,FA 2024,GINF,WN 2026, ,02003,Information Mas,5005MSI,Master's ThesisOption Prog MSI,2560,FA 2025,GINF,051836,SI,611
76520398,FA 2024,GINF,WN 2026, ,02003,Information Mas,5005MSI,Master's ThesisOption Prog MSI,2560,FA 2025,GINF,052100,SI,597
76520398,FA 2024,GINF,WN 2026, ,02003,Information Mas,5005MSI,Master's ThesisOption Prog MSI,2570,WN 2026,GINF,041736,PUBPOL,650
76520398,FA 2024,GINF,WN 2026, ,02003,Information Mas,5005MSI,Master's ThesisOption Prog MSI,2570,WN 2026,GINF,047901,SI,699
76520398,FA 2024,GINF,WN 2026, ,02003,Information Mas,5005MSI,Master's ThesisOption Prog MSI,2570,WN 2026,GINF,049040,SI,698
76532252,FA 2024,GINF,WN 2026, ,02003,Information Mas,9445MSI,User Experience Design MSI,2510,FA 2024,GINF,017281,SI,588
76532252,FA 2024,GINF,WN 2026, ,02003,Information Mas,9445MSI,User Experience Design MSI,2510,FA 2024,GINF,044772,SI,582
76532252,FA 2024,GINF,WN 2026, ,02003,Information Mas,9445MSI,User Experience Design MSI,2510,FA 2024,GINF,047246,SI,506
76532252,FA 2024,GINF,WN 2026, ,02003,Information Mas,9445MSI,User Experience Design MSI,2510,FA 2024,GINF,048129,SI,505
76532252,FA 2024,GINF,WN 2026, ,02003,Information Mas,9445MSI,User Experience Design MSI,2510,FA 2024,GINF,051553,SI,500
76532252,FA 2024,GINF,WN 2026, ,02003,Information Mas,9445MSI,User Experience Design MSI,2520,WN 2025,GINF,020401,SI,622
76532252,FA 2024,GINF,WN 2026, ,02003,Information Mas,9445MSI,User Experience Design MSI,2520,WN 2025,GINF,021400,SI,520
76532252,FA 2024,GINF,WN 2026, ,02003,Information Mas,9445MSI,User Experience Design MSI,2520,WN 2025,GINF,039178,SI,539
76532252,FA 2024,GINF,WN 2026, ,02003,Information Mas,9445MSI,User Experience Design MSI,2520,WN 2025,GINF,040667,SI,681
76532252,FA 2024,GINF,WN 2026, ,02003,Information Mas,9445MSI,User Experience Design MSI,2520,WN 2025,GINF,051836,SI,611
76532252,FA 2024,GINF,WN 2026, ,02003,Information Mas,9445MSI,User Experience Design MSI,2560,FA 2025,GINF,001459,SI,690
76532252,FA 2024,GINF,WN 2026, ,02003,Information Mas,9445MSI,User Experience Design MSI,2560,FA 2025,GINF,021391,SI,511
76532252,FA 2024,GINF,WN 2026, ,02003,Information Mas,9445MSI,User Experience Design MSI,2560,FA 2025,GINF,045393,SI,552
76532252,FA 2024,GINF,WN 2026, ,02003,Information Mas,9445MSI,User Experience Design MSI,2560,FA 2025,GINF,045771,SI,684
76532252,FA 2024,GINF,WN 2026, ,02003,Information Mas,9445MSI,User Experience Design MSI,2570,WN 2026,GINF,021391,SI,511
76532252,FA 2024,GINF,WN 2026, ,02003,Information Mas,9445MSI,User Experience Design MSI,2570,WN 2026,GINF,047901,SI,699
76918121,FA 2025,GINF,WN 2027, ,02003,Information Mas,0775MSI,Big Data Analytics MSI,2560,FA 2025,GINF,041626,SI,664
76918121,FA 2025,GINF,WN 2027, ,02003,Information Mas,0775MSI,Big Data Analytics MSI,2560,FA 2025,GINF,041934,SI,608
76918121,FA 2025,GINF,WN 2027, ,02003,Information Mas,0775MSI,Big Data Analytics MSI,2560,FA 2025,GINF,042091,SI,618
76918121,FA 2025,GINF,WN 2027, ,02003,Information Mas,0775MSI,Big Data Analytics MSI,2560,FA 2025,GINF,047640,SI,507
76918121,FA 2025,GINF,WN 2027, ,02003,Information Mas,0775MSI,Big Data Analytics MSI,2560,FA 2025,GINF,050164,SI,504
76918121,FA 2025,GINF,WN 2027, ,02003,Information Mas,0775MSI,Big Data Analytics MSI,2560,FA 2025,GINF,051553,SI,500
76918121,FA 2025,GINF,WN 2027, ,02003,Information Mas,0775MSI,Big Data Analytics MSI,2570,WN 2026,GINF,020934,SI,649
76918121,FA 2025,GINF,WN 2027, ,02003,Information Mas,0775MSI,Big Data Analytics MSI,2570,WN 2026,GINF,042324,SI,639
76918121,FA 2025,GINF,WN 2027, ,02003,Information Mas,0775MSI,Big Data Analytics MSI,2570,WN 2026,GINF,047226,EECS,504
76918121,FA 2025,GINF,WN 2027, ,02003,Information Mas,0775MSI,Big Data Analytics MSI,2570,WN 2026,GINF,048268,SI,630
76918121,FA 2025,GINF,WN 2027, ,02003,Information Mas,0775MSI,Big Data Analytics MSI,2570,WN 2026,GINF,050663,SI,568
77009870,FA 2025,GINF,WN 2027, ,02003,Information Mas,4865MSI,"Lib, Arch&Knwl Envs in Soc MSI",2560,FA 2025,GINF,047246,SI,506
77009870,FA 2025,GINF,WN 2027, ,02003,Information Mas,4865MSI,"Lib, Arch&Knwl Envs in Soc MSI",2560,FA 2025,GINF,051553,SI,500
77009870,FA 2025,GINF,WN 2027, ,02003,Information Mas,4865MSI,"Lib, Arch&Knwl Envs in Soc MSI",2570,WN 2026,GINF,042091,SI,618
77009870,FA 2025,GINF,WN 2027, ,02003,Information Mas,4865MSI,"Lib, Arch&Knwl Envs in Soc MSI",2570,WN 2026,GINF,048280,SI,667
77014561,FA 2024,GINF,WN 2026, ,02003,Information Mas,9445MSI,User Experience Design MSI,2510,FA 2024,GINF,017281,SI,588
77014561,FA 2024,GINF,WN 2026, ,02003,Information Mas,9445MSI,User Experience Design MSI,2510,FA 2024,GINF,044772,SI,582
77014561,FA 2024,GINF,WN 2026, ,02003,Information Mas,9445MSI,User Experience Design MSI,2510,FA 2024,GINF,047246,SI,506
77014561,FA 2024,GINF,WN 2026, ,02003,Information Mas,9445MSI,User Experience Design MSI,2510,FA 2024,GINF,048129,SI,505
77014561,FA 2024,GINF,WN 2026, ,02003,Information Mas,9445MSI,User Experience Design MSI,2510,FA 2024,GINF,051553,SI,500
77014561,FA 2024,GINF,WN 2026, ,02003,Information Mas,9445MSI,User Experience Design MSI,2520,WN 2025,GINF,020401,SI,622
77014561,FA 2024,GINF,WN 2026, ,02003,Information Mas,9445MSI,User Experience Design MSI,2520,WN 2025,GINF,039178,SI,539
77014561,FA 2024,GINF,WN 2026, ,02003,Information Mas,9445MSI,User Experience Design MSI,2520,WN 2025,GINF,040667,SI,681
77014561,FA 2024,GINF,WN 2026, ,02003,Information Mas,9445MSI,User Experience Design MSI,2520,WN 2025,GINF,047641,SI,540
77014561,FA 2024,GINF,WN 2026, ,02003,Information Mas,9445MSI,User Experience Design MSI,2520,WN 2025,GINF,050164,SI,504
77014561,FA 2024,GINF,WN 2026, ,02003,Information Mas,9445MSI,User Experience Design MSI,2520,WN 2025,GINF,051454,SI,594
77014561,FA 2024,GINF,WN 2026, ,02003,Information Mas,9445MSI,User Experience Design MSI,2560,FA 2025,GINF,021391,SI,511
77014561,FA 2024,GINF,WN 2026, ,02003,Information Mas,9445MSI,User Experience Design MSI,2560,FA 2025,GINF,021400,SI,520
77014561,FA 2024,GINF,WN 2026, ,02003,Information Mas,9445MSI,User Experience Design MSI,2560,FA 2025,GINF,045393,SI,552
77014561,FA 2024,GINF,WN 2026, ,02003,Information Mas,9445MSI,User Experience Design MSI,2560,FA 2025,GINF,048488,SI,559
77014561,FA 2024,GINF,WN 2026, ,02003,Information Mas,9445MSI,User Experience Design MSI,2570,WN 2026,GINF,021391,SI,511
77014561,FA 2024,GINF,WN 2026, ,02003,Information Mas,9445MSI,User Experience Design MSI,2570,WN 2026,GINF,047901,SI,699
77020088,FA 2025,GINF,WN 2027, ,02003,Information Mas,9455MSI,User-Centered Agile Dev MSI,2560,FA 2025,GINF,017281,SI,588
77020088,FA 2025,GINF,WN 2027, ,02003,Information Mas,9455MSI,User-Centered Agile Dev MSI,2560,FA 2025,GINF,044772,SI,582
77020088,FA 2025,GINF,WN 2027, ,02003,Information Mas,9455MSI,User-Centered Agile Dev MSI,2560,FA 2025,GINF,047640,SI,507
77020088,FA 2025,GINF,WN 2027, ,02003,Information Mas,9455MSI,User-Centered Agile Dev MSI,2560,FA 2025,GINF,048488,SI,559
77020088,FA 2025,GINF,WN 2027, ,02003,Information Mas,9455MSI,User-Centered Agile Dev MSI,2560,FA 2025,GINF,050164,SI,504
77020088,FA 2025,GINF,WN 2027, ,02003,Information Mas,9455MSI,User-Centered Agile Dev MSI,2560,FA 2025,GINF,051553,SI,500
77020088,FA 2025,GINF,WN 2027, ,02003,Information Mas,9455MSI,User-Centered Agile Dev MSI,2570,WN 2026,GINF,020401,SI,622
77020088,FA 2025,GINF,WN 2027, ,02003,Information Mas,9455MSI,User-Centered Agile Dev MSI,2570,WN 2026,GINF,022432,EECS,485
77020088,FA 2025,GINF,WN 2027, ,02003,Information Mas,9455MSI,User-Centered Agile Dev MSI,2570,WN 2026,GINF,039178,SI,539
77020088,FA 2025,GINF,WN 2027, ,02003,Information Mas,9455MSI,User-Centered Agile Dev MSI,2570,WN 2026,GINF,050159,SI,579
77020088,FA 2025,GINF,WN 2027, ,02003,Information Mas,9455MSI,User-Centered Agile Dev MSI,2570,WN 2026,GINF,051455,SI,569
77263385,FA 2024,GBA,WN 2026, ,02005,MDDP Bus Ad & Informat MBA/MSI,1160MBA37,Business Administration MBA,2510,FA 2024,GBA,016996,ACC,502
77263385,FA 2024,GBA,WN 2026, ,02005,MDDP Bus Ad & Informat MBA/MSI,1160MBA37,Business Administration MBA,2510,FA 2024,GBA,016999,BE,502
77263385,FA 2024,GBA,WN 2026, ,02005,MDDP Bus Ad & Informat MBA/MSI,1160MBA37,Business Administration MBA,2510,FA 2024,GBA,017003,STRATEGY,502
77263385,FA 2024,GBA,WN 2026, ,02005,MDDP Bus Ad & Informat MBA/MSI,1160MBA37,Business Administration MBA,2510,FA 2024,GBA,017014,MKT,503
77263385,FA 2024,GBA,WN 2026, ,02005,MDDP Bus Ad & Informat MBA/MSI,1160MBA37,Business Administration MBA,2510,FA 2024,GBA,017016,TO,502
77263385,FA 2024,GBA,WN 2026, ,02005,MDDP Bus Ad & Informat MBA/MSI,1160MBA37,Business Administration MBA,2510,FA 2024,GBA,040615,MO,503
77263385,FA 2024,GBA,WN 2026, ,02005,MDDP Bus Ad & Informat MBA/MSI,1160MBA37,Business Administration MBA,2510,FA 2024,GBA,040731,FIN,503
77263385,FA 2024,GBA,WN 2026, ,02005,MDDP Bus Ad & Informat MBA/MSI,1160MBA37,Business Administration MBA,2520,WN 2025,GBA,017005,STRATEGY,503
77263385,FA 2024,GBA,WN 2026, ,02005,MDDP Bus Ad & Informat MBA/MSI,1160MBA37,Business Administration MBA,2520,WN 2025,GBA,017259,ACC,552
77263385,FA 2024,GBA,WN 2026, ,02005,MDDP Bus Ad & Informat MBA/MSI,1160MBA37,Business Administration MBA,2520,WN 2025,GBA,017262,BA,553
77263385,FA 2024,GBA,WN 2026, ,02005,MDDP Bus Ad & Informat MBA/MSI,1160MBA37,Business Administration MBA,2520,WN 2025,GBA,017268,TO,552
77263385,FA 2024,GBA,WN 2026, ,02005,MDDP Bus Ad & Informat MBA/MSI,1160MBA37,Business Administration MBA,2520,WN 2025,GBA,040667,SI,681
77263385,FA 2024,GBA,WN 2026, ,02005,MDDP Bus Ad & Informat MBA/MSI,1160MBA37,Business Administration MBA,2560,FA 2025,GBA,003735,MKT,618
77263385,FA 2024,GBA,WN 2026, ,02005,MDDP Bus Ad & Informat MBA/MSI,1160MBA37,Business Administration MBA,2560,FA 2025,GBA,003736,ES,605
77263385,FA 2024,GBA,WN 2026, ,02005,MDDP Bus Ad & Informat MBA/MSI,1160MBA37,Business Administration MBA,2560,FA 2025,GBA,019169,MKT,603
77263385,FA 2024,GBA,WN 2026, ,02005,MDDP Bus Ad & Informat MBA/MSI,1160MBA37,Business Administration MBA,2560,FA 2025,GBA,020997,BCOM,561
77263385,FA 2024,GBA,WN 2026, ,02005,MDDP Bus Ad & Informat MBA/MSI,1160MBA37,Business Administration MBA,2560,FA 2025,GBA,044600,MO,620
77263385,FA 2024,GBA,WN 2026, ,02005,MDDP Bus Ad & Informat MBA/MSI,1160MBA37,Business Administration MBA,2570,WN 2026,GBA,003722,BL,513
77263385,FA 2024,GBA,WN 2026, ,02005,MDDP Bus Ad & Informat MBA/MSI,1160MBA37,Business Administration MBA,2570,WN 2026,GBA,003731,MKT,601
77263385,FA 2024,GBA,WN 2026, ,02005,MDDP Bus Ad & Informat MBA/MSI,1160MBA37,Business Administration MBA,2570,WN 2026,GBA,017530,TO,616
77263385,FA 2024,GBA,WN 2026, ,02005,MDDP Bus Ad & Informat MBA/MSI,1160MBA37,Business Administration MBA,2570,WN 2026,GBA,038810,MKT,609
77263385,FA 2024,GBA,WN 2026, ,02005,MDDP Bus Ad & Informat MBA/MSI,1160MBA37,Business Administration MBA,2570,WN 2026,GBA,039081,SI,529
77263385,FA 2024,GBA,WN 2026, ,02005,MDDP Bus Ad & Informat MBA/MSI,1160MBA37,Business Administration MBA,2570,WN 2026,GBA,041979,ES,702
77263385,FA 2024,GINF,WN 2026, ,02004,MDDP Informat & Bus Ad MSI/MBA,9445MSI1,User Experience Design MSI,2460,FA 2023,GINF,017281,SI,588
77263385,FA 2024,GINF,WN 2026, ,02004,MDDP Informat & Bus Ad MSI/MBA,9445MSI1,User Experience Design MSI,2460,FA 2023,GINF,042104,SI,501
77263385,FA 2024,GINF,WN 2026, ,02004,MDDP Informat & Bus Ad MSI/MBA,9445MSI1,User Experience Design MSI,2460,FA 2023,GINF,044772,SI,582
77263385,FA 2024,GINF,WN 2026, ,02004,MDDP Informat & Bus Ad MSI/MBA,9445MSI1,User Experience Design MSI,2460,FA 2023,GINF,047246,SI,506
77263385,FA 2024,GINF,WN 2026, ,02004,MDDP Informat & Bus Ad MSI/MBA,9445MSI1,User Experience Design MSI,2470,WN 2024,GINF,020401,SI,622
77263385,FA 2024,GINF,WN 2026, ,02004,MDDP Informat & Bus Ad MSI/MBA,9445MSI1,User Experience Design MSI,2470,WN 2024,GINF,021400,SI,520
77263385,FA 2024,GINF,WN 2026, ,02004,MDDP Informat & Bus Ad MSI/MBA,9445MSI1,User Experience Design MSI,2470,WN 2024,GINF,039178,SI,539
77263385,FA 2024,GINF,WN 2026, ,02004,MDDP Informat & Bus Ad MSI/MBA,9445MSI1,User Experience Design MSI,2470,WN 2024,GINF,040667,SI,681
77263385,FA 2024,GINF,WN 2026, ,02004,MDDP Informat & Bus Ad MSI/MBA,9445MSI1,User Experience Design MSI,2470,WN 2024,GINF,049417,BA,670
77263385,FA 2024,GINF,WN 2026, ,02004,MDDP Informat & Bus Ad MSI/MBA,9445MSI1,User Experience Design MSI,2560,FA 2025,GINF,041855,SI,631
77263385,FA 2024,GINF,WN 2026, ,02004,MDDP Informat & Bus Ad MSI/MBA,9445MSI1,User Experience Design MSI,2560,FA 2025,GINF,048488,SI,559
77263385,FA 2024,GINF,WN 2026, ,02004,MDDP Informat & Bus Ad MSI/MBA,9445MSI1,User Experience Design MSI,2570,WN 2026,GINF,039081,SI,529
77263385,FA 2024,GINF,WN 2026, ,02004,MDDP Informat & Bus Ad MSI/MBA,9445MSI1,User Experience Design MSI,2570,WN 2026,GINF,047901,SI,699
77408371,FA 2025,GINF,WN 2026, ,02003,Information Mas,9445MSI,User Experience Design MSI,2560,FA 2025,GINF,012456,SI,549
77408371,FA 2025,GINF,WN 2026, ,02003,Information Mas,9445MSI,User Experience Design MSI,2560,FA 2025,GINF,017281,SI,588
77408371,FA 2025,GINF,WN 2026, ,02003,Information Mas,9445MSI,User Experience Design MSI,2560,FA 2025,GINF,039178,SI,539
77408371,FA 2025,GINF,WN 2026, ,02003,Information Mas,9445MSI,User Experience Design MSI,2560,FA 2025,GINF,045393,SI,552
77408371,FA 2025,GINF,WN 2026, ,02003,Information Mas,9445MSI,User Experience Design MSI,2560,FA 2025,GINF,051836,SI,611
77408371,FA 2025,GINF,WN 2026, ,02003,Information Mas,9445MSI,User Experience Design MSI,2570,WN 2026,GINF,009731,SI,580
77408371,FA 2025,GINF,WN 2026, ,02003,Information Mas,9445MSI,User Experience Design MSI,2570,WN 2026,GINF,012772,SI,548
77408371,FA 2025,GINF,WN 2026, ,02003,Information Mas,9445MSI,User Experience Design MSI,2570,WN 2026,GINF,022099,SI,658
77408371,FA 2025,GINF,WN 2026, ,02003,Information Mas,9445MSI,User Experience Design MSI,2570,WN 2026,GINF,047901,SI,699
77408371,FA 2025,GINF,WN 2026, ,02003,Information Mas,9445MSI,User Experience Design MSI,2570,WN 2026,GINF,051836,SI,611
77533126,FA 2025,GINF,WN 2027, ,02003,Information Mas,9455MSI,User-Centered Agile Dev MSI,2560,FA 2025,GINF,021400,SI,520
77533126,FA 2025,GINF,WN 2027, ,02003,Information Mas,9455MSI,User-Centered Agile Dev MSI,2560,FA 2025,GINF,050159,SI,579
77533126,FA 2025,GINF,WN 2027, ,02003,Information Mas,9455MSI,User-Centered Agile Dev MSI,2560,FA 2025,GINF,050164,SI,504
77533126,FA 2025,GINF,WN 2027, ,02003,Information Mas,9455MSI,User-Centered Agile Dev MSI,2560,FA 2025,GINF,051553,SI,500
77533126,FA 2025,GINF,WN 2027, ,02003,Information Mas,9455MSI,User-Centered Agile Dev MSI,2570,WN 2026,GINF,021050,SI,691
77533126,FA 2025,GINF,WN 2027, ,02003,Information Mas,9455MSI,User-Centered Agile Dev MSI,2570,WN 2026,GINF,021391,SI,511
77533126,FA 2025,GINF,WN 2027, ,02003,Information Mas,9455MSI,User-Centered Agile Dev MSI,2570,WN 2026,GINF,022099,SI,658
77533126,FA 2025,GINF,WN 2027, ,02003,Information Mas,9455MSI,User-Centered Agile Dev MSI,2570,WN 2026,GINF,047901,SI,699
77533126,FA 2025,GINF,WN 2027, ,02003,Information Mas,9455MSI,User-Centered Agile Dev MSI,2570,WN 2026,GINF,052255,ENTR,470
77874201,FA 2024,GINF,WN 2026, ,02003,Information Mas,9445MSI,User Experience Design MSI,2510,FA 2024,GINF,017281,SI,588
77874201,FA 2024,GINF,WN 2026, ,02003,Information Mas,9445MSI,User Experience Design MSI,2510,FA 2024,GINF,039178,SI,539
77874201,FA 2024,GINF,WN 2026, ,02003,Information Mas,9445MSI,User Experience Design MSI,2510,FA 2024,GINF,047246,SI,506
77874201,FA 2024,GINF,WN 2026, ,02003,Information Mas,9445MSI,User Experience Design MSI,2510,FA 2024,GINF,048129,SI,505
77874201,FA 2024,GINF,WN 2026, ,02003,Information Mas,9445MSI,User Experience Design MSI,2510,FA 2024,GINF,051553,SI,500
77874201,FA 2024,GINF,WN 2026, ,02003,Information Mas,9445MSI,User Experience Design MSI,2520,WN 2025,GINF,020401,SI,622
77874201,FA 2024,GINF,WN 2026, ,02003,Information Mas,9445MSI,User Experience Design MSI,2520,WN 2025,GINF,021400,SI,520
77874201,FA 2024,GINF,WN 2026, ,02003,Information Mas,9445MSI,User Experience Design MSI,2520,WN 2025,GINF,040667,SI,681
77874201,FA 2024,GINF,WN 2026, ,02003,Information Mas,9445MSI,User Experience Design MSI,2520,WN 2025,GINF,041957,ENGR,599
77874201,FA 2024,GINF,WN 2026, ,02003,Information Mas,9445MSI,User Experience Design MSI,2520,WN 2025,GINF,044772,SI,582
77874201,FA 2024,GINF,WN 2026, ,02003,Information Mas,9445MSI,User Experience Design MSI,2520,WN 2025,GINF,045393,SI,552
77874201,FA 2024,GINF,WN 2026, ,02003,Information Mas,9445MSI,User Experience Design MSI,2560,FA 2025,GINF,021391,SI,511
77874201,FA 2024,GINF,WN 2026, ,02003,Information Mas,9445MSI,User Experience Design MSI,2560,FA 2025,GINF,041957,ENGR,599
77874201,FA 2024,GINF,WN 2026, ,02003,Information Mas,9445MSI,User Experience Design MSI,2560,FA 2025,GINF,043863,SI,612
77874201,FA 2024,GINF,WN 2026, ,02003,Information Mas,9445MSI,User Experience Design MSI,2560,FA 2025,GINF,045771,SI,684
77874201,FA 2024,GINF,WN 2026, ,02003,Information Mas,9445MSI,User Experience Design MSI,2560,FA 2025,GINF,048488,SI,559
77874201,FA 2024,GINF,WN 2026, ,02003,Information Mas,9445MSI,User Experience Design MSI,2570,WN 2026,GINF,047901,SI,699
77874201,FA 2024,GINF,WN 2026, ,02003,Information Mas,9445MSI,User Experience Design MSI,2570,WN 2026,GINF,051454,SI,594
78066745,FA 2024,GINF,FA 2025,FA 2025,02003,Information Mas,9445MSI,User Experience Design MSI,2510,FA 2024,GINF,017281,SI,588
78066745,FA 2024,GINF,FA 2025,FA 2025,02003,Information Mas,9445MSI,User Experience Design MSI,2510,FA 2024,GINF,021400,SI,520
78066745,FA 2024,GINF,FA 2025,FA 2025,02003,Information Mas,9445MSI,User Experience Design MSI,2510,FA 2024,GINF,039178,SI,539
78066745,FA 2024,GINF,FA 2025,FA 2025,02003,Information Mas,9445MSI,User Experience Design MSI,2510,FA 2024,GINF,041626,SI,664
78066745,FA 2024,GINF,FA 2025,FA 2025,02003,Information Mas,9445MSI,User Experience Design MSI,2510,FA 2024,GINF,051553,SI,500
78066745,FA 2024,GINF,FA 2025,FA 2025,02003,Information Mas,9445MSI,User Experience Design MSI,2520,WN 2025,GINF,020401,SI,622
78066745,FA 2024,GINF,FA 2025,FA 2025,02003,Information Mas,9445MSI,User Experience Design MSI,2520,WN 2025,GINF,040667,SI,681
78066745,FA 2024,GINF,FA 2025,FA 2025,02003,Information Mas,9445MSI,User Experience Design MSI,2520,WN 2025,GINF,050159,SI,579
78066745,FA 2024,GINF,FA 2025,FA 2025,02003,Information Mas,9445MSI,User Experience Design MSI,2520,WN 2025,GINF,050164,SI,504
78066745,FA 2024,GINF,FA 2025,FA 2025,02003,Information Mas,9445MSI,User Experience Design MSI,2560,FA 2025,GINF,045393,SI,552
78066745,FA 2024,GINF,FA 2025,FA 2025,02003,Information Mas,9445MSI,User Experience Design MSI,2560,FA 2025,GINF,047901,SI,699
78066745,FA 2024,GINF,FA 2025,FA 2025,02003,Information Mas,9445MSI,User Experience Design MSI,2560,FA 2025,GINF,048488,SI,559
78182656,FA 2024,GINF,WN 2026, ,02003,Information Mas,9445MSI,User Experience Design MSI,2510,FA 2024,GINF,017281,SI,588
78182656,FA 2024,GINF,WN 2026, ,02003,Information Mas,9445MSI,User Experience Design MSI,2510,FA 2024,GINF,044772,SI,582
78182656,FA 2024,GINF,WN 2026, ,02003,Information Mas,9445MSI,User Experience Design MSI,2510,FA 2024,GINF,047246,SI,506
78182656,FA 2024,GINF,WN 2026, ,02003,Information Mas,9445MSI,User Experience Design MSI,2510,FA 2024,GINF,051553,SI,500
78182656,FA 2024,GINF,WN 2026, ,02003,Information Mas,9445MSI,User Experience Design MSI,2520,WN 2025,GINF,020401,SI,622
78182656,FA 2024,GINF,WN 2026, ,02003,Information Mas,9445MSI,User Experience Design MSI,2520,WN 2025,GINF,039178,SI,539
78182656,FA 2024,GINF,WN 2026, ,02003,Information Mas,9445MSI,User Experience Design MSI,2520,WN 2025,GINF,040667,SI,681
78182656,FA 2024,GINF,WN 2026, ,02003,Information Mas,9445MSI,User Experience Design MSI,2520,WN 2025,GINF,043863,SI,612
78182656,FA 2024,GINF,WN 2026, ,02003,Information Mas,9445MSI,User Experience Design MSI,2520,WN 2025,GINF,048129,SI,505
78182656,FA 2024,GINF,WN 2026, ,02003,Information Mas,9445MSI,User Experience Design MSI,2520,WN 2025,GINF,048421,ENTR,560
78182656,FA 2024,GINF,WN 2026, ,02003,Information Mas,9445MSI,User Experience Design MSI,2520,WN 2025,GINF,051111,EAS,506
78182656,FA 2024,GINF,WN 2026, ,02003,Information Mas,9445MSI,User Experience Design MSI,2560,FA 2025,GINF,016607,SI,544
78182656,FA 2024,GINF,WN 2026, ,02003,Information Mas,9445MSI,User Experience Design MSI,2560,FA 2025,GINF,021391,SI,511
78182656,FA 2024,GINF,WN 2026, ,02003,Information Mas,9445MSI,User Experience Design MSI,2560,FA 2025,GINF,043210,SI,534
78182656,FA 2024,GINF,WN 2026, ,02003,Information Mas,9445MSI,User Experience Design MSI,2560,FA 2025,GINF,045393,SI,552
78182656,FA 2024,GINF,WN 2026, ,02003,Information Mas,9445MSI,User Experience Design MSI,2570,WN 2026,GINF,047901,SI,699
78319184,FA 2024,GINF,FA 2025,FA 2025,02003,Information Mas,9445MSI,User Experience Design MSI,2510,FA 2024,GINF,021400,SI,520
78319184,FA 2024,GINF,FA 2025,FA 2025,02003,Information Mas,9445MSI,User Experience Design MSI,2510,FA 2024,GINF,039081,SI,529
78319184,FA 2024,GINF,FA 2025,FA 2025,02003,Information Mas,9445MSI,User Experience Design MSI,2510,FA 2024,GINF,043210,SI,534
78319184,FA 2024,GINF,FA 2025,FA 2025,02003,Information Mas,9445MSI,User Experience Design MSI,2510,FA 2024,GINF,045393,SI,552
78319184,FA 2024,GINF,FA 2025,FA 2025,02003,Information Mas,9445MSI,User Experience Design MSI,2510,FA 2024,GINF,051553,SI,500
78319184,FA 2024,GINF,FA 2025,FA 2025,02003,Information Mas,9445MSI,User Experience Design MSI,2520,WN 2025,GINF,014990,AAS,558
78319184,FA 2024,GINF,FA 2025,FA 2025,02003,Information Mas,9445MSI,User Experience Design MSI,2520,WN 2025,GINF,021391,SI,511
78319184,FA 2024,GINF,FA 2025,FA 2025,02003,Information Mas,9445MSI,User Experience Design MSI,2520,WN 2025,GINF,047228,ENTR,500
78319184,FA 2024,GINF,FA 2025,FA 2025,02003,Information Mas,9445MSI,User Experience Design MSI,2520,WN 2025,GINF,047641,SI,540
78319184,FA 2024,GINF,FA 2025,FA 2025,02003,Information Mas,9445MSI,User Experience Design MSI,2520,WN 2025,GINF,047901,SI,699
78319184,FA 2024,GINF,FA 2025,FA 2025,02003,Information Mas,9445MSI,User Experience Design MSI,2560,FA 2025,GINF,021400,SI,520
78319184,FA 2024,GINF,FA 2025,FA 2025,02003,Information Mas,9445MSI,User Experience Design MSI,2560,FA 2025,GINF,048583,PUBHLTH,508
78642660,FA 2025,GINF,WN 2027, ,02003,Information Mas,9455MSI,User-Centered Agile Dev MSI,2560,FA 2025,GINF,017281,SI,588
78642660,FA 2025,GINF,WN 2027, ,02003,Information Mas,9455MSI,User-Centered Agile Dev MSI,2560,FA 2025,GINF,039178,SI,539
78642660,FA 2025,GINF,WN 2027, ,02003,Information Mas,9455MSI,User-Centered Agile Dev MSI,2560,FA 2025,GINF,044772,SI,582
78642660,FA 2025,GINF,WN 2027, ,02003,Information Mas,9455MSI,User-Centered Agile Dev MSI,2560,FA 2025,GINF,047246,SI,506
78642660,FA 2025,GINF,WN 2027, ,02003,Information Mas,9455MSI,User-Centered Agile Dev MSI,2560,FA 2025,GINF,051553,SI,500
78642660,FA 2025,GINF,WN 2027, ,02003,Information Mas,9455MSI,User-Centered Agile Dev MSI,2570,WN 2026,GINF,020401,SI,622
78642660,FA 2025,GINF,WN 2027, ,02003,Information Mas,9455MSI,User-Centered Agile Dev MSI,2570,WN 2026,GINF,048129,SI,505
78642660,FA 2025,GINF,WN 2027, ,02003,Information Mas,9455MSI,User-Centered Agile Dev MSI,2570,WN 2026,GINF,048486,SI,659
78642660,FA 2025,GINF,WN 2027, ,02003,Information Mas,9455MSI,User-Centered Agile Dev MSI,2570,WN 2026,GINF,050159,SI,579
78642660,FA 2025,GINF,WN 2027, ,02003,Information Mas,9455MSI,User-Centered Agile Dev MSI,2570,WN 2026,GINF,050164,SI,504
78642660,FA 2025,GINF,WN 2027, ,02003,Information Mas,9455MSI,User-Centered Agile Dev MSI,2570,WN 2026,GINF,051836,SI,611
79022994,FA 2025,GINF,WN 2027, ,02003,Information Mas,9445MSI,User Experience Design MSI,2560,FA 2025,GINF,017281,SI,588
79022994,FA 2025,GINF,WN 2027, ,02003,Information Mas,9445MSI,User Experience Design MSI,2560,FA 2025,GINF,044772,SI,582
79022994,FA 2025,GINF,WN 2027, ,02003,Information Mas,9445MSI,User Experience Design MSI,2560,FA 2025,GINF,047246,SI,506
79022994,FA 2025,GINF,WN 2027, ,02003,Information Mas,9445MSI,User Experience Design MSI,2560,FA 2025,GINF,048129,SI,505
79022994,FA 2025,GINF,WN 2027, ,02003,Information Mas,9445MSI,User Experience Design MSI,2560,FA 2025,GINF,051553,SI,500
79022994,FA 2025,GINF,WN 2027, ,02003,Information Mas,9445MSI,User Experience Design MSI,2570,WN 2026,GINF,020401,SI,622
79022994,FA 2025,GINF,WN 2027, ,02003,Information Mas,9445MSI,User Experience Design MSI,2570,WN 2026,GINF,021391,SI,511
79022994,FA 2025,GINF,WN 2027, ,02003,Information Mas,9445MSI,User Experience Design MSI,2570,WN 2026,GINF,021400,SI,520
79022994,FA 2025,GINF,WN 2027, ,02003,Information Mas,9445MSI,User Experience Design MSI,2570,WN 2026,GINF,039178,SI,539
79022994,FA 2025,GINF,WN 2027, ,02003,Information Mas,9445MSI,User Experience Design MSI,2570,WN 2026,GINF,041626,SI,664
79022994,FA 2025,GINF,WN 2027, ,02003,Information Mas,9445MSI,User Experience Design MSI,2570,WN 2026,GINF,051454,SI,594
79281728,FA 2024,GINF,WN 2025,WN 2025,02003,Information Mas,0775MSI,Big Data Analytics MSI,2510,FA 2024,GINF,001459,SI,690
79281728,FA 2024,GINF,WN 2025,WN 2025,02003,Information Mas,0775MSI,Big Data Analytics MSI,2510,FA 2024,GINF,020934,SI,649
79281728,FA 2024,GINF,WN 2025,WN 2025,02003,Information Mas,0775MSI,Big Data Analytics MSI,2510,FA 2024,GINF,041934,SI,608
79281728,FA 2024,GINF,WN 2025,WN 2025,02003,Information Mas,0775MSI,Big Data Analytics MSI,2510,FA 2024,GINF,047304,ENTR,550
79281728,FA 2024,GINF,WN 2025,WN 2025,02003,Information Mas,0775MSI,Big Data Analytics MSI,2510,FA 2024,GINF,048500,SI,670
79281728,FA 2024,GINF,WN 2025,WN 2025,02003,Information Mas,0775MSI,Big Data Analytics MSI,2510,FA 2024,GINF,051553,SI,500
79281728,FA 2024,GINF,WN 2025,WN 2025,02003,Information Mas,0775MSI,Big Data Analytics MSI,2520,WN 2025,GINF,043989,ES,720
79281728,FA 2024,GINF,WN 2025,WN 2025,02003,Information Mas,0775MSI,Big Data Analytics MSI,2520,WN 2025,GINF,047849,ARTSADMN,533
79281728,FA 2024,GINF,WN 2025,WN 2025,02003,Information Mas,0775MSI,Big Data Analytics MSI,2520,WN 2025,GINF,047901,SI,699
79281728,FA 2024,GINF,WN 2025,WN 2025,02003,Information Mas,0775MSI,Big Data Analytics MSI,2520,WN 2025,GINF,050663,SI,568
79281728,FA 2024,GINF,WN 2025,WN 2025,02003,Information Mas,0775MSI,Big Data Analytics MSI,2520,WN 2025,GINF,050983,SI,602
79376310,FA 2025,GINF,WN 2027, ,02003,Information Mas,9445MSI,User Experience Design MSI,2560,FA 2025,GINF,017281,SI,588
79376310,FA 2025,GINF,WN 2027, ,02003,Information Mas,9445MSI,User Experience Design MSI,2560,FA 2025,GINF,039178,SI,539
79376310,FA 2025,GINF,WN 2027, ,02003,Information Mas,9445MSI,User Experience Design MSI,2560,FA 2025,GINF,047246,SI,506
79376310,FA 2025,GINF,WN 2027, ,02003,Information Mas,9445MSI,User Experience Design MSI,2560,FA 2025,GINF,051553,SI,500
79376310,FA 2025,GINF,WN 2027, ,02003,Information Mas,9445MSI,User Experience Design MSI,2570,WN 2026,GINF,020401,SI,622
79376310,FA 2025,GINF,WN 2027, ,02003,Information Mas,9445MSI,User Experience Design MSI,2570,WN 2026,GINF,044772,SI,582
79376310,FA 2025,GINF,WN 2027, ,02003,Information Mas,9445MSI,User Experience Design MSI,2570,WN 2026,GINF,048488,SI,559
79376310,FA 2025,GINF,WN 2027, ,02003,Information Mas,9445MSI,User Experience Design MSI,2570,WN 2026,GINF,050136,UARTS,560
79549593,FA 2025,GINF,WN 2027, ,02003,Information Mas,0775MSI,Big Data Analytics MSI,2560,FA 2025,GINF,016607,SI,544
79549593,FA 2025,GINF,WN 2027, ,02003,Information Mas,0775MSI,Big Data Analytics MSI,2560,FA 2025,GINF,047246,SI,506
79549593,FA 2025,GINF,WN 2027, ,02003,Information Mas,0775MSI,Big Data Analytics MSI,2560,FA 2025,GINF,048129,SI,505
79549593,FA 2025,GINF,WN 2027, ,02003,Information Mas,0775MSI,Big Data Analytics MSI,2560,FA 2025,GINF,050164,SI,504
79549593,FA 2025,GINF,WN 2027, ,02003,Information Mas,0775MSI,Big Data Analytics MSI,2560,FA 2025,GINF,051553,SI,500
79549593,FA 2025,GINF,WN 2027, ,02003,Information Mas,0775MSI,Big Data Analytics MSI,2570,WN 2026,GINF,041626,SI,664
79549593,FA 2025,GINF,WN 2027, ,02003,Information Mas,0775MSI,Big Data Analytics MSI,2570,WN 2026,GINF,042091,SI,618
79549593,FA 2025,GINF,WN 2027, ,02003,Information Mas,0775MSI,Big Data Analytics MSI,2570,WN 2026,GINF,047640,SI,507
79549593,FA 2025,GINF,WN 2027, ,02003,Information Mas,0775MSI,Big Data Analytics MSI,2570,WN 2026,GINF,049038,SI,688
79549593,FA 2025,GINF,WN 2027, ,02003,Information Mas,0775MSI,Big Data Analytics MSI,2570,WN 2026,GINF,049601,SI,564
79549593,FA 2025,GINF,WN 2027, ,02003,Information Mas,0775MSI,Big Data Analytics MSI,2570,WN 2026,GINF,050663,SI,568
79549593,FA 2025,GINF,WN 2027, ,02003,Information Mas,0775MSI,Big Data Analytics MSI,2570,WN 2026,GINF,050983,SI,602
79675341,FA 2025,GINF,WN 2027, ,02003,Information Mas,9455MSI,User-Centered Agile Dev MSI,2560,FA 2025,GINF,044772,SI,582
79675341,FA 2025,GINF,WN 2027, ,02003,Information Mas,9455MSI,User-Centered Agile Dev MSI,2560,FA 2025,GINF,047246,SI,506
79675341,FA 2025,GINF,WN 2027, ,02003,Information Mas,9455MSI,User-Centered Agile Dev MSI,2560,FA 2025,GINF,051553,SI,500
79675341,FA 2025,GINF,WN 2027, ,02003,Information Mas,9455MSI,User-Centered Agile Dev MSI,2570,WN 2026,GINF,020401,SI,622
79675341,FA 2025,GINF,WN 2027, ,02003,Information Mas,9455MSI,User-Centered Agile Dev MSI,2570,WN 2026,GINF,039178,SI,539
79675341,FA 2025,GINF,WN 2027, ,02003,Information Mas,9455MSI,User-Centered Agile Dev MSI,2570,WN 2026,GINF,050159,SI,579
79675341,FA 2025,GINF,WN 2027, ,02003,Information Mas,9455MSI,User-Centered Agile Dev MSI,2570,WN 2026,GINF,050164,SI,504
80147724,FA 2025,GINF,WN 2027, ,02003,Information Mas,4865MSI,"Lib, Arch&Knwl Envs in Soc MSI",2560,FA 2025,GINF,009731,SI,580
80147724,FA 2025,GINF,WN 2027, ,02003,Information Mas,4865MSI,"Lib, Arch&Knwl Envs in Soc MSI",2560,FA 2025,GINF,021045,SI,666
80147724,FA 2025,GINF,WN 2027, ,02003,Information Mas,4865MSI,"Lib, Arch&Knwl Envs in Soc MSI",2560,FA 2025,GINF,021391,SI,511
80147724,FA 2025,GINF,WN 2027, ,02003,Information Mas,4865MSI,"Lib, Arch&Knwl Envs in Soc MSI",2560,FA 2025,GINF,051553,SI,500
80147724,FA 2025,GINF,WN 2027, ,02003,Information Mas,4865MSI,"Lib, Arch&Knwl Envs in Soc MSI",2570,WN 2026,GINF,047246,SI,506
80147724,FA 2025,GINF,WN 2027, ,02003,Information Mas,4865MSI,"Lib, Arch&Knwl Envs in Soc MSI",2570,WN 2026,GINF,048280,SI,667
80147724,FA 2025,GINF,WN 2027, ,02003,Information Mas,4865MSI,"Lib, Arch&Knwl Envs in Soc MSI",2570,WN 2026,GINF,049601,SI,564
80147724,FA 2025,GINF,WN 2027, ,02003,Information Mas,4865MSI,"Lib, Arch&Knwl Envs in Soc MSI",2570,WN 2026,GINF,050162,SI,510
80147724,FA 2025,GINF,WN 2027, ,02003,Information Mas,4865MSI,"Lib, Arch&Knwl Envs in Soc MSI",2570,WN 2026,GINF,050164,SI,504
80179432,FA 2024,GINF,WN 2027, ,02003,Information Mas,9445MSI,User Experience Design MSI,2510,FA 2024,GINF,044772,SI,582
80179432,FA 2024,GINF,WN 2027, ,02003,Information Mas,9445MSI,User Experience Design MSI,2510,FA 2024,GINF,047246,SI,506
80179432,FA 2024,GINF,WN 2027, ,02003,Information Mas,9445MSI,User Experience Design MSI,2510,FA 2024,GINF,048488,SI,559
80179432,FA 2024,GINF,WN 2027, ,02003,Information Mas,9445MSI,User Experience Design MSI,2510,FA 2024,GINF,051553,SI,500
80179432,FA 2024,GINF,WN 2027, ,02003,Information Mas,9445MSI,User Experience Design MSI,2520,WN 2025,GINF,020401,SI,622
80179432,FA 2024,GINF,WN 2027, ,02003,Information Mas,9445MSI,User Experience Design MSI,2520,WN 2025,GINF,039178,SI,539
80179432,FA 2024,GINF,WN 2027, ,02003,Information Mas,9445MSI,User Experience Design MSI,2520,WN 2025,GINF,040667,SI,681
80179432,FA 2024,GINF,WN 2027, ,02003,Information Mas,9445MSI,User Experience Design MSI,2520,WN 2025,GINF,051454,SI,594
80179432,FA 2024,GINF,WN 2027, ,02003,Information Mas,9445MSI,User Experience Design MSI,2560,FA 2025,GINF,001459,SI,690
80179432,FA 2024,GINF,WN 2027, ,02003,Information Mas,9445MSI,User Experience Design MSI,2560,FA 2025,GINF,017281,SI,588
80179432,FA 2024,GINF,WN 2027, ,02003,Information Mas,9445MSI,User Experience Design MSI,2560,FA 2025,GINF,021400,SI,520
80179432,FA 2024,GINF,WN 2027, ,02003,Information Mas,9445MSI,User Experience Design MSI,2560,FA 2025,GINF,048129,SI,505
80179432,FA 2024,GINF,WN 2027, ,02003,Information Mas,9445MSI,User Experience Design MSI,2570,WN 2026,GINF,021391,SI,511
80179432,FA 2024,GINF,WN 2027, ,02003,Information Mas,9445MSI,User Experience Design MSI,2570,WN 2026,GINF,046306,SI,616
80179432,FA 2024,GINF,WN 2027, ,02003,Information Mas,9445MSI,User Experience Design MSI,2570,WN 2026,GINF,047901,SI,699
80179432,FA 2024,GINF,WN 2027, ,02003,Information Mas,9445MSI,User Experience Design MSI,2570,WN 2026,GINF,048129,SI,505
80179432,FA 2024,GINF,WN 2027, ,02003,Information Mas,9445MSI,User Experience Design MSI,2570,WN 2026,GINF,051836,SI,611
80218362,FA 2025,GINF,WN 2027, ,02003,Information Mas,0775MSI,Big Data Analytics MSI,2560,FA 2025,GINF,009732,SI,650
80218362,FA 2025,GINF,WN 2027, ,02003,Information Mas,0775MSI,Big Data Analytics MSI,2560,FA 2025,GINF,048129,SI,505
80218362,FA 2025,GINF,WN 2027, ,02003,Information Mas,0775MSI,Big Data Analytics MSI,2560,FA 2025,GINF,050164,SI,504
80218362,FA 2025,GINF,WN 2027, ,02003,Information Mas,0775MSI,Big Data Analytics MSI,2560,FA 2025,GINF,050510,CSE,593
80218362,FA 2025,GINF,WN 2027, ,02003,Information Mas,0775MSI,Big Data Analytics MSI,2560,FA 2025,GINF,051553,SI,500
80218362,FA 2025,GINF,WN 2027, ,02003,Information Mas,0775MSI,Big Data Analytics MSI,2560,FA 2025,GINF,052216,SI,512
80218362,FA 2025,GINF,WN 2027, ,02003,Information Mas,0775MSI,Big Data Analytics MSI,2570,WN 2026,GINF,001393,CSE,598
80218362,FA 2025,GINF,WN 2027, ,02003,Information Mas,0775MSI,Big Data Analytics MSI,2570,WN 2026,GINF,021050,SI,691
80218362,FA 2025,GINF,WN 2027, ,02003,Information Mas,0775MSI,Big Data Analytics MSI,2570,WN 2026,GINF,048268,SI,630
80218362,FA 2025,GINF,WN 2027, ,02003,Information Mas,0775MSI,Big Data Analytics MSI,2570,WN 2026,GINF,050663,SI,568
80218362,FA 2025,GINF,WN 2027, ,02003,Information Mas,0775MSI,Big Data Analytics MSI,2570,WN 2026,GINF,052031,CSE,594
80228256,FA 2024,GINF,WN 2026, ,02003,Information Mas,4865MSI,"Lib, Arch&Knwl Envs in Soc MSI",2510,FA 2024,GINF,012456,SI,549
80228256,FA 2024,GINF,WN 2026, ,02003,Information Mas,4865MSI,"Lib, Arch&Knwl Envs in Soc MSI",2510,FA 2024,GINF,047246,SI,506
80228256,FA 2024,GINF,WN 2026, ,02003,Information Mas,4865MSI,"Lib, Arch&Knwl Envs in Soc MSI",2510,FA 2024,GINF,051553,SI,500
80228256,FA 2024,GINF,WN 2026, ,02003,Information Mas,4865MSI,"Lib, Arch&Knwl Envs in Soc MSI",2520,WN 2025,GINF,009731,SI,580
80228256,FA 2024,GINF,WN 2026, ,02003,Information Mas,4865MSI,"Lib, Arch&Knwl Envs in Soc MSI",2520,WN 2025,GINF,039178,SI,539
80228256,FA 2024,GINF,WN 2026, ,02003,Information Mas,4865MSI,"Lib, Arch&Knwl Envs in Soc MSI",2520,WN 2025,GINF,040667,SI,681
80228256,FA 2024,GINF,WN 2026, ,02003,Information Mas,4865MSI,"Lib, Arch&Knwl Envs in Soc MSI",2520,WN 2025,GINF,048280,SI,667
80228256,FA 2024,GINF,WN 2026, ,02003,Information Mas,4865MSI,"Lib, Arch&Knwl Envs in Soc MSI",2520,WN 2025,GINF,050162,SI,510
80228256,FA 2024,GINF,WN 2026, ,02003,Information Mas,4865MSI,"Lib, Arch&Knwl Envs in Soc MSI",2560,FA 2025,GINF,016607,SI,544
80228256,FA 2024,GINF,WN 2026, ,02003,Information Mas,4865MSI,"Lib, Arch&Knwl Envs in Soc MSI",2560,FA 2025,GINF,021042,SI,647
80228256,FA 2024,GINF,WN 2026, ,02003,Information Mas,4865MSI,"Lib, Arch&Knwl Envs in Soc MSI",2560,FA 2025,GINF,021045,SI,666
80228256,FA 2024,GINF,WN 2026, ,02003,Information Mas,4865MSI,"Lib, Arch&Knwl Envs in Soc MSI",2560,FA 2025,GINF,049601,SI,564
80228256,FA 2024,GINF,WN 2026, ,02003,Information Mas,4865MSI,"Lib, Arch&Knwl Envs in Soc MSI",2560,FA 2025,GINF,050164,SI,504
80228256,FA 2024,GINF,WN 2026, ,02003,Information Mas,4865MSI,"Lib, Arch&Knwl Envs in Soc MSI",2570,WN 2026,GINF,020803,SI,643
80228256,FA 2024,GINF,WN 2026, ,02003,Information Mas,4865MSI,"Lib, Arch&Knwl Envs in Soc MSI",2570,WN 2026,GINF,022326,SI,581
80228256,FA 2024,GINF,WN 2026, ,02003,Information Mas,4865MSI,"Lib, Arch&Knwl Envs in Soc MSI",2570,WN 2026,GINF,042091,SI,618
80228256,FA 2024,GINF,WN 2026, ,02003,Information Mas,4865MSI,"Lib, Arch&Knwl Envs in Soc MSI",2570,WN 2026,GINF,042324,SI,639
80228256,FA 2024,GINF,WN 2026, ,02003,Information Mas,4865MSI,"Lib, Arch&Knwl Envs in Soc MSI",2570,WN 2026,GINF,047901,SI,699
80383204,FA 2025,GINF,WN 2026, ,02003,Information Mas,9445MSI,User Experience Design MSI,2560,FA 2025,GINF,001459,SI,690
80383204,FA 2025,GINF,WN 2026, ,02003,Information Mas,9445MSI,User Experience Design MSI,2560,FA 2025,GINF,021391,SI,511
80383204,FA 2025,GINF,WN 2026, ,02003,Information Mas,9445MSI,User Experience Design MSI,2560,FA 2025,GINF,041855,SI,631
80383204,FA 2025,GINF,WN 2026, ,02003,Information Mas,9445MSI,User Experience Design MSI,2560,FA 2025,GINF,042071,SI,563
80383204,FA 2025,GINF,WN 2026, ,02003,Information Mas,9445MSI,User Experience Design MSI,2560,FA 2025,GINF,043210,SI,534
80383204,FA 2025,GINF,WN 2026, ,02003,Information Mas,9445MSI,User Experience Design MSI,2560,FA 2025,GINF,045771,SI,684
80383204,FA 2025,GINF,WN 2026, ,02003,Information Mas,9445MSI,User Experience Design MSI,2560,FA 2025,GINF,048488,SI,559
80383204,FA 2025,GINF,WN 2026, ,02003,Information Mas,9445MSI,User Experience Design MSI,2570,WN 2026,GINF,017508,TO,512
80383204,FA 2025,GINF,WN 2026, ,02003,Information Mas,9445MSI,User Experience Design MSI,2570,WN 2026,GINF,017533,MO,512
80383204,FA 2025,GINF,WN 2026, ,02003,Information Mas,9445MSI,User Experience Design MSI,2570,WN 2026,GINF,047901,SI,699
80383204,FA 2025,GINF,WN 2026, ,02003,Information Mas,9445MSI,User Experience Design MSI,2570,WN 2026,GINF,051454,SI,594
80383204,FA 2025,GINF,WN 2026, ,02003,Information Mas,9445MSI,User Experience Design MSI,2570,WN 2026,GINF,051836,SI,611
81031332,FA 2024,GINF,WN 2026, ,02003,Information Mas,0775MSI,Big Data Analytics MSI,2510,FA 2024,GINF,006306,STATS,500
81031332,FA 2024,GINF,WN 2026, ,02003,Information Mas,0775MSI,Big Data Analytics MSI,2510,FA 2024,GINF,042091,SI,618
81031332,FA 2024,GINF,WN 2026, ,02003,Information Mas,0775MSI,Big Data Analytics MSI,2510,FA 2024,GINF,047640,SI,507
81031332,FA 2024,GINF,WN 2026, ,02003,Information Mas,0775MSI,Big Data Analytics MSI,2510,FA 2024,GINF,048129,SI,505
81031332,FA 2024,GINF,WN 2026, ,02003,Information Mas,0775MSI,Big Data Analytics MSI,2510,FA 2024,GINF,049601,SI,564
81031332,FA 2024,GINF,WN 2026, ,02003,Information Mas,0775MSI,Big Data Analytics MSI,2510,FA 2024,GINF,050164,SI,504
81031332,FA 2024,GINF,WN 2026, ,02003,Information Mas,0775MSI,Big Data Analytics MSI,2510,FA 2024,GINF,051553,SI,500
81031332,FA 2024,GINF,WN 2026, ,02003,Information Mas,0775MSI,Big Data Analytics MSI,2520,WN 2025,GINF,009086,STATS,570
81031332,FA 2024,GINF,WN 2026, ,02003,Information Mas,0775MSI,Big Data Analytics MSI,2520,WN 2025,GINF,016321,STATS,503
81031332,FA 2024,GINF,WN 2026, ,02003,Information Mas,0775MSI,Big Data Analytics MSI,2520,WN 2025,GINF,039178,SI,539
81031332,FA 2024,GINF,WN 2026, ,02003,Information Mas,0775MSI,Big Data Analytics MSI,2520,WN 2025,GINF,041626,SI,664
81031332,FA 2024,GINF,WN 2026, ,02003,Information Mas,0775MSI,Big Data Analytics MSI,2520,WN 2025,GINF,050663,SI,568
81031332,FA 2024,GINF,WN 2026, ,02003,Information Mas,0775MSI,Big Data Analytics MSI,2520,WN 2025,GINF,050983,SI,602
81031332,FA 2024,GINF,WN 2026, ,02003,Information Mas,0775MSI,Big Data Analytics MSI,2560,FA 2025,GINF,020934,SI,649
81031332,FA 2024,GINF,WN 2026, ,02003,Information Mas,0775MSI,Big Data Analytics MSI,2560,FA 2025,GINF,021391,SI,511
81031332,FA 2024,GINF,WN 2026, ,02003,Information Mas,0775MSI,Big Data Analytics MSI,2560,FA 2025,GINF,041934,SI,608
81031332,FA 2024,GINF,WN 2026, ,02003,Information Mas,0775MSI,Big Data Analytics MSI,2560,FA 2025,GINF,048500,SI,670
81031332,FA 2024,GINF,WN 2026, ,02003,Information Mas,0775MSI,Big Data Analytics MSI,2560,FA 2025,GINF,051462,SI,644
81031332,FA 2024,GINF,WN 2026, ,02003,Information Mas,0775MSI,Big Data Analytics MSI,2570,WN 2026,GINF,047901,SI,699
81772230,FA 2025,GINF,WN 2027, ,02003,Information Mas,0775MSI,Big Data Analytics MSI,2560,FA 2025,GINF,016607,SI,544
81772230,FA 2025,GINF,WN 2027, ,02003,Information Mas,0775MSI,Big Data Analytics MSI,2560,FA 2025,GINF,041855,SI,631
81772230,FA 2025,GINF,WN 2027, ,02003,Information Mas,0775MSI,Big Data Analytics MSI,2560,FA 2025,GINF,047246,SI,506
81772230,FA 2025,GINF,WN 2027, ,02003,Information Mas,0775MSI,Big Data Analytics MSI,2560,FA 2025,GINF,050164,SI,504
81772230,FA 2025,GINF,WN 2027, ,02003,Information Mas,0775MSI,Big Data Analytics MSI,2560,FA 2025,GINF,051553,SI,500
81772230,FA 2025,GINF,WN 2027, ,02003,Information Mas,0775MSI,Big Data Analytics MSI,2570,WN 2026,GINF,021391,SI,511
81772230,FA 2025,GINF,WN 2027, ,02003,Information Mas,0775MSI,Big Data Analytics MSI,2570,WN 2026,GINF,042091,SI,618
81772230,FA 2025,GINF,WN 2027, ,02003,Information Mas,0775MSI,Big Data Analytics MSI,2570,WN 2026,GINF,047640,SI,507
81772230,FA 2025,GINF,WN 2027, ,02003,Information Mas,0775MSI,Big Data Analytics MSI,2570,WN 2026,GINF,049601,SI,564
81772230,FA 2025,GINF,WN 2027, ,02003,Information Mas,0775MSI,Big Data Analytics MSI,2570,WN 2026,GINF,050663,SI,568
81772230,FA 2025,GINF,WN 2027, ,02003,Information Mas,0775MSI,Big Data Analytics MSI,2570,WN 2026,GINF,050983,SI,602
81848304,FA 2024,GINF,WN 2026, ,02003,Information Mas,0775MSI,Big Data Analytics MSI,2510,FA 2024,GINF,016607,SI,544
81848304,FA 2024,GINF,WN 2026, ,02003,Information Mas,0775MSI,Big Data Analytics MSI,2510,FA 2024,GINF,047246,SI,506
81848304,FA 2024,GINF,WN 2026, ,02003,Information Mas,0775MSI,Big Data Analytics MSI,2510,FA 2024,GINF,049601,SI,564
81848304,FA 2024,GINF,WN 2026, ,02003,Information Mas,0775MSI,Big Data Analytics MSI,2510,FA 2024,GINF,050164,SI,504
81848304,FA 2024,GINF,WN 2026, ,02003,Information Mas,0775MSI,Big Data Analytics MSI,2510,FA 2024,GINF,051553,SI,500
81848304,FA 2024,GINF,WN 2026, ,02003,Information Mas,0775MSI,Big Data Analytics MSI,2520,WN 2025,GINF,014748,EECS,545
81848304,FA 2024,GINF,WN 2026, ,02003,Information Mas,0775MSI,Big Data Analytics MSI,2520,WN 2025,GINF,040667,SI,681
81848304,FA 2024,GINF,WN 2026, ,02003,Information Mas,0775MSI,Big Data Analytics MSI,2520,WN 2025,GINF,042091,SI,618
81848304,FA 2024,GINF,WN 2026, ,02003,Information Mas,0775MSI,Big Data Analytics MSI,2520,WN 2025,GINF,047640,SI,507
81848304,FA 2024,GINF,WN 2026, ,02003,Information Mas,0775MSI,Big Data Analytics MSI,2520,WN 2025,GINF,050663,SI,568
81848304,FA 2024,GINF,WN 2026, ,02003,Information Mas,0775MSI,Big Data Analytics MSI,2520,WN 2025,GINF,050680,CJS,501
81848304,FA 2024,GINF,WN 2026, ,02003,Information Mas,0775MSI,Big Data Analytics MSI,2520,WN 2025,GINF,050983,SI,602
81848304,FA 2024,GINF,WN 2026, ,02003,Information Mas,0775MSI,Big Data Analytics MSI,2560,FA 2025,GINF,019903,TO,548
81848304,FA 2024,GINF,WN 2026, ,02003,Information Mas,0775MSI,Big Data Analytics MSI,2560,FA 2025,GINF,020934,SI,649
81848304,FA 2024,GINF,WN 2026, ,02003,Information Mas,0775MSI,Big Data Analytics MSI,2560,FA 2025,GINF,041934,SI,608
81848304,FA 2024,GINF,WN 2026, ,02003,Information Mas,0775MSI,Big Data Analytics MSI,2560,FA 2025,GINF,045930,SI,671
81848304,FA 2024,GINF,WN 2026, ,02003,Information Mas,0775MSI,Big Data Analytics MSI,2560,FA 2025,GINF,047645,ARTDES,516
81848304,FA 2024,GINF,WN 2026, ,02003,Information Mas,0775MSI,Big Data Analytics MSI,2570,WN 2026,GINF,012085,MKT,613
81848304,FA 2024,GINF,WN 2026, ,02003,Information Mas,0775MSI,Big Data Analytics MSI,2570,WN 2026,GINF,047901,SI,699
81848304,FA 2024,GINF,WN 2026, ,02003,Information Mas,0775MSI,Big Data Analytics MSI,2570,WN 2026,GINF,048421,ENTR,560
81848304,FA 2024,GINF,WN 2026, ,02003,Information Mas,0775MSI,Big Data Analytics MSI,2570,WN 2026,GINF,052257,ENTR,525
81869774,FA 2024,GINF,WN 2026, ,02003,Information Mas,4865MSI,"Lib, Arch&Knwl Envs in Soc MSI",2510,FA 2024,GINF,009731,SI,580
81869774,FA 2024,GINF,WN 2026, ,02003,Information Mas,4865MSI,"Lib, Arch&Knwl Envs in Soc MSI",2510,FA 2024,GINF,021045,SI,666
81869774,FA 2024,GINF,WN 2026, ,02003,Information Mas,4865MSI,"Lib, Arch&Knwl Envs in Soc MSI",2510,FA 2024,GINF,047246,SI,506
81869774,FA 2024,GINF,WN 2026, ,02003,Information Mas,4865MSI,"Lib, Arch&Knwl Envs in Soc MSI",2510,FA 2024,GINF,051553,SI,500
81869774,FA 2024,GINF,WN 2026, ,02003,Information Mas,4865MSI,"Lib, Arch&Knwl Envs in Soc MSI",2520,WN 2025,GINF,001518,ANTHRARC,497
81869774,FA 2024,GINF,WN 2026, ,02003,Information Mas,4865MSI,"Lib, Arch&Knwl Envs in Soc MSI",2520,WN 2025,GINF,020803,SI,643
81869774,FA 2024,GINF,WN 2026, ,02003,Information Mas,4865MSI,"Lib, Arch&Knwl Envs in Soc MSI",2520,WN 2025,GINF,040667,SI,681
81869774,FA 2024,GINF,WN 2026, ,02003,Information Mas,4865MSI,"Lib, Arch&Knwl Envs in Soc MSI",2520,WN 2025,GINF,050162,SI,510
81869774,FA 2024,GINF,WN 2026, ,02003,Information Mas,4865MSI,"Lib, Arch&Knwl Envs in Soc MSI",2520,WN 2025,GINF,051074,SI,626
81869774,FA 2024,GINF,WN 2026, ,02003,Information Mas,4865MSI,"Lib, Arch&Knwl Envs in Soc MSI",2560,FA 2025,GINF,021042,SI,647
81869774,FA 2024,GINF,WN 2026, ,02003,Information Mas,4865MSI,"Lib, Arch&Knwl Envs in Soc MSI",2560,FA 2025,GINF,038659,SI,519
81869774,FA 2024,GINF,WN 2026, ,02003,Information Mas,4865MSI,"Lib, Arch&Knwl Envs in Soc MSI",2560,FA 2025,GINF,038948,SI,632
81869774,FA 2024,GINF,WN 2026, ,02003,Information Mas,4865MSI,"Lib, Arch&Knwl Envs in Soc MSI",2560,FA 2025,GINF,048831,SI,547
81869774,FA 2024,GINF,WN 2026, ,02003,Information Mas,4865MSI,"Lib, Arch&Knwl Envs in Soc MSI",2570,WN 2026,GINF,001459,SI,690
81869774,FA 2024,GINF,WN 2026, ,02003,Information Mas,4865MSI,"Lib, Arch&Knwl Envs in Soc MSI",2570,WN 2026,GINF,039534,ARTDES,170
81869774,FA 2024,GINF,WN 2026, ,02003,Information Mas,4865MSI,"Lib, Arch&Knwl Envs in Soc MSI",2570,WN 2026,GINF,042579,ARTDES,176
81869774,FA 2024,GINF,WN 2026, ,02003,Information Mas,4865MSI,"Lib, Arch&Knwl Envs in Soc MSI",2570,WN 2026,GINF,047798,ARTSADMN,423
81869774,FA 2024,GINF,WN 2026, ,02003,Information Mas,4865MSI,"Lib, Arch&Knwl Envs in Soc MSI",2570,WN 2026,GINF,047901,SI,699
81869774,FA 2024,GINF,WN 2026, ,02003,Information Mas,4865MSI,"Lib, Arch&Knwl Envs in Soc MSI",2570,WN 2026,GINF,048129,SI,505
81977966,FA 2025,GINF,WN 2027, ,02003,Information Mas,9445MSI,User Experience Design MSI,2560,FA 2025,GINF,017281,SI,588
81977966,FA 2025,GINF,WN 2027, ,02003,Information Mas,9445MSI,User Experience Design MSI,2560,FA 2025,GINF,021400,SI,520
81977966,FA 2025,GINF,WN 2027, ,02003,Information Mas,9445MSI,User Experience Design MSI,2560,FA 2025,GINF,047246,SI,506
81977966,FA 2025,GINF,WN 2027, ,02003,Information Mas,9445MSI,User Experience Design MSI,2560,FA 2025,GINF,048129,SI,505
81977966,FA 2025,GINF,WN 2027, ,02003,Information Mas,9445MSI,User Experience Design MSI,2560,FA 2025,GINF,051553,SI,500
81977966,FA 2025,GINF,WN 2027, ,02003,Information Mas,9445MSI,User Experience Design MSI,2570,WN 2026,GINF,020401,SI,622
81977966,FA 2025,GINF,WN 2027, ,02003,Information Mas,9445MSI,User Experience Design MSI,2570,WN 2026,GINF,021391,SI,511
81977966,FA 2025,GINF,WN 2027, ,02003,Information Mas,9445MSI,User Experience Design MSI,2570,WN 2026,GINF,039178,SI,539
81977966,FA 2025,GINF,WN 2027, ,02003,Information Mas,9445MSI,User Experience Design MSI,2570,WN 2026,GINF,044772,SI,582
81977966,FA 2025,GINF,WN 2027, ,02003,Information Mas,9445MSI,User Experience Design MSI,2570,WN 2026,GINF,051836,SI,611
82070248,FA 2024,GINF,WN 2027, ,02003,Information Mas,0775MSI,Big Data Analytics MSI,2510,FA 2024,GINF,041626,SI,664
82070248,FA 2024,GINF,WN 2027, ,02003,Information Mas,0775MSI,Big Data Analytics MSI,2510,FA 2024,GINF,042091,SI,618
82070248,FA 2024,GINF,WN 2027, ,02003,Information Mas,0775MSI,Big Data Analytics MSI,2510,FA 2024,GINF,047640,SI,507
82070248,FA 2024,GINF,WN 2027, ,02003,Information Mas,0775MSI,Big Data Analytics MSI,2510,FA 2024,GINF,048488,SI,559
82070248,FA 2024,GINF,WN 2027, ,02003,Information Mas,0775MSI,Big Data Analytics MSI,2510,FA 2024,GINF,049601,SI,564
82070248,FA 2024,GINF,WN 2027, ,02003,Information Mas,0775MSI,Big Data Analytics MSI,2510,FA 2024,GINF,051553,SI,500
82070248,FA 2024,GINF,WN 2027, ,02003,Information Mas,0775MSI,Big Data Analytics MSI,2520,WN 2025,GINF,022099,SI,658
82070248,FA 2024,GINF,WN 2027, ,02003,Information Mas,0775MSI,Big Data Analytics MSI,2520,WN 2025,GINF,040667,SI,681
82070248,FA 2024,GINF,WN 2027, ,02003,Information Mas,0775MSI,Big Data Analytics MSI,2520,WN 2025,GINF,043602,EECS,568
82070248,FA 2024,GINF,WN 2027, ,02003,Information Mas,0775MSI,Big Data Analytics MSI,2520,WN 2025,GINF,048268,SI,630
82070248,FA 2024,GINF,WN 2027, ,02003,Information Mas,0775MSI,Big Data Analytics MSI,2520,WN 2025,GINF,050663,SI,568
82070248,FA 2024,GINF,WN 2027, ,02003,Information Mas,0775MSI,Big Data Analytics MSI,2520,WN 2025,GINF,051462,SI,644
82070248,FA 2024,GINF,WN 2027, ,02003,Information Mas,0775MSI,Big Data Analytics MSI,2560,FA 2025,GINF,009732,SI,650
82070248,FA 2024,GINF,WN 2027, ,02003,Information Mas,0775MSI,Big Data Analytics MSI,2560,FA 2025,GINF,016141,CSE,587
82070248,FA 2024,GINF,WN 2027, ,02003,Information Mas,0775MSI,Big Data Analytics MSI,2560,FA 2025,GINF,045930,SI,671
82070248,FA 2024,GINF,WN 2027, ,02003,Information Mas,0775MSI,Big Data Analytics MSI,2570,WN 2026,GINF,047901,SI,699
82114171,FA 2024,GINF,WN 2026, ,02003,Information Mas,0775MSI,Big Data Analytics MSI,2510,FA 2024,GINF,009732,SI,650
82114171,FA 2024,GINF,WN 2026, ,02003,Information Mas,0775MSI,Big Data Analytics MSI,2510,FA 2024,GINF,041626,SI,664
82114171,FA 2024,GINF,WN 2026, ,02003,Information Mas,0775MSI,Big Data Analytics MSI,2510,FA 2024,GINF,042091,SI,618
82114171,FA 2024,GINF,WN 2026, ,02003,Information Mas,0775MSI,Big Data Analytics MSI,2510,FA 2024,GINF,049601,SI,564
82114171,FA 2024,GINF,WN 2026, ,02003,Information Mas,0775MSI,Big Data Analytics MSI,2510,FA 2024,GINF,051553,SI,500
82114171,FA 2024,GINF,WN 2026, ,02003,Information Mas,0775MSI,Big Data Analytics MSI,2520,WN 2025,GINF,020803,SI,643
82114171,FA 2024,GINF,WN 2026, ,02003,Information Mas,0775MSI,Big Data Analytics MSI,2520,WN 2025,GINF,040667,SI,681
82114171,FA 2024,GINF,WN 2026, ,02003,Information Mas,0775MSI,Big Data Analytics MSI,2520,WN 2025,GINF,042324,SI,639
82114171,FA 2024,GINF,WN 2026, ,02003,Information Mas,0775MSI,Big Data Analytics MSI,2520,WN 2025,GINF,047640,SI,507
82114171,FA 2024,GINF,WN 2026, ,02003,Information Mas,0775MSI,Big Data Analytics MSI,2520,WN 2025,GINF,050663,SI,568
82114171,FA 2024,GINF,WN 2026, ,02003,Information Mas,0775MSI,Big Data Analytics MSI,2520,WN 2025,GINF,050983,SI,602
82114171,FA 2024,GINF,WN 2026, ,02003,Information Mas,0775MSI,Big Data Analytics MSI,2520,WN 2025,GINF,051462,SI,644
82114171,FA 2024,GINF,WN 2026, ,02003,Information Mas,0775MSI,Big Data Analytics MSI,2560,FA 2025,GINF,041934,SI,608
82114171,FA 2024,GINF,WN 2026, ,02003,Information Mas,0775MSI,Big Data Analytics MSI,2560,FA 2025,GINF,042071,SI,563
82114171,FA 2024,GINF,WN 2026, ,02003,Information Mas,0775MSI,Big Data Analytics MSI,2560,FA 2025,GINF,045930,SI,671
82114171,FA 2024,GINF,WN 2026, ,02003,Information Mas,0775MSI,Big Data Analytics MSI,2560,FA 2025,GINF,047246,SI,506
82114171,FA 2024,GINF,WN 2026, ,02003,Information Mas,0775MSI,Big Data Analytics MSI,2570,WN 2026,GINF,047901,SI,699
82155919,FA 2025,GINF,WN 2027, ,02003,Information Mas,0775MSI,Big Data Analytics MSI,2560,FA 2025,GINF,016607,SI,544
82155919,FA 2025,GINF,WN 2027, ,02003,Information Mas,0775MSI,Big Data Analytics MSI,2560,FA 2025,GINF,047246,SI,506
82155919,FA 2025,GINF,WN 2027, ,02003,Information Mas,0775MSI,Big Data Analytics MSI,2560,FA 2025,GINF,048870,STATS,507
82155919,FA 2025,GINF,WN 2027, ,02003,Information Mas,0775MSI,Big Data Analytics MSI,2560,FA 2025,GINF,050164,SI,504
82155919,FA 2025,GINF,WN 2027, ,02003,Information Mas,0775MSI,Big Data Analytics MSI,2560,FA 2025,GINF,051553,SI,500
82155919,FA 2025,GINF,WN 2027, ,02003,Information Mas,0775MSI,Big Data Analytics MSI,2570,WN 2026,GINF,042091,SI,618
82155919,FA 2025,GINF,WN 2027, ,02003,Information Mas,0775MSI,Big Data Analytics MSI,2570,WN 2026,GINF,043396,EECS,402
82155919,FA 2025,GINF,WN 2027, ,02003,Information Mas,0775MSI,Big Data Analytics MSI,2570,WN 2026,GINF,047640,SI,507
82155919,FA 2025,GINF,WN 2027, ,02003,Information Mas,0775MSI,Big Data Analytics MSI,2570,WN 2026,GINF,050663,SI,568
82155919,FA 2025,GINF,WN 2027, ,02003,Information Mas,0775MSI,Big Data Analytics MSI,2570,WN 2026,GINF,050983,SI,602
82290466,FA 2024,GINF,WN 2026, ,02003,Information Mas,0775MSI,Big Data Analytics MSI,2510,FA 2024,GINF,016607,SI,544
82290466,FA 2024,GINF,WN 2026, ,02003,Information Mas,0775MSI,Big Data Analytics MSI,2510,FA 2024,GINF,039178,SI,539
82290466,FA 2024,GINF,WN 2026, ,02003,Information Mas,0775MSI,Big Data Analytics MSI,2510,FA 2024,GINF,044772,SI,582
82290466,FA 2024,GINF,WN 2026, ,02003,Information Mas,0775MSI,Big Data Analytics MSI,2510,FA 2024,GINF,047640,SI,507
82290466,FA 2024,GINF,WN 2026, ,02003,Information Mas,0775MSI,Big Data Analytics MSI,2510,FA 2024,GINF,049601,SI,564
82290466,FA 2024,GINF,WN 2026, ,02003,Information Mas,0775MSI,Big Data Analytics MSI,2510,FA 2024,GINF,050164,SI,504
82290466,FA 2024,GINF,WN 2026, ,02003,Information Mas,0775MSI,Big Data Analytics MSI,2510,FA 2024,GINF,051553,SI,500
82290466,FA 2024,GINF,WN 2026, ,02003,Information Mas,0775MSI,Big Data Analytics MSI,2520,WN 2025,GINF,020934,SI,649
82290466,FA 2024,GINF,WN 2026, ,02003,Information Mas,0775MSI,Big Data Analytics MSI,2520,WN 2025,GINF,040667,SI,681
82290466,FA 2024,GINF,WN 2026, ,02003,Information Mas,0775MSI,Big Data Analytics MSI,2520,WN 2025,GINF,042091,SI,618
82290466,FA 2024,GINF,WN 2026, ,02003,Information Mas,0775MSI,Big Data Analytics MSI,2520,WN 2025,GINF,048486,SI,659
82290466,FA 2024,GINF,WN 2026, ,02003,Information Mas,0775MSI,Big Data Analytics MSI,2520,WN 2025,GINF,050663,SI,568
82290466,FA 2024,GINF,WN 2026, ,02003,Information Mas,0775MSI,Big Data Analytics MSI,2520,WN 2025,GINF,050983,SI,602
82290466,FA 2024,GINF,WN 2026, ,02003,Information Mas,0775MSI,Big Data Analytics MSI,2520,WN 2025,GINF,051462,SI,644
82290466,FA 2024,GINF,WN 2026, ,02003,Information Mas,0775MSI,Big Data Analytics MSI,2560,FA 2025,GINF,002566,PIANO,111
82290466,FA 2024,GINF,WN 2026, ,02003,Information Mas,0775MSI,Big Data Analytics MSI,2560,FA 2025,GINF,042071,SI,563
82290466,FA 2024,GINF,WN 2026, ,02003,Information Mas,0775MSI,Big Data Analytics MSI,2560,FA 2025,GINF,043515,DANCE,100
82290466,FA 2024,GINF,WN 2026, ,02003,Information Mas,0775MSI,Big Data Analytics MSI,2560,FA 2025,GINF,045930,SI,671
82290466,FA 2024,GINF,WN 2026, ,02003,Information Mas,0775MSI,Big Data Analytics MSI,2560,FA 2025,GINF,048500,SI,670
82290466,FA 2024,GINF,WN 2026, ,02003,Information Mas,0775MSI,Big Data Analytics MSI,2560,FA 2025,GINF,050159,SI,579
82290466,FA 2024,GINF,WN 2026, ,02003,Information Mas,0775MSI,Big Data Analytics MSI,2570,WN 2026,GINF,047901,SI,699
82334218,FA 2024,GINF,WN 2026, ,02003,Information Mas,5005MSI,Master's ThesisOption Prog MSI,2510,FA 2024,GINF,017281,SI,588
82334218,FA 2024,GINF,WN 2026, ,02003,Information Mas,5005MSI,Master's ThesisOption Prog MSI,2510,FA 2024,GINF,044772,SI,582
82334218,FA 2024,GINF,WN 2026, ,02003,Information Mas,5005MSI,Master's ThesisOption Prog MSI,2510,FA 2024,GINF,045393,SI,552
82334218,FA 2024,GINF,WN 2026, ,02003,Information Mas,5005MSI,Master's ThesisOption Prog MSI,2510,FA 2024,GINF,048129,SI,505
82334218,FA 2024,GINF,WN 2026, ,02003,Information Mas,5005MSI,Master's ThesisOption Prog MSI,2510,FA 2024,GINF,051553,SI,500
82334218,FA 2024,GINF,WN 2026, ,02003,Information Mas,5005MSI,Master's ThesisOption Prog MSI,2520,WN 2025,GINF,020401,SI,622
82334218,FA 2024,GINF,WN 2026, ,02003,Information Mas,5005MSI,Master's ThesisOption Prog MSI,2520,WN 2025,GINF,021050,SI,691
82334218,FA 2024,GINF,WN 2026, ,02003,Information Mas,5005MSI,Master's ThesisOption Prog MSI,2520,WN 2025,GINF,039979,SI,623
82334218,FA 2024,GINF,WN 2026, ,02003,Information Mas,5005MSI,Master's ThesisOption Prog MSI,2520,WN 2025,GINF,040667,SI,681
82334218,FA 2024,GINF,WN 2026, ,02003,Information Mas,5005MSI,Master's ThesisOption Prog MSI,2520,WN 2025,GINF,047246,SI,506
82334218,FA 2024,GINF,WN 2026, ,02003,Information Mas,5005MSI,Master's ThesisOption Prog MSI,2520,WN 2025,GINF,050164,SI,504
82334218,FA 2024,GINF,WN 2026, ,02003,Information Mas,5005MSI,Master's ThesisOption Prog MSI,2520,WN 2025,GINF,051836,SI,611
82334218,FA 2024,GINF,WN 2026, ,02003,Information Mas,5005MSI,Master's ThesisOption Prog MSI,2560,FA 2025,GINF,016607,SI,544
82334218,FA 2024,GINF,WN 2026, ,02003,Information Mas,5005MSI,Master's ThesisOption Prog MSI,2560,FA 2025,GINF,021391,SI,511
82334218,FA 2024,GINF,WN 2026, ,02003,Information Mas,5005MSI,Master's ThesisOption Prog MSI,2560,FA 2025,GINF,049365,SI,697
82334218,FA 2024,GINF,WN 2026, ,02003,Information Mas,5005MSI,Master's ThesisOption Prog MSI,2560,FA 2025,GINF,052100,SI,597
82334218,FA 2024,GINF,WN 2026, ,02003,Information Mas,5005MSI,Master's ThesisOption Prog MSI,2570,WN 2026,GINF,021391,SI,511
82334218,FA 2024,GINF,WN 2026, ,02003,Information Mas,5005MSI,Master's ThesisOption Prog MSI,2570,WN 2026,GINF,049040,SI,698
82334218,FA 2024,GINF,WN 2026, ,02003,Information Mas,5005MSI,Master's ThesisOption Prog MSI,2570,WN 2026,GINF,049082,SI,682
82518726,FA 2024,GINF,FA 2025,FA 2025,02003,Information Mas,9445MSI,User Experience Design MSI,2510,FA 2024,GINF,017281,SI,588
82518726,FA 2024,GINF,FA 2025,FA 2025,02003,Information Mas,9445MSI,User Experience Design MSI,2510,FA 2024,GINF,021400,SI,520
82518726,FA 2024,GINF,FA 2025,FA 2025,02003,Information Mas,9445MSI,User Experience Design MSI,2510,FA 2024,GINF,044600,MO,620
82518726,FA 2024,GINF,FA 2025,FA 2025,02003,Information Mas,9445MSI,User Experience Design MSI,2510,FA 2024,GINF,047246,SI,506
82518726,FA 2024,GINF,FA 2025,FA 2025,02003,Information Mas,9445MSI,User Experience Design MSI,2510,FA 2024,GINF,048129,SI,505
82518726,FA 2024,GINF,FA 2025,FA 2025,02003,Information Mas,9445MSI,User Experience Design MSI,2510,FA 2024,GINF,051553,SI,500
82518726,FA 2024,GINF,FA 2025,FA 2025,02003,Information Mas,9445MSI,User Experience Design MSI,2520,WN 2025,GINF,020401,SI,622
82518726,FA 2024,GINF,FA 2025,FA 2025,02003,Information Mas,9445MSI,User Experience Design MSI,2520,WN 2025,GINF,021391,SI,511
82518726,FA 2024,GINF,FA 2025,FA 2025,02003,Information Mas,9445MSI,User Experience Design MSI,2520,WN 2025,GINF,039178,SI,539
82518726,FA 2024,GINF,FA 2025,FA 2025,02003,Information Mas,9445MSI,User Experience Design MSI,2520,WN 2025,GINF,040667,SI,681
82518726,FA 2024,GINF,FA 2025,FA 2025,02003,Information Mas,9445MSI,User Experience Design MSI,2520,WN 2025,GINF,045393,SI,552
82518726,FA 2024,GINF,FA 2025,FA 2025,02003,Information Mas,9445MSI,User Experience Design MSI,2560,FA 2025,GINF,020997,BCOM,561
82518726,FA 2024,GINF,FA 2025,FA 2025,02003,Information Mas,9445MSI,User Experience Design MSI,2560,FA 2025,GINF,045771,SI,684
82518726,FA 2024,GINF,FA 2025,FA 2025,02003,Information Mas,9445MSI,User Experience Design MSI,2560,FA 2025,GINF,047228,ENTR,500
82518726,FA 2024,GINF,FA 2025,FA 2025,02003,Information Mas,9445MSI,User Experience Design MSI,2560,FA 2025,GINF,047901,SI,699
82518726,FA 2024,GINF,FA 2025,FA 2025,02003,Information Mas,9445MSI,User Experience Design MSI,2560,FA 2025,GINF,048421,ENTR,560
82542790,FA 2025,GINF,WN 2027, ,02003,Information Mas,0775MSI,Big Data Analytics MSI,2560,FA 2025,GINF,016607,SI,544
82542790,FA 2025,GINF,WN 2027, ,02003,Information Mas,0775MSI,Big Data Analytics MSI,2560,FA 2025,GINF,047246,SI,506
82542790,FA 2025,GINF,WN 2027, ,02003,Information Mas,0775MSI,Big Data Analytics MSI,2560,FA 2025,GINF,050164,SI,504
82542790,FA 2025,GINF,WN 2027, ,02003,Information Mas,0775MSI,Big Data Analytics MSI,2560,FA 2025,GINF,051553,SI,500
82542790,FA 2025,GINF,WN 2027, ,02003,Information Mas,0775MSI,Big Data Analytics MSI,2570,WN 2026,GINF,041626,SI,664
82542790,FA 2025,GINF,WN 2027, ,02003,Information Mas,0775MSI,Big Data Analytics MSI,2570,WN 2026,GINF,042091,SI,618
82542790,FA 2025,GINF,WN 2027, ,02003,Information Mas,0775MSI,Big Data Analytics MSI,2570,WN 2026,GINF,047640,SI,507
82542790,FA 2025,GINF,WN 2027, ,02003,Information Mas,0775MSI,Big Data Analytics MSI,2570,WN 2026,GINF,050663,SI,568
82542790,FA 2025,GINF,WN 2027, ,02003,Information Mas,0775MSI,Big Data Analytics MSI,2570,WN 2026,GINF,050983,SI,602
82632664,FA 2025,GINF,WN 2027, ,02003,Information Mas,9445MSI,User Experience Design MSI,2560,FA 2025,GINF,017281,SI,588
82632664,FA 2025,GINF,WN 2027, ,02003,Information Mas,9445MSI,User Experience Design MSI,2560,FA 2025,GINF,044772,SI,582
82632664,FA 2025,GINF,WN 2027, ,02003,Information Mas,9445MSI,User Experience Design MSI,2560,FA 2025,GINF,047246,SI,506
82632664,FA 2025,GINF,WN 2027, ,02003,Information Mas,9445MSI,User Experience Design MSI,2560,FA 2025,GINF,048129,SI,505
82632664,FA 2025,GINF,WN 2027, ,02003,Information Mas,9445MSI,User Experience Design MSI,2560,FA 2025,GINF,051553,SI,500
82632664,FA 2025,GINF,WN 2027, ,02003,Information Mas,9445MSI,User Experience Design MSI,2570,WN 2026,GINF,020401,SI,622
82632664,FA 2025,GINF,WN 2027, ,02003,Information Mas,9445MSI,User Experience Design MSI,2570,WN 2026,GINF,021391,SI,511
82632664,FA 2025,GINF,WN 2027, ,02003,Information Mas,9445MSI,User Experience Design MSI,2570,WN 2026,GINF,039178,SI,539
82632664,FA 2025,GINF,WN 2027, ,02003,Information Mas,9445MSI,User Experience Design MSI,2570,WN 2026,GINF,043863,SI,612
82632664,FA 2025,GINF,WN 2027, ,02003,Information Mas,9445MSI,User Experience Design MSI,2570,WN 2026,GINF,051836,SI,611
82660711,FA 2024,GINF,WN 2026, ,02003,Information Mas,9445MSI,User Experience Design MSI,2510,FA 2024,GINF,017281,SI,588
82660711,FA 2024,GINF,WN 2026, ,02003,Information Mas,9445MSI,User Experience Design MSI,2510,FA 2024,GINF,021400,SI,520
82660711,FA 2024,GINF,WN 2026, ,02003,Information Mas,9445MSI,User Experience Design MSI,2510,FA 2024,GINF,047246,SI,506
82660711,FA 2024,GINF,WN 2026, ,02003,Information Mas,9445MSI,User Experience Design MSI,2510,FA 2024,GINF,048129,SI,505
82660711,FA 2024,GINF,WN 2026, ,02003,Information Mas,9445MSI,User Experience Design MSI,2510,FA 2024,GINF,051553,SI,500
82660711,FA 2024,GINF,WN 2026, ,02003,Information Mas,9445MSI,User Experience Design MSI,2520,WN 2025,GINF,020401,SI,622
82660711,FA 2024,GINF,WN 2026, ,02003,Information Mas,9445MSI,User Experience Design MSI,2520,WN 2025,GINF,021391,SI,511
82660711,FA 2024,GINF,WN 2026, ,02003,Information Mas,9445MSI,User Experience Design MSI,2520,WN 2025,GINF,022099,SI,658
82660711,FA 2024,GINF,WN 2026, ,02003,Information Mas,9445MSI,User Experience Design MSI,2520,WN 2025,GINF,039178,SI,539
82660711,FA 2024,GINF,WN 2026, ,02003,Information Mas,9445MSI,User Experience Design MSI,2520,WN 2025,GINF,040667,SI,681
82660711,FA 2024,GINF,WN 2026, ,02003,Information Mas,9445MSI,User Experience Design MSI,2560,FA 2025,GINF,001459,SI,690
82660711,FA 2024,GINF,WN 2026, ,02003,Information Mas,9445MSI,User Experience Design MSI,2560,FA 2025,GINF,045393,SI,552
82660711,FA 2024,GINF,WN 2026, ,02003,Information Mas,9445MSI,User Experience Design MSI,2560,FA 2025,GINF,047304,ENTR,550
82660711,FA 2024,GINF,WN 2026, ,02003,Information Mas,9445MSI,User Experience Design MSI,2560,FA 2025,GINF,048421,ENTR,560
82660711,FA 2024,GINF,WN 2026, ,02003,Information Mas,9445MSI,User Experience Design MSI,2560,FA 2025,GINF,048488,SI,559
82660711,FA 2024,GINF,WN 2026, ,02003,Information Mas,9445MSI,User Experience Design MSI,2570,WN 2026,GINF,001459,SI,690
82660711,FA 2024,GINF,WN 2026, ,02003,Information Mas,9445MSI,User Experience Design MSI,2570,WN 2026,GINF,047901,SI,699
83002952,FA 2024,GINF,WN 2026, ,02003,Information Mas,9455MSI,User-Centered Agile Dev MSI,2510,FA 2024,GINF,017281,SI,588
83002952,FA 2024,GINF,WN 2026, ,02003,Information Mas,9455MSI,User-Centered Agile Dev MSI,2510,FA 2024,GINF,039178,SI,539
83002952,FA 2024,GINF,WN 2026, ,02003,Information Mas,9455MSI,User-Centered Agile Dev MSI,2510,FA 2024,GINF,044772,SI,582
83002952,FA 2024,GINF,WN 2026, ,02003,Information Mas,9455MSI,User-Centered Agile Dev MSI,2510,FA 2024,GINF,047640,SI,507
83002952,FA 2024,GINF,WN 2026, ,02003,Information Mas,9455MSI,User-Centered Agile Dev MSI,2510,FA 2024,GINF,051553,SI,500
83002952,FA 2024,GINF,WN 2026, ,02003,Information Mas,9455MSI,User-Centered Agile Dev MSI,2520,WN 2025,GINF,020401,SI,622
83002952,FA 2024,GINF,WN 2026, ,02003,Information Mas,9455MSI,User-Centered Agile Dev MSI,2520,WN 2025,GINF,020934,SI,649
83002952,FA 2024,GINF,WN 2026, ,02003,Information Mas,9455MSI,User-Centered Agile Dev MSI,2520,WN 2025,GINF,041626,SI,664
83002952,FA 2024,GINF,WN 2026, ,02003,Information Mas,9455MSI,User-Centered Agile Dev MSI,2520,WN 2025,GINF,048486,SI,659
83002952,FA 2024,GINF,WN 2026, ,02003,Information Mas,9455MSI,User-Centered Agile Dev MSI,2520,WN 2025,GINF,049601,SI,564
83002952,FA 2024,GINF,WN 2026, ,02003,Information Mas,9455MSI,User-Centered Agile Dev MSI,2520,WN 2025,GINF,050159,SI,579
83002952,FA 2024,GINF,WN 2026, ,02003,Information Mas,9455MSI,User-Centered Agile Dev MSI,2560,FA 2025,GINF,014746,EECS,542
83002952,FA 2024,GINF,WN 2026, ,02003,Information Mas,9455MSI,User-Centered Agile Dev MSI,2560,FA 2025,GINF,021400,SI,520
83002952,FA 2024,GINF,WN 2026, ,02003,Information Mas,9455MSI,User-Centered Agile Dev MSI,2560,FA 2025,GINF,041855,SI,631
83002952,FA 2024,GINF,WN 2026, ,02003,Information Mas,9455MSI,User-Centered Agile Dev MSI,2560,FA 2025,GINF,042071,SI,563
83002952,FA 2024,GINF,WN 2026, ,02003,Information Mas,9455MSI,User-Centered Agile Dev MSI,2560,FA 2025,GINF,043863,SI,612
83002952,FA 2024,GINF,WN 2026, ,02003,Information Mas,9455MSI,User-Centered Agile Dev MSI,2570,WN 2026,GINF,047901,SI,699
83031292,FA 2025,GINF,WN 2027, ,02003,Information Mas,0775MSI,Big Data Analytics MSI,2560,FA 2025,GINF,047246,SI,506
83031292,FA 2025,GINF,WN 2027, ,02003,Information Mas,0775MSI,Big Data Analytics MSI,2560,FA 2025,GINF,051553,SI,500
83154184,FA 2024,GINF,WN 2025,WN 2025,02003,Information Mas,9445MSI,User Experience Design MSI,2510,FA 2024,GINF,021400,SI,520
83154184,FA 2024,GINF,WN 2025,WN 2025,02003,Information Mas,9445MSI,User Experience Design MSI,2510,FA 2024,GINF,038659,SI,519
83154184,FA 2024,GINF,WN 2025,WN 2025,02003,Information Mas,9445MSI,User Experience Design MSI,2510,FA 2024,GINF,043210,SI,534
83154184,FA 2024,GINF,WN 2025,WN 2025,02003,Information Mas,9445MSI,User Experience Design MSI,2510,FA 2024,GINF,045393,SI,552
83154184,FA 2024,GINF,WN 2025,WN 2025,02003,Information Mas,9445MSI,User Experience Design MSI,2510,FA 2024,GINF,051553,SI,500
83154184,FA 2024,GINF,WN 2025,WN 2025,02003,Information Mas,9445MSI,User Experience Design MSI,2520,WN 2025,GINF,022099,SI,658
83154184,FA 2024,GINF,WN 2025,WN 2025,02003,Information Mas,9445MSI,User Experience Design MSI,2520,WN 2025,GINF,043366,SI,617
83154184,FA 2024,GINF,WN 2025,WN 2025,02003,Information Mas,9445MSI,User Experience Design MSI,2520,WN 2025,GINF,047304,ENTR,550
83154184,FA 2024,GINF,WN 2025,WN 2025,02003,Information Mas,9445MSI,User Experience Design MSI,2520,WN 2025,GINF,047641,SI,540
83154184,FA 2024,GINF,WN 2025,WN 2025,02003,Information Mas,9445MSI,User Experience Design MSI,2520,WN 2025,GINF,047901,SI,699
83244175,FA 2025,GINF,WN 2027, ,02003,Information Mas,9445MSI,User Experience Design MSI,2560,FA 2025,GINF,017281,SI,588
83244175,FA 2025,GINF,WN 2027, ,02003,Information Mas,9445MSI,User Experience Design MSI,2560,FA 2025,GINF,021400,SI,520
83244175,FA 2025,GINF,WN 2027, ,02003,Information Mas,9445MSI,User Experience Design MSI,2560,FA 2025,GINF,047246,SI,506
83244175,FA 2025,GINF,WN 2027, ,02003,Information Mas,9445MSI,User Experience Design MSI,2560,FA 2025,GINF,048488,SI,559
83244175,FA 2025,GINF,WN 2027, ,02003,Information Mas,9445MSI,User Experience Design MSI,2560,FA 2025,GINF,051553,SI,500
83244175,FA 2025,GINF,WN 2027, ,02003,Information Mas,9445MSI,User Experience Design MSI,2570,WN 2026,GINF,020401,SI,622
83244175,FA 2025,GINF,WN 2027, ,02003,Information Mas,9445MSI,User Experience Design MSI,2570,WN 2026,GINF,046306,SI,616
83244175,FA 2025,GINF,WN 2027, ,02003,Information Mas,9445MSI,User Experience Design MSI,2570,WN 2026,GINF,048488,SI,559
83244175,FA 2025,GINF,WN 2027, ,02003,Information Mas,9445MSI,User Experience Design MSI,2570,WN 2026,GINF,051454,SI,594
83597729,FA 2024,GINF,WN 2026, ,02003,Information Mas,9445MSI,User Experience Design MSI,2510,FA 2024,GINF,021400,SI,520
83597729,FA 2024,GINF,WN 2026, ,02003,Information Mas,9445MSI,User Experience Design MSI,2510,FA 2024,GINF,044772,SI,582
83597729,FA 2024,GINF,WN 2026, ,02003,Information Mas,9445MSI,User Experience Design MSI,2510,FA 2024,GINF,047246,SI,506
83597729,FA 2024,GINF,WN 2026, ,02003,Information Mas,9445MSI,User Experience Design MSI,2510,FA 2024,GINF,048129,SI,505
83597729,FA 2024,GINF,WN 2026, ,02003,Information Mas,9445MSI,User Experience Design MSI,2510,FA 2024,GINF,051553,SI,500
83597729,FA 2024,GINF,WN 2026, ,02003,Information Mas,9445MSI,User Experience Design MSI,2520,WN 2025,GINF,020401,SI,622
83597729,FA 2024,GINF,WN 2026, ,02003,Information Mas,9445MSI,User Experience Design MSI,2520,WN 2025,GINF,021391,SI,511
83597729,FA 2024,GINF,WN 2026, ,02003,Information Mas,9445MSI,User Experience Design MSI,2520,WN 2025,GINF,039178,SI,539
83597729,FA 2024,GINF,WN 2026, ,02003,Information Mas,9445MSI,User Experience Design MSI,2520,WN 2025,GINF,040667,SI,681
83597729,FA 2024,GINF,WN 2026, ,02003,Information Mas,9445MSI,User Experience Design MSI,2520,WN 2025,GINF,051836,SI,611
83597729,FA 2024,GINF,WN 2026, ,02003,Information Mas,9445MSI,User Experience Design MSI,2560,FA 2025,GINF,001459,SI,690
83597729,FA 2024,GINF,WN 2026, ,02003,Information Mas,9445MSI,User Experience Design MSI,2560,FA 2025,GINF,045393,SI,552
83597729,FA 2024,GINF,WN 2026, ,02003,Information Mas,9445MSI,User Experience Design MSI,2560,FA 2025,GINF,047233,ENTR,520
83597729,FA 2024,GINF,WN 2026, ,02003,Information Mas,9445MSI,User Experience Design MSI,2560,FA 2025,GINF,047901,SI,699
83597729,FA 2024,GINF,WN 2026, ,02003,Information Mas,9445MSI,User Experience Design MSI,2560,FA 2025,GINF,048488,SI,559
83597729,FA 2024,GINF,WN 2026, ,02003,Information Mas,9445MSI,User Experience Design MSI,2570,WN 2026,GINF,021391,SI,511
83635197,FA 2024,GINF,WN 2026, ,02003,Information Mas,0775MSI,Big Data Analytics MSI,2510,FA 2024,GINF,016607,SI,544
83635197,FA 2024,GINF,WN 2026, ,02003,Information Mas,0775MSI,Big Data Analytics MSI,2510,FA 2024,GINF,017281,SI,588
83635197,FA 2024,GINF,WN 2026, ,02003,Information Mas,0775MSI,Big Data Analytics MSI,2510,FA 2024,GINF,021112,HISTART,993
83635197,FA 2024,GINF,WN 2026, ,02003,Information Mas,0775MSI,Big Data Analytics MSI,2510,FA 2024,GINF,047246,SI,506
83635197,FA 2024,GINF,WN 2026, ,02003,Information Mas,0775MSI,Big Data Analytics MSI,2510,FA 2024,GINF,049601,SI,564
83635197,FA 2024,GINF,WN 2026, ,02003,Information Mas,0775MSI,Big Data Analytics MSI,2510,FA 2024,GINF,050164,SI,504
83635197,FA 2024,GINF,WN 2026, ,02003,Information Mas,0775MSI,Big Data Analytics MSI,2510,FA 2024,GINF,051553,SI,500
83635197,FA 2024,GINF,WN 2026, ,02003,Information Mas,0775MSI,Big Data Analytics MSI,2520,WN 2025,GINF,040667,SI,681
83635197,FA 2024,GINF,WN 2026, ,02003,Information Mas,0775MSI,Big Data Analytics MSI,2520,WN 2025,GINF,042091,SI,618
83635197,FA 2024,GINF,WN 2026, ,02003,Information Mas,0775MSI,Big Data Analytics MSI,2520,WN 2025,GINF,047640,SI,507
83635197,FA 2024,GINF,WN 2026, ,02003,Information Mas,0775MSI,Big Data Analytics MSI,2520,WN 2025,GINF,050162,SI,510
83635197,FA 2024,GINF,WN 2026, ,02003,Information Mas,0775MSI,Big Data Analytics MSI,2520,WN 2025,GINF,050663,SI,568
83635197,FA 2024,GINF,WN 2026, ,02003,Information Mas,0775MSI,Big Data Analytics MSI,2520,WN 2025,GINF,050983,SI,602
83635197,FA 2024,GINF,WN 2026, ,02003,Information Mas,0775MSI,Big Data Analytics MSI,2560,FA 2025,GINF,020934,SI,649
83635197,FA 2024,GINF,WN 2026, ,02003,Information Mas,0775MSI,Big Data Analytics MSI,2560,FA 2025,GINF,041855,SI,631
83635197,FA 2024,GINF,WN 2026, ,02003,Information Mas,0775MSI,Big Data Analytics MSI,2560,FA 2025,GINF,041934,SI,608
83635197,FA 2024,GINF,WN 2026, ,02003,Information Mas,0775MSI,Big Data Analytics MSI,2560,FA 2025,GINF,041985,SI,542
83635197,FA 2024,GINF,WN 2026, ,02003,Information Mas,0775MSI,Big Data Analytics MSI,2560,FA 2025,GINF,048500,SI,670
83635197,FA 2024,GINF,WN 2026, ,02003,Information Mas,0775MSI,Big Data Analytics MSI,2570,WN 2026,GINF,047901,SI,699
83682383,FA 2024,GINF,WN 2026, ,02003,Information Mas,9455MSI,User-Centered Agile Dev MSI,2510,FA 2024,GINF,017281,SI,588
83682383,FA 2024,GINF,WN 2026, ,02003,Information Mas,9455MSI,User-Centered Agile Dev MSI,2510,FA 2024,GINF,044772,SI,582
83682383,FA 2024,GINF,WN 2026, ,02003,Information Mas,9455MSI,User-Centered Agile Dev MSI,2510,FA 2024,GINF,047246,SI,506
83682383,FA 2024,GINF,WN 2026, ,02003,Information Mas,9455MSI,User-Centered Agile Dev MSI,2510,FA 2024,GINF,048129,SI,505
83682383,FA 2024,GINF,WN 2026, ,02003,Information Mas,9455MSI,User-Centered Agile Dev MSI,2510,FA 2024,GINF,051553,SI,500
83682383,FA 2024,GINF,WN 2026, ,02003,Information Mas,9455MSI,User-Centered Agile Dev MSI,2520,WN 2025,GINF,020401,SI,622
83682383,FA 2024,GINF,WN 2026, ,02003,Information Mas,9455MSI,User-Centered Agile Dev MSI,2520,WN 2025,GINF,039178,SI,539
83682383,FA 2024,GINF,WN 2026, ,02003,Information Mas,9455MSI,User-Centered Agile Dev MSI,2520,WN 2025,GINF,040667,SI,681
83682383,FA 2024,GINF,WN 2026, ,02003,Information Mas,9455MSI,User-Centered Agile Dev MSI,2520,WN 2025,GINF,043863,SI,612
83682383,FA 2024,GINF,WN 2026, ,02003,Information Mas,9455MSI,User-Centered Agile Dev MSI,2520,WN 2025,GINF,048486,SI,659
83682383,FA 2024,GINF,WN 2026, ,02003,Information Mas,9455MSI,User-Centered Agile Dev MSI,2560,FA 2025,GINF,001459,SI,690
83682383,FA 2024,GINF,WN 2026, ,02003,Information Mas,9455MSI,User-Centered Agile Dev MSI,2560,FA 2025,GINF,021050,SI,691
83682383,FA 2024,GINF,WN 2026, ,02003,Information Mas,9455MSI,User-Centered Agile Dev MSI,2560,FA 2025,GINF,041626,SI,664
83682383,FA 2024,GINF,WN 2026, ,02003,Information Mas,9455MSI,User-Centered Agile Dev MSI,2560,FA 2025,GINF,050159,SI,579
83682383,FA 2024,GINF,WN 2026, ,02003,Information Mas,9455MSI,User-Centered Agile Dev MSI,2560,FA 2025,GINF,050164,SI,504
83682383,FA 2024,GINF,WN 2026, ,02003,Information Mas,9455MSI,User-Centered Agile Dev MSI,2560,FA 2025,GINF,052172,SI,679
83682383,FA 2024,GINF,WN 2026, ,02003,Information Mas,9455MSI,User-Centered Agile Dev MSI,2570,WN 2026,GINF,001459,SI,690
83682383,FA 2024,GINF,WN 2026, ,02003,Information Mas,9455MSI,User-Centered Agile Dev MSI,2570,WN 2026,GINF,047901,SI,699
83858642,FA 2025,GINF,WN 2027, ,02003,Information Mas,9455MSI,User-Centered Agile Dev MSI,2560,FA 2025,GINF,017281,SI,588
83858642,FA 2025,GINF,WN 2027, ,02003,Information Mas,9455MSI,User-Centered Agile Dev MSI,2560,FA 2025,GINF,039178,SI,539
83858642,FA 2025,GINF,WN 2027, ,02003,Information Mas,9455MSI,User-Centered Agile Dev MSI,2560,FA 2025,GINF,047246,SI,506
83858642,FA 2025,GINF,WN 2027, ,02003,Information Mas,9455MSI,User-Centered Agile Dev MSI,2560,FA 2025,GINF,051553,SI,500
83858642,FA 2025,GINF,WN 2027, ,02003,Information Mas,9455MSI,User-Centered Agile Dev MSI,2560,FA 2025,GINF,051647,ELI,541
83858642,FA 2025,GINF,WN 2027, ,02003,Information Mas,9455MSI,User-Centered Agile Dev MSI,2570,WN 2026,GINF,020401,SI,622
83858642,FA 2025,GINF,WN 2027, ,02003,Information Mas,9455MSI,User-Centered Agile Dev MSI,2570,WN 2026,GINF,021400,SI,520
83858642,FA 2025,GINF,WN 2027, ,02003,Information Mas,9455MSI,User-Centered Agile Dev MSI,2570,WN 2026,GINF,044772,SI,582
83858642,FA 2025,GINF,WN 2027, ,02003,Information Mas,9455MSI,User-Centered Agile Dev MSI,2570,WN 2026,GINF,047640,SI,507
83858642,FA 2025,GINF,WN 2027, ,02003,Information Mas,9455MSI,User-Centered Agile Dev MSI,2570,WN 2026,GINF,050159,SI,579
83858642,FA 2025,GINF,WN 2027, ,02003,Information Mas,9455MSI,User-Centered Agile Dev MSI,2570,WN 2026,GINF,050164,SI,504
83866049,FA 2025,GINF,WN 2026, ,02003,Information Mas,0775MSI,Big Data Analytics MSI,2560,FA 2025,GINF,045930,SI,671
83866049,FA 2025,GINF,WN 2026, ,02003,Information Mas,0775MSI,Big Data Analytics MSI,2560,FA 2025,GINF,048500,SI,670
83866049,FA 2025,GINF,WN 2026, ,02003,Information Mas,0775MSI,Big Data Analytics MSI,2560,FA 2025,GINF,050983,SI,602
83866049,FA 2025,GINF,WN 2026, ,02003,Information Mas,0775MSI,Big Data Analytics MSI,2560,FA 2025,GINF,051553,SI,500
83866049,FA 2025,GINF,WN 2026, ,02003,Information Mas,0775MSI,Big Data Analytics MSI,2560,FA 2025,GINF,051836,SI,611
83866049,FA 2025,GINF,WN 2026, ,02003,Information Mas,0775MSI,Big Data Analytics MSI,2570,WN 2026,GINF,001938,SOC,696
83866049,FA 2025,GINF,WN 2026, ,02003,Information Mas,0775MSI,Big Data Analytics MSI,2570,WN 2026,GINF,041626,SI,664
83866049,FA 2025,GINF,WN 2026, ,02003,Information Mas,0775MSI,Big Data Analytics MSI,2570,WN 2026,GINF,047901,SI,699
83866049,FA 2025,GINF,WN 2026, ,02003,Information Mas,0775MSI,Big Data Analytics MSI,2570,WN 2026,GINF,048268,SI,630
83866049,FA 2025,GINF,WN 2026, ,02003,Information Mas,0775MSI,Big Data Analytics MSI,2570,WN 2026,GINF,050663,SI,568
83866049,FA 2025,GINF,WN 2026, ,02003,Information Mas,0775MSI,Big Data Analytics MSI,2570,WN 2026,GINF,051462,SI,644
83892719,FA 2025,GINF,FA 2025,FA 2025,02003,Information Mas,5005MSI,Master's ThesisOption Prog MSI,2260,FA 2019,GINF,005075,PUBPOL,571
83892719,FA 2025,GINF,FA 2025,FA 2025,02003,Information Mas,5005MSI,Master's ThesisOption Prog MSI,2260,FA 2019,GINF,017281,SI,588
83892719,FA 2025,GINF,FA 2025,FA 2025,02003,Information Mas,5005MSI,Master's ThesisOption Prog MSI,2260,FA 2019,GINF,047246,SI,506
83892719,FA 2025,GINF,FA 2025,FA 2025,02003,Information Mas,5005MSI,Master's ThesisOption Prog MSI,2260,FA 2019,GINF,048831,SI,547
83892719,FA 2025,GINF,FA 2025,FA 2025,02003,Information Mas,5005MSI,Master's ThesisOption Prog MSI,2270,WN 2020,GINF,012309,PUBPOL,735
83892719,FA 2025,GINF,FA 2025,FA 2025,02003,Information Mas,5005MSI,Master's ThesisOption Prog MSI,2270,WN 2020,GINF,014006,PUBPOL,740
83892719,FA 2025,GINF,FA 2025,FA 2025,02003,Information Mas,5005MSI,Master's ThesisOption Prog MSI,2270,WN 2020,GINF,039543,PUBPOL,750
83892719,FA 2025,GINF,FA 2025,FA 2025,02003,Information Mas,5005MSI,Master's ThesisOption Prog MSI,2270,WN 2020,GINF,040667,SI,681
83892719,FA 2025,GINF,FA 2025,FA 2025,02003,Information Mas,5005MSI,Master's ThesisOption Prog MSI,2270,WN 2020,GINF,042091,SI,618
83892719,FA 2025,GINF,FA 2025,FA 2025,02003,Information Mas,5005MSI,Master's ThesisOption Prog MSI,2270,WN 2020,GINF,047640,SI,507
83892719,FA 2025,GINF,FA 2025,FA 2025,02003,Information Mas,5005MSI,Master's ThesisOption Prog MSI,2310,FA 2020,GINF,020480,PUBPOL,587
83892719,FA 2025,GINF,FA 2025,FA 2025,02003,Information Mas,5005MSI,Master's ThesisOption Prog MSI,2310,FA 2020,GINF,042680,EDUC,769
83892719,FA 2025,GINF,FA 2025,FA 2025,02003,Information Mas,5005MSI,Master's ThesisOption Prog MSI,2310,FA 2020,GINF,043210,SI,534
83892719,FA 2025,GINF,FA 2025,FA 2025,02003,Information Mas,5005MSI,Master's ThesisOption Prog MSI,2310,FA 2020,GINF,043580,PUBPOL,778
83892719,FA 2025,GINF,FA 2025,FA 2025,02003,Information Mas,5005MSI,Master's ThesisOption Prog MSI,2310,FA 2020,GINF,045930,SI,671
83892719,FA 2025,GINF,FA 2025,FA 2025,02003,Information Mas,5005MSI,Master's ThesisOption Prog MSI,2310,FA 2020,GINF,049365,SI,697
83892719,FA 2025,GINF,FA 2025,FA 2025,02003,Information Mas,5005MSI,Master's ThesisOption Prog MSI,2320,WN 2021,GINF,047641,SI,540
83892719,FA 2025,GINF,FA 2025,FA 2025,02003,Information Mas,5005MSI,Master's ThesisOption Prog MSI,2360,FA 2021,GINF,049040,SI,698
84074411,FA 2024,GINF,WN 2026, ,02003,Information Mas,9445MSI,User Experience Design MSI,2510,FA 2024,GINF,017281,SI,588
84074411,FA 2024,GINF,WN 2026, ,02003,Information Mas,9445MSI,User Experience Design MSI,2510,FA 2024,GINF,039178,SI,539
84074411,FA 2024,GINF,WN 2026, ,02003,Information Mas,9445MSI,User Experience Design MSI,2510,FA 2024,GINF,047246,SI,506
84074411,FA 2024,GINF,WN 2026, ,02003,Information Mas,9445MSI,User Experience Design MSI,2510,FA 2024,GINF,048129,SI,505
84074411,FA 2024,GINF,WN 2026, ,02003,Information Mas,9445MSI,User Experience Design MSI,2510,FA 2024,GINF,051553,SI,500
84074411,FA 2024,GINF,WN 2026, ,02003,Information Mas,9445MSI,User Experience Design MSI,2520,WN 2025,GINF,012085,MKT,613
84074411,FA 2024,GINF,WN 2026, ,02003,Information Mas,9445MSI,User Experience Design MSI,2520,WN 2025,GINF,020401,SI,622
84074411,FA 2024,GINF,WN 2026, ,02003,Information Mas,9445MSI,User Experience Design MSI,2520,WN 2025,GINF,021391,SI,511
84074411,FA 2024,GINF,WN 2026, ,02003,Information Mas,9445MSI,User Experience Design MSI,2520,WN 2025,GINF,040667,SI,681
84074411,FA 2024,GINF,WN 2026, ,02003,Information Mas,9445MSI,User Experience Design MSI,2520,WN 2025,GINF,044772,SI,582
84074411,FA 2024,GINF,WN 2026, ,02003,Information Mas,9445MSI,User Experience Design MSI,2520,WN 2025,GINF,051454,SI,594
84074411,FA 2024,GINF,WN 2026, ,02003,Information Mas,9445MSI,User Experience Design MSI,2560,FA 2025,GINF,001459,SI,690
84074411,FA 2024,GINF,WN 2026, ,02003,Information Mas,9445MSI,User Experience Design MSI,2560,FA 2025,GINF,021050,SI,691
84074411,FA 2024,GINF,WN 2026, ,02003,Information Mas,9445MSI,User Experience Design MSI,2560,FA 2025,GINF,021391,SI,511
84074411,FA 2024,GINF,WN 2026, ,02003,Information Mas,9445MSI,User Experience Design MSI,2560,FA 2025,GINF,048488,SI,559
84074411,FA 2024,GINF,WN 2026, ,02003,Information Mas,9445MSI,User Experience Design MSI,2570,WN 2026,GINF,021050,SI,691
84074411,FA 2024,GINF,WN 2026, ,02003,Information Mas,9445MSI,User Experience Design MSI,2570,WN 2026,GINF,021391,SI,511
84074411,FA 2024,GINF,WN 2026, ,02003,Information Mas,9445MSI,User Experience Design MSI,2570,WN 2026,GINF,043863,SI,612
84074411,FA 2024,GINF,WN 2026, ,02003,Information Mas,9445MSI,User Experience Design MSI,2570,WN 2026,GINF,047901,SI,699
84087460,FA 2024,GINF,WN 2027, ,02003,Information Mas,0775MSI,Big Data Analytics MSI,2560,FA 2025,GINF,016607,SI,544
84087460,FA 2024,GINF,WN 2027, ,02003,Information Mas,0775MSI,Big Data Analytics MSI,2560,FA 2025,GINF,020480,PUBPOL,587
84087460,FA 2024,GINF,WN 2027, ,02003,Information Mas,0775MSI,Big Data Analytics MSI,2560,FA 2025,GINF,047246,SI,506
84087460,FA 2024,GINF,WN 2027, ,02003,Information Mas,0775MSI,Big Data Analytics MSI,2560,FA 2025,GINF,050164,SI,504
84087460,FA 2024,GINF,WN 2027, ,02003,Information Mas,0775MSI,Big Data Analytics MSI,2560,FA 2025,GINF,050815,PUBPOL,500
84087460,FA 2024,GINF,WN 2027, ,02003,Information Mas,0775MSI,Big Data Analytics MSI,2560,FA 2025,GINF,051553,SI,500
84087460,FA 2024,GINF,WN 2027, ,02003,Information Mas,0775MSI,Big Data Analytics MSI,2570,WN 2026,GINF,039690,PUBPOL,558
84087460,FA 2024,GINF,WN 2027, ,02003,Information Mas,0775MSI,Big Data Analytics MSI,2570,WN 2026,GINF,042091,SI,618
84087460,FA 2024,GINF,WN 2027, ,02003,Information Mas,0775MSI,Big Data Analytics MSI,2570,WN 2026,GINF,047640,SI,507
84087460,FA 2024,GINF,WN 2027, ,02003,Information Mas,0775MSI,Big Data Analytics MSI,2570,WN 2026,GINF,050663,SI,568
84087460,FA 2024,GINF,WN 2027, ,02003,Information Mas,0775MSI,Big Data Analytics MSI,2570,WN 2026,GINF,050983,SI,602
84205830,FA 2025,GINF,WN 2026, ,02003,Information Mas,0775MSI,Big Data Analytics MSI,2560,FA 2025,GINF,001459,SI,690
84205830,FA 2025,GINF,WN 2026, ,02003,Information Mas,0775MSI,Big Data Analytics MSI,2560,FA 2025,GINF,038659,SI,519
84205830,FA 2025,GINF,WN 2026, ,02003,Information Mas,0775MSI,Big Data Analytics MSI,2560,FA 2025,GINF,041934,SI,608
84205830,FA 2025,GINF,WN 2026, ,02003,Information Mas,0775MSI,Big Data Analytics MSI,2560,FA 2025,GINF,045930,SI,671
84205830,FA 2025,GINF,WN 2026, ,02003,Information Mas,0775MSI,Big Data Analytics MSI,2560,FA 2025,GINF,050983,SI,602
84205830,FA 2025,GINF,WN 2026, ,02003,Information Mas,0775MSI,Big Data Analytics MSI,2570,WN 2026,GINF,020934,SI,649
84205830,FA 2025,GINF,WN 2026, ,02003,Information Mas,0775MSI,Big Data Analytics MSI,2570,WN 2026,GINF,021391,SI,511
84205830,FA 2025,GINF,WN 2026, ,02003,Information Mas,0775MSI,Big Data Analytics MSI,2570,WN 2026,GINF,047901,SI,699
84205830,FA 2025,GINF,WN 2026, ,02003,Information Mas,0775MSI,Big Data Analytics MSI,2570,WN 2026,GINF,050663,SI,568
84205830,FA 2025,GINF,WN 2026, ,02003,Information Mas,0775MSI,Big Data Analytics MSI,2570,WN 2026,GINF,051462,SI,644
84335544,FA 2024,GINF,WN 2025,WN 2025,02003,Information Mas,4865MSI,"Lib, Arch&Knwl Envs in Soc MSI",2510,FA 2024,GINF,001459,SI,690
84335544,FA 2024,GINF,WN 2025,WN 2025,02003,Information Mas,4865MSI,"Lib, Arch&Knwl Envs in Soc MSI",2510,FA 2024,GINF,009731,SI,580
84335544,FA 2024,GINF,WN 2025,WN 2025,02003,Information Mas,4865MSI,"Lib, Arch&Knwl Envs in Soc MSI",2510,FA 2024,GINF,021042,SI,647
84335544,FA 2024,GINF,WN 2025,WN 2025,02003,Information Mas,4865MSI,"Lib, Arch&Knwl Envs in Soc MSI",2510,FA 2024,GINF,021045,SI,666
84335544,FA 2024,GINF,WN 2025,WN 2025,02003,Information Mas,4865MSI,"Lib, Arch&Knwl Envs in Soc MSI",2510,FA 2024,GINF,038948,SI,632
84335544,FA 2024,GINF,WN 2025,WN 2025,02003,Information Mas,4865MSI,"Lib, Arch&Knwl Envs in Soc MSI",2510,FA 2024,GINF,051553,SI,500
84335544,FA 2024,GINF,WN 2025,WN 2025,02003,Information Mas,4865MSI,"Lib, Arch&Knwl Envs in Soc MSI",2520,WN 2025,GINF,047901,SI,699
84335544,FA 2024,GINF,WN 2025,WN 2025,02003,Information Mas,4865MSI,"Lib, Arch&Knwl Envs in Soc MSI",2520,WN 2025,GINF,048280,SI,667
84335544,FA 2024,GINF,WN 2025,WN 2025,02003,Information Mas,4865MSI,"Lib, Arch&Knwl Envs in Soc MSI",2520,WN 2025,GINF,050165,SI,585
84357651,FA 2025,GINF,WN 2027, ,02003,Information Mas,0775MSI,Big Data Analytics MSI,2560,FA 2025,GINF,016607,SI,544
84357651,FA 2025,GINF,WN 2027, ,02003,Information Mas,0775MSI,Big Data Analytics MSI,2560,FA 2025,GINF,047246,SI,506
84357651,FA 2025,GINF,WN 2027, ,02003,Information Mas,0775MSI,Big Data Analytics MSI,2560,FA 2025,GINF,048488,SI,559
84357651,FA 2025,GINF,WN 2027, ,02003,Information Mas,0775MSI,Big Data Analytics MSI,2560,FA 2025,GINF,050164,SI,504
84357651,FA 2025,GINF,WN 2027, ,02003,Information Mas,0775MSI,Big Data Analytics MSI,2560,FA 2025,GINF,051553,SI,500
84357651,FA 2025,GINF,WN 2027, ,02003,Information Mas,0775MSI,Big Data Analytics MSI,2570,WN 2026,GINF,042091,SI,618
84357651,FA 2025,GINF,WN 2027, ,02003,Information Mas,0775MSI,Big Data Analytics MSI,2570,WN 2026,GINF,047640,SI,507
84357651,FA 2025,GINF,WN 2027, ,02003,Information Mas,0775MSI,Big Data Analytics MSI,2570,WN 2026,GINF,048129,SI,505
84357651,FA 2025,GINF,WN 2027, ,02003,Information Mas,0775MSI,Big Data Analytics MSI,2570,WN 2026,GINF,049601,SI,564
84357651,FA 2025,GINF,WN 2027, ,02003,Information Mas,0775MSI,Big Data Analytics MSI,2570,WN 2026,GINF,050663,SI,568
84357651,FA 2025,GINF,WN 2027, ,02003,Information Mas,0775MSI,Big Data Analytics MSI,2570,WN 2026,GINF,050983,SI,602
84404297,FA 2024,GINF,WN 2026, ,02003,Information Mas,0775MSI,Big Data Analytics MSI,2510,FA 2024,GINF,016607,SI,544
84404297,FA 2024,GINF,WN 2026, ,02003,Information Mas,0775MSI,Big Data Analytics MSI,2510,FA 2024,GINF,039178,SI,539
84404297,FA 2024,GINF,WN 2026, ,02003,Information Mas,0775MSI,Big Data Analytics MSI,2510,FA 2024,GINF,047246,SI,506
84404297,FA 2024,GINF,WN 2026, ,02003,Information Mas,0775MSI,Big Data Analytics MSI,2510,FA 2024,GINF,050164,SI,504
84404297,FA 2024,GINF,WN 2026, ,02003,Information Mas,0775MSI,Big Data Analytics MSI,2510,FA 2024,GINF,051553,SI,500
84404297,FA 2024,GINF,WN 2026, ,02003,Information Mas,0775MSI,Big Data Analytics MSI,2520,WN 2025,GINF,014799,ELI,544
84404297,FA 2024,GINF,WN 2026, ,02003,Information Mas,0775MSI,Big Data Analytics MSI,2520,WN 2025,GINF,041626,SI,664
84404297,FA 2024,GINF,WN 2026, ,02003,Information Mas,0775MSI,Big Data Analytics MSI,2520,WN 2025,GINF,042091,SI,618
84404297,FA 2024,GINF,WN 2026, ,02003,Information Mas,0775MSI,Big Data Analytics MSI,2520,WN 2025,GINF,047640,SI,507
84404297,FA 2024,GINF,WN 2026, ,02003,Information Mas,0775MSI,Big Data Analytics MSI,2520,WN 2025,GINF,049601,SI,564
84404297,FA 2024,GINF,WN 2026, ,02003,Information Mas,0775MSI,Big Data Analytics MSI,2520,WN 2025,GINF,050663,SI,568
84404297,FA 2024,GINF,WN 2026, ,02003,Information Mas,0775MSI,Big Data Analytics MSI,2520,WN 2025,GINF,050983,SI,602
84404297,FA 2024,GINF,WN 2026, ,02003,Information Mas,0775MSI,Big Data Analytics MSI,2560,FA 2025,GINF,009732,SI,650
84404297,FA 2024,GINF,WN 2026, ,02003,Information Mas,0775MSI,Big Data Analytics MSI,2560,FA 2025,GINF,017075,ELI,534
84404297,FA 2024,GINF,WN 2026, ,02003,Information Mas,0775MSI,Big Data Analytics MSI,2560,FA 2025,GINF,042071,SI,563
84404297,FA 2024,GINF,WN 2026, ,02003,Information Mas,0775MSI,Big Data Analytics MSI,2560,FA 2025,GINF,045930,SI,671
84404297,FA 2024,GINF,WN 2026, ,02003,Information Mas,0775MSI,Big Data Analytics MSI,2560,FA 2025,GINF,048500,SI,670
84404297,FA 2024,GINF,WN 2026, ,02003,Information Mas,0775MSI,Big Data Analytics MSI,2570,WN 2026,GINF,017271,TO,572
84404297,FA 2024,GINF,WN 2026, ,02003,Information Mas,0775MSI,Big Data Analytics MSI,2570,WN 2026,GINF,020934,SI,649
84404297,FA 2024,GINF,WN 2026, ,02003,Information Mas,0775MSI,Big Data Analytics MSI,2570,WN 2026,GINF,041044,ELI,510
84404297,FA 2024,GINF,WN 2026, ,02003,Information Mas,0775MSI,Big Data Analytics MSI,2570,WN 2026,GINF,047901,SI,699
84456761,FA 2025,GINF,WN 2027, ,02003,Information Mas,9445MSI,User Experience Design MSI,2560,FA 2025,GINF,017281,SI,588
84456761,FA 2025,GINF,WN 2027, ,02003,Information Mas,9445MSI,User Experience Design MSI,2560,FA 2025,GINF,044772,SI,582
84456761,FA 2025,GINF,WN 2027, ,02003,Information Mas,9445MSI,User Experience Design MSI,2560,FA 2025,GINF,047246,SI,506
84456761,FA 2025,GINF,WN 2027, ,02003,Information Mas,9445MSI,User Experience Design MSI,2560,FA 2025,GINF,048129,SI,505
84456761,FA 2025,GINF,WN 2027, ,02003,Information Mas,9445MSI,User Experience Design MSI,2560,FA 2025,GINF,051553,SI,500
84456761,FA 2025,GINF,WN 2027, ,02003,Information Mas,9445MSI,User Experience Design MSI,2570,WN 2026,GINF,020401,SI,622
84456761,FA 2025,GINF,WN 2027, ,02003,Information Mas,9445MSI,User Experience Design MSI,2570,WN 2026,GINF,021391,SI,511
84456761,FA 2025,GINF,WN 2027, ,02003,Information Mas,9445MSI,User Experience Design MSI,2570,WN 2026,GINF,021400,SI,520
84456761,FA 2025,GINF,WN 2027, ,02003,Information Mas,9445MSI,User Experience Design MSI,2570,WN 2026,GINF,051454,SI,594
84456761,FA 2025,GINF,WN 2027, ,02003,Information Mas,9445MSI,User Experience Design MSI,2570,WN 2026,GINF,051836,SI,611
84673496,FA 2025,GINF,WN 2027, ,02003,Information Mas,9445MSI,User Experience Design MSI,2560,FA 2025,GINF,017281,SI,588
84673496,FA 2025,GINF,WN 2027, ,02003,Information Mas,9445MSI,User Experience Design MSI,2560,FA 2025,GINF,044772,SI,582
84673496,FA 2025,GINF,WN 2027, ,02003,Information Mas,9445MSI,User Experience Design MSI,2560,FA 2025,GINF,047246,SI,506
84673496,FA 2025,GINF,WN 2027, ,02003,Information Mas,9445MSI,User Experience Design MSI,2560,FA 2025,GINF,048129,SI,505
84673496,FA 2025,GINF,WN 2027, ,02003,Information Mas,9445MSI,User Experience Design MSI,2560,FA 2025,GINF,051553,SI,500
84673496,FA 2025,GINF,WN 2027, ,02003,Information Mas,9445MSI,User Experience Design MSI,2570,WN 2026,GINF,020401,SI,622
84673496,FA 2025,GINF,WN 2027, ,02003,Information Mas,9445MSI,User Experience Design MSI,2570,WN 2026,GINF,021391,SI,511
84673496,FA 2025,GINF,WN 2027, ,02003,Information Mas,9445MSI,User Experience Design MSI,2570,WN 2026,GINF,039979,SI,623
84673496,FA 2025,GINF,WN 2027, ,02003,Information Mas,9445MSI,User Experience Design MSI,2570,WN 2026,GINF,043863,SI,612
84673496,FA 2025,GINF,WN 2027, ,02003,Information Mas,9445MSI,User Experience Design MSI,2570,WN 2026,GINF,052216,SI,512
84673496,FA 2025,GINF,WN 2027, ,02003,Information Mas,9445MSI,User Experience Design MSI,2570,WN 2026,GINF,052255,ENTR,470
84727401,FA 2024,GINF,WN 2025,WN 2025,02003,Information Mas,9445MSI,User Experience Design MSI,2510,FA 2024,GINF,001459,SI,690
84727401,FA 2024,GINF,WN 2025,WN 2025,02003,Information Mas,9445MSI,User Experience Design MSI,2510,FA 2024,GINF,021391,SI,511
84727401,FA 2024,GINF,WN 2025,WN 2025,02003,Information Mas,9445MSI,User Experience Design MSI,2510,FA 2024,GINF,021400,SI,520
84727401,FA 2024,GINF,WN 2025,WN 2025,02003,Information Mas,9445MSI,User Experience Design MSI,2510,FA 2024,GINF,048488,SI,559
84727401,FA 2024,GINF,WN 2025,WN 2025,02003,Information Mas,9445MSI,User Experience Design MSI,2510,FA 2024,GINF,051553,SI,500
84727401,FA 2024,GINF,WN 2025,WN 2025,02003,Information Mas,9445MSI,User Experience Design MSI,2520,WN 2025,GINF,012085,MKT,613
84727401,FA 2024,GINF,WN 2025,WN 2025,02003,Information Mas,9445MSI,User Experience Design MSI,2520,WN 2025,GINF,021391,SI,511
84727401,FA 2024,GINF,WN 2025,WN 2025,02003,Information Mas,9445MSI,User Experience Design MSI,2520,WN 2025,GINF,045393,SI,552
84727401,FA 2024,GINF,WN 2025,WN 2025,02003,Information Mas,9445MSI,User Experience Design MSI,2520,WN 2025,GINF,047901,SI,699
84909364,FA 2024,GINF,WN 2026, ,02003,Information Mas,0775MSI,Big Data Analytics MSI,2510,FA 2024,GINF,016607,SI,544
84909364,FA 2024,GINF,WN 2026, ,02003,Information Mas,0775MSI,Big Data Analytics MSI,2510,FA 2024,GINF,047246,SI,506
84909364,FA 2024,GINF,WN 2026, ,02003,Information Mas,0775MSI,Big Data Analytics MSI,2510,FA 2024,GINF,049601,SI,564
84909364,FA 2024,GINF,WN 2026, ,02003,Information Mas,0775MSI,Big Data Analytics MSI,2510,FA 2024,GINF,050164,SI,504
84909364,FA 2024,GINF,WN 2026, ,02003,Information Mas,0775MSI,Big Data Analytics MSI,2510,FA 2024,GINF,051553,SI,500
84909364,FA 2024,GINF,WN 2026, ,02003,Information Mas,0775MSI,Big Data Analytics MSI,2520,WN 2025,GINF,041626,SI,664
84909364,FA 2024,GINF,WN 2026, ,02003,Information Mas,0775MSI,Big Data Analytics MSI,2520,WN 2025,GINF,042091,SI,618
84909364,FA 2024,GINF,WN 2026, ,02003,Information Mas,0775MSI,Big Data Analytics MSI,2520,WN 2025,GINF,047640,SI,507
84909364,FA 2024,GINF,WN 2026, ,02003,Information Mas,0775MSI,Big Data Analytics MSI,2520,WN 2025,GINF,050663,SI,568
84909364,FA 2024,GINF,WN 2026, ,02003,Information Mas,0775MSI,Big Data Analytics MSI,2520,WN 2025,GINF,050983,SI,602
84909364,FA 2024,GINF,WN 2026, ,02003,Information Mas,0775MSI,Big Data Analytics MSI,2520,WN 2025,GINF,051462,SI,644
84909364,FA 2024,GINF,WN 2026, ,02003,Information Mas,0775MSI,Big Data Analytics MSI,2560,FA 2025,GINF,009732,SI,650
84909364,FA 2024,GINF,WN 2026, ,02003,Information Mas,0775MSI,Big Data Analytics MSI,2560,FA 2025,GINF,042071,SI,563
84909364,FA 2024,GINF,WN 2026, ,02003,Information Mas,0775MSI,Big Data Analytics MSI,2560,FA 2025,GINF,045930,SI,671
84909364,FA 2024,GINF,WN 2026, ,02003,Information Mas,0775MSI,Big Data Analytics MSI,2560,FA 2025,GINF,048500,SI,670
84909364,FA 2024,GINF,WN 2026, ,02003,Information Mas,0775MSI,Big Data Analytics MSI,2570,WN 2026,GINF,017271,TO,572
84909364,FA 2024,GINF,WN 2026, ,02003,Information Mas,0775MSI,Big Data Analytics MSI,2570,WN 2026,GINF,017508,TO,512
84909364,FA 2024,GINF,WN 2026, ,02003,Information Mas,0775MSI,Big Data Analytics MSI,2570,WN 2026,GINF,020934,SI,649
84909364,FA 2024,GINF,WN 2026, ,02003,Information Mas,0775MSI,Big Data Analytics MSI,2570,WN 2026,GINF,041044,ELI,510
84909364,FA 2024,GINF,WN 2026, ,02003,Information Mas,0775MSI,Big Data Analytics MSI,2570,WN 2026,GINF,047901,SI,699
84909364,FA 2024,GINF,WN 2026, ,02003,Information Mas,0775MSI,Big Data Analytics MSI,2570,WN 2026,GINF,049222,ELI,532
84915253,FA 2024,GINF,WN 2025,WN 2025,02003,Information Mas,0775MSI,Big Data Analytics MSI,2510,FA 2024,GINF,001459,SI,690
84915253,FA 2024,GINF,WN 2025,WN 2025,02003,Information Mas,0775MSI,Big Data Analytics MSI,2510,FA 2024,GINF,020934,SI,649
84915253,FA 2024,GINF,WN 2025,WN 2025,02003,Information Mas,0775MSI,Big Data Analytics MSI,2510,FA 2024,GINF,045930,SI,671
84915253,FA 2024,GINF,WN 2025,WN 2025,02003,Information Mas,0775MSI,Big Data Analytics MSI,2510,FA 2024,GINF,048500,SI,670
84915253,FA 2024,GINF,WN 2025,WN 2025,02003,Information Mas,0775MSI,Big Data Analytics MSI,2510,FA 2024,GINF,051553,SI,500
84915253,FA 2024,GINF,WN 2025,WN 2025,02003,Information Mas,0775MSI,Big Data Analytics MSI,2520,WN 2025,GINF,045732,SI,554
84915253,FA 2024,GINF,WN 2025,WN 2025,02003,Information Mas,0775MSI,Big Data Analytics MSI,2520,WN 2025,GINF,047901,SI,699
84915253,FA 2024,GINF,WN 2025,WN 2025,02003,Information Mas,0775MSI,Big Data Analytics MSI,2520,WN 2025,GINF,050663,SI,568
84915253,FA 2024,GINF,WN 2025,WN 2025,02003,Information Mas,0775MSI,Big Data Analytics MSI,2520,WN 2025,GINF,050983,SI,602
84915253,FA 2024,GINF,WN 2025,WN 2025,02003,Information Mas,0775MSI,Big Data Analytics MSI,2520,WN 2025,GINF,051462,SI,644
85008761,FA 2025,GINF,WN 2027, ,02003,Information Mas,9455MSI,User-Centered Agile Dev MSI,2560,FA 2025,GINF,021391,SI,511
85008761,FA 2025,GINF,WN 2027, ,02003,Information Mas,9455MSI,User-Centered Agile Dev MSI,2560,FA 2025,GINF,041855,SI,631
85008761,FA 2025,GINF,WN 2027, ,02003,Information Mas,9455MSI,User-Centered Agile Dev MSI,2560,FA 2025,GINF,044772,SI,582
85008761,FA 2025,GINF,WN 2027, ,02003,Information Mas,9455MSI,User-Centered Agile Dev MSI,2560,FA 2025,GINF,051462,SI,644
85008761,FA 2025,GINF,WN 2027, ,02003,Information Mas,9455MSI,User-Centered Agile Dev MSI,2560,FA 2025,GINF,051553,SI,500
85008761,FA 2025,GINF,WN 2027, ,02003,Information Mas,9455MSI,User-Centered Agile Dev MSI,2560,FA 2025,GINF,052216,SI,512
85008761,FA 2025,GINF,WN 2027, ,02003,Information Mas,9455MSI,User-Centered Agile Dev MSI,2570,WN 2026,GINF,020401,SI,622
85008761,FA 2025,GINF,WN 2027, ,02003,Information Mas,9455MSI,User-Centered Agile Dev MSI,2570,WN 2026,GINF,021391,SI,511
85008761,FA 2025,GINF,WN 2027, ,02003,Information Mas,9455MSI,User-Centered Agile Dev MSI,2570,WN 2026,GINF,041626,SI,664
85008761,FA 2025,GINF,WN 2027, ,02003,Information Mas,9455MSI,User-Centered Agile Dev MSI,2570,WN 2026,GINF,043863,SI,612
85008761,FA 2025,GINF,WN 2027, ,02003,Information Mas,9455MSI,User-Centered Agile Dev MSI,2570,WN 2026,GINF,047302,ENTR,410
85052039,FA 2024,GINF,WN 2025,WN 2025,02003,Information Mas,9445MSI,User Experience Design MSI,2510,FA 2024,GINF,001459,SI,690
85052039,FA 2024,GINF,WN 2025,WN 2025,02003,Information Mas,9445MSI,User Experience Design MSI,2510,FA 2024,GINF,021400,SI,520
85052039,FA 2024,GINF,WN 2025,WN 2025,02003,Information Mas,9445MSI,User Experience Design MSI,2510,FA 2024,GINF,045771,SI,684
85052039,FA 2024,GINF,WN 2025,WN 2025,02003,Information Mas,9445MSI,User Experience Design MSI,2510,FA 2024,GINF,048488,SI,559
85052039,FA 2024,GINF,WN 2025,WN 2025,02003,Information Mas,9445MSI,User Experience Design MSI,2510,FA 2024,GINF,051553,SI,500
85052039,FA 2024,GINF,WN 2025,WN 2025,02003,Information Mas,9445MSI,User Experience Design MSI,2520,WN 2025,GINF,022099,SI,658
85052039,FA 2024,GINF,WN 2025,WN 2025,02003,Information Mas,9445MSI,User Experience Design MSI,2520,WN 2025,GINF,043366,SI,617
85052039,FA 2024,GINF,WN 2025,WN 2025,02003,Information Mas,9445MSI,User Experience Design MSI,2520,WN 2025,GINF,045393,SI,552
85052039,FA 2024,GINF,WN 2025,WN 2025,02003,Information Mas,9445MSI,User Experience Design MSI,2520,WN 2025,GINF,047641,SI,540
85052039,FA 2024,GINF,WN 2025,WN 2025,02003,Information Mas,9445MSI,User Experience Design MSI,2520,WN 2025,GINF,047901,SI,699
85101393,FA 2024,GINF,WN 2026, ,02003,Information Mas,4865MSI,"Lib, Arch&Knwl Envs in Soc MSI",2510,FA 2024,GINF,009731,SI,580
85101393,FA 2024,GINF,WN 2026, ,02003,Information Mas,4865MSI,"Lib, Arch&Knwl Envs in Soc MSI",2510,FA 2024,GINF,021045,SI,666
85101393,FA 2024,GINF,WN 2026, ,02003,Information Mas,4865MSI,"Lib, Arch&Knwl Envs in Soc MSI",2510,FA 2024,GINF,047246,SI,506
85101393,FA 2024,GINF,WN 2026, ,02003,Information Mas,4865MSI,"Lib, Arch&Knwl Envs in Soc MSI",2510,FA 2024,GINF,051553,SI,500
85101393,FA 2024,GINF,WN 2026, ,02003,Information Mas,4865MSI,"Lib, Arch&Knwl Envs in Soc MSI",2520,WN 2025,GINF,020803,SI,643
85101393,FA 2024,GINF,WN 2026, ,02003,Information Mas,4865MSI,"Lib, Arch&Knwl Envs in Soc MSI",2520,WN 2025,GINF,050162,SI,510
85101393,FA 2024,GINF,WN 2026, ,02003,Information Mas,4865MSI,"Lib, Arch&Knwl Envs in Soc MSI",2520,WN 2025,GINF,050165,SI,585
85101393,FA 2024,GINF,WN 2026, ,02003,Information Mas,4865MSI,"Lib, Arch&Knwl Envs in Soc MSI",2520,WN 2025,GINF,051074,SI,626
85101393,FA 2024,GINF,WN 2026, ,02003,Information Mas,4865MSI,"Lib, Arch&Knwl Envs in Soc MSI",2560,FA 2025,GINF,012456,SI,549
85101393,FA 2024,GINF,WN 2026, ,02003,Information Mas,4865MSI,"Lib, Arch&Knwl Envs in Soc MSI",2560,FA 2025,GINF,021042,SI,647
85101393,FA 2024,GINF,WN 2026, ,02003,Information Mas,4865MSI,"Lib, Arch&Knwl Envs in Soc MSI",2560,FA 2025,GINF,048831,SI,547
85101393,FA 2024,GINF,WN 2026, ,02003,Information Mas,4865MSI,"Lib, Arch&Knwl Envs in Soc MSI",2560,FA 2025,GINF,050161,SI,676
85101393,FA 2024,GINF,WN 2026, ,02003,Information Mas,4865MSI,"Lib, Arch&Knwl Envs in Soc MSI",2560,FA 2025,GINF,050164,SI,504
85101393,FA 2024,GINF,WN 2026, ,02003,Information Mas,4865MSI,"Lib, Arch&Knwl Envs in Soc MSI",2570,WN 2026,GINF,022326,SI,581
85101393,FA 2024,GINF,WN 2026, ,02003,Information Mas,4865MSI,"Lib, Arch&Knwl Envs in Soc MSI",2570,WN 2026,GINF,042324,SI,639
85101393,FA 2024,GINF,WN 2026, ,02003,Information Mas,4865MSI,"Lib, Arch&Knwl Envs in Soc MSI",2570,WN 2026,GINF,045393,SI,552
85101393,FA 2024,GINF,WN 2026, ,02003,Information Mas,4865MSI,"Lib, Arch&Knwl Envs in Soc MSI",2570,WN 2026,GINF,047901,SI,699
85116161,FA 2024,GINF,WN 2027, ,02003,Information Mas,9445MSI,User Experience Design MSI,2510,FA 2024,GINF,047246,SI,506
85116161,FA 2024,GINF,WN 2027, ,02003,Information Mas,9445MSI,User Experience Design MSI,2520,WN 2025,GINF,021400,SI,520
85116161,FA 2024,GINF,WN 2027, ,02003,Information Mas,9445MSI,User Experience Design MSI,2520,WN 2025,GINF,039178,SI,539
85116161,FA 2024,GINF,WN 2027, ,02003,Information Mas,9445MSI,User Experience Design MSI,2560,FA 2025,GINF,001459,SI,690
85116161,FA 2024,GINF,WN 2027, ,02003,Information Mas,9445MSI,User Experience Design MSI,2560,FA 2025,GINF,047228,ENTR,500
85116161,FA 2024,GINF,WN 2027, ,02003,Information Mas,9445MSI,User Experience Design MSI,2560,FA 2025,GINF,051553,SI,500
85116161,FA 2024,GINF,WN 2027, ,02003,Information Mas,9445MSI,User Experience Design MSI,2560,FA 2025,GINF,052216,SI,512
85116161,FA 2024,GINF,WN 2027, ,02003,Information Mas,9445MSI,User Experience Design MSI,2570,WN 2026,GINF,020401,SI,622
85116161,FA 2024,GINF,WN 2027, ,02003,Information Mas,9445MSI,User Experience Design MSI,2570,WN 2026,GINF,049112,PAT,500
85116161,FA 2024,GINF,WN 2027, ,02003,Information Mas,9445MSI,User Experience Design MSI,2570,WN 2026,GINF,052216,SI,512
85374778,FA 2025,GINF,WN 2027, ,02003,Information Mas,4865MSI,"Lib, Arch&Knwl Envs in Soc MSI",2560,FA 2025,GINF,009731,SI,580
85374778,FA 2025,GINF,WN 2027, ,02003,Information Mas,4865MSI,"Lib, Arch&Knwl Envs in Soc MSI",2560,FA 2025,GINF,021045,SI,666
85374778,FA 2025,GINF,WN 2027, ,02003,Information Mas,4865MSI,"Lib, Arch&Knwl Envs in Soc MSI",2560,FA 2025,GINF,021391,SI,511
85374778,FA 2025,GINF,WN 2027, ,02003,Information Mas,4865MSI,"Lib, Arch&Knwl Envs in Soc MSI",2560,FA 2025,GINF,048129,SI,505
85374778,FA 2025,GINF,WN 2027, ,02003,Information Mas,4865MSI,"Lib, Arch&Knwl Envs in Soc MSI",2560,FA 2025,GINF,050164,SI,504
85374778,FA 2025,GINF,WN 2027, ,02003,Information Mas,4865MSI,"Lib, Arch&Knwl Envs in Soc MSI",2560,FA 2025,GINF,051553,SI,500
85374778,FA 2025,GINF,WN 2027, ,02003,Information Mas,4865MSI,"Lib, Arch&Knwl Envs in Soc MSI",2570,WN 2026,GINF,047246,SI,506
85374778,FA 2025,GINF,WN 2027, ,02003,Information Mas,4865MSI,"Lib, Arch&Knwl Envs in Soc MSI",2570,WN 2026,GINF,048280,SI,667
85374778,FA 2025,GINF,WN 2027, ,02003,Information Mas,4865MSI,"Lib, Arch&Knwl Envs in Soc MSI",2570,WN 2026,GINF,049601,SI,564
85374778,FA 2025,GINF,WN 2027, ,02003,Information Mas,4865MSI,"Lib, Arch&Knwl Envs in Soc MSI",2570,WN 2026,GINF,050162,SI,510
85374778,FA 2025,GINF,WN 2027, ,02003,Information Mas,4865MSI,"Lib, Arch&Knwl Envs in Soc MSI",2570,WN 2026,GINF,051074,SI,626
85591174,FA 2025,GINF,WN 2027, ,02003,Information Mas,0775MSI,Big Data Analytics MSI,2560,FA 2025,GINF,041934,SI,608
85591174,FA 2025,GINF,WN 2027, ,02003,Information Mas,0775MSI,Big Data Analytics MSI,2560,FA 2025,GINF,042091,SI,618
85591174,FA 2025,GINF,WN 2027, ,02003,Information Mas,0775MSI,Big Data Analytics MSI,2560,FA 2025,GINF,048500,SI,670
85591174,FA 2025,GINF,WN 2027, ,02003,Information Mas,0775MSI,Big Data Analytics MSI,2560,FA 2025,GINF,050983,SI,602
85591174,FA 2025,GINF,WN 2027, ,02003,Information Mas,0775MSI,Big Data Analytics MSI,2560,FA 2025,GINF,051553,SI,500
85591174,FA 2025,GINF,WN 2027, ,02003,Information Mas,0775MSI,Big Data Analytics MSI,2570,WN 2026,GINF,020934,SI,649
85591174,FA 2025,GINF,WN 2027, ,02003,Information Mas,0775MSI,Big Data Analytics MSI,2570,WN 2026,GINF,042324,SI,639
85591174,FA 2025,GINF,WN 2027, ,02003,Information Mas,0775MSI,Big Data Analytics MSI,2570,WN 2026,GINF,048268,SI,630
85591174,FA 2025,GINF,WN 2027, ,02003,Information Mas,0775MSI,Big Data Analytics MSI,2570,WN 2026,GINF,050663,SI,568
85591174,FA 2025,GINF,WN 2027, ,02003,Information Mas,0775MSI,Big Data Analytics MSI,2570,WN 2026,GINF,050771,ECE,567
85793922,FA 2025,GINF,WN 2027, ,02003,Information Mas,9445MSI,User Experience Design MSI,2560,FA 2025,GINF,017281,SI,588
85793922,FA 2025,GINF,WN 2027, ,02003,Information Mas,9445MSI,User Experience Design MSI,2560,FA 2025,GINF,044772,SI,582
85793922,FA 2025,GINF,WN 2027, ,02003,Information Mas,9445MSI,User Experience Design MSI,2560,FA 2025,GINF,047246,SI,506
85793922,FA 2025,GINF,WN 2027, ,02003,Information Mas,9445MSI,User Experience Design MSI,2560,FA 2025,GINF,051553,SI,500
85793922,FA 2025,GINF,WN 2027, ,02003,Information Mas,9445MSI,User Experience Design MSI,2570,WN 2026,GINF,020401,SI,622
85793922,FA 2025,GINF,WN 2027, ,02003,Information Mas,9445MSI,User Experience Design MSI,2570,WN 2026,GINF,021391,SI,511
85793922,FA 2025,GINF,WN 2027, ,02003,Information Mas,9445MSI,User Experience Design MSI,2570,WN 2026,GINF,021400,SI,520
85793922,FA 2025,GINF,WN 2027, ,02003,Information Mas,9445MSI,User Experience Design MSI,2570,WN 2026,GINF,039178,SI,539
85793922,FA 2025,GINF,WN 2027, ,02003,Information Mas,9445MSI,User Experience Design MSI,2570,WN 2026,GINF,041626,SI,664
85793922,FA 2025,GINF,WN 2027, ,02003,Information Mas,9445MSI,User Experience Design MSI,2570,WN 2026,GINF,045393,SI,552
85793922,FA 2025,GINF,WN 2027, ,02003,Information Mas,9445MSI,User Experience Design MSI,2570,WN 2026,GINF,048129,SI,505
85851601,FA 2024,GINF,WN 2026, ,02003,Information Mas,9445MSI,User Experience Design MSI,2510,FA 2024,GINF,047228,ENTR,500
85851601,FA 2024,GINF,WN 2026, ,02003,Information Mas,9445MSI,User Experience Design MSI,2510,FA 2024,GINF,047246,SI,506
85851601,FA 2024,GINF,WN 2026, ,02003,Information Mas,9445MSI,User Experience Design MSI,2510,FA 2024,GINF,048488,SI,559
85851601,FA 2024,GINF,WN 2026, ,02003,Information Mas,9445MSI,User Experience Design MSI,2510,FA 2024,GINF,050164,SI,504
85851601,FA 2024,GINF,WN 2026, ,02003,Information Mas,9445MSI,User Experience Design MSI,2510,FA 2024,GINF,051553,SI,500
85851601,FA 2024,GINF,WN 2026, ,02003,Information Mas,9445MSI,User Experience Design MSI,2520,WN 2025,GINF,020401,SI,622
85851601,FA 2024,GINF,WN 2026, ,02003,Information Mas,9445MSI,User Experience Design MSI,2520,WN 2025,GINF,039178,SI,539
85851601,FA 2024,GINF,WN 2026, ,02003,Information Mas,9445MSI,User Experience Design MSI,2520,WN 2025,GINF,040667,SI,681
85851601,FA 2024,GINF,WN 2026, ,02003,Information Mas,9445MSI,User Experience Design MSI,2520,WN 2025,GINF,048129,SI,505
85851601,FA 2024,GINF,WN 2026, ,02003,Information Mas,9445MSI,User Experience Design MSI,2520,WN 2025,GINF,048486,SI,659
85851601,FA 2024,GINF,WN 2026, ,02003,Information Mas,9445MSI,User Experience Design MSI,2520,WN 2025,GINF,051455,SI,569
85851601,FA 2024,GINF,WN 2026, ,02003,Information Mas,9445MSI,User Experience Design MSI,2560,FA 2025,GINF,001459,SI,690
85851601,FA 2024,GINF,WN 2026, ,02003,Information Mas,9445MSI,User Experience Design MSI,2560,FA 2025,GINF,021400,SI,520
85851601,FA 2024,GINF,WN 2026, ,02003,Information Mas,9445MSI,User Experience Design MSI,2560,FA 2025,GINF,043863,SI,612
85851601,FA 2024,GINF,WN 2026, ,02003,Information Mas,9445MSI,User Experience Design MSI,2560,FA 2025,GINF,047233,ENTR,520
85851601,FA 2024,GINF,WN 2026, ,02003,Information Mas,9445MSI,User Experience Design MSI,2560,FA 2025,GINF,048421,ENTR,560
85851601,FA 2024,GINF,WN 2026, ,02003,Information Mas,9445MSI,User Experience Design MSI,2570,WN 2026,GINF,021391,SI,511
85851601,FA 2024,GINF,WN 2026, ,02003,Information Mas,9445MSI,User Experience Design MSI,2570,WN 2026,GINF,047304,ENTR,550
85851601,FA 2024,GINF,WN 2026, ,02003,Information Mas,9445MSI,User Experience Design MSI,2570,WN 2026,GINF,047901,SI,699
86050470,FA 2025,GINF,WN 2027, ,02003,Information Mas,4865MSI,"Lib, Arch&Knwl Envs in Soc MSI",2560,FA 2025,GINF,009731,SI,580
86050470,FA 2025,GINF,WN 2027, ,02003,Information Mas,4865MSI,"Lib, Arch&Knwl Envs in Soc MSI",2560,FA 2025,GINF,021045,SI,666
86050470,FA 2025,GINF,WN 2027, ,02003,Information Mas,4865MSI,"Lib, Arch&Knwl Envs in Soc MSI",2560,FA 2025,GINF,021391,SI,511
86050470,FA 2025,GINF,WN 2027, ,02003,Information Mas,4865MSI,"Lib, Arch&Knwl Envs in Soc MSI",2560,FA 2025,GINF,051553,SI,500
86050470,FA 2025,GINF,WN 2027, ,02003,Information Mas,4865MSI,"Lib, Arch&Knwl Envs in Soc MSI",2570,WN 2026,GINF,022326,SI,581
86050470,FA 2025,GINF,WN 2027, ,02003,Information Mas,4865MSI,"Lib, Arch&Knwl Envs in Soc MSI",2570,WN 2026,GINF,047246,SI,506
86050470,FA 2025,GINF,WN 2027, ,02003,Information Mas,4865MSI,"Lib, Arch&Knwl Envs in Soc MSI",2570,WN 2026,GINF,048280,SI,667
86050470,FA 2025,GINF,WN 2027, ,02003,Information Mas,4865MSI,"Lib, Arch&Knwl Envs in Soc MSI",2570,WN 2026,GINF,050162,SI,510
86402358,FA 2024,GINF,WN 2026, ,02003,Information Mas,9455MSI,User-Centered Agile Dev MSI,2510,FA 2024,GINF,017281,SI,588
86402358,FA 2024,GINF,WN 2026, ,02003,Information Mas,9455MSI,User-Centered Agile Dev MSI,2510,FA 2024,GINF,041855,SI,631
86402358,FA 2024,GINF,WN 2026, ,02003,Information Mas,9455MSI,User-Centered Agile Dev MSI,2510,FA 2024,GINF,047246,SI,506
86402358,FA 2024,GINF,WN 2026, ,02003,Information Mas,9455MSI,User-Centered Agile Dev MSI,2510,FA 2024,GINF,048129,SI,505
86402358,FA 2024,GINF,WN 2026, ,02003,Information Mas,9455MSI,User-Centered Agile Dev MSI,2510,FA 2024,GINF,050164,SI,504
86402358,FA 2024,GINF,WN 2026, ,02003,Information Mas,9455MSI,User-Centered Agile Dev MSI,2510,FA 2024,GINF,051553,SI,500
86402358,FA 2024,GINF,WN 2026, ,02003,Information Mas,9455MSI,User-Centered Agile Dev MSI,2520,WN 2025,GINF,021050,SI,691
86402358,FA 2024,GINF,WN 2026, ,02003,Information Mas,9455MSI,User-Centered Agile Dev MSI,2520,WN 2025,GINF,039178,SI,539
86402358,FA 2024,GINF,WN 2026, ,02003,Information Mas,9455MSI,User-Centered Agile Dev MSI,2520,WN 2025,GINF,040667,SI,681
86402358,FA 2024,GINF,WN 2026, ,02003,Information Mas,9455MSI,User-Centered Agile Dev MSI,2520,WN 2025,GINF,047640,SI,507
86402358,FA 2024,GINF,WN 2026, ,02003,Information Mas,9455MSI,User-Centered Agile Dev MSI,2520,WN 2025,GINF,049601,SI,564
86402358,FA 2024,GINF,WN 2026, ,02003,Information Mas,9455MSI,User-Centered Agile Dev MSI,2520,WN 2025,GINF,050159,SI,579
86402358,FA 2024,GINF,WN 2026, ,02003,Information Mas,9455MSI,User-Centered Agile Dev MSI,2560,FA 2025,GINF,016607,SI,544
86402358,FA 2024,GINF,WN 2026, ,02003,Information Mas,9455MSI,User-Centered Agile Dev MSI,2560,FA 2025,GINF,048487,SI,669
86402358,FA 2024,GINF,WN 2026, ,02003,Information Mas,9455MSI,User-Centered Agile Dev MSI,2560,FA 2025,GINF,051836,SI,611
86402358,FA 2024,GINF,WN 2026, ,02003,Information Mas,9455MSI,User-Centered Agile Dev MSI,2570,WN 2026,GINF,041626,SI,664
86402358,FA 2024,GINF,WN 2026, ,02003,Information Mas,9455MSI,User-Centered Agile Dev MSI,2570,WN 2026,GINF,047901,SI,699
86402358,FA 2024,GINF,WN 2026, ,02003,Information Mas,9455MSI,User-Centered Agile Dev MSI,2570,WN 2026,GINF,049082,SI,682
86402358,FA 2024,GINF,WN 2026, ,02003,Information Mas,9455MSI,User-Centered Agile Dev MSI,2570,WN 2026,GINF,051836,SI,611
86539958,FA 2025,GINF,WN 2027, ,02003,Information Mas,0775MSI,Big Data Analytics MSI,2560,FA 2025,GINF,006651,ENS,344
86539958,FA 2025,GINF,WN 2027, ,02003,Information Mas,0775MSI,Big Data Analytics MSI,2560,FA 2025,GINF,047640,SI,507
86539958,FA 2025,GINF,WN 2027, ,02003,Information Mas,0775MSI,Big Data Analytics MSI,2560,FA 2025,GINF,049601,SI,564
86539958,FA 2025,GINF,WN 2027, ,02003,Information Mas,0775MSI,Big Data Analytics MSI,2560,FA 2025,GINF,050164,SI,504
86539958,FA 2025,GINF,WN 2027, ,02003,Information Mas,0775MSI,Big Data Analytics MSI,2560,FA 2025,GINF,050983,SI,602
86539958,FA 2025,GINF,WN 2027, ,02003,Information Mas,0775MSI,Big Data Analytics MSI,2560,FA 2025,GINF,051553,SI,500
86539958,FA 2025,GINF,WN 2027, ,02003,Information Mas,0775MSI,Big Data Analytics MSI,2570,WN 2026,GINF,006651,ENS,344
86539958,FA 2025,GINF,WN 2027, ,02003,Information Mas,0775MSI,Big Data Analytics MSI,2570,WN 2026,GINF,020934,SI,649
86539958,FA 2025,GINF,WN 2027, ,02003,Information Mas,0775MSI,Big Data Analytics MSI,2570,WN 2026,GINF,021391,SI,511
86539958,FA 2025,GINF,WN 2027, ,02003,Information Mas,0775MSI,Big Data Analytics MSI,2570,WN 2026,GINF,042091,SI,618
86539958,FA 2025,GINF,WN 2027, ,02003,Information Mas,0775MSI,Big Data Analytics MSI,2570,WN 2026,GINF,050663,SI,568
86539958,FA 2025,GINF,WN 2027, ,02003,Information Mas,0775MSI,Big Data Analytics MSI,2570,WN 2026,GINF,051462,SI,644
87098087,FA 2024,GINF,WN 2026, ,02003,Information Mas,0775MSI,Big Data Analytics MSI,2510,FA 2024,GINF,041934,SI,608
87098087,FA 2024,GINF,WN 2026, ,02003,Information Mas,0775MSI,Big Data Analytics MSI,2510,FA 2024,GINF,042071,SI,563
87098087,FA 2024,GINF,WN 2026, ,02003,Information Mas,0775MSI,Big Data Analytics MSI,2510,FA 2024,GINF,042091,SI,618
87098087,FA 2024,GINF,WN 2026, ,02003,Information Mas,0775MSI,Big Data Analytics MSI,2510,FA 2024,GINF,051553,SI,500
87098087,FA 2024,GINF,WN 2026, ,02003,Information Mas,0775MSI,Big Data Analytics MSI,2520,WN 2025,GINF,040667,SI,681
87098087,FA 2024,GINF,WN 2026, ,02003,Information Mas,0775MSI,Big Data Analytics MSI,2520,WN 2025,GINF,041626,SI,664
87098087,FA 2024,GINF,WN 2026, ,02003,Information Mas,0775MSI,Big Data Analytics MSI,2520,WN 2025,GINF,050663,SI,568
87098087,FA 2024,GINF,WN 2026, ,02003,Information Mas,0775MSI,Big Data Analytics MSI,2520,WN 2025,GINF,050983,SI,602
87098087,FA 2024,GINF,WN 2026, ,02003,Information Mas,0775MSI,Big Data Analytics MSI,2520,WN 2025,GINF,051462,SI,644
87098087,FA 2024,GINF,WN 2026, ,02003,Information Mas,0775MSI,Big Data Analytics MSI,2560,FA 2025,GINF,009732,SI,650
87098087,FA 2024,GINF,WN 2026, ,02003,Information Mas,0775MSI,Big Data Analytics MSI,2560,FA 2025,GINF,045930,SI,671
87098087,FA 2024,GINF,WN 2026, ,02003,Information Mas,0775MSI,Big Data Analytics MSI,2570,WN 2026,GINF,047901,SI,699
87166336,FA 2025,GINF,WN 2027, ,02003,Information Mas,9455MSI,User-Centered Agile Dev MSI,2560,FA 2025,GINF,017281,SI,588
87166336,FA 2025,GINF,WN 2027, ,02003,Information Mas,9455MSI,User-Centered Agile Dev MSI,2560,FA 2025,GINF,041855,SI,631
87166336,FA 2025,GINF,WN 2027, ,02003,Information Mas,9455MSI,User-Centered Agile Dev MSI,2560,FA 2025,GINF,044772,SI,582
87166336,FA 2025,GINF,WN 2027, ,02003,Information Mas,9455MSI,User-Centered Agile Dev MSI,2560,FA 2025,GINF,047246,SI,506
87166336,FA 2025,GINF,WN 2027, ,02003,Information Mas,9455MSI,User-Centered Agile Dev MSI,2560,FA 2025,GINF,050164,SI,504
87166336,FA 2025,GINF,WN 2027, ,02003,Information Mas,9455MSI,User-Centered Agile Dev MSI,2560,FA 2025,GINF,051553,SI,500
87166336,FA 2025,GINF,WN 2027, ,02003,Information Mas,9455MSI,User-Centered Agile Dev MSI,2570,WN 2026,GINF,041626,SI,664
87166336,FA 2025,GINF,WN 2027, ,02003,Information Mas,9455MSI,User-Centered Agile Dev MSI,2570,WN 2026,GINF,047640,SI,507
87166336,FA 2025,GINF,WN 2027, ,02003,Information Mas,9455MSI,User-Centered Agile Dev MSI,2570,WN 2026,GINF,048488,SI,559
87166336,FA 2025,GINF,WN 2027, ,02003,Information Mas,9455MSI,User-Centered Agile Dev MSI,2570,WN 2026,GINF,050159,SI,579
87512794,FA 2025,GINF,WN 2026, ,02003,Information Mas,9445MSI,User Experience Design MSI,2560,FA 2025,GINF,001459,SI,690
87512794,FA 2025,GINF,WN 2026, ,02003,Information Mas,9445MSI,User Experience Design MSI,2560,FA 2025,GINF,044798,ENTR,599
87512794,FA 2025,GINF,WN 2026, ,02003,Information Mas,9445MSI,User Experience Design MSI,2560,FA 2025,GINF,045771,SI,684
87512794,FA 2025,GINF,WN 2026, ,02003,Information Mas,9445MSI,User Experience Design MSI,2560,FA 2025,GINF,048488,SI,559
87512794,FA 2025,GINF,WN 2026, ,02003,Information Mas,9445MSI,User Experience Design MSI,2560,FA 2025,GINF,051836,SI,611
87512794,FA 2025,GINF,WN 2026, ,02003,Information Mas,9445MSI,User Experience Design MSI,2560,FA 2025,GINF,052091,ENTR,570
87512794,FA 2025,GINF,WN 2026, ,02003,Information Mas,9445MSI,User Experience Design MSI,2570,WN 2026,GINF,001459,SI,690
87512794,FA 2025,GINF,WN 2026, ,02003,Information Mas,9445MSI,User Experience Design MSI,2570,WN 2026,GINF,021391,SI,511
87512794,FA 2025,GINF,WN 2026, ,02003,Information Mas,9445MSI,User Experience Design MSI,2570,WN 2026,GINF,022099,SI,658
87512794,FA 2025,GINF,WN 2026, ,02003,Information Mas,9445MSI,User Experience Design MSI,2570,WN 2026,GINF,047901,SI,699
87512794,FA 2025,GINF,WN 2026, ,02003,Information Mas,9445MSI,User Experience Design MSI,2570,WN 2026,GINF,051836,SI,611
87636480,FA 2024,GINF,WN 2026, ,02003,Information Mas,5005MSI,Master's ThesisOption Prog MSI,2510,FA 2024,GINF,017281,SI,588
87636480,FA 2024,GINF,WN 2026, ,02003,Information Mas,5005MSI,Master's ThesisOption Prog MSI,2510,FA 2024,GINF,039178,SI,539
87636480,FA 2024,GINF,WN 2026, ,02003,Information Mas,5005MSI,Master's ThesisOption Prog MSI,2510,FA 2024,GINF,044772,SI,582
87636480,FA 2024,GINF,WN 2026, ,02003,Information Mas,5005MSI,Master's ThesisOption Prog MSI,2510,FA 2024,GINF,047246,SI,506
87636480,FA 2024,GINF,WN 2026, ,02003,Information Mas,5005MSI,Master's ThesisOption Prog MSI,2510,FA 2024,GINF,048129,SI,505
87636480,FA 2024,GINF,WN 2026, ,02003,Information Mas,5005MSI,Master's ThesisOption Prog MSI,2510,FA 2024,GINF,051553,SI,500
87636480,FA 2024,GINF,WN 2026, ,02003,Information Mas,5005MSI,Master's ThesisOption Prog MSI,2520,WN 2025,GINF,020401,SI,622
87636480,FA 2024,GINF,WN 2026, ,02003,Information Mas,5005MSI,Master's ThesisOption Prog MSI,2520,WN 2025,GINF,039979,SI,623
87636480,FA 2024,GINF,WN 2026, ,02003,Information Mas,5005MSI,Master's ThesisOption Prog MSI,2520,WN 2025,GINF,041626,SI,664
87636480,FA 2024,GINF,WN 2026, ,02003,Information Mas,5005MSI,Master's ThesisOption Prog MSI,2520,WN 2025,GINF,047640,SI,507
87636480,FA 2024,GINF,WN 2026, ,02003,Information Mas,5005MSI,Master's ThesisOption Prog MSI,2520,WN 2025,GINF,049601,SI,564
87636480,FA 2024,GINF,WN 2026, ,02003,Information Mas,5005MSI,Master's ThesisOption Prog MSI,2520,WN 2025,GINF,050164,SI,504
87636480,FA 2024,GINF,WN 2026, ,02003,Information Mas,5005MSI,Master's ThesisOption Prog MSI,2560,FA 2025,GINF,021391,SI,511
87636480,FA 2024,GINF,WN 2026, ,02003,Information Mas,5005MSI,Master's ThesisOption Prog MSI,2560,FA 2025,GINF,048487,SI,669
87636480,FA 2024,GINF,WN 2026, ,02003,Information Mas,5005MSI,Master's ThesisOption Prog MSI,2560,FA 2025,GINF,049365,SI,697
87636480,FA 2024,GINF,WN 2026, ,02003,Information Mas,5005MSI,Master's ThesisOption Prog MSI,2560,FA 2025,GINF,051836,SI,611
87636480,FA 2024,GINF,WN 2026, ,02003,Information Mas,5005MSI,Master's ThesisOption Prog MSI,2560,FA 2025,GINF,052100,SI,597
87636480,FA 2024,GINF,WN 2026, ,02003,Information Mas,5005MSI,Master's ThesisOption Prog MSI,2560,FA 2025,GINF,052216,SI,512
87636480,FA 2024,GINF,WN 2026, ,02003,Information Mas,5005MSI,Master's ThesisOption Prog MSI,2570,WN 2026,GINF,049040,SI,698
87784490,FA 2024,GINF,WN 2026, ,02003,Information Mas,9445MSI,User Experience Design MSI,2510,FA 2024,GINF,017281,SI,588
87784490,FA 2024,GINF,WN 2026, ,02003,Information Mas,9445MSI,User Experience Design MSI,2510,FA 2024,GINF,044772,SI,582
87784490,FA 2024,GINF,WN 2026, ,02003,Information Mas,9445MSI,User Experience Design MSI,2510,FA 2024,GINF,047246,SI,506
87784490,FA 2024,GINF,WN 2026, ,02003,Information Mas,9445MSI,User Experience Design MSI,2510,FA 2024,GINF,051553,SI,500
87784490,FA 2024,GINF,WN 2026, ,02003,Information Mas,9445MSI,User Experience Design MSI,2520,WN 2025,GINF,020401,SI,622
87784490,FA 2024,GINF,WN 2026, ,02003,Information Mas,9445MSI,User Experience Design MSI,2520,WN 2025,GINF,021400,SI,520
87784490,FA 2024,GINF,WN 2026, ,02003,Information Mas,9445MSI,User Experience Design MSI,2520,WN 2025,GINF,022099,SI,658
87784490,FA 2024,GINF,WN 2026, ,02003,Information Mas,9445MSI,User Experience Design MSI,2520,WN 2025,GINF,039178,SI,539
87784490,FA 2024,GINF,WN 2026, ,02003,Information Mas,9445MSI,User Experience Design MSI,2520,WN 2025,GINF,040667,SI,681
87784490,FA 2024,GINF,WN 2026, ,02003,Information Mas,9445MSI,User Experience Design MSI,2560,FA 2025,GINF,038659,SI,519
87784490,FA 2024,GINF,WN 2026, ,02003,Information Mas,9445MSI,User Experience Design MSI,2560,FA 2025,GINF,045393,SI,552
87784490,FA 2024,GINF,WN 2026, ,02003,Information Mas,9445MSI,User Experience Design MSI,2560,FA 2025,GINF,047901,SI,699
87784490,FA 2024,GINF,WN 2026, ,02003,Information Mas,9445MSI,User Experience Design MSI,2570,WN 2026,GINF,039543,PUBPOL,750
87784490,FA 2024,GINF,WN 2026, ,02003,Information Mas,9445MSI,User Experience Design MSI,2570,WN 2026,GINF,047641,SI,540
87784490,FA 2024,GINF,WN 2026, ,02003,Information Mas,9445MSI,User Experience Design MSI,2570,WN 2026,GINF,050252,DIGITAL,601
88024371,FA 2024,GINF,WN 2026, ,02003,Information Mas,9445MSI,User Experience Design MSI,2510,FA 2024,GINF,017281,SI,588
88024371,FA 2024,GINF,WN 2026, ,02003,Information Mas,9445MSI,User Experience Design MSI,2510,FA 2024,GINF,044772,SI,582
88024371,FA 2024,GINF,WN 2026, ,02003,Information Mas,9445MSI,User Experience Design MSI,2510,FA 2024,GINF,047246,SI,506
88024371,FA 2024,GINF,WN 2026, ,02003,Information Mas,9445MSI,User Experience Design MSI,2510,FA 2024,GINF,048129,SI,505
88024371,FA 2024,GINF,WN 2026, ,02003,Information Mas,9445MSI,User Experience Design MSI,2510,FA 2024,GINF,048488,SI,559
88024371,FA 2024,GINF,WN 2026, ,02003,Information Mas,9445MSI,User Experience Design MSI,2510,FA 2024,GINF,051553,SI,500
88024371,FA 2024,GINF,WN 2026, ,02003,Information Mas,9445MSI,User Experience Design MSI,2520,WN 2025,GINF,020401,SI,622
88024371,FA 2024,GINF,WN 2026, ,02003,Information Mas,9445MSI,User Experience Design MSI,2520,WN 2025,GINF,039178,SI,539
88024371,FA 2024,GINF,WN 2026, ,02003,Information Mas,9445MSI,User Experience Design MSI,2520,WN 2025,GINF,040667,SI,681
88024371,FA 2024,GINF,WN 2026, ,02003,Information Mas,9445MSI,User Experience Design MSI,2520,WN 2025,GINF,041957,ENGR,599
88024371,FA 2024,GINF,WN 2026, ,02003,Information Mas,9445MSI,User Experience Design MSI,2520,WN 2025,GINF,048486,SI,659
88024371,FA 2024,GINF,WN 2026, ,02003,Information Mas,9445MSI,User Experience Design MSI,2560,FA 2025,GINF,041957,ENGR,599
88024371,FA 2024,GINF,WN 2026, ,02003,Information Mas,9445MSI,User Experience Design MSI,2560,FA 2025,GINF,045769,PAT,555
88024371,FA 2024,GINF,WN 2026, ,02003,Information Mas,9445MSI,User Experience Design MSI,2560,FA 2025,GINF,045771,SI,684
88024371,FA 2024,GINF,WN 2026, ,02003,Information Mas,9445MSI,User Experience Design MSI,2560,FA 2025,GINF,047901,SI,699
88024371,FA 2024,GINF,WN 2026, ,02003,Information Mas,9445MSI,User Experience Design MSI,2570,WN 2026,GINF,051836,SI,611
88162771,FA 2024,GINF,WN 2026, ,02003,Information Mas,5005MSI,Master's ThesisOption Prog MSI,2510,FA 2024,GINF,017281,SI,588
88162771,FA 2024,GINF,WN 2026, ,02003,Information Mas,5005MSI,Master's ThesisOption Prog MSI,2510,FA 2024,GINF,039178,SI,539
88162771,FA 2024,GINF,WN 2026, ,02003,Information Mas,5005MSI,Master's ThesisOption Prog MSI,2510,FA 2024,GINF,047246,SI,506
88162771,FA 2024,GINF,WN 2026, ,02003,Information Mas,5005MSI,Master's ThesisOption Prog MSI,2510,FA 2024,GINF,048488,SI,559
88162771,FA 2024,GINF,WN 2026, ,02003,Information Mas,5005MSI,Master's ThesisOption Prog MSI,2510,FA 2024,GINF,051553,SI,500
88162771,FA 2024,GINF,WN 2026, ,02003,Information Mas,5005MSI,Master's ThesisOption Prog MSI,2520,WN 2025,GINF,020401,SI,622
88162771,FA 2024,GINF,WN 2026, ,02003,Information Mas,5005MSI,Master's ThesisOption Prog MSI,2520,WN 2025,GINF,040667,SI,681
88162771,FA 2024,GINF,WN 2026, ,02003,Information Mas,5005MSI,Master's ThesisOption Prog MSI,2520,WN 2025,GINF,048486,SI,659
88162771,FA 2024,GINF,WN 2026, ,02003,Information Mas,5005MSI,Master's ThesisOption Prog MSI,2520,WN 2025,GINF,051455,SI,569
88162771,FA 2024,GINF,WN 2026, ,02003,Information Mas,5005MSI,Master's ThesisOption Prog MSI,2560,FA 2025,GINF,001459,SI,690
88162771,FA 2024,GINF,WN 2026, ,02003,Information Mas,5005MSI,Master's ThesisOption Prog MSI,2560,FA 2025,GINF,042071,SI,563
88162771,FA 2024,GINF,WN 2026, ,02003,Information Mas,5005MSI,Master's ThesisOption Prog MSI,2560,FA 2025,GINF,049365,SI,697
88162771,FA 2024,GINF,WN 2026, ,02003,Information Mas,5005MSI,Master's ThesisOption Prog MSI,2560,FA 2025,GINF,050159,SI,579
88162771,FA 2024,GINF,WN 2026, ,02003,Information Mas,5005MSI,Master's ThesisOption Prog MSI,2560,FA 2025,GINF,050164,SI,504
88162771,FA 2024,GINF,WN 2026, ,02003,Information Mas,5005MSI,Master's ThesisOption Prog MSI,2560,FA 2025,GINF,052100,SI,597
88162771,FA 2024,GINF,WN 2026, ,02003,Information Mas,5005MSI,Master's ThesisOption Prog MSI,2570,WN 2026,GINF,012772,SI,548
88162771,FA 2024,GINF,WN 2026, ,02003,Information Mas,5005MSI,Master's ThesisOption Prog MSI,2570,WN 2026,GINF,021391,SI,511
88162771,FA 2024,GINF,WN 2026, ,02003,Information Mas,5005MSI,Master's ThesisOption Prog MSI,2570,WN 2026,GINF,041626,SI,664
88162771,FA 2024,GINF,WN 2026, ,02003,Information Mas,5005MSI,Master's ThesisOption Prog MSI,2570,WN 2026,GINF,049040,SI,698
88522148,FA 2025,GINF,WN 2027, ,02003,Information Mas,9445MSI,User Experience Design MSI,2560,FA 2025,GINF,017281,SI,588
88522148,FA 2025,GINF,WN 2027, ,02003,Information Mas,9445MSI,User Experience Design MSI,2560,FA 2025,GINF,039178,SI,539
88522148,FA 2025,GINF,WN 2027, ,02003,Information Mas,9445MSI,User Experience Design MSI,2560,FA 2025,GINF,047246,SI,506
88522148,FA 2025,GINF,WN 2027, ,02003,Information Mas,9445MSI,User Experience Design MSI,2560,FA 2025,GINF,048488,SI,559
88522148,FA 2025,GINF,WN 2027, ,02003,Information Mas,9445MSI,User Experience Design MSI,2560,FA 2025,GINF,051553,SI,500
88522148,FA 2025,GINF,WN 2027, ,02003,Information Mas,9445MSI,User Experience Design MSI,2570,WN 2026,GINF,020401,SI,622
88522148,FA 2025,GINF,WN 2027, ,02003,Information Mas,9445MSI,User Experience Design MSI,2570,WN 2026,GINF,040369,SI,515
88522148,FA 2025,GINF,WN 2027, ,02003,Information Mas,9445MSI,User Experience Design MSI,2570,WN 2026,GINF,044772,SI,582
88522148,FA 2025,GINF,WN 2027, ,02003,Information Mas,9445MSI,User Experience Design MSI,2570,WN 2026,GINF,045393,SI,552
88522148,FA 2025,GINF,WN 2027, ,02003,Information Mas,9445MSI,User Experience Design MSI,2570,WN 2026,GINF,048486,SI,659
88554006,FA 2024,GINF,WN 2026, ,02003,Information Mas,9445MSI,User Experience Design MSI,2510,FA 2024,GINF,017281,SI,588
88554006,FA 2024,GINF,WN 2026, ,02003,Information Mas,9445MSI,User Experience Design MSI,2510,FA 2024,GINF,044772,SI,582
88554006,FA 2024,GINF,WN 2026, ,02003,Information Mas,9445MSI,User Experience Design MSI,2510,FA 2024,GINF,047246,SI,506
88554006,FA 2024,GINF,WN 2026, ,02003,Information Mas,9445MSI,User Experience Design MSI,2510,FA 2024,GINF,048129,SI,505
88554006,FA 2024,GINF,WN 2026, ,02003,Information Mas,9445MSI,User Experience Design MSI,2510,FA 2024,GINF,051553,SI,500
88554006,FA 2024,GINF,WN 2026, ,02003,Information Mas,9445MSI,User Experience Design MSI,2520,WN 2025,GINF,020401,SI,622
88554006,FA 2024,GINF,WN 2026, ,02003,Information Mas,9445MSI,User Experience Design MSI,2520,WN 2025,GINF,039178,SI,539
88554006,FA 2024,GINF,WN 2026, ,02003,Information Mas,9445MSI,User Experience Design MSI,2520,WN 2025,GINF,040667,SI,681
88554006,FA 2024,GINF,WN 2026, ,02003,Information Mas,9445MSI,User Experience Design MSI,2520,WN 2025,GINF,043863,SI,612
88554006,FA 2024,GINF,WN 2026, ,02003,Information Mas,9445MSI,User Experience Design MSI,2520,WN 2025,GINF,050164,SI,504
88554006,FA 2024,GINF,WN 2026, ,02003,Information Mas,9445MSI,User Experience Design MSI,2520,WN 2025,GINF,051454,SI,594
88554006,FA 2024,GINF,WN 2026, ,02003,Information Mas,9445MSI,User Experience Design MSI,2560,FA 2025,GINF,021391,SI,511
88554006,FA 2024,GINF,WN 2026, ,02003,Information Mas,9445MSI,User Experience Design MSI,2560,FA 2025,GINF,021400,SI,520
88554006,FA 2024,GINF,WN 2026, ,02003,Information Mas,9445MSI,User Experience Design MSI,2560,FA 2025,GINF,041957,ENGR,599
88554006,FA 2024,GINF,WN 2026, ,02003,Information Mas,9445MSI,User Experience Design MSI,2560,FA 2025,GINF,048488,SI,559
88554006,FA 2024,GINF,WN 2026, ,02003,Information Mas,9445MSI,User Experience Design MSI,2570,WN 2026,GINF,047901,SI,699
88554006,FA 2024,GINF,WN 2026, ,02003,Information Mas,9445MSI,User Experience Design MSI,2570,WN 2026,GINF,048531,PAT,543
88554006,FA 2024,GINF,WN 2026, ,02003,Information Mas,9445MSI,User Experience Design MSI,2570,WN 2026,GINF,050136,UARTS,560
88554006,FA 2024,GINF,WN 2026, ,02003,Information Mas,9445MSI,User Experience Design MSI,2570,WN 2026,GINF,051455,SI,569
88770808,FA 2024,GINF,WN 2026, ,02003,Information Mas,9445MSI,User Experience Design MSI,2510,FA 2024,GINF,017281,SI,588
88770808,FA 2024,GINF,WN 2026, ,02003,Information Mas,9445MSI,User Experience Design MSI,2510,FA 2024,GINF,039178,SI,539
88770808,FA 2024,GINF,WN 2026, ,02003,Information Mas,9445MSI,User Experience Design MSI,2510,FA 2024,GINF,047246,SI,506
88770808,FA 2024,GINF,WN 2026, ,02003,Information Mas,9445MSI,User Experience Design MSI,2510,FA 2024,GINF,048129,SI,505
88770808,FA 2024,GINF,WN 2026, ,02003,Information Mas,9445MSI,User Experience Design MSI,2510,FA 2024,GINF,048488,SI,559
88770808,FA 2024,GINF,WN 2026, ,02003,Information Mas,9445MSI,User Experience Design MSI,2510,FA 2024,GINF,051553,SI,500
88770808,FA 2024,GINF,WN 2026, ,02003,Information Mas,9445MSI,User Experience Design MSI,2520,WN 2025,GINF,020401,SI,622
88770808,FA 2024,GINF,WN 2026, ,02003,Information Mas,9445MSI,User Experience Design MSI,2520,WN 2025,GINF,021400,SI,520
88770808,FA 2024,GINF,WN 2026, ,02003,Information Mas,9445MSI,User Experience Design MSI,2520,WN 2025,GINF,039081,SI,529
88770808,FA 2024,GINF,WN 2026, ,02003,Information Mas,9445MSI,User Experience Design MSI,2520,WN 2025,GINF,040667,SI,681
88770808,FA 2024,GINF,WN 2026, ,02003,Information Mas,9445MSI,User Experience Design MSI,2520,WN 2025,GINF,044772,SI,582
88770808,FA 2024,GINF,WN 2026, ,02003,Information Mas,9445MSI,User Experience Design MSI,2520,WN 2025,GINF,051454,SI,594
88770808,FA 2024,GINF,WN 2026, ,02003,Information Mas,9445MSI,User Experience Design MSI,2560,FA 2025,GINF,045393,SI,552
88770808,FA 2024,GINF,WN 2026, ,02003,Information Mas,9445MSI,User Experience Design MSI,2560,FA 2025,GINF,045771,SI,684
88770808,FA 2024,GINF,WN 2026, ,02003,Information Mas,9445MSI,User Experience Design MSI,2560,FA 2025,GINF,047901,SI,699
88770808,FA 2024,GINF,WN 2026, ,02003,Information Mas,9445MSI,User Experience Design MSI,2560,FA 2025,GINF,050164,SI,504
89147219,FA 2025,GINF,WN 2027, ,02003,Information Mas,9445MSI,User Experience Design MSI,2560,FA 2025,GINF,017281,SI,588
89147219,FA 2025,GINF,WN 2027, ,02003,Information Mas,9445MSI,User Experience Design MSI,2560,FA 2025,GINF,039178,SI,539
89147219,FA 2025,GINF,WN 2027, ,02003,Information Mas,9445MSI,User Experience Design MSI,2560,FA 2025,GINF,047246,SI,506
89147219,FA 2025,GINF,WN 2027, ,02003,Information Mas,9445MSI,User Experience Design MSI,2560,FA 2025,GINF,051553,SI,500
89147219,FA 2025,GINF,WN 2027, ,02003,Information Mas,9445MSI,User Experience Design MSI,2570,WN 2026,GINF,020401,SI,622
89147219,FA 2025,GINF,WN 2027, ,02003,Information Mas,9445MSI,User Experience Design MSI,2570,WN 2026,GINF,021400,SI,520
89147219,FA 2025,GINF,WN 2027, ,02003,Information Mas,9445MSI,User Experience Design MSI,2570,WN 2026,GINF,044772,SI,582
89188044,FA 2024,GINF,WN 2026, ,02003,Information Mas,0775MSI,Big Data Analytics MSI,2510,FA 2024,GINF,016607,SI,544
89188044,FA 2024,GINF,WN 2026, ,02003,Information Mas,0775MSI,Big Data Analytics MSI,2510,FA 2024,GINF,039178,SI,539
89188044,FA 2024,GINF,WN 2026, ,02003,Information Mas,0775MSI,Big Data Analytics MSI,2510,FA 2024,GINF,047246,SI,506
89188044,FA 2024,GINF,WN 2026, ,02003,Information Mas,0775MSI,Big Data Analytics MSI,2510,FA 2024,GINF,050164,SI,504
89188044,FA 2024,GINF,WN 2026, ,02003,Information Mas,0775MSI,Big Data Analytics MSI,2510,FA 2024,GINF,051553,SI,500
89188044,FA 2024,GINF,WN 2026, ,02003,Information Mas,0775MSI,Big Data Analytics MSI,2520,WN 2025,GINF,040667,SI,681
89188044,FA 2024,GINF,WN 2026, ,02003,Information Mas,0775MSI,Big Data Analytics MSI,2520,WN 2025,GINF,042091,SI,618
89188044,FA 2024,GINF,WN 2026, ,02003,Information Mas,0775MSI,Big Data Analytics MSI,2520,WN 2025,GINF,047640,SI,507
89188044,FA 2024,GINF,WN 2026, ,02003,Information Mas,0775MSI,Big Data Analytics MSI,2520,WN 2025,GINF,050159,SI,579
89188044,FA 2024,GINF,WN 2026, ,02003,Information Mas,0775MSI,Big Data Analytics MSI,2520,WN 2025,GINF,050663,SI,568
89188044,FA 2024,GINF,WN 2026, ,02003,Information Mas,0775MSI,Big Data Analytics MSI,2520,WN 2025,GINF,050983,SI,602
89188044,FA 2024,GINF,WN 2026, ,02003,Information Mas,0775MSI,Big Data Analytics MSI,2560,FA 2025,GINF,009732,SI,650
89188044,FA 2024,GINF,WN 2026, ,02003,Information Mas,0775MSI,Big Data Analytics MSI,2560,FA 2025,GINF,020934,SI,649
89188044,FA 2024,GINF,WN 2026, ,02003,Information Mas,0775MSI,Big Data Analytics MSI,2560,FA 2025,GINF,047228,ENTR,500
89188044,FA 2024,GINF,WN 2026, ,02003,Information Mas,0775MSI,Big Data Analytics MSI,2560,FA 2025,GINF,048500,SI,670
89188044,FA 2024,GINF,WN 2026, ,02003,Information Mas,0775MSI,Big Data Analytics MSI,2570,WN 2026,GINF,047901,SI,699
89220152,FA 2025,GINF,WN 2027, ,02003,Information Mas,9445MSI,User Experience Design MSI,2560,FA 2025,GINF,017281,SI,588
89220152,FA 2025,GINF,WN 2027, ,02003,Information Mas,9445MSI,User Experience Design MSI,2560,FA 2025,GINF,044772,SI,582
89220152,FA 2025,GINF,WN 2027, ,02003,Information Mas,9445MSI,User Experience Design MSI,2560,FA 2025,GINF,047246,SI,506
89220152,FA 2025,GINF,WN 2027, ,02003,Information Mas,9445MSI,User Experience Design MSI,2560,FA 2025,GINF,048129,SI,505
89220152,FA 2025,GINF,WN 2027, ,02003,Information Mas,9445MSI,User Experience Design MSI,2560,FA 2025,GINF,051553,SI,500
89220152,FA 2025,GINF,WN 2027, ,02003,Information Mas,9445MSI,User Experience Design MSI,2570,WN 2026,GINF,020401,SI,622
89220152,FA 2025,GINF,WN 2027, ,02003,Information Mas,9445MSI,User Experience Design MSI,2570,WN 2026,GINF,021400,SI,520
89220152,FA 2025,GINF,WN 2027, ,02003,Information Mas,9445MSI,User Experience Design MSI,2570,WN 2026,GINF,051454,SI,594
89220152,FA 2025,GINF,WN 2027, ,02003,Information Mas,9445MSI,User Experience Design MSI,2570,WN 2026,GINF,051836,SI,611
89225267,FA 2025,GINF,WN 2027, ,02003,Information Mas,9445MSI,User Experience Design MSI,2560,FA 2025,GINF,039178,SI,539
89225267,FA 2025,GINF,WN 2027, ,02003,Information Mas,9445MSI,User Experience Design MSI,2560,FA 2025,GINF,044772,SI,582
89225267,FA 2025,GINF,WN 2027, ,02003,Information Mas,9445MSI,User Experience Design MSI,2560,FA 2025,GINF,047246,SI,506
89225267,FA 2025,GINF,WN 2027, ,02003,Information Mas,9445MSI,User Experience Design MSI,2560,FA 2025,GINF,051553,SI,500
89225267,FA 2025,GINF,WN 2027, ,02003,Information Mas,9445MSI,User Experience Design MSI,2570,WN 2026,GINF,020401,SI,622
89225267,FA 2025,GINF,WN 2027, ,02003,Information Mas,9445MSI,User Experience Design MSI,2570,WN 2026,GINF,021400,SI,520
89225267,FA 2025,GINF,WN 2027, ,02003,Information Mas,9445MSI,User Experience Design MSI,2570,WN 2026,GINF,039543,PUBPOL,750
89225267,FA 2025,GINF,WN 2027, ,02003,Information Mas,9445MSI,User Experience Design MSI,2570,WN 2026,GINF,045393,SI,552
89252961,FA 2024,GINF,WN 2027, ,02003,Information Mas,0775MSI,Big Data Analytics MSI,2510,FA 2024,GINF,009732,SI,650
89252961,FA 2024,GINF,WN 2027, ,02003,Information Mas,0775MSI,Big Data Analytics MSI,2510,FA 2024,GINF,039178,SI,539
89252961,FA 2024,GINF,WN 2027, ,02003,Information Mas,0775MSI,Big Data Analytics MSI,2510,FA 2024,GINF,041626,SI,664
89252961,FA 2024,GINF,WN 2027, ,02003,Information Mas,0775MSI,Big Data Analytics MSI,2510,FA 2024,GINF,042091,SI,618
89252961,FA 2024,GINF,WN 2027, ,02003,Information Mas,0775MSI,Big Data Analytics MSI,2510,FA 2024,GINF,050164,SI,504
89252961,FA 2024,GINF,WN 2027, ,02003,Information Mas,0775MSI,Big Data Analytics MSI,2510,FA 2024,GINF,051553,SI,500
89252961,FA 2024,GINF,WN 2027, ,02003,Information Mas,0775MSI,Big Data Analytics MSI,2520,WN 2025,GINF,020803,SI,643
89252961,FA 2024,GINF,WN 2027, ,02003,Information Mas,0775MSI,Big Data Analytics MSI,2520,WN 2025,GINF,040667,SI,681
89252961,FA 2024,GINF,WN 2027, ,02003,Information Mas,0775MSI,Big Data Analytics MSI,2520,WN 2025,GINF,047640,SI,507
89252961,FA 2024,GINF,WN 2027, ,02003,Information Mas,0775MSI,Big Data Analytics MSI,2520,WN 2025,GINF,048268,SI,630
89252961,FA 2024,GINF,WN 2027, ,02003,Information Mas,0775MSI,Big Data Analytics MSI,2520,WN 2025,GINF,049601,SI,564
89252961,FA 2024,GINF,WN 2027, ,02003,Information Mas,0775MSI,Big Data Analytics MSI,2520,WN 2025,GINF,050663,SI,568
89252961,FA 2024,GINF,WN 2027, ,02003,Information Mas,0775MSI,Big Data Analytics MSI,2520,WN 2025,GINF,050983,SI,602
89252961,FA 2024,GINF,WN 2027, ,02003,Information Mas,0775MSI,Big Data Analytics MSI,2560,FA 2025,GINF,041934,SI,608
89252961,FA 2024,GINF,WN 2027, ,02003,Information Mas,0775MSI,Big Data Analytics MSI,2560,FA 2025,GINF,045930,SI,671
89252961,FA 2024,GINF,WN 2027, ,02003,Information Mas,0775MSI,Big Data Analytics MSI,2560,FA 2025,GINF,052172,SI,679
89252961,FA 2024,GINF,WN 2027, ,02003,Information Mas,0775MSI,Big Data Analytics MSI,2570,WN 2026,GINF,047901,SI,699
89461791,FA 2025,GINF,WN 2027, ,02003,Information Mas,0775MSI,Big Data Analytics MSI,2560,FA 2025,GINF,016607,SI,544
89461791,FA 2025,GINF,WN 2027, ,02003,Information Mas,0775MSI,Big Data Analytics MSI,2560,FA 2025,GINF,047246,SI,506
89461791,FA 2025,GINF,WN 2027, ,02003,Information Mas,0775MSI,Big Data Analytics MSI,2560,FA 2025,GINF,050164,SI,504
89461791,FA 2025,GINF,WN 2027, ,02003,Information Mas,0775MSI,Big Data Analytics MSI,2560,FA 2025,GINF,051553,SI,500
89461791,FA 2025,GINF,WN 2027, ,02003,Information Mas,0775MSI,Big Data Analytics MSI,2570,WN 2026,GINF,041626,SI,664
89461791,FA 2025,GINF,WN 2027, ,02003,Information Mas,0775MSI,Big Data Analytics MSI,2570,WN 2026,GINF,042091,SI,618
89461791,FA 2025,GINF,WN 2027, ,02003,Information Mas,0775MSI,Big Data Analytics MSI,2570,WN 2026,GINF,047640,SI,507
89461791,FA 2025,GINF,WN 2027, ,02003,Information Mas,0775MSI,Big Data Analytics MSI,2570,WN 2026,GINF,050663,SI,568
89461791,FA 2025,GINF,WN 2027, ,02003,Information Mas,0775MSI,Big Data Analytics MSI,2570,WN 2026,GINF,050983,SI,602
89602632,FA 2025,GINF,WN 2027, ,02003,Information Mas,9445MSI,User Experience Design MSI,2560,FA 2025,GINF,017281,SI,588
89602632,FA 2025,GINF,WN 2027, ,02003,Information Mas,9445MSI,User Experience Design MSI,2560,FA 2025,GINF,039178,SI,539
89602632,FA 2025,GINF,WN 2027, ,02003,Information Mas,9445MSI,User Experience Design MSI,2560,FA 2025,GINF,047246,SI,506
89602632,FA 2025,GINF,WN 2027, ,02003,Information Mas,9445MSI,User Experience Design MSI,2560,FA 2025,GINF,051553,SI,500
89602632,FA 2025,GINF,WN 2027, ,02003,Information Mas,9445MSI,User Experience Design MSI,2570,WN 2026,GINF,020401,SI,622
89602632,FA 2025,GINF,WN 2027, ,02003,Information Mas,9445MSI,User Experience Design MSI,2570,WN 2026,GINF,021400,SI,520
89602632,FA 2025,GINF,WN 2027, ,02003,Information Mas,9445MSI,User Experience Design MSI,2570,WN 2026,GINF,044772,SI,582
89602632,FA 2025,GINF,WN 2027, ,02003,Information Mas,9445MSI,User Experience Design MSI,2570,WN 2026,GINF,045732,SI,554
89666064,FA 2025,GINF,WN 2027, ,02003,Information Mas,9445MSI,User Experience Design MSI,2560,FA 2025,GINF,017281,SI,588
89666064,FA 2025,GINF,WN 2027, ,02003,Information Mas,9445MSI,User Experience Design MSI,2560,FA 2025,GINF,044772,SI,582
89666064,FA 2025,GINF,WN 2027, ,02003,Information Mas,9445MSI,User Experience Design MSI,2560,FA 2025,GINF,047246,SI,506
89666064,FA 2025,GINF,WN 2027, ,02003,Information Mas,9445MSI,User Experience Design MSI,2560,FA 2025,GINF,051553,SI,500
89666064,FA 2025,GINF,WN 2027, ,02003,Information Mas,9445MSI,User Experience Design MSI,2570,WN 2026,GINF,020401,SI,622
89666064,FA 2025,GINF,WN 2027, ,02003,Information Mas,9445MSI,User Experience Design MSI,2570,WN 2026,GINF,021400,SI,520
89666064,FA 2025,GINF,WN 2027, ,02003,Information Mas,9445MSI,User Experience Design MSI,2570,WN 2026,GINF,039178,SI,539
89666064,FA 2025,GINF,WN 2027, ,02003,Information Mas,9445MSI,User Experience Design MSI,2570,WN 2026,GINF,048488,SI,559
89795528,FA 2024,GINF,FA 2025,FA 2025,02003,Information Mas,9445MSI,User Experience Design MSI,2510,FA 2024,GINF,017281,SI,588
89795528,FA 2024,GINF,FA 2025,FA 2025,02003,Information Mas,9445MSI,User Experience Design MSI,2510,FA 2024,GINF,039178,SI,539
89795528,FA 2024,GINF,FA 2025,FA 2025,02003,Information Mas,9445MSI,User Experience Design MSI,2510,FA 2024,GINF,044772,SI,582
89795528,FA 2024,GINF,FA 2025,FA 2025,02003,Information Mas,9445MSI,User Experience Design MSI,2510,FA 2024,GINF,047246,SI,506
89795528,FA 2024,GINF,FA 2025,FA 2025,02003,Information Mas,9445MSI,User Experience Design MSI,2510,FA 2024,GINF,051553,SI,500
89795528,FA 2024,GINF,FA 2025,FA 2025,02003,Information Mas,9445MSI,User Experience Design MSI,2520,WN 2025,GINF,020401,SI,622
89795528,FA 2024,GINF,FA 2025,FA 2025,02003,Information Mas,9445MSI,User Experience Design MSI,2520,WN 2025,GINF,021400,SI,520
89795528,FA 2024,GINF,FA 2025,FA 2025,02003,Information Mas,9445MSI,User Experience Design MSI,2520,WN 2025,GINF,040667,SI,681
89795528,FA 2024,GINF,FA 2025,FA 2025,02003,Information Mas,9445MSI,User Experience Design MSI,2520,WN 2025,GINF,047640,SI,507
89795528,FA 2024,GINF,FA 2025,FA 2025,02003,Information Mas,9445MSI,User Experience Design MSI,2520,WN 2025,GINF,049601,SI,564
89795528,FA 2024,GINF,FA 2025,FA 2025,02003,Information Mas,9445MSI,User Experience Design MSI,2520,WN 2025,GINF,050159,SI,579
89795528,FA 2024,GINF,FA 2025,FA 2025,02003,Information Mas,9445MSI,User Experience Design MSI,2560,FA 2025,GINF,042071,SI,563
89795528,FA 2024,GINF,FA 2025,FA 2025,02003,Information Mas,9445MSI,User Experience Design MSI,2560,FA 2025,GINF,043863,SI,612
89795528,FA 2024,GINF,FA 2025,FA 2025,02003,Information Mas,9445MSI,User Experience Design MSI,2560,FA 2025,GINF,047901,SI,699
89795528,FA 2024,GINF,FA 2025,FA 2025,02003,Information Mas,9445MSI,User Experience Design MSI,2560,FA 2025,GINF,048487,SI,669
89795528,FA 2024,GINF,FA 2025,FA 2025,02003,Information Mas,9445MSI,User Experience Design MSI,2560,FA 2025,GINF,048488,SI,559
89833190,FA 2025,GINF,WN 2027, ,02003,Information Mas,9445MSI,User Experience Design MSI,2560,FA 2025,GINF,017281,SI,588
89833190,FA 2025,GINF,WN 2027, ,02003,Information Mas,9445MSI,User Experience Design MSI,2560,FA 2025,GINF,044772,SI,582
89833190,FA 2025,GINF,WN 2027, ,02003,Information Mas,9445MSI,User Experience Design MSI,2560,FA 2025,GINF,047246,SI,506
89833190,FA 2025,GINF,WN 2027, ,02003,Information Mas,9445MSI,User Experience Design MSI,2560,FA 2025,GINF,051553,SI,500
89833190,FA 2025,GINF,WN 2027, ,02003,Information Mas,9445MSI,User Experience Design MSI,2570,WN 2026,GINF,020401,SI,622
89833190,FA 2025,GINF,WN 2027, ,02003,Information Mas,9445MSI,User Experience Design MSI,2570,WN 2026,GINF,021391,SI,511
89833190,FA 2025,GINF,WN 2027, ,02003,Information Mas,9445MSI,User Experience Design MSI,2570,WN 2026,GINF,021400,SI,520
89833190,FA 2025,GINF,WN 2027, ,02003,Information Mas,9445MSI,User Experience Design MSI,2570,WN 2026,GINF,039178,SI,539
89833190,FA 2025,GINF,WN 2027, ,02003,Information Mas,9445MSI,User Experience Design MSI,2570,WN 2026,GINF,048129,SI,505
89992660,FA 2024,GINF,WN 2025,WN 2025,02003,Information Mas,0775MSI,Big Data Analytics MSI,2510,FA 2024,GINF,001459,SI,690
89992660,FA 2024,GINF,WN 2025,WN 2025,02003,Information Mas,0775MSI,Big Data Analytics MSI,2510,FA 2024,GINF,009732,SI,650
89992660,FA 2024,GINF,WN 2025,WN 2025,02003,Information Mas,0775MSI,Big Data Analytics MSI,2510,FA 2024,GINF,020934,SI,649
89992660,FA 2024,GINF,WN 2025,WN 2025,02003,Information Mas,0775MSI,Big Data Analytics MSI,2510,FA 2024,GINF,048500,SI,670
89992660,FA 2024,GINF,WN 2025,WN 2025,02003,Information Mas,0775MSI,Big Data Analytics MSI,2510,FA 2024,GINF,051553,SI,500
89992660,FA 2024,GINF,WN 2025,WN 2025,02003,Information Mas,0775MSI,Big Data Analytics MSI,2520,WN 2025,GINF,045732,SI,554
89992660,FA 2024,GINF,WN 2025,WN 2025,02003,Information Mas,0775MSI,Big Data Analytics MSI,2520,WN 2025,GINF,047901,SI,699
89992660,FA 2024,GINF,WN 2025,WN 2025,02003,Information Mas,0775MSI,Big Data Analytics MSI,2520,WN 2025,GINF,049601,SI,564
89992660,FA 2024,GINF,WN 2025,WN 2025,02003,Information Mas,0775MSI,Big Data Analytics MSI,2520,WN 2025,GINF,050663,SI,568
89992660,FA 2024,GINF,WN 2025,WN 2025,02003,Information Mas,0775MSI,Big Data Analytics MSI,2520,WN 2025,GINF,050983,SI,602
90200100,FA 2024,GINF,WN 2027, ,02003,Information Mas,9445MSI,User Experience Design MSI,2510,FA 2024,GINF,017281,SI,588
90200100,FA 2024,GINF,WN 2027, ,02003,Information Mas,9445MSI,User Experience Design MSI,2510,FA 2024,GINF,044772,SI,582
90200100,FA 2024,GINF,WN 2027, ,02003,Information Mas,9445MSI,User Experience Design MSI,2510,FA 2024,GINF,047246,SI,506
90200100,FA 2024,GINF,WN 2027, ,02003,Information Mas,9445MSI,User Experience Design MSI,2510,FA 2024,GINF,051553,SI,500
90200100,FA 2024,GINF,WN 2027, ,02003,Information Mas,9445MSI,User Experience Design MSI,2520,WN 2025,GINF,020401,SI,622
90200100,FA 2024,GINF,WN 2027, ,02003,Information Mas,9445MSI,User Experience Design MSI,2520,WN 2025,GINF,021400,SI,520
90200100,FA 2024,GINF,WN 2027, ,02003,Information Mas,9445MSI,User Experience Design MSI,2520,WN 2025,GINF,039178,SI,539
90200100,FA 2024,GINF,WN 2027, ,02003,Information Mas,9445MSI,User Experience Design MSI,2520,WN 2025,GINF,040667,SI,681
90200100,FA 2024,GINF,WN 2027, ,02003,Information Mas,9445MSI,User Experience Design MSI,2520,WN 2025,GINF,047640,SI,507
90200100,FA 2024,GINF,WN 2027, ,02003,Information Mas,9445MSI,User Experience Design MSI,2560,FA 2025,GINF,016607,SI,544
90200100,FA 2024,GINF,WN 2027, ,02003,Information Mas,9445MSI,User Experience Design MSI,2560,FA 2025,GINF,042071,SI,563
90200100,FA 2024,GINF,WN 2027, ,02003,Information Mas,9445MSI,User Experience Design MSI,2560,FA 2025,GINF,045393,SI,552
90200100,FA 2024,GINF,WN 2027, ,02003,Information Mas,9445MSI,User Experience Design MSI,2560,FA 2025,GINF,051836,SI,611
90200100,FA 2024,GINF,WN 2027, ,02003,Information Mas,9445MSI,User Experience Design MSI,2570,WN 2026,GINF,039081,SI,529
90200100,FA 2024,GINF,WN 2027, ,02003,Information Mas,9445MSI,User Experience Design MSI,2570,WN 2026,GINF,051836,SI,611
90267992,FA 2025,GINF,WN 2027, ,02003,Information Mas,9445MSI,User Experience Design MSI,2560,FA 2025,GINF,017281,SI,588
90267992,FA 2025,GINF,WN 2027, ,02003,Information Mas,9445MSI,User Experience Design MSI,2560,FA 2025,GINF,039178,SI,539
90267992,FA 2025,GINF,WN 2027, ,02003,Information Mas,9445MSI,User Experience Design MSI,2560,FA 2025,GINF,047246,SI,506
90267992,FA 2025,GINF,WN 2027, ,02003,Information Mas,9445MSI,User Experience Design MSI,2560,FA 2025,GINF,051553,SI,500
90267992,FA 2025,GINF,WN 2027, ,02003,Information Mas,9445MSI,User Experience Design MSI,2570,WN 2026,GINF,020401,SI,622
90267992,FA 2025,GINF,WN 2027, ,02003,Information Mas,9445MSI,User Experience Design MSI,2570,WN 2026,GINF,044772,SI,582
90267992,FA 2025,GINF,WN 2027, ,02003,Information Mas,9445MSI,User Experience Design MSI,2570,WN 2026,GINF,050159,SI,579
90267992,FA 2025,GINF,WN 2027, ,02003,Information Mas,9445MSI,User Experience Design MSI,2570,WN 2026,GINF,050164,SI,504
90317632,FA 2024,GINF,WN 2026, ,02003,Information Mas,9445MSI,User Experience Design MSI,2510,FA 2024,GINF,017281,SI,588
90317632,FA 2024,GINF,WN 2026, ,02003,Information Mas,9445MSI,User Experience Design MSI,2510,FA 2024,GINF,044772,SI,582
90317632,FA 2024,GINF,WN 2026, ,02003,Information Mas,9445MSI,User Experience Design MSI,2510,FA 2024,GINF,047246,SI,506
90317632,FA 2024,GINF,WN 2026, ,02003,Information Mas,9445MSI,User Experience Design MSI,2510,FA 2024,GINF,048129,SI,505
90317632,FA 2024,GINF,WN 2026, ,02003,Information Mas,9445MSI,User Experience Design MSI,2510,FA 2024,GINF,051553,SI,500
90317632,FA 2024,GINF,WN 2026, ,02003,Information Mas,9445MSI,User Experience Design MSI,2520,WN 2025,GINF,020401,SI,622
90317632,FA 2024,GINF,WN 2026, ,02003,Information Mas,9445MSI,User Experience Design MSI,2520,WN 2025,GINF,021400,SI,520
90317632,FA 2024,GINF,WN 2026, ,02003,Information Mas,9445MSI,User Experience Design MSI,2520,WN 2025,GINF,039178,SI,539
90317632,FA 2024,GINF,WN 2026, ,02003,Information Mas,9445MSI,User Experience Design MSI,2520,WN 2025,GINF,040667,SI,681
90317632,FA 2024,GINF,WN 2026, ,02003,Information Mas,9445MSI,User Experience Design MSI,2520,WN 2025,GINF,043863,SI,612
90317632,FA 2024,GINF,WN 2026, ,02003,Information Mas,9445MSI,User Experience Design MSI,2560,FA 2025,GINF,003736,MKT,625
90317632,FA 2024,GINF,WN 2026, ,02003,Information Mas,9445MSI,User Experience Design MSI,2560,FA 2025,GINF,045393,SI,552
90317632,FA 2024,GINF,WN 2026, ,02003,Information Mas,9445MSI,User Experience Design MSI,2560,FA 2025,GINF,047304,ENTR,550
90317632,FA 2024,GINF,WN 2026, ,02003,Information Mas,9445MSI,User Experience Design MSI,2560,FA 2025,GINF,048421,ENTR,560
90317632,FA 2024,GINF,WN 2026, ,02003,Information Mas,9445MSI,User Experience Design MSI,2560,FA 2025,GINF,048488,SI,559
90317632,FA 2024,GINF,WN 2026, ,02003,Information Mas,9445MSI,User Experience Design MSI,2570,WN 2026,GINF,021391,SI,511
90317632,FA 2024,GINF,WN 2026, ,02003,Information Mas,9445MSI,User Experience Design MSI,2570,WN 2026,GINF,047901,SI,699
90317632,FA 2024,GINF,WN 2026, ,02003,Information Mas,9445MSI,User Experience Design MSI,2570,WN 2026,GINF,049140,TO,633
90317632,FA 2024,GINF,WN 2026, ,02003,Information Mas,9445MSI,User Experience Design MSI,2570,WN 2026,GINF,052257,ENTR,525
90389425,FA 2024,GINF,WN 2025,WN 2025,02003,Information Mas,0775MSI,Big Data Analytics MSI,2510,FA 2024,GINF,001459,SI,690
90389425,FA 2024,GINF,WN 2025,WN 2025,02003,Information Mas,0775MSI,Big Data Analytics MSI,2510,FA 2024,GINF,009732,SI,650
90389425,FA 2024,GINF,WN 2025,WN 2025,02003,Information Mas,0775MSI,Big Data Analytics MSI,2510,FA 2024,GINF,045930,SI,671
90389425,FA 2024,GINF,WN 2025,WN 2025,02003,Information Mas,0775MSI,Big Data Analytics MSI,2510,FA 2024,GINF,051553,SI,500
90389425,FA 2024,GINF,WN 2025,WN 2025,02003,Information Mas,0775MSI,Big Data Analytics MSI,2520,WN 2025,GINF,001459,SI,690
90389425,FA 2024,GINF,WN 2025,WN 2025,02003,Information Mas,0775MSI,Big Data Analytics MSI,2520,WN 2025,GINF,020934,SI,649
90389425,FA 2024,GINF,WN 2025,WN 2025,02003,Information Mas,0775MSI,Big Data Analytics MSI,2520,WN 2025,GINF,047901,SI,699
90389425,FA 2024,GINF,WN 2025,WN 2025,02003,Information Mas,0775MSI,Big Data Analytics MSI,2520,WN 2025,GINF,050663,SI,568
90782643,FA 2024,GINF,WN 2026, ,02003,Information Mas,0775MSI,Big Data Analytics MSI,2510,FA 2024,GINF,016607,SI,544
90782643,FA 2024,GINF,WN 2026, ,02003,Information Mas,0775MSI,Big Data Analytics MSI,2510,FA 2024,GINF,044772,SI,582
90782643,FA 2024,GINF,WN 2026, ,02003,Information Mas,0775MSI,Big Data Analytics MSI,2510,FA 2024,GINF,047246,SI,506
90782643,FA 2024,GINF,WN 2026, ,02003,Information Mas,0775MSI,Big Data Analytics MSI,2510,FA 2024,GINF,050164,SI,504
90782643,FA 2024,GINF,WN 2026, ,02003,Information Mas,0775MSI,Big Data Analytics MSI,2510,FA 2024,GINF,051553,SI,500
90782643,FA 2024,GINF,WN 2026, ,02003,Information Mas,0775MSI,Big Data Analytics MSI,2520,WN 2025,GINF,021391,SI,511
90782643,FA 2024,GINF,WN 2026, ,02003,Information Mas,0775MSI,Big Data Analytics MSI,2520,WN 2025,GINF,040667,SI,681
90782643,FA 2024,GINF,WN 2026, ,02003,Information Mas,0775MSI,Big Data Analytics MSI,2520,WN 2025,GINF,041626,SI,664
90782643,FA 2024,GINF,WN 2026, ,02003,Information Mas,0775MSI,Big Data Analytics MSI,2520,WN 2025,GINF,042091,SI,618
90782643,FA 2024,GINF,WN 2026, ,02003,Information Mas,0775MSI,Big Data Analytics MSI,2520,WN 2025,GINF,047640,SI,507
90782643,FA 2024,GINF,WN 2026, ,02003,Information Mas,0775MSI,Big Data Analytics MSI,2520,WN 2025,GINF,050663,SI,568
90782643,FA 2024,GINF,WN 2026, ,02003,Information Mas,0775MSI,Big Data Analytics MSI,2520,WN 2025,GINF,050983,SI,602
90782643,FA 2024,GINF,WN 2026, ,02003,Information Mas,0775MSI,Big Data Analytics MSI,2560,FA 2025,GINF,009732,SI,650
90782643,FA 2024,GINF,WN 2026, ,02003,Information Mas,0775MSI,Big Data Analytics MSI,2560,FA 2025,GINF,041934,SI,608
90782643,FA 2024,GINF,WN 2026, ,02003,Information Mas,0775MSI,Big Data Analytics MSI,2560,FA 2025,GINF,045930,SI,671
90782643,FA 2024,GINF,WN 2026, ,02003,Information Mas,0775MSI,Big Data Analytics MSI,2560,FA 2025,GINF,048500,SI,670
90782643,FA 2024,GINF,WN 2026, ,02003,Information Mas,0775MSI,Big Data Analytics MSI,2570,WN 2026,GINF,047901,SI,699
90999824,FA 2024,GINF,WN 2027, ,02003,Information Mas,0775MSI,Big Data Analytics MSI,2510,FA 2024,GINF,016607,SI,544
90999824,FA 2024,GINF,WN 2027, ,02003,Information Mas,0775MSI,Big Data Analytics MSI,2510,FA 2024,GINF,045930,SI,671
90999824,FA 2024,GINF,WN 2027, ,02003,Information Mas,0775MSI,Big Data Analytics MSI,2510,FA 2024,GINF,051553,SI,500
90999824,FA 2024,GINF,WN 2027, ,02003,Information Mas,0775MSI,Big Data Analytics MSI,2520,WN 2025,GINF,020934,SI,649
90999824,FA 2024,GINF,WN 2027, ,02003,Information Mas,0775MSI,Big Data Analytics MSI,2520,WN 2025,GINF,050983,SI,602
90999824,FA 2024,GINF,WN 2027, ,02003,Information Mas,0775MSI,Big Data Analytics MSI,2560,FA 2025,GINF,041934,SI,608
90999824,FA 2024,GINF,WN 2027, ,02003,Information Mas,0775MSI,Big Data Analytics MSI,2560,FA 2025,GINF,048500,SI,670
90999824,FA 2024,GINF,WN 2027, ,02003,Information Mas,0775MSI,Big Data Analytics MSI,2560,FA 2025,GINF,051462,SI,644
90999824,FA 2024,GINF,WN 2027, ,02003,Information Mas,0775MSI,Big Data Analytics MSI,2570,WN 2026,GINF,045205,URP,520
90999824,FA 2024,GINF,WN 2027, ,02003,Information Mas,0775MSI,Big Data Analytics MSI,2570,WN 2026,GINF,047901,SI,699
90999824,FA 2024,GINF,WN 2027, ,02003,Information Mas,0775MSI,Big Data Analytics MSI,2570,WN 2026,GINF,050663,SI,568
91207473,FA 2025,GINF,WN 2027, ,02003,Information Mas,9445MSI,User Experience Design MSI,2560,FA 2025,GINF,001459,SI,690
91207473,FA 2025,GINF,WN 2027, ,02003,Information Mas,9445MSI,User Experience Design MSI,2560,FA 2025,GINF,039178,SI,539
91207473,FA 2025,GINF,WN 2027, ,02003,Information Mas,9445MSI,User Experience Design MSI,2560,FA 2025,GINF,045393,SI,552
91207473,FA 2025,GINF,WN 2027, ,02003,Information Mas,9445MSI,User Experience Design MSI,2560,FA 2025,GINF,048421,ENTR,560
91207473,FA 2025,GINF,WN 2027, ,02003,Information Mas,9445MSI,User Experience Design MSI,2570,WN 2026,GINF,039081,SI,529
91207473,FA 2025,GINF,WN 2027, ,02003,Information Mas,9445MSI,User Experience Design MSI,2570,WN 2026,GINF,047228,ENTR,500
91207473,FA 2025,GINF,WN 2027, ,02003,Information Mas,9445MSI,User Experience Design MSI,2570,WN 2026,GINF,047304,ENTR,550
91207473,FA 2025,GINF,WN 2027, ,02003,Information Mas,9445MSI,User Experience Design MSI,2570,WN 2026,GINF,047901,SI,699
91286529,FA 2024,GINF,WN 2026, ,02003,Information Mas,9445MSI,User Experience Design MSI,2510,FA 2024,GINF,039178,SI,539
91286529,FA 2024,GINF,WN 2026, ,02003,Information Mas,9445MSI,User Experience Design MSI,2510,FA 2024,GINF,044772,SI,582
91286529,FA 2024,GINF,WN 2026, ,02003,Information Mas,9445MSI,User Experience Design MSI,2510,FA 2024,GINF,047246,SI,506
91286529,FA 2024,GINF,WN 2026, ,02003,Information Mas,9445MSI,User Experience Design MSI,2510,FA 2024,GINF,051553,SI,500
91286529,FA 2024,GINF,WN 2026, ,02003,Information Mas,9445MSI,User Experience Design MSI,2520,WN 2025,GINF,012085,MKT,613
91286529,FA 2024,GINF,WN 2026, ,02003,Information Mas,9445MSI,User Experience Design MSI,2520,WN 2025,GINF,020401,SI,622
91286529,FA 2024,GINF,WN 2026, ,02003,Information Mas,9445MSI,User Experience Design MSI,2520,WN 2025,GINF,040667,SI,681
91286529,FA 2024,GINF,WN 2026, ,02003,Information Mas,9445MSI,User Experience Design MSI,2520,WN 2025,GINF,045732,SI,554
91286529,FA 2024,GINF,WN 2026, ,02003,Information Mas,9445MSI,User Experience Design MSI,2520,WN 2025,GINF,048129,SI,505
91286529,FA 2024,GINF,WN 2026, ,02003,Information Mas,9445MSI,User Experience Design MSI,2520,WN 2025,GINF,051836,SI,611
91286529,FA 2024,GINF,WN 2026, ,02003,Information Mas,9445MSI,User Experience Design MSI,2560,FA 2025,GINF,017281,SI,588
91286529,FA 2024,GINF,WN 2026, ,02003,Information Mas,9445MSI,User Experience Design MSI,2560,FA 2025,GINF,021391,SI,511
91286529,FA 2024,GINF,WN 2026, ,02003,Information Mas,9445MSI,User Experience Design MSI,2560,FA 2025,GINF,045771,SI,684
91286529,FA 2024,GINF,WN 2026, ,02003,Information Mas,9445MSI,User Experience Design MSI,2560,FA 2025,GINF,047228,ENTR,500
91286529,FA 2024,GINF,WN 2026, ,02003,Information Mas,9445MSI,User Experience Design MSI,2570,WN 2026,GINF,021400,SI,520
91286529,FA 2024,GINF,WN 2026, ,02003,Information Mas,9445MSI,User Experience Design MSI,2570,WN 2026,GINF,045393,SI,552
91286529,FA 2024,GINF,WN 2026, ,02003,Information Mas,9445MSI,User Experience Design MSI,2570,WN 2026,GINF,047641,SI,540
91286529,FA 2024,GINF,WN 2026, ,02003,Information Mas,9445MSI,User Experience Design MSI,2570,WN 2026,GINF,047901,SI,699
91314280,FA 2024,GINF,WN 2025,WN 2025,02003,Information Mas,9445MSI,User Experience Design MSI,2510,FA 2024,GINF,001459,SI,690
91314280,FA 2024,GINF,WN 2025,WN 2025,02003,Information Mas,9445MSI,User Experience Design MSI,2510,FA 2024,GINF,003735,MKT,618
91314280,FA 2024,GINF,WN 2025,WN 2025,02003,Information Mas,9445MSI,User Experience Design MSI,2510,FA 2024,GINF,021391,SI,511
91314280,FA 2024,GINF,WN 2025,WN 2025,02003,Information Mas,9445MSI,User Experience Design MSI,2510,FA 2024,GINF,043210,SI,534
91314280,FA 2024,GINF,WN 2025,WN 2025,02003,Information Mas,9445MSI,User Experience Design MSI,2510,FA 2024,GINF,043863,SI,612
91314280,FA 2024,GINF,WN 2025,WN 2025,02003,Information Mas,9445MSI,User Experience Design MSI,2520,WN 2025,GINF,017533,MO,512
91314280,FA 2024,GINF,WN 2025,WN 2025,02003,Information Mas,9445MSI,User Experience Design MSI,2520,WN 2025,GINF,021050,SI,691
91314280,FA 2024,GINF,WN 2025,WN 2025,02003,Information Mas,9445MSI,User Experience Design MSI,2520,WN 2025,GINF,022099,SI,658
91314280,FA 2024,GINF,WN 2025,WN 2025,02003,Information Mas,9445MSI,User Experience Design MSI,2520,WN 2025,GINF,047901,SI,699
91314280,FA 2024,GINF,WN 2025,WN 2025,02003,Information Mas,9445MSI,User Experience Design MSI,2520,WN 2025,GINF,049082,SI,682
91530337,FA 2025,GINF,WN 2027, ,02003,Information Mas,0775MSI,Big Data Analytics MSI,2560,FA 2025,GINF,047246,SI,506
91530337,FA 2025,GINF,WN 2027, ,02003,Information Mas,0775MSI,Big Data Analytics MSI,2560,FA 2025,GINF,050159,SI,579
91530337,FA 2025,GINF,WN 2027, ,02003,Information Mas,0775MSI,Big Data Analytics MSI,2560,FA 2025,GINF,051519,ECE,598
91530337,FA 2025,GINF,WN 2027, ,02003,Information Mas,0775MSI,Big Data Analytics MSI,2560,FA 2025,GINF,051553,SI,500
91530337,FA 2025,GINF,WN 2027, ,02003,Information Mas,0775MSI,Big Data Analytics MSI,2570,WN 2026,GINF,001393,CSE,598
91530337,FA 2025,GINF,WN 2027, ,02003,Information Mas,0775MSI,Big Data Analytics MSI,2570,WN 2026,GINF,001408,IOE,591
91530337,FA 2025,GINF,WN 2027, ,02003,Information Mas,0775MSI,Big Data Analytics MSI,2570,WN 2026,GINF,022134,CSE,692
91530337,FA 2025,GINF,WN 2027, ,02003,Information Mas,0775MSI,Big Data Analytics MSI,2570,WN 2026,GINF,047640,SI,507
91530337,FA 2025,GINF,WN 2027, ,02003,Information Mas,0775MSI,Big Data Analytics MSI,2570,WN 2026,GINF,050663,SI,568
91578522,FA 2024,GINF,WN 2026, ,02003,Information Mas,9445MSI,User Experience Design MSI,2510,FA 2024,GINF,044772,SI,582
91578522,FA 2024,GINF,WN 2026, ,02003,Information Mas,9445MSI,User Experience Design MSI,2510,FA 2024,GINF,047246,SI,506
91578522,FA 2024,GINF,WN 2026, ,02003,Information Mas,9445MSI,User Experience Design MSI,2510,FA 2024,GINF,048129,SI,505
91578522,FA 2024,GINF,WN 2026, ,02003,Information Mas,9445MSI,User Experience Design MSI,2510,FA 2024,GINF,048488,SI,559
91578522,FA 2024,GINF,WN 2026, ,02003,Information Mas,9445MSI,User Experience Design MSI,2510,FA 2024,GINF,051553,SI,500
91578522,FA 2024,GINF,WN 2026, ,02003,Information Mas,9445MSI,User Experience Design MSI,2520,WN 2025,GINF,021391,SI,511
91578522,FA 2024,GINF,WN 2026, ,02003,Information Mas,9445MSI,User Experience Design MSI,2520,WN 2025,GINF,021400,SI,520
91578522,FA 2024,GINF,WN 2026, ,02003,Information Mas,9445MSI,User Experience Design MSI,2520,WN 2025,GINF,040667,SI,681
91578522,FA 2024,GINF,WN 2026, ,02003,Information Mas,9445MSI,User Experience Design MSI,2520,WN 2025,GINF,043863,SI,612
91578522,FA 2024,GINF,WN 2026, ,02003,Information Mas,9445MSI,User Experience Design MSI,2520,WN 2025,GINF,051454,SI,594
91578522,FA 2024,GINF,WN 2026, ,02003,Information Mas,9445MSI,User Experience Design MSI,2560,FA 2025,GINF,001459,SI,690
91578522,FA 2024,GINF,WN 2026, ,02003,Information Mas,9445MSI,User Experience Design MSI,2560,FA 2025,GINF,021050,SI,691
91578522,FA 2024,GINF,WN 2026, ,02003,Information Mas,9445MSI,User Experience Design MSI,2560,FA 2025,GINF,045393,SI,552
91578522,FA 2024,GINF,WN 2026, ,02003,Information Mas,9445MSI,User Experience Design MSI,2560,FA 2025,GINF,045771,SI,684
91578522,FA 2024,GINF,WN 2026, ,02003,Information Mas,9445MSI,User Experience Design MSI,2570,WN 2026,GINF,001459,SI,690
91578522,FA 2024,GINF,WN 2026, ,02003,Information Mas,9445MSI,User Experience Design MSI,2570,WN 2026,GINF,021050,SI,691
91578522,FA 2024,GINF,WN 2026, ,02003,Information Mas,9445MSI,User Experience Design MSI,2570,WN 2026,GINF,047901,SI,699
91578522,FA 2024,GINF,WN 2026, ,02003,Information Mas,9445MSI,User Experience Design MSI,2570,WN 2026,GINF,051836,SI,611
91730554,FA 2024,GINF,WN 2026, ,02003,Information Mas,9445MSI,User Experience Design MSI,2510,FA 2024,GINF,017281,SI,588
91730554,FA 2024,GINF,WN 2026, ,02003,Information Mas,9445MSI,User Experience Design MSI,2510,FA 2024,GINF,044772,SI,582
91730554,FA 2024,GINF,WN 2026, ,02003,Information Mas,9445MSI,User Experience Design MSI,2510,FA 2024,GINF,047246,SI,506
91730554,FA 2024,GINF,WN 2026, ,02003,Information Mas,9445MSI,User Experience Design MSI,2510,FA 2024,GINF,050164,SI,504
91730554,FA 2024,GINF,WN 2026, ,02003,Information Mas,9445MSI,User Experience Design MSI,2510,FA 2024,GINF,051553,SI,500
91730554,FA 2024,GINF,WN 2026, ,02003,Information Mas,9445MSI,User Experience Design MSI,2520,WN 2025,GINF,020401,SI,622
91730554,FA 2024,GINF,WN 2026, ,02003,Information Mas,9445MSI,User Experience Design MSI,2520,WN 2025,GINF,039178,SI,539
91730554,FA 2024,GINF,WN 2026, ,02003,Information Mas,9445MSI,User Experience Design MSI,2520,WN 2025,GINF,040667,SI,681
91730554,FA 2024,GINF,WN 2026, ,02003,Information Mas,9445MSI,User Experience Design MSI,2520,WN 2025,GINF,050159,SI,579
91730554,FA 2024,GINF,WN 2026, ,02003,Information Mas,9445MSI,User Experience Design MSI,2520,WN 2025,GINF,051454,SI,594
91730554,FA 2024,GINF,WN 2026, ,02003,Information Mas,9445MSI,User Experience Design MSI,2560,FA 2025,GINF,001459,SI,690
91730554,FA 2024,GINF,WN 2026, ,02003,Information Mas,9445MSI,User Experience Design MSI,2560,FA 2025,GINF,017533,MO,512
91730554,FA 2024,GINF,WN 2026, ,02003,Information Mas,9445MSI,User Experience Design MSI,2560,FA 2025,GINF,021400,SI,520
91730554,FA 2024,GINF,WN 2026, ,02003,Information Mas,9445MSI,User Experience Design MSI,2560,FA 2025,GINF,045393,SI,552
91730554,FA 2024,GINF,WN 2026, ,02003,Information Mas,9445MSI,User Experience Design MSI,2570,WN 2026,GINF,022099,SI,658
91730554,FA 2024,GINF,WN 2026, ,02003,Information Mas,9445MSI,User Experience Design MSI,2570,WN 2026,GINF,047901,SI,699
91778135,FA 2025,GINF,WN 2027, ,02003,Information Mas,0775MSI,Big Data Analytics MSI,2560,FA 2025,GINF,041626,SI,664
91778135,FA 2025,GINF,WN 2027, ,02003,Information Mas,0775MSI,Big Data Analytics MSI,2560,FA 2025,GINF,043210,SI,534
91778135,FA 2025,GINF,WN 2027, ,02003,Information Mas,0775MSI,Big Data Analytics MSI,2560,FA 2025,GINF,047640,SI,507
91778135,FA 2025,GINF,WN 2027, ,02003,Information Mas,0775MSI,Big Data Analytics MSI,2560,FA 2025,GINF,049601,SI,564
91778135,FA 2025,GINF,WN 2027, ,02003,Information Mas,0775MSI,Big Data Analytics MSI,2560,FA 2025,GINF,050164,SI,504
91778135,FA 2025,GINF,WN 2027, ,02003,Information Mas,0775MSI,Big Data Analytics MSI,2560,FA 2025,GINF,051553,SI,500
91778135,FA 2025,GINF,WN 2027, ,02003,Information Mas,0775MSI,Big Data Analytics MSI,2560,FA 2025,GINF,052216,SI,512
91778135,FA 2025,GINF,WN 2027, ,02003,Information Mas,0775MSI,Big Data Analytics MSI,2570,WN 2026,GINF,012844,CSE,586
91778135,FA 2025,GINF,WN 2027, ,02003,Information Mas,0775MSI,Big Data Analytics MSI,2570,WN 2026,GINF,014746,EECS,542
91778135,FA 2025,GINF,WN 2027, ,02003,Information Mas,0775MSI,Big Data Analytics MSI,2570,WN 2026,GINF,020934,SI,649
91778135,FA 2025,GINF,WN 2027, ,02003,Information Mas,0775MSI,Big Data Analytics MSI,2570,WN 2026,GINF,047226,EECS,504
91778135,FA 2025,GINF,WN 2027, ,02003,Information Mas,0775MSI,Big Data Analytics MSI,2570,WN 2026,GINF,048268,SI,630
91778135,FA 2025,GINF,WN 2027, ,02003,Information Mas,0775MSI,Big Data Analytics MSI,2570,WN 2026,GINF,050663,SI,568
91808436,FA 2024,GINF,WN 2025,WN 2025,02003,Information Mas,0775MSI,Big Data Analytics MSI,2510,FA 2024,GINF,001459,SI,690
91808436,FA 2024,GINF,WN 2025,WN 2025,02003,Information Mas,0775MSI,Big Data Analytics MSI,2510,FA 2024,GINF,042071,SI,563
91808436,FA 2024,GINF,WN 2025,WN 2025,02003,Information Mas,0775MSI,Big Data Analytics MSI,2510,FA 2024,GINF,045930,SI,671
91808436,FA 2024,GINF,WN 2025,WN 2025,02003,Information Mas,0775MSI,Big Data Analytics MSI,2510,FA 2024,GINF,048500,SI,670
91808436,FA 2024,GINF,WN 2025,WN 2025,02003,Information Mas,0775MSI,Big Data Analytics MSI,2510,FA 2024,GINF,049601,SI,564
91808436,FA 2024,GINF,WN 2025,WN 2025,02003,Information Mas,0775MSI,Big Data Analytics MSI,2510,FA 2024,GINF,051553,SI,500
91808436,FA 2024,GINF,WN 2025,WN 2025,02003,Information Mas,0775MSI,Big Data Analytics MSI,2520,WN 2025,GINF,020934,SI,649
91808436,FA 2024,GINF,WN 2025,WN 2025,02003,Information Mas,0775MSI,Big Data Analytics MSI,2520,WN 2025,GINF,047901,SI,699
91808436,FA 2024,GINF,WN 2025,WN 2025,02003,Information Mas,0775MSI,Big Data Analytics MSI,2520,WN 2025,GINF,049070,TO,638
91808436,FA 2024,GINF,WN 2025,WN 2025,02003,Information Mas,0775MSI,Big Data Analytics MSI,2520,WN 2025,GINF,050612,BA,655
91808436,FA 2024,GINF,WN 2025,WN 2025,02003,Information Mas,0775MSI,Big Data Analytics MSI,2520,WN 2025,GINF,050983,SI,602
91950485,FA 2025,GINF,WN 2027, ,02003,Information Mas,4865MSI,"Lib, Arch&Knwl Envs in Soc MSI",2560,FA 2025,GINF,009731,SI,580
91950485,FA 2025,GINF,WN 2027, ,02003,Information Mas,4865MSI,"Lib, Arch&Knwl Envs in Soc MSI",2560,FA 2025,GINF,021045,SI,666
91950485,FA 2025,GINF,WN 2027, ,02003,Information Mas,4865MSI,"Lib, Arch&Knwl Envs in Soc MSI",2560,FA 2025,GINF,021391,SI,511
91950485,FA 2025,GINF,WN 2027, ,02003,Information Mas,4865MSI,"Lib, Arch&Knwl Envs in Soc MSI",2560,FA 2025,GINF,051553,SI,500
91950485,FA 2025,GINF,WN 2027, ,02003,Information Mas,4865MSI,"Lib, Arch&Knwl Envs in Soc MSI",2570,WN 2026,GINF,022326,SI,581
91950485,FA 2025,GINF,WN 2027, ,02003,Information Mas,4865MSI,"Lib, Arch&Knwl Envs in Soc MSI",2570,WN 2026,GINF,047246,SI,506
91950485,FA 2025,GINF,WN 2027, ,02003,Information Mas,4865MSI,"Lib, Arch&Knwl Envs in Soc MSI",2570,WN 2026,GINF,048280,SI,667
91950485,FA 2025,GINF,WN 2027, ,02003,Information Mas,4865MSI,"Lib, Arch&Knwl Envs in Soc MSI",2570,WN 2026,GINF,050162,SI,510
92074289,FA 2025,GINF,WN 2027, ,02003,Information Mas,9445MSI,User Experience Design MSI,2560,FA 2025,GINF,014793,ELI,521
92074289,FA 2025,GINF,WN 2027, ,02003,Information Mas,9445MSI,User Experience Design MSI,2560,FA 2025,GINF,017281,SI,588
92074289,FA 2025,GINF,WN 2027, ,02003,Information Mas,9445MSI,User Experience Design MSI,2560,FA 2025,GINF,047246,SI,506
92074289,FA 2025,GINF,WN 2027, ,02003,Information Mas,9445MSI,User Experience Design MSI,2560,FA 2025,GINF,050164,SI,504
92074289,FA 2025,GINF,WN 2027, ,02003,Information Mas,9445MSI,User Experience Design MSI,2560,FA 2025,GINF,051553,SI,500
92074289,FA 2025,GINF,WN 2027, ,02003,Information Mas,9445MSI,User Experience Design MSI,2570,WN 2026,GINF,020401,SI,622
92074289,FA 2025,GINF,WN 2027, ,02003,Information Mas,9445MSI,User Experience Design MSI,2570,WN 2026,GINF,039081,SI,529
92074289,FA 2025,GINF,WN 2027, ,02003,Information Mas,9445MSI,User Experience Design MSI,2570,WN 2026,GINF,047640,SI,507
92074289,FA 2025,GINF,WN 2027, ,02003,Information Mas,9445MSI,User Experience Design MSI,2570,WN 2026,GINF,052031,CSE,594
92309251,FA 2024,GINF,WN 2026, ,02003,Information Mas,0775MSI,Big Data Analytics MSI,2510,FA 2024,GINF,016607,SI,544
92309251,FA 2024,GINF,WN 2026, ,02003,Information Mas,0775MSI,Big Data Analytics MSI,2510,FA 2024,GINF,047246,SI,506
92309251,FA 2024,GINF,WN 2026, ,02003,Information Mas,0775MSI,Big Data Analytics MSI,2510,FA 2024,GINF,048129,SI,505
92309251,FA 2024,GINF,WN 2026, ,02003,Information Mas,0775MSI,Big Data Analytics MSI,2510,FA 2024,GINF,049601,SI,564
92309251,FA 2024,GINF,WN 2026, ,02003,Information Mas,0775MSI,Big Data Analytics MSI,2510,FA 2024,GINF,050164,SI,504
92309251,FA 2024,GINF,WN 2026, ,02003,Information Mas,0775MSI,Big Data Analytics MSI,2510,FA 2024,GINF,051553,SI,500
92309251,FA 2024,GINF,WN 2026, ,02003,Information Mas,0775MSI,Big Data Analytics MSI,2520,WN 2025,GINF,040667,SI,681
92309251,FA 2024,GINF,WN 2026, ,02003,Information Mas,0775MSI,Big Data Analytics MSI,2520,WN 2025,GINF,042091,SI,618
92309251,FA 2024,GINF,WN 2026, ,02003,Information Mas,0775MSI,Big Data Analytics MSI,2520,WN 2025,GINF,047640,SI,507
92309251,FA 2024,GINF,WN 2026, ,02003,Information Mas,0775MSI,Big Data Analytics MSI,2520,WN 2025,GINF,050663,SI,568
92309251,FA 2024,GINF,WN 2026, ,02003,Information Mas,0775MSI,Big Data Analytics MSI,2520,WN 2025,GINF,050983,SI,602
92309251,FA 2024,GINF,WN 2026, ,02003,Information Mas,0775MSI,Big Data Analytics MSI,2560,FA 2025,GINF,020934,SI,649
92309251,FA 2024,GINF,WN 2026, ,02003,Information Mas,0775MSI,Big Data Analytics MSI,2560,FA 2025,GINF,041626,SI,664
92309251,FA 2024,GINF,WN 2026, ,02003,Information Mas,0775MSI,Big Data Analytics MSI,2560,FA 2025,GINF,041934,SI,608
92309251,FA 2024,GINF,WN 2026, ,02003,Information Mas,0775MSI,Big Data Analytics MSI,2560,FA 2025,GINF,045930,SI,671
92309251,FA 2024,GINF,WN 2026, ,02003,Information Mas,0775MSI,Big Data Analytics MSI,2560,FA 2025,GINF,047228,ENTR,500
92309251,FA 2024,GINF,WN 2026, ,02003,Information Mas,0775MSI,Big Data Analytics MSI,2560,FA 2025,GINF,047304,ENTR,550
92309251,FA 2024,GINF,WN 2026, ,02003,Information Mas,0775MSI,Big Data Analytics MSI,2570,WN 2026,GINF,047901,SI,699
92331733,FA 2024,GINF,WN 2025,WN 2025,02003,Information Mas,9445MSI,User Experience Design MSI,2510,FA 2024,GINF,021391,SI,511
92331733,FA 2024,GINF,WN 2025,WN 2025,02003,Information Mas,9445MSI,User Experience Design MSI,2510,FA 2024,GINF,021400,SI,520
92331733,FA 2024,GINF,WN 2025,WN 2025,02003,Information Mas,9445MSI,User Experience Design MSI,2510,FA 2024,GINF,045771,SI,684
92331733,FA 2024,GINF,WN 2025,WN 2025,02003,Information Mas,9445MSI,User Experience Design MSI,2510,FA 2024,GINF,048488,SI,559
92331733,FA 2024,GINF,WN 2025,WN 2025,02003,Information Mas,9445MSI,User Experience Design MSI,2510,FA 2024,GINF,051553,SI,500
92331733,FA 2024,GINF,WN 2025,WN 2025,02003,Information Mas,9445MSI,User Experience Design MSI,2520,WN 2025,GINF,012772,SI,548
92331733,FA 2024,GINF,WN 2025,WN 2025,02003,Information Mas,9445MSI,User Experience Design MSI,2520,WN 2025,GINF,021391,SI,511
92331733,FA 2024,GINF,WN 2025,WN 2025,02003,Information Mas,9445MSI,User Experience Design MSI,2520,WN 2025,GINF,047228,ENTR,500
92331733,FA 2024,GINF,WN 2025,WN 2025,02003,Information Mas,9445MSI,User Experience Design MSI,2520,WN 2025,GINF,047901,SI,699
92331733,FA 2024,GINF,WN 2025,WN 2025,02003,Information Mas,9445MSI,User Experience Design MSI,2520,WN 2025,GINF,051836,SI,611
92367616,FA 2025,GINF,WN 2027, ,02003,Information Mas,0775MSI,Big Data Analytics MSI,2560,FA 2025,GINF,016607,SI,544
92367616,FA 2025,GINF,WN 2027, ,02003,Information Mas,0775MSI,Big Data Analytics MSI,2560,FA 2025,GINF,039178,SI,539
92367616,FA 2025,GINF,WN 2027, ,02003,Information Mas,0775MSI,Big Data Analytics MSI,2560,FA 2025,GINF,041855,SI,631
92367616,FA 2025,GINF,WN 2027, ,02003,Information Mas,0775MSI,Big Data Analytics MSI,2560,FA 2025,GINF,047246,SI,506
92367616,FA 2025,GINF,WN 2027, ,02003,Information Mas,0775MSI,Big Data Analytics MSI,2560,FA 2025,GINF,050164,SI,504
92367616,FA 2025,GINF,WN 2027, ,02003,Information Mas,0775MSI,Big Data Analytics MSI,2560,FA 2025,GINF,051553,SI,500
92367616,FA 2025,GINF,WN 2027, ,02003,Information Mas,0775MSI,Big Data Analytics MSI,2570,WN 2026,GINF,042091,SI,618
92367616,FA 2025,GINF,WN 2027, ,02003,Information Mas,0775MSI,Big Data Analytics MSI,2570,WN 2026,GINF,047637,LHS,712
92367616,FA 2025,GINF,WN 2027, ,02003,Information Mas,0775MSI,Big Data Analytics MSI,2570,WN 2026,GINF,047640,SI,507
92367616,FA 2025,GINF,WN 2027, ,02003,Information Mas,0775MSI,Big Data Analytics MSI,2570,WN 2026,GINF,049601,SI,564
92367616,FA 2025,GINF,WN 2027, ,02003,Information Mas,0775MSI,Big Data Analytics MSI,2570,WN 2026,GINF,050663,SI,568
92367616,FA 2025,GINF,WN 2027, ,02003,Information Mas,0775MSI,Big Data Analytics MSI,2570,WN 2026,GINF,052216,SI,512
92563805,FA 2025,GINF,WN 2027, ,02003,Information Mas,9445MSI,User Experience Design MSI,2560,FA 2025,GINF,017281,SI,588
92563805,FA 2025,GINF,WN 2027, ,02003,Information Mas,9445MSI,User Experience Design MSI,2560,FA 2025,GINF,039178,SI,539
92563805,FA 2025,GINF,WN 2027, ,02003,Information Mas,9445MSI,User Experience Design MSI,2560,FA 2025,GINF,047246,SI,506
92563805,FA 2025,GINF,WN 2027, ,02003,Information Mas,9445MSI,User Experience Design MSI,2560,FA 2025,GINF,051553,SI,500
92563805,FA 2025,GINF,WN 2027, ,02003,Information Mas,9445MSI,User Experience Design MSI,2570,WN 2026,GINF,020401,SI,622
92563805,FA 2025,GINF,WN 2027, ,02003,Information Mas,9445MSI,User Experience Design MSI,2570,WN 2026,GINF,021400,SI,520
92563805,FA 2025,GINF,WN 2027, ,02003,Information Mas,9445MSI,User Experience Design MSI,2570,WN 2026,GINF,044772,SI,582
92563805,FA 2025,GINF,WN 2027, ,02003,Information Mas,9445MSI,User Experience Design MSI,2570,WN 2026,GINF,045393,SI,552
92563805,FA 2025,GINF,WN 2027, ,02003,Information Mas,9445MSI,User Experience Design MSI,2570,WN 2026,GINF,050164,SI,504
93100024,FA 2025,GINF,WN 2027, ,02003,Information Mas,0775MSI,Big Data Analytics MSI,2560,FA 2025,GINF,016607,SI,544
93100024,FA 2025,GINF,WN 2027, ,02003,Information Mas,0775MSI,Big Data Analytics MSI,2560,FA 2025,GINF,047246,SI,506
93100024,FA 2025,GINF,WN 2027, ,02003,Information Mas,0775MSI,Big Data Analytics MSI,2560,FA 2025,GINF,050164,SI,504
93100024,FA 2025,GINF,WN 2027, ,02003,Information Mas,0775MSI,Big Data Analytics MSI,2560,FA 2025,GINF,051553,SI,500
93100024,FA 2025,GINF,WN 2027, ,02003,Information Mas,0775MSI,Big Data Analytics MSI,2570,WN 2026,GINF,039123,EAS,531
93100024,FA 2025,GINF,WN 2027, ,02003,Information Mas,0775MSI,Big Data Analytics MSI,2570,WN 2026,GINF,042091,SI,618
93100024,FA 2025,GINF,WN 2027, ,02003,Information Mas,0775MSI,Big Data Analytics MSI,2570,WN 2026,GINF,047640,SI,507
93100024,FA 2025,GINF,WN 2027, ,02003,Information Mas,0775MSI,Big Data Analytics MSI,2570,WN 2026,GINF,049601,SI,564
93100024,FA 2025,GINF,WN 2027, ,02003,Information Mas,0775MSI,Big Data Analytics MSI,2570,WN 2026,GINF,050663,SI,568
93109510,FA 2024,GINF,WN 2026, ,02003,Information Mas,0775MSI,Big Data Analytics MSI,2510,FA 2024,GINF,016607,SI,544
93109510,FA 2024,GINF,WN 2026, ,02003,Information Mas,0775MSI,Big Data Analytics MSI,2510,FA 2024,GINF,039178,SI,539
93109510,FA 2024,GINF,WN 2026, ,02003,Information Mas,0775MSI,Big Data Analytics MSI,2510,FA 2024,GINF,048129,SI,505
93109510,FA 2024,GINF,WN 2026, ,02003,Information Mas,0775MSI,Big Data Analytics MSI,2510,FA 2024,GINF,050164,SI,504
93109510,FA 2024,GINF,WN 2026, ,02003,Information Mas,0775MSI,Big Data Analytics MSI,2510,FA 2024,GINF,051553,SI,500
93109510,FA 2024,GINF,WN 2026, ,02003,Information Mas,0775MSI,Big Data Analytics MSI,2520,WN 2025,GINF,020934,SI,649
93109510,FA 2024,GINF,WN 2026, ,02003,Information Mas,0775MSI,Big Data Analytics MSI,2520,WN 2025,GINF,041957,ENGR,599
93109510,FA 2024,GINF,WN 2026, ,02003,Information Mas,0775MSI,Big Data Analytics MSI,2520,WN 2025,GINF,042091,SI,618
93109510,FA 2024,GINF,WN 2026, ,02003,Information Mas,0775MSI,Big Data Analytics MSI,2520,WN 2025,GINF,049112,PAT,500
93109510,FA 2024,GINF,WN 2026, ,02003,Information Mas,0775MSI,Big Data Analytics MSI,2520,WN 2025,GINF,050663,SI,568
93109510,FA 2024,GINF,WN 2026, ,02003,Information Mas,0775MSI,Big Data Analytics MSI,2520,WN 2025,GINF,051462,SI,644
93109510,FA 2024,GINF,WN 2026, ,02003,Information Mas,0775MSI,Big Data Analytics MSI,2560,FA 2025,GINF,021045,SI,666
93109510,FA 2024,GINF,WN 2026, ,02003,Information Mas,0775MSI,Big Data Analytics MSI,2560,FA 2025,GINF,021391,SI,511
93109510,FA 2024,GINF,WN 2026, ,02003,Information Mas,0775MSI,Big Data Analytics MSI,2560,FA 2025,GINF,041626,SI,664
93109510,FA 2024,GINF,WN 2026, ,02003,Information Mas,0775MSI,Big Data Analytics MSI,2560,FA 2025,GINF,041957,ENGR,599
93109510,FA 2024,GINF,WN 2026, ,02003,Information Mas,0775MSI,Big Data Analytics MSI,2560,FA 2025,GINF,048500,SI,670
93109510,FA 2024,GINF,WN 2026, ,02003,Information Mas,0775MSI,Big Data Analytics MSI,2570,WN 2026,GINF,020803,SI,643
93109510,FA 2024,GINF,WN 2026, ,02003,Information Mas,0775MSI,Big Data Analytics MSI,2570,WN 2026,GINF,047901,SI,699
93109510,FA 2024,GINF,WN 2026, ,02003,Information Mas,0775MSI,Big Data Analytics MSI,2570,WN 2026,GINF,048268,SI,630
93246699,FA 2024,GINF,WN 2026, ,02003,Information Mas,9445MSI,User Experience Design MSI,2510,FA 2024,GINF,021042,SI,647
93246699,FA 2024,GINF,WN 2026, ,02003,Information Mas,9445MSI,User Experience Design MSI,2510,FA 2024,GINF,044772,SI,582
93246699,FA 2024,GINF,WN 2026, ,02003,Information Mas,9445MSI,User Experience Design MSI,2510,FA 2024,GINF,047246,SI,506
93246699,FA 2024,GINF,WN 2026, ,02003,Information Mas,9445MSI,User Experience Design MSI,2510,FA 2024,GINF,048129,SI,505
93246699,FA 2024,GINF,WN 2026, ,02003,Information Mas,9445MSI,User Experience Design MSI,2510,FA 2024,GINF,051553,SI,500
93246699,FA 2024,GINF,WN 2026, ,02003,Information Mas,9445MSI,User Experience Design MSI,2520,WN 2025,GINF,020401,SI,622
93246699,FA 2024,GINF,WN 2026, ,02003,Information Mas,9445MSI,User Experience Design MSI,2520,WN 2025,GINF,021400,SI,520
93246699,FA 2024,GINF,WN 2026, ,02003,Information Mas,9445MSI,User Experience Design MSI,2520,WN 2025,GINF,039178,SI,539
93246699,FA 2024,GINF,WN 2026, ,02003,Information Mas,9445MSI,User Experience Design MSI,2520,WN 2025,GINF,051836,SI,611
93246699,FA 2024,GINF,WN 2026, ,02003,Information Mas,9445MSI,User Experience Design MSI,2560,FA 2025,GINF,017281,SI,588
93246699,FA 2024,GINF,WN 2026, ,02003,Information Mas,9445MSI,User Experience Design MSI,2560,FA 2025,GINF,045393,SI,552
93246699,FA 2024,GINF,WN 2026, ,02003,Information Mas,9445MSI,User Experience Design MSI,2560,FA 2025,GINF,045687,SI,538
93246699,FA 2024,GINF,WN 2026, ,02003,Information Mas,9445MSI,User Experience Design MSI,2560,FA 2025,GINF,051836,SI,611
93246699,FA 2024,GINF,WN 2026, ,02003,Information Mas,9445MSI,User Experience Design MSI,2570,WN 2026,GINF,039081,SI,529
93246699,FA 2024,GINF,WN 2026, ,02003,Information Mas,9445MSI,User Experience Design MSI,2570,WN 2026,GINF,041626,SI,664
93246699,FA 2024,GINF,WN 2026, ,02003,Information Mas,9445MSI,User Experience Design MSI,2570,WN 2026,GINF,047901,SI,699
93296261,FA 2024,GINF,WN 2026, ,02003,Information Mas,0775MSI,Big Data Analytics MSI,2510,FA 2024,GINF,016607,SI,544
93296261,FA 2024,GINF,WN 2026, ,02003,Information Mas,0775MSI,Big Data Analytics MSI,2510,FA 2024,GINF,047246,SI,506
93296261,FA 2024,GINF,WN 2026, ,02003,Information Mas,0775MSI,Big Data Analytics MSI,2510,FA 2024,GINF,050164,SI,504
93296261,FA 2024,GINF,WN 2026, ,02003,Information Mas,0775MSI,Big Data Analytics MSI,2510,FA 2024,GINF,051553,SI,500
93296261,FA 2024,GINF,WN 2026, ,02003,Information Mas,0775MSI,Big Data Analytics MSI,2520,WN 2025,GINF,040667,SI,681
93296261,FA 2024,GINF,WN 2026, ,02003,Information Mas,0775MSI,Big Data Analytics MSI,2520,WN 2025,GINF,042091,SI,618
93296261,FA 2024,GINF,WN 2026, ,02003,Information Mas,0775MSI,Big Data Analytics MSI,2520,WN 2025,GINF,047640,SI,507
93296261,FA 2024,GINF,WN 2026, ,02003,Information Mas,0775MSI,Big Data Analytics MSI,2520,WN 2025,GINF,050663,SI,568
93296261,FA 2024,GINF,WN 2026, ,02003,Information Mas,0775MSI,Big Data Analytics MSI,2520,WN 2025,GINF,050983,SI,602
93296261,FA 2024,GINF,WN 2026, ,02003,Information Mas,0775MSI,Big Data Analytics MSI,2560,FA 2025,GINF,001459,SI,690
93296261,FA 2024,GINF,WN 2026, ,02003,Information Mas,0775MSI,Big Data Analytics MSI,2560,FA 2025,GINF,041626,SI,664
93296261,FA 2024,GINF,WN 2026, ,02003,Information Mas,0775MSI,Big Data Analytics MSI,2560,FA 2025,GINF,041934,SI,608
93296261,FA 2024,GINF,WN 2026, ,02003,Information Mas,0775MSI,Big Data Analytics MSI,2560,FA 2025,GINF,045930,SI,671
93296261,FA 2024,GINF,WN 2026, ,02003,Information Mas,0775MSI,Big Data Analytics MSI,2570,WN 2026,GINF,020934,SI,649
93296261,FA 2024,GINF,WN 2026, ,02003,Information Mas,0775MSI,Big Data Analytics MSI,2570,WN 2026,GINF,021391,SI,511
93296261,FA 2024,GINF,WN 2026, ,02003,Information Mas,0775MSI,Big Data Analytics MSI,2570,WN 2026,GINF,047901,SI,699
93593163,FA 2024,GINF,WN 2027, ,02003,Information Mas,4865MSI,"Lib, Arch&Knwl Envs in Soc MSI",2510,FA 2024,GINF,009731,SI,580
93593163,FA 2024,GINF,WN 2027, ,02003,Information Mas,4865MSI,"Lib, Arch&Knwl Envs in Soc MSI",2510,FA 2024,GINF,021045,SI,666
93593163,FA 2024,GINF,WN 2027, ,02003,Information Mas,4865MSI,"Lib, Arch&Knwl Envs in Soc MSI",2510,FA 2024,GINF,047246,SI,506
93593163,FA 2024,GINF,WN 2027, ,02003,Information Mas,4865MSI,"Lib, Arch&Knwl Envs in Soc MSI",2510,FA 2024,GINF,051553,SI,500
93593163,FA 2024,GINF,WN 2027, ,02003,Information Mas,4865MSI,"Lib, Arch&Knwl Envs in Soc MSI",2520,WN 2025,GINF,022326,SI,581
93593163,FA 2024,GINF,WN 2027, ,02003,Information Mas,4865MSI,"Lib, Arch&Knwl Envs in Soc MSI",2520,WN 2025,GINF,048280,SI,667
93593163,FA 2024,GINF,WN 2027, ,02003,Information Mas,4865MSI,"Lib, Arch&Knwl Envs in Soc MSI",2520,WN 2025,GINF,050162,SI,510
93593163,FA 2024,GINF,WN 2027, ,02003,Information Mas,4865MSI,"Lib, Arch&Knwl Envs in Soc MSI",2520,WN 2025,GINF,050165,SI,585
93593163,FA 2024,GINF,WN 2027, ,02003,Information Mas,4865MSI,"Lib, Arch&Knwl Envs in Soc MSI",2560,FA 2025,GINF,021042,SI,647
93593163,FA 2024,GINF,WN 2027, ,02003,Information Mas,4865MSI,"Lib, Arch&Knwl Envs in Soc MSI",2560,FA 2025,GINF,038659,SI,519
93593163,FA 2024,GINF,WN 2027, ,02003,Information Mas,4865MSI,"Lib, Arch&Knwl Envs in Soc MSI",2560,FA 2025,GINF,038948,SI,632
93593163,FA 2024,GINF,WN 2027, ,02003,Information Mas,4865MSI,"Lib, Arch&Knwl Envs in Soc MSI",2560,FA 2025,GINF,050028,SI,583
93593163,FA 2024,GINF,WN 2027, ,02003,Information Mas,4865MSI,"Lib, Arch&Knwl Envs in Soc MSI",2570,WN 2026,GINF,016760,MUSICOL,606
93593163,FA 2024,GINF,WN 2027, ,02003,Information Mas,4865MSI,"Lib, Arch&Knwl Envs in Soc MSI",2570,WN 2026,GINF,021270,AMCULT,601
93593163,FA 2024,GINF,WN 2027, ,02003,Information Mas,4865MSI,"Lib, Arch&Knwl Envs in Soc MSI",2570,WN 2026,GINF,047641,SI,540
93593163,FA 2024,GINF,WN 2027, ,02003,Information Mas,4865MSI,"Lib, Arch&Knwl Envs in Soc MSI",2570,WN 2026,GINF,047901,SI,699
93714565,FA 2025,GINF,WN 2026, ,02003,Information Mas,9455MSI,User-Centered Agile Dev MSI,2560,FA 2025,GINF,001459,SI,690
93714565,FA 2025,GINF,WN 2026, ,02003,Information Mas,9455MSI,User-Centered Agile Dev MSI,2560,FA 2025,GINF,041626,SI,664
93714565,FA 2025,GINF,WN 2026, ,02003,Information Mas,9455MSI,User-Centered Agile Dev MSI,2560,FA 2025,GINF,041855,SI,631
93714565,FA 2025,GINF,WN 2026, ,02003,Information Mas,9455MSI,User-Centered Agile Dev MSI,2560,FA 2025,GINF,042071,SI,563
93714565,FA 2025,GINF,WN 2026, ,02003,Information Mas,9455MSI,User-Centered Agile Dev MSI,2560,FA 2025,GINF,047640,SI,507
93714565,FA 2025,GINF,WN 2026, ,02003,Information Mas,9455MSI,User-Centered Agile Dev MSI,2560,FA 2025,GINF,050164,SI,504
93714565,FA 2025,GINF,WN 2026, ,02003,Information Mas,9455MSI,User-Centered Agile Dev MSI,2570,WN 2026,GINF,012772,SI,548
93714565,FA 2025,GINF,WN 2026, ,02003,Information Mas,9455MSI,User-Centered Agile Dev MSI,2570,WN 2026,GINF,021391,SI,511
93714565,FA 2025,GINF,WN 2026, ,02003,Information Mas,9455MSI,User-Centered Agile Dev MSI,2570,WN 2026,GINF,022099,SI,658
93714565,FA 2025,GINF,WN 2026, ,02003,Information Mas,9455MSI,User-Centered Agile Dev MSI,2570,WN 2026,GINF,047901,SI,699
94012596,FA 2025,GINF,WN 2027, ,02003,Information Mas,9445MSI,User Experience Design MSI,2560,FA 2025,GINF,017281,SI,588
94012596,FA 2025,GINF,WN 2027, ,02003,Information Mas,9445MSI,User Experience Design MSI,2560,FA 2025,GINF,039178,SI,539
94012596,FA 2025,GINF,WN 2027, ,02003,Information Mas,9445MSI,User Experience Design MSI,2560,FA 2025,GINF,047246,SI,506
94012596,FA 2025,GINF,WN 2027, ,02003,Information Mas,9445MSI,User Experience Design MSI,2560,FA 2025,GINF,051553,SI,500
94012596,FA 2025,GINF,WN 2027, ,02003,Information Mas,9445MSI,User Experience Design MSI,2570,WN 2026,GINF,020401,SI,622
94012596,FA 2025,GINF,WN 2027, ,02003,Information Mas,9445MSI,User Experience Design MSI,2570,WN 2026,GINF,021400,SI,520
94012596,FA 2025,GINF,WN 2027, ,02003,Information Mas,9445MSI,User Experience Design MSI,2570,WN 2026,GINF,044772,SI,582
94012596,FA 2025,GINF,WN 2027, ,02003,Information Mas,9445MSI,User Experience Design MSI,2570,WN 2026,GINF,048488,SI,559
94041696,FA 2024,GINF,WN 2026, ,02003,Information Mas,0775MSI,Big Data Analytics MSI,2510,FA 2024,GINF,016607,SI,544
94041696,FA 2024,GINF,WN 2026, ,02003,Information Mas,0775MSI,Big Data Analytics MSI,2510,FA 2024,GINF,047246,SI,506
94041696,FA 2024,GINF,WN 2026, ,02003,Information Mas,0775MSI,Big Data Analytics MSI,2510,FA 2024,GINF,049601,SI,564
94041696,FA 2024,GINF,WN 2026, ,02003,Information Mas,0775MSI,Big Data Analytics MSI,2510,FA 2024,GINF,050164,SI,504
94041696,FA 2024,GINF,WN 2026, ,02003,Information Mas,0775MSI,Big Data Analytics MSI,2510,FA 2024,GINF,051553,SI,500
94041696,FA 2024,GINF,WN 2026, ,02003,Information Mas,0775MSI,Big Data Analytics MSI,2520,WN 2025,GINF,041626,SI,664
94041696,FA 2024,GINF,WN 2026, ,02003,Information Mas,0775MSI,Big Data Analytics MSI,2520,WN 2025,GINF,042091,SI,618
94041696,FA 2024,GINF,WN 2026, ,02003,Information Mas,0775MSI,Big Data Analytics MSI,2520,WN 2025,GINF,047640,SI,507
94041696,FA 2024,GINF,WN 2026, ,02003,Information Mas,0775MSI,Big Data Analytics MSI,2520,WN 2025,GINF,050663,SI,568
94041696,FA 2024,GINF,WN 2026, ,02003,Information Mas,0775MSI,Big Data Analytics MSI,2520,WN 2025,GINF,050983,SI,602
94041696,FA 2024,GINF,WN 2026, ,02003,Information Mas,0775MSI,Big Data Analytics MSI,2520,WN 2025,GINF,051462,SI,644
94041696,FA 2024,GINF,WN 2026, ,02003,Information Mas,0775MSI,Big Data Analytics MSI,2560,FA 2025,GINF,042071,SI,563
94041696,FA 2024,GINF,WN 2026, ,02003,Information Mas,0775MSI,Big Data Analytics MSI,2560,FA 2025,GINF,045930,SI,671
94041696,FA 2024,GINF,WN 2026, ,02003,Information Mas,0775MSI,Big Data Analytics MSI,2560,FA 2025,GINF,048500,SI,670
94041696,FA 2024,GINF,WN 2026, ,02003,Information Mas,0775MSI,Big Data Analytics MSI,2560,FA 2025,GINF,050509,EECS,553
94041696,FA 2024,GINF,WN 2026, ,02003,Information Mas,0775MSI,Big Data Analytics MSI,2570,WN 2026,GINF,020934,SI,649
94041696,FA 2024,GINF,WN 2026, ,02003,Information Mas,0775MSI,Big Data Analytics MSI,2570,WN 2026,GINF,047901,SI,699
94041696,FA 2024,GINF,WN 2026, ,02003,Information Mas,0775MSI,Big Data Analytics MSI,2570,WN 2026,GINF,048268,SI,630
94158400,FA 2024,GINF,WN 2025,WN 2025,02003,Information Mas,0775MSI,Big Data Analytics MSI,2510,FA 2024,GINF,001459,SI,690
94158400,FA 2024,GINF,WN 2025,WN 2025,02003,Information Mas,0775MSI,Big Data Analytics MSI,2510,FA 2024,GINF,009731,SI,580
94158400,FA 2024,GINF,WN 2025,WN 2025,02003,Information Mas,0775MSI,Big Data Analytics MSI,2510,FA 2024,GINF,020934,SI,649
94158400,FA 2024,GINF,WN 2025,WN 2025,02003,Information Mas,0775MSI,Big Data Analytics MSI,2510,FA 2024,GINF,048500,SI,670
94158400,FA 2024,GINF,WN 2025,WN 2025,02003,Information Mas,0775MSI,Big Data Analytics MSI,2510,FA 2024,GINF,051553,SI,500
94158400,FA 2024,GINF,WN 2025,WN 2025,02003,Information Mas,0775MSI,Big Data Analytics MSI,2520,WN 2025,GINF,047901,SI,699
94158400,FA 2024,GINF,WN 2025,WN 2025,02003,Information Mas,0775MSI,Big Data Analytics MSI,2520,WN 2025,GINF,048268,SI,630
94158400,FA 2024,GINF,WN 2025,WN 2025,02003,Information Mas,0775MSI,Big Data Analytics MSI,2520,WN 2025,GINF,049070,TO,638
94158400,FA 2024,GINF,WN 2025,WN 2025,02003,Information Mas,0775MSI,Big Data Analytics MSI,2520,WN 2025,GINF,050663,SI,568
94158400,FA 2024,GINF,WN 2025,WN 2025,02003,Information Mas,0775MSI,Big Data Analytics MSI,2520,WN 2025,GINF,050983,SI,602
94174242,FA 2025,GINF,WN 2027, ,02003,Information Mas,9445MSI,User Experience Design MSI,2560,FA 2025,GINF,017281,SI,588
94174242,FA 2025,GINF,WN 2027, ,02003,Information Mas,9445MSI,User Experience Design MSI,2560,FA 2025,GINF,039178,SI,539
94174242,FA 2025,GINF,WN 2027, ,02003,Information Mas,9445MSI,User Experience Design MSI,2560,FA 2025,GINF,044772,SI,582
94174242,FA 2025,GINF,WN 2027, ,02003,Information Mas,9445MSI,User Experience Design MSI,2560,FA 2025,GINF,047246,SI,506
94174242,FA 2025,GINF,WN 2027, ,02003,Information Mas,9445MSI,User Experience Design MSI,2560,FA 2025,GINF,051553,SI,500
94174242,FA 2025,GINF,WN 2027, ,02003,Information Mas,9445MSI,User Experience Design MSI,2570,WN 2026,GINF,020401,SI,622
94174242,FA 2025,GINF,WN 2027, ,02003,Information Mas,9445MSI,User Experience Design MSI,2570,WN 2026,GINF,021400,SI,520
94174242,FA 2025,GINF,WN 2027, ,02003,Information Mas,9445MSI,User Experience Design MSI,2570,WN 2026,GINF,041626,SI,664
94174242,FA 2025,GINF,WN 2027, ,02003,Information Mas,9445MSI,User Experience Design MSI,2570,WN 2026,GINF,048488,SI,559
94174242,FA 2025,GINF,WN 2027, ,02003,Information Mas,9445MSI,User Experience Design MSI,2570,WN 2026,GINF,051454,SI,594
94199572,FA 2024,GINF,WN 2026, ,02003,Information Mas,9455MSI,User-Centered Agile Dev MSI,2510,FA 2024,GINF,017281,SI,588
94199572,FA 2024,GINF,WN 2026, ,02003,Information Mas,9455MSI,User-Centered Agile Dev MSI,2510,FA 2024,GINF,044772,SI,582
94199572,FA 2024,GINF,WN 2026, ,02003,Information Mas,9455MSI,User-Centered Agile Dev MSI,2510,FA 2024,GINF,047246,SI,506
94199572,FA 2024,GINF,WN 2026, ,02003,Information Mas,9455MSI,User-Centered Agile Dev MSI,2510,FA 2024,GINF,048488,SI,559
94199572,FA 2024,GINF,WN 2026, ,02003,Information Mas,9455MSI,User-Centered Agile Dev MSI,2510,FA 2024,GINF,050164,SI,504
94199572,FA 2024,GINF,WN 2026, ,02003,Information Mas,9455MSI,User-Centered Agile Dev MSI,2510,FA 2024,GINF,051553,SI,500
94199572,FA 2024,GINF,WN 2026, ,02003,Information Mas,9455MSI,User-Centered Agile Dev MSI,2520,WN 2025,GINF,020401,SI,622
94199572,FA 2024,GINF,WN 2026, ,02003,Information Mas,9455MSI,User-Centered Agile Dev MSI,2520,WN 2025,GINF,039178,SI,539
94199572,FA 2024,GINF,WN 2026, ,02003,Information Mas,9455MSI,User-Centered Agile Dev MSI,2520,WN 2025,GINF,041626,SI,664
94199572,FA 2024,GINF,WN 2026, ,02003,Information Mas,9455MSI,User-Centered Agile Dev MSI,2520,WN 2025,GINF,047640,SI,507
94199572,FA 2024,GINF,WN 2026, ,02003,Information Mas,9455MSI,User-Centered Agile Dev MSI,2520,WN 2025,GINF,049601,SI,564
94199572,FA 2024,GINF,WN 2026, ,02003,Information Mas,9455MSI,User-Centered Agile Dev MSI,2520,WN 2025,GINF,050159,SI,579
94199572,FA 2024,GINF,WN 2026, ,02003,Information Mas,9455MSI,User-Centered Agile Dev MSI,2560,FA 2025,GINF,001602,ECON,101
94199572,FA 2024,GINF,WN 2026, ,02003,Information Mas,9455MSI,User-Centered Agile Dev MSI,2560,FA 2025,GINF,041855,SI,631
94199572,FA 2024,GINF,WN 2026, ,02003,Information Mas,9455MSI,User-Centered Agile Dev MSI,2560,FA 2025,GINF,043863,SI,612
94199572,FA 2024,GINF,WN 2026, ,02003,Information Mas,9455MSI,User-Centered Agile Dev MSI,2560,FA 2025,GINF,048487,SI,669
94199572,FA 2024,GINF,WN 2026, ,02003,Information Mas,9455MSI,User-Centered Agile Dev MSI,2560,FA 2025,GINF,051183,GUITAR,110
94199572,FA 2024,GINF,WN 2026, ,02003,Information Mas,9455MSI,User-Centered Agile Dev MSI,2560,FA 2025,GINF,051462,SI,644
94199572,FA 2024,GINF,WN 2026, ,02003,Information Mas,9455MSI,User-Centered Agile Dev MSI,2560,FA 2025,GINF,052172,SI,679
94199572,FA 2024,GINF,WN 2026, ,02003,Information Mas,9455MSI,User-Centered Agile Dev MSI,2570,WN 2026,GINF,047901,SI,699
94199572,FA 2024,GINF,WN 2026, ,02003,Information Mas,9455MSI,User-Centered Agile Dev MSI,2570,WN 2026,GINF,048486,SI,659
94325700,FA 2025,GINF,WN 2027, ,02003,Information Mas,9455MSI,User-Centered Agile Dev MSI,2560,FA 2025,GINF,001459,SI,690
94325700,FA 2025,GINF,WN 2027, ,02003,Information Mas,9455MSI,User-Centered Agile Dev MSI,2560,FA 2025,GINF,041855,SI,631
94325700,FA 2025,GINF,WN 2027, ,02003,Information Mas,9455MSI,User-Centered Agile Dev MSI,2560,FA 2025,GINF,048487,SI,669
94325700,FA 2025,GINF,WN 2027, ,02003,Information Mas,9455MSI,User-Centered Agile Dev MSI,2560,FA 2025,GINF,048488,SI,559
94325700,FA 2025,GINF,WN 2027, ,02003,Information Mas,9455MSI,User-Centered Agile Dev MSI,2560,FA 2025,GINF,050164,SI,504
94325700,FA 2025,GINF,WN 2027, ,02003,Information Mas,9455MSI,User-Centered Agile Dev MSI,2560,FA 2025,GINF,052172,SI,679
94325700,FA 2025,GINF,WN 2027, ,02003,Information Mas,9455MSI,User-Centered Agile Dev MSI,2570,WN 2026,GINF,001459,SI,690
94325700,FA 2025,GINF,WN 2027, ,02003,Information Mas,9455MSI,User-Centered Agile Dev MSI,2570,WN 2026,GINF,021391,SI,511
94325700,FA 2025,GINF,WN 2027, ,02003,Information Mas,9455MSI,User-Centered Agile Dev MSI,2570,WN 2026,GINF,052216,SI,512
94348688,FA 2024,GINF,WN 2026, ,02003,Information Mas,9445MSI,User Experience Design MSI,2510,FA 2024,GINF,006651,ENS,344
94348688,FA 2024,GINF,WN 2026, ,02003,Information Mas,9445MSI,User Experience Design MSI,2510,FA 2024,GINF,011466,CELLO,500
94348688,FA 2024,GINF,WN 2026, ,02003,Information Mas,9445MSI,User Experience Design MSI,2510,FA 2024,GINF,017281,SI,588
94348688,FA 2024,GINF,WN 2026, ,02003,Information Mas,9445MSI,User Experience Design MSI,2510,FA 2024,GINF,044637,SI,648
94348688,FA 2024,GINF,WN 2026, ,02003,Information Mas,9445MSI,User Experience Design MSI,2510,FA 2024,GINF,045393,SI,552
94348688,FA 2024,GINF,WN 2026, ,02003,Information Mas,9445MSI,User Experience Design MSI,2510,FA 2024,GINF,051553,SI,500
94348688,FA 2024,GINF,WN 2026, ,02003,Information Mas,9445MSI,User Experience Design MSI,2520,WN 2025,GINF,006651,ENS,344
94348688,FA 2024,GINF,WN 2026, ,02003,Information Mas,9445MSI,User Experience Design MSI,2520,WN 2025,GINF,011466,CELLO,500
94348688,FA 2024,GINF,WN 2026, ,02003,Information Mas,9445MSI,User Experience Design MSI,2520,WN 2025,GINF,021050,SI,691
94348688,FA 2024,GINF,WN 2026, ,02003,Information Mas,9445MSI,User Experience Design MSI,2520,WN 2025,GINF,021400,SI,520
94348688,FA 2024,GINF,WN 2026, ,02003,Information Mas,9445MSI,User Experience Design MSI,2520,WN 2025,GINF,039178,SI,539
94348688,FA 2024,GINF,WN 2026, ,02003,Information Mas,9445MSI,User Experience Design MSI,2520,WN 2025,GINF,040667,SI,681
94348688,FA 2024,GINF,WN 2026, ,02003,Information Mas,9445MSI,User Experience Design MSI,2520,WN 2025,GINF,047173,LHS,610
94348688,FA 2024,GINF,WN 2026, ,02003,Information Mas,9445MSI,User Experience Design MSI,2520,WN 2025,GINF,047228,ENTR,500
94348688,FA 2024,GINF,WN 2026, ,02003,Information Mas,9445MSI,User Experience Design MSI,2560,FA 2025,GINF,052182,SIABRD,504
94348688,FA 2024,GINF,WN 2026, ,02003,Information Mas,9445MSI,User Experience Design MSI,2570,WN 2026,GINF,046306,SI,616
94348688,FA 2024,GINF,WN 2026, ,02003,Information Mas,9445MSI,User Experience Design MSI,2570,WN 2026,GINF,047901,SI,699
94398564,FA 2025,GINF,WN 2027, ,02003,Information Mas,9445MSI,User Experience Design MSI,2560,FA 2025,GINF,017281,SI,588
94398564,FA 2025,GINF,WN 2027, ,02003,Information Mas,9445MSI,User Experience Design MSI,2560,FA 2025,GINF,044772,SI,582
94398564,FA 2025,GINF,WN 2027, ,02003,Information Mas,9445MSI,User Experience Design MSI,2560,FA 2025,GINF,047246,SI,506
94398564,FA 2025,GINF,WN 2027, ,02003,Information Mas,9445MSI,User Experience Design MSI,2560,FA 2025,GINF,048129,SI,505
94398564,FA 2025,GINF,WN 2027, ,02003,Information Mas,9445MSI,User Experience Design MSI,2560,FA 2025,GINF,051553,SI,500
94398564,FA 2025,GINF,WN 2027, ,02003,Information Mas,9445MSI,User Experience Design MSI,2570,WN 2026,GINF,020401,SI,622
94398564,FA 2025,GINF,WN 2027, ,02003,Information Mas,9445MSI,User Experience Design MSI,2570,WN 2026,GINF,021050,SI,691
94398564,FA 2025,GINF,WN 2027, ,02003,Information Mas,9445MSI,User Experience Design MSI,2570,WN 2026,GINF,021391,SI,511
94398564,FA 2025,GINF,WN 2027, ,02003,Information Mas,9445MSI,User Experience Design MSI,2570,WN 2026,GINF,039178,SI,539
94398564,FA 2025,GINF,WN 2027, ,02003,Information Mas,9445MSI,User Experience Design MSI,2570,WN 2026,GINF,045393,SI,552
94398564,FA 2025,GINF,WN 2027, ,02003,Information Mas,9445MSI,User Experience Design MSI,2570,WN 2026,GINF,051836,SI,611
94406608,FA 2025,GINF,WN 2027, ,02003,Information Mas,0775MSI,Big Data Analytics MSI,2560,FA 2025,GINF,042091,SI,618
94406608,FA 2025,GINF,WN 2027, ,02003,Information Mas,0775MSI,Big Data Analytics MSI,2560,FA 2025,GINF,047640,SI,507
94406608,FA 2025,GINF,WN 2027, ,02003,Information Mas,0775MSI,Big Data Analytics MSI,2560,FA 2025,GINF,050164,SI,504
94406608,FA 2025,GINF,WN 2027, ,02003,Information Mas,0775MSI,Big Data Analytics MSI,2560,FA 2025,GINF,051553,SI,500
94406608,FA 2025,GINF,WN 2027, ,02003,Information Mas,0775MSI,Big Data Analytics MSI,2570,WN 2026,GINF,020934,SI,649
94406608,FA 2025,GINF,WN 2027, ,02003,Information Mas,0775MSI,Big Data Analytics MSI,2570,WN 2026,GINF,048268,SI,630
94406608,FA 2025,GINF,WN 2027, ,02003,Information Mas,0775MSI,Big Data Analytics MSI,2570,WN 2026,GINF,049601,SI,564
94406608,FA 2025,GINF,WN 2027, ,02003,Information Mas,0775MSI,Big Data Analytics MSI,2570,WN 2026,GINF,050663,SI,568
94406608,FA 2025,GINF,WN 2027, ,02003,Information Mas,0775MSI,Big Data Analytics MSI,2570,WN 2026,GINF,052256,ENTR,475
94406608,FA 2025,GINF,WN 2027, ,02003,Information Mas,0775MSI,Big Data Analytics MSI,2570,WN 2026,GINF,052324,ENGR,555
94602176,FA 2025,GINF,WN 2027, ,02003,Information Mas,0775MSI,Big Data Analytics MSI,2560,FA 2025,GINF,042091,SI,618
94602176,FA 2025,GINF,WN 2027, ,02003,Information Mas,0775MSI,Big Data Analytics MSI,2560,FA 2025,GINF,047640,SI,507
94602176,FA 2025,GINF,WN 2027, ,02003,Information Mas,0775MSI,Big Data Analytics MSI,2560,FA 2025,GINF,050164,SI,504
94602176,FA 2025,GINF,WN 2027, ,02003,Information Mas,0775MSI,Big Data Analytics MSI,2560,FA 2025,GINF,051553,SI,500
94602176,FA 2025,GINF,WN 2027, ,02003,Information Mas,0775MSI,Big Data Analytics MSI,2560,FA 2025,GINF,052216,SI,512
94602176,FA 2025,GINF,WN 2027, ,02003,Information Mas,0775MSI,Big Data Analytics MSI,2570,WN 2026,GINF,014746,EECS,542
94602176,FA 2025,GINF,WN 2027, ,02003,Information Mas,0775MSI,Big Data Analytics MSI,2570,WN 2026,GINF,048268,SI,630
94602176,FA 2025,GINF,WN 2027, ,02003,Information Mas,0775MSI,Big Data Analytics MSI,2570,WN 2026,GINF,049601,SI,564
94602176,FA 2025,GINF,WN 2027, ,02003,Information Mas,0775MSI,Big Data Analytics MSI,2570,WN 2026,GINF,050663,SI,568
94602176,FA 2025,GINF,WN 2027, ,02003,Information Mas,0775MSI,Big Data Analytics MSI,2570,WN 2026,GINF,050983,SI,602
94602176,FA 2025,GINF,WN 2027, ,02003,Information Mas,0775MSI,Big Data Analytics MSI,2570,WN 2026,GINF,052216,SI,512
94863306,FA 2025,GINF,WN 2027, ,02003,Information Mas,0775MSI,Big Data Analytics MSI,2560,FA 2025,GINF,047640,SI,507
94863306,FA 2025,GINF,WN 2027, ,02003,Information Mas,0775MSI,Big Data Analytics MSI,2560,FA 2025,GINF,048129,SI,505
94863306,FA 2025,GINF,WN 2027, ,02003,Information Mas,0775MSI,Big Data Analytics MSI,2560,FA 2025,GINF,049601,SI,564
94863306,FA 2025,GINF,WN 2027, ,02003,Information Mas,0775MSI,Big Data Analytics MSI,2560,FA 2025,GINF,050164,SI,504
94863306,FA 2025,GINF,WN 2027, ,02003,Information Mas,0775MSI,Big Data Analytics MSI,2560,FA 2025,GINF,051553,SI,500
94863306,FA 2025,GINF,WN 2027, ,02003,Information Mas,0775MSI,Big Data Analytics MSI,2570,WN 2026,GINF,020934,SI,649
94863306,FA 2025,GINF,WN 2027, ,02003,Information Mas,0775MSI,Big Data Analytics MSI,2570,WN 2026,GINF,042091,SI,618
94863306,FA 2025,GINF,WN 2027, ,02003,Information Mas,0775MSI,Big Data Analytics MSI,2570,WN 2026,GINF,043366,SI,617
94863306,FA 2025,GINF,WN 2027, ,02003,Information Mas,0775MSI,Big Data Analytics MSI,2570,WN 2026,GINF,047226,EECS,504
94863306,FA 2025,GINF,WN 2027, ,02003,Information Mas,0775MSI,Big Data Analytics MSI,2570,WN 2026,GINF,050663,SI,568
94863306,FA 2025,GINF,WN 2027, ,02003,Information Mas,0775MSI,Big Data Analytics MSI,2570,WN 2026,GINF,051462,SI,644
95306610,FA 2025,GINF,WN 2027, ,02003,Information Mas,0775MSI,Big Data Analytics MSI,2560,FA 2025,GINF,016607,SI,544
95306610,FA 2025,GINF,WN 2027, ,02003,Information Mas,0775MSI,Big Data Analytics MSI,2560,FA 2025,GINF,047246,SI,506
95306610,FA 2025,GINF,WN 2027, ,02003,Information Mas,0775MSI,Big Data Analytics MSI,2560,FA 2025,GINF,049601,SI,564
95306610,FA 2025,GINF,WN 2027, ,02003,Information Mas,0775MSI,Big Data Analytics MSI,2560,FA 2025,GINF,050164,SI,504
95306610,FA 2025,GINF,WN 2027, ,02003,Information Mas,0775MSI,Big Data Analytics MSI,2560,FA 2025,GINF,051553,SI,500
95306610,FA 2025,GINF,WN 2027, ,02003,Information Mas,0775MSI,Big Data Analytics MSI,2560,FA 2025,GINF,052216,SI,512
95306610,FA 2025,GINF,WN 2027, ,02003,Information Mas,0775MSI,Big Data Analytics MSI,2570,WN 2026,GINF,041626,SI,664
95306610,FA 2025,GINF,WN 2027, ,02003,Information Mas,0775MSI,Big Data Analytics MSI,2570,WN 2026,GINF,042091,SI,618
95306610,FA 2025,GINF,WN 2027, ,02003,Information Mas,0775MSI,Big Data Analytics MSI,2570,WN 2026,GINF,047640,SI,507
95306610,FA 2025,GINF,WN 2027, ,02003,Information Mas,0775MSI,Big Data Analytics MSI,2570,WN 2026,GINF,049601,SI,564
95306610,FA 2025,GINF,WN 2027, ,02003,Information Mas,0775MSI,Big Data Analytics MSI,2570,WN 2026,GINF,050663,SI,568
95306610,FA 2025,GINF,WN 2027, ,02003,Information Mas,0775MSI,Big Data Analytics MSI,2570,WN 2026,GINF,050983,SI,602
95586344,FA 2024,GINF,WN 2025,WN 2025,02003,Information Mas,9445MSI,User Experience Design MSI,2510,FA 2024,GINF,001459,SI,690
95586344,FA 2024,GINF,WN 2025,WN 2025,02003,Information Mas,9445MSI,User Experience Design MSI,2510,FA 2024,GINF,003735,MKT,618
95586344,FA 2024,GINF,WN 2025,WN 2025,02003,Information Mas,9445MSI,User Experience Design MSI,2510,FA 2024,GINF,021400,SI,520
95586344,FA 2024,GINF,WN 2025,WN 2025,02003,Information Mas,9445MSI,User Experience Design MSI,2510,FA 2024,GINF,047304,ENTR,550
95586344,FA 2024,GINF,WN 2025,WN 2025,02003,Information Mas,9445MSI,User Experience Design MSI,2510,FA 2024,GINF,051462,SI,644
95586344,FA 2024,GINF,WN 2025,WN 2025,02003,Information Mas,9445MSI,User Experience Design MSI,2510,FA 2024,GINF,051553,SI,500
95586344,FA 2024,GINF,WN 2025,WN 2025,02003,Information Mas,9445MSI,User Experience Design MSI,2520,WN 2025,GINF,021050,SI,691
95586344,FA 2024,GINF,WN 2025,WN 2025,02003,Information Mas,9445MSI,User Experience Design MSI,2520,WN 2025,GINF,022099,SI,658
95586344,FA 2024,GINF,WN 2025,WN 2025,02003,Information Mas,9445MSI,User Experience Design MSI,2520,WN 2025,GINF,047901,SI,699
95586344,FA 2024,GINF,WN 2025,WN 2025,02003,Information Mas,9445MSI,User Experience Design MSI,2520,WN 2025,GINF,048488,SI,559
95586344,FA 2024,GINF,WN 2025,WN 2025,02003,Information Mas,9445MSI,User Experience Design MSI,2520,WN 2025,GINF,049082,SI,682
95586344,FA 2024,GINF,WN 2025,WN 2025,02003,Information Mas,9445MSI,User Experience Design MSI,2520,WN 2025,GINF,050164,SI,504
95635649,FA 2025,GINF,WN 2027, ,02003,Information Mas,9445MSI,User Experience Design MSI,2560,FA 2025,GINF,017281,SI,588
95635649,FA 2025,GINF,WN 2027, ,02003,Information Mas,9445MSI,User Experience Design MSI,2560,FA 2025,GINF,044772,SI,582
95635649,FA 2025,GINF,WN 2027, ,02003,Information Mas,9445MSI,User Experience Design MSI,2560,FA 2025,GINF,047246,SI,506
95635649,FA 2025,GINF,WN 2027, ,02003,Information Mas,9445MSI,User Experience Design MSI,2560,FA 2025,GINF,048129,SI,505
95635649,FA 2025,GINF,WN 2027, ,02003,Information Mas,9445MSI,User Experience Design MSI,2560,FA 2025,GINF,051553,SI,500
95635649,FA 2025,GINF,WN 2027, ,02003,Information Mas,9445MSI,User Experience Design MSI,2570,WN 2026,GINF,020401,SI,622
95635649,FA 2025,GINF,WN 2027, ,02003,Information Mas,9445MSI,User Experience Design MSI,2570,WN 2026,GINF,039178,SI,539
95635649,FA 2025,GINF,WN 2027, ,02003,Information Mas,9445MSI,User Experience Design MSI,2570,WN 2026,GINF,051454,SI,594
95635649,FA 2025,GINF,WN 2027, ,02003,Information Mas,9445MSI,User Experience Design MSI,2570,WN 2026,GINF,051836,SI,611
95806718,FA 2025,GINF,WN 2027, ,02003,Information Mas,9445MSI,User Experience Design MSI,2560,FA 2025,GINF,017281,SI,588
95806718,FA 2025,GINF,WN 2027, ,02003,Information Mas,9445MSI,User Experience Design MSI,2560,FA 2025,GINF,039178,SI,539
95806718,FA 2025,GINF,WN 2027, ,02003,Information Mas,9445MSI,User Experience Design MSI,2560,FA 2025,GINF,047246,SI,506
95806718,FA 2025,GINF,WN 2027, ,02003,Information Mas,9445MSI,User Experience Design MSI,2560,FA 2025,GINF,051553,SI,500
95806718,FA 2025,GINF,WN 2027, ,02003,Information Mas,9445MSI,User Experience Design MSI,2570,WN 2026,GINF,020401,SI,622
95806718,FA 2025,GINF,WN 2027, ,02003,Information Mas,9445MSI,User Experience Design MSI,2570,WN 2026,GINF,021400,SI,520
95806718,FA 2025,GINF,WN 2027, ,02003,Information Mas,9445MSI,User Experience Design MSI,2570,WN 2026,GINF,044772,SI,582
95806718,FA 2025,GINF,WN 2027, ,02003,Information Mas,9445MSI,User Experience Design MSI,2570,WN 2026,GINF,048129,SI,505
95900512,FA 2024,GINF,WN 2027, ,02003,Information Mas,0775MSI,Big Data Analytics MSI,2510,FA 2024,GINF,009732,SI,650
95900512,FA 2024,GINF,WN 2027, ,02003,Information Mas,0775MSI,Big Data Analytics MSI,2510,FA 2024,GINF,039178,SI,539
95900512,FA 2024,GINF,WN 2027, ,02003,Information Mas,0775MSI,Big Data Analytics MSI,2510,FA 2024,GINF,041626,SI,664
95900512,FA 2024,GINF,WN 2027, ,02003,Information Mas,0775MSI,Big Data Analytics MSI,2510,FA 2024,GINF,042091,SI,618
95900512,FA 2024,GINF,WN 2027, ,02003,Information Mas,0775MSI,Big Data Analytics MSI,2510,FA 2024,GINF,051553,SI,500
95900512,FA 2024,GINF,WN 2027, ,02003,Information Mas,0775MSI,Big Data Analytics MSI,2520,WN 2025,GINF,020803,SI,643
95900512,FA 2024,GINF,WN 2027, ,02003,Information Mas,0775MSI,Big Data Analytics MSI,2520,WN 2025,GINF,042324,SI,639
95900512,FA 2024,GINF,WN 2027, ,02003,Information Mas,0775MSI,Big Data Analytics MSI,2520,WN 2025,GINF,047640,SI,507
95900512,FA 2024,GINF,WN 2027, ,02003,Information Mas,0775MSI,Big Data Analytics MSI,2520,WN 2025,GINF,048268,SI,630
95900512,FA 2024,GINF,WN 2027, ,02003,Information Mas,0775MSI,Big Data Analytics MSI,2520,WN 2025,GINF,050663,SI,568
95900512,FA 2024,GINF,WN 2027, ,02003,Information Mas,0775MSI,Big Data Analytics MSI,2520,WN 2025,GINF,050983,SI,602
95900512,FA 2024,GINF,WN 2027, ,02003,Information Mas,0775MSI,Big Data Analytics MSI,2560,FA 2025,GINF,038659,SI,519
95900512,FA 2024,GINF,WN 2027, ,02003,Information Mas,0775MSI,Big Data Analytics MSI,2560,FA 2025,GINF,041934,SI,608
95900512,FA 2024,GINF,WN 2027, ,02003,Information Mas,0775MSI,Big Data Analytics MSI,2560,FA 2025,GINF,042071,SI,563
95900512,FA 2024,GINF,WN 2027, ,02003,Information Mas,0775MSI,Big Data Analytics MSI,2560,FA 2025,GINF,045930,SI,671
95900512,FA 2024,GINF,WN 2027, ,02003,Information Mas,0775MSI,Big Data Analytics MSI,2560,FA 2025,GINF,048500,SI,670
95900512,FA 2024,GINF,WN 2027, ,02003,Information Mas,0775MSI,Big Data Analytics MSI,2570,WN 2026,GINF,047901,SI,699
96032491,FA 2024,GINF,WN 2027, ,02003,Information Mas,9445MSI,User Experience Design MSI,2510,FA 2024,GINF,016607,SI,544
96032491,FA 2024,GINF,WN 2027, ,02003,Information Mas,9445MSI,User Experience Design MSI,2510,FA 2024,GINF,047246,SI,506
96032491,FA 2024,GINF,WN 2027, ,02003,Information Mas,9445MSI,User Experience Design MSI,2510,FA 2024,GINF,050164,SI,504
96032491,FA 2024,GINF,WN 2027, ,02003,Information Mas,9445MSI,User Experience Design MSI,2510,FA 2024,GINF,051553,SI,500
96032491,FA 2024,GINF,WN 2027, ,02003,Information Mas,9445MSI,User Experience Design MSI,2520,WN 2025,GINF,040667,SI,681
96032491,FA 2024,GINF,WN 2027, ,02003,Information Mas,9445MSI,User Experience Design MSI,2520,WN 2025,GINF,042091,SI,618
96032491,FA 2024,GINF,WN 2027, ,02003,Information Mas,9445MSI,User Experience Design MSI,2520,WN 2025,GINF,047640,SI,507
96032491,FA 2024,GINF,WN 2027, ,02003,Information Mas,9445MSI,User Experience Design MSI,2520,WN 2025,GINF,050663,SI,568
96032491,FA 2024,GINF,WN 2027, ,02003,Information Mas,9445MSI,User Experience Design MSI,2520,WN 2025,GINF,050941,EAS,644
96032491,FA 2024,GINF,WN 2027, ,02003,Information Mas,9445MSI,User Experience Design MSI,2520,WN 2025,GINF,050983,SI,602
96032491,FA 2024,GINF,WN 2027, ,02003,Information Mas,9445MSI,User Experience Design MSI,2560,FA 2025,GINF,017281,SI,588
96032491,FA 2024,GINF,WN 2027, ,02003,Information Mas,9445MSI,User Experience Design MSI,2560,FA 2025,GINF,041626,SI,664
96032491,FA 2024,GINF,WN 2027, ,02003,Information Mas,9445MSI,User Experience Design MSI,2560,FA 2025,GINF,044772,SI,582
96032491,FA 2024,GINF,WN 2027, ,02003,Information Mas,9445MSI,User Experience Design MSI,2570,WN 2026,GINF,020401,SI,622
96032491,FA 2024,GINF,WN 2027, ,02003,Information Mas,9445MSI,User Experience Design MSI,2570,WN 2026,GINF,021400,SI,520
96032491,FA 2024,GINF,WN 2027, ,02003,Information Mas,9445MSI,User Experience Design MSI,2570,WN 2026,GINF,039178,SI,539
96532640,FA 2025,GINF,WN 2027, ,02003,Information Mas,0775MSI,Big Data Analytics MSI,2560,FA 2025,GINF,016607,SI,544
96532640,FA 2025,GINF,WN 2027, ,02003,Information Mas,0775MSI,Big Data Analytics MSI,2560,FA 2025,GINF,047246,SI,506
96532640,FA 2025,GINF,WN 2027, ,02003,Information Mas,0775MSI,Big Data Analytics MSI,2560,FA 2025,GINF,048129,SI,505
96532640,FA 2025,GINF,WN 2027, ,02003,Information Mas,0775MSI,Big Data Analytics MSI,2560,FA 2025,GINF,049601,SI,564
96532640,FA 2025,GINF,WN 2027, ,02003,Information Mas,0775MSI,Big Data Analytics MSI,2560,FA 2025,GINF,050164,SI,504
96532640,FA 2025,GINF,WN 2027, ,02003,Information Mas,0775MSI,Big Data Analytics MSI,2560,FA 2025,GINF,051553,SI,500
96532640,FA 2025,GINF,WN 2027, ,02003,Information Mas,0775MSI,Big Data Analytics MSI,2560,FA 2025,GINF,052216,SI,512
96532640,FA 2025,GINF,WN 2027, ,02003,Information Mas,0775MSI,Big Data Analytics MSI,2570,WN 2026,GINF,021391,SI,511
96532640,FA 2025,GINF,WN 2027, ,02003,Information Mas,0775MSI,Big Data Analytics MSI,2570,WN 2026,GINF,039372,SI,565
96532640,FA 2025,GINF,WN 2027, ,02003,Information Mas,0775MSI,Big Data Analytics MSI,2570,WN 2026,GINF,042091,SI,618
96532640,FA 2025,GINF,WN 2027, ,02003,Information Mas,0775MSI,Big Data Analytics MSI,2570,WN 2026,GINF,047640,SI,507
96532640,FA 2025,GINF,WN 2027, ,02003,Information Mas,0775MSI,Big Data Analytics MSI,2570,WN 2026,GINF,050663,SI,568
96532640,FA 2025,GINF,WN 2027, ,02003,Information Mas,0775MSI,Big Data Analytics MSI,2570,WN 2026,GINF,050983,SI,602
96917977,FA 2025,GINF,WN 2027, ,02003,Information Mas,9445MSI,User Experience Design MSI,2560,FA 2025,GINF,017281,SI,588
96917977,FA 2025,GINF,WN 2027, ,02003,Information Mas,9445MSI,User Experience Design MSI,2560,FA 2025,GINF,039178,SI,539
96917977,FA 2025,GINF,WN 2027, ,02003,Information Mas,9445MSI,User Experience Design MSI,2560,FA 2025,GINF,047246,SI,506
96917977,FA 2025,GINF,WN 2027, ,02003,Information Mas,9445MSI,User Experience Design MSI,2560,FA 2025,GINF,051553,SI,500
96917977,FA 2025,GINF,WN 2027, ,02003,Information Mas,9445MSI,User Experience Design MSI,2570,WN 2026,GINF,020401,SI,622
96917977,FA 2025,GINF,WN 2027, ,02003,Information Mas,9445MSI,User Experience Design MSI,2570,WN 2026,GINF,021400,SI,520
96917977,FA 2025,GINF,WN 2027, ,02003,Information Mas,9445MSI,User Experience Design MSI,2570,WN 2026,GINF,044772,SI,582
96917977,FA 2025,GINF,WN 2027, ,02003,Information Mas,9445MSI,User Experience Design MSI,2570,WN 2026,GINF,045393,SI,552
97118986,FA 2025,GINF,WN 2027, ,02003,Information Mas,9445MSI,User Experience Design MSI,2560,FA 2025,GINF,017281,SI,588
97118986,FA 2025,GINF,WN 2027, ,02003,Information Mas,9445MSI,User Experience Design MSI,2560,FA 2025,GINF,021400,SI,520
97118986,FA 2025,GINF,WN 2027, ,02003,Information Mas,9445MSI,User Experience Design MSI,2560,FA 2025,GINF,048129,SI,505
97118986,FA 2025,GINF,WN 2027, ,02003,Information Mas,9445MSI,User Experience Design MSI,2560,FA 2025,GINF,051553,SI,500
97118986,FA 2025,GINF,WN 2027, ,02003,Information Mas,9445MSI,User Experience Design MSI,2570,WN 2026,GINF,020401,SI,622
97118986,FA 2025,GINF,WN 2027, ,02003,Information Mas,9445MSI,User Experience Design MSI,2570,WN 2026,GINF,021391,SI,511
97118986,FA 2025,GINF,WN 2027, ,02003,Information Mas,9445MSI,User Experience Design MSI,2570,WN 2026,GINF,044772,SI,582
97118986,FA 2025,GINF,WN 2027, ,02003,Information Mas,9445MSI,User Experience Design MSI,2570,WN 2026,GINF,045393,SI,552
97118986,FA 2025,GINF,WN 2027, ,02003,Information Mas,9445MSI,User Experience Design MSI,2570,WN 2026,GINF,050136,UARTS,560
97130260,FA 2025,GINF,WN 2027, ,02003,Information Mas,4865MSI,"Lib, Arch&Knwl Envs in Soc MSI",2560,FA 2025,GINF,006651,ENS,344
97130260,FA 2025,GINF,WN 2027, ,02003,Information Mas,4865MSI,"Lib, Arch&Knwl Envs in Soc MSI",2560,FA 2025,GINF,009731,SI,580
97130260,FA 2025,GINF,WN 2027, ,02003,Information Mas,4865MSI,"Lib, Arch&Knwl Envs in Soc MSI",2560,FA 2025,GINF,021045,SI,666
97130260,FA 2025,GINF,WN 2027, ,02003,Information Mas,4865MSI,"Lib, Arch&Knwl Envs in Soc MSI",2560,FA 2025,GINF,021391,SI,511
97130260,FA 2025,GINF,WN 2027, ,02003,Information Mas,4865MSI,"Lib, Arch&Knwl Envs in Soc MSI",2560,FA 2025,GINF,051553,SI,500
97130260,FA 2025,GINF,WN 2027, ,02003,Information Mas,4865MSI,"Lib, Arch&Knwl Envs in Soc MSI",2560,FA 2025,GINF,052216,SI,512
97130260,FA 2025,GINF,WN 2027, ,02003,Information Mas,4865MSI,"Lib, Arch&Knwl Envs in Soc MSI",2570,WN 2026,GINF,006651,ENS,344
97130260,FA 2025,GINF,WN 2027, ,02003,Information Mas,4865MSI,"Lib, Arch&Knwl Envs in Soc MSI",2570,WN 2026,GINF,022326,SI,581
97130260,FA 2025,GINF,WN 2027, ,02003,Information Mas,4865MSI,"Lib, Arch&Knwl Envs in Soc MSI",2570,WN 2026,GINF,047246,SI,506
97130260,FA 2025,GINF,WN 2027, ,02003,Information Mas,4865MSI,"Lib, Arch&Knwl Envs in Soc MSI",2570,WN 2026,GINF,048280,SI,667
97130260,FA 2025,GINF,WN 2027, ,02003,Information Mas,4865MSI,"Lib, Arch&Knwl Envs in Soc MSI",2570,WN 2026,GINF,050162,SI,510
97130260,FA 2025,GINF,WN 2027, ,02003,Information Mas,4865MSI,"Lib, Arch&Knwl Envs in Soc MSI",2570,WN 2026,GINF,052216,SI,512
97144377,FA 2024,GINF,WN 2026, ,02003,Information Mas,9455MSI,User-Centered Agile Dev MSI,2510,FA 2024,GINF,016607,SI,544
97144377,FA 2024,GINF,WN 2026, ,02003,Information Mas,9455MSI,User-Centered Agile Dev MSI,2510,FA 2024,GINF,041855,SI,631
97144377,FA 2024,GINF,WN 2026, ,02003,Information Mas,9455MSI,User-Centered Agile Dev MSI,2510,FA 2024,GINF,048488,SI,559
97144377,FA 2024,GINF,WN 2026, ,02003,Information Mas,9455MSI,User-Centered Agile Dev MSI,2510,FA 2024,GINF,049601,SI,564
97144377,FA 2024,GINF,WN 2026, ,02003,Information Mas,9455MSI,User-Centered Agile Dev MSI,2510,FA 2024,GINF,050164,SI,504
97144377,FA 2024,GINF,WN 2026, ,02003,Information Mas,9455MSI,User-Centered Agile Dev MSI,2510,FA 2024,GINF,051553,SI,500
97144377,FA 2024,GINF,WN 2026, ,02003,Information Mas,9455MSI,User-Centered Agile Dev MSI,2520,WN 2025,GINF,007780,EECS,498
97144377,FA 2024,GINF,WN 2026, ,02003,Information Mas,9455MSI,User-Centered Agile Dev MSI,2520,WN 2025,GINF,041626,SI,664
97144377,FA 2024,GINF,WN 2026, ,02003,Information Mas,9455MSI,User-Centered Agile Dev MSI,2520,WN 2025,GINF,048486,SI,659
97144377,FA 2024,GINF,WN 2026, ,02003,Information Mas,9455MSI,User-Centered Agile Dev MSI,2520,WN 2025,GINF,051455,SI,569
97144377,FA 2024,GINF,WN 2026, ,02003,Information Mas,9455MSI,User-Centered Agile Dev MSI,2560,FA 2025,GINF,021050,SI,691
97144377,FA 2024,GINF,WN 2026, ,02003,Information Mas,9455MSI,User-Centered Agile Dev MSI,2560,FA 2025,GINF,021391,SI,511
97144377,FA 2024,GINF,WN 2026, ,02003,Information Mas,9455MSI,User-Centered Agile Dev MSI,2560,FA 2025,GINF,052172,SI,679
97144377,FA 2024,GINF,WN 2026, ,02003,Information Mas,9455MSI,User-Centered Agile Dev MSI,2570,WN 2026,GINF,001459,SI,690
97144377,FA 2024,GINF,WN 2026, ,02003,Information Mas,9455MSI,User-Centered Agile Dev MSI,2570,WN 2026,GINF,021391,SI,511
97144377,FA 2024,GINF,WN 2026, ,02003,Information Mas,9455MSI,User-Centered Agile Dev MSI,2570,WN 2026,GINF,022099,SI,658
97144377,FA 2024,GINF,WN 2026, ,02003,Information Mas,9455MSI,User-Centered Agile Dev MSI,2570,WN 2026,GINF,040369,SI,515
97144377,FA 2024,GINF,WN 2026, ,02003,Information Mas,9455MSI,User-Centered Agile Dev MSI,2570,WN 2026,GINF,047901,SI,699
97173992,FA 2024,GINF,WN 2026, ,02003,Information Mas,0775MSI,Big Data Analytics MSI,2510,FA 2024,GINF,039178,SI,539
97173992,FA 2024,GINF,WN 2026, ,02003,Information Mas,0775MSI,Big Data Analytics MSI,2510,FA 2024,GINF,041626,SI,664
97173992,FA 2024,GINF,WN 2026, ,02003,Information Mas,0775MSI,Big Data Analytics MSI,2510,FA 2024,GINF,042091,SI,618
97173992,FA 2024,GINF,WN 2026, ,02003,Information Mas,0775MSI,Big Data Analytics MSI,2510,FA 2024,GINF,047640,SI,507
97173992,FA 2024,GINF,WN 2026, ,02003,Information Mas,0775MSI,Big Data Analytics MSI,2510,FA 2024,GINF,050164,SI,504
97173992,FA 2024,GINF,WN 2026, ,02003,Information Mas,0775MSI,Big Data Analytics MSI,2510,FA 2024,GINF,051553,SI,500
97173992,FA 2024,GINF,WN 2026, ,02003,Information Mas,0775MSI,Big Data Analytics MSI,2520,WN 2025,GINF,020803,SI,643
97173992,FA 2024,GINF,WN 2026, ,02003,Information Mas,0775MSI,Big Data Analytics MSI,2520,WN 2025,GINF,042324,SI,639
97173992,FA 2024,GINF,WN 2026, ,02003,Information Mas,0775MSI,Big Data Analytics MSI,2520,WN 2025,GINF,048268,SI,630
97173992,FA 2024,GINF,WN 2026, ,02003,Information Mas,0775MSI,Big Data Analytics MSI,2520,WN 2025,GINF,049601,SI,564
97173992,FA 2024,GINF,WN 2026, ,02003,Information Mas,0775MSI,Big Data Analytics MSI,2520,WN 2025,GINF,050663,SI,568
97173992,FA 2024,GINF,WN 2026, ,02003,Information Mas,0775MSI,Big Data Analytics MSI,2520,WN 2025,GINF,050983,SI,602
97173992,FA 2024,GINF,WN 2026, ,02003,Information Mas,0775MSI,Big Data Analytics MSI,2560,FA 2025,GINF,038659,SI,519
97173992,FA 2024,GINF,WN 2026, ,02003,Information Mas,0775MSI,Big Data Analytics MSI,2560,FA 2025,GINF,041934,SI,608
97173992,FA 2024,GINF,WN 2026, ,02003,Information Mas,0775MSI,Big Data Analytics MSI,2560,FA 2025,GINF,045930,SI,671
97173992,FA 2024,GINF,WN 2026, ,02003,Information Mas,0775MSI,Big Data Analytics MSI,2560,FA 2025,GINF,048500,SI,670
97173992,FA 2024,GINF,WN 2026, ,02003,Information Mas,0775MSI,Big Data Analytics MSI,2570,WN 2026,GINF,009731,SI,580
97173992,FA 2024,GINF,WN 2026, ,02003,Information Mas,0775MSI,Big Data Analytics MSI,2570,WN 2026,GINF,047901,SI,699
97202524,FA 2024,GINF,WN 2026, ,02003,Information Mas,9445MSI,User Experience Design MSI,2510,FA 2024,GINF,021400,SI,520
97202524,FA 2024,GINF,WN 2026, ,02003,Information Mas,9445MSI,User Experience Design MSI,2510,FA 2024,GINF,039178,SI,539
97202524,FA 2024,GINF,WN 2026, ,02003,Information Mas,9445MSI,User Experience Design MSI,2510,FA 2024,GINF,047246,SI,506
97202524,FA 2024,GINF,WN 2026, ,02003,Information Mas,9445MSI,User Experience Design MSI,2510,FA 2024,GINF,051553,SI,500
97202524,FA 2024,GINF,WN 2026, ,02003,Information Mas,9445MSI,User Experience Design MSI,2520,WN 2025,GINF,020401,SI,622
97202524,FA 2024,GINF,WN 2026, ,02003,Information Mas,9445MSI,User Experience Design MSI,2520,WN 2025,GINF,022099,SI,658
97202524,FA 2024,GINF,WN 2026, ,02003,Information Mas,9445MSI,User Experience Design MSI,2520,WN 2025,GINF,045393,SI,552
97202524,FA 2024,GINF,WN 2026, ,02003,Information Mas,9445MSI,User Experience Design MSI,2520,WN 2025,GINF,047246,SI,506
97202524,FA 2024,GINF,WN 2026, ,02003,Information Mas,9445MSI,User Experience Design MSI,2560,FA 2025,GINF,017281,SI,588
97202524,FA 2024,GINF,WN 2026, ,02003,Information Mas,9445MSI,User Experience Design MSI,2560,FA 2025,GINF,044772,SI,582
97202524,FA 2024,GINF,WN 2026, ,02003,Information Mas,9445MSI,User Experience Design MSI,2560,FA 2025,GINF,045687,SI,538
97202524,FA 2024,GINF,WN 2026, ,02003,Information Mas,9445MSI,User Experience Design MSI,2560,FA 2025,GINF,047228,ENTR,500
97202524,FA 2024,GINF,WN 2026, ,02003,Information Mas,9445MSI,User Experience Design MSI,2560,FA 2025,GINF,047246,SI,506
97202524,FA 2024,GINF,WN 2026, ,02003,Information Mas,9445MSI,User Experience Design MSI,2570,WN 2026,GINF,021391,SI,511
97202524,FA 2024,GINF,WN 2026, ,02003,Information Mas,9445MSI,User Experience Design MSI,2570,WN 2026,GINF,039081,SI,529
97202524,FA 2024,GINF,WN 2026, ,02003,Information Mas,9445MSI,User Experience Design MSI,2570,WN 2026,GINF,047901,SI,699
97202524,FA 2024,GINF,WN 2026, ,02003,Information Mas,9445MSI,User Experience Design MSI,2570,WN 2026,GINF,051836,SI,611
97384425,FA 2025,GINF,WN 2027, ,02003,Information Mas,4865MSI,"Lib, Arch&Knwl Envs in Soc MSI",2560,FA 2025,GINF,009731,SI,580
97384425,FA 2025,GINF,WN 2027, ,02003,Information Mas,4865MSI,"Lib, Arch&Knwl Envs in Soc MSI",2560,FA 2025,GINF,021045,SI,666
97384425,FA 2025,GINF,WN 2027, ,02003,Information Mas,4865MSI,"Lib, Arch&Knwl Envs in Soc MSI",2560,FA 2025,GINF,047246,SI,506
97384425,FA 2025,GINF,WN 2027, ,02003,Information Mas,4865MSI,"Lib, Arch&Knwl Envs in Soc MSI",2560,FA 2025,GINF,051553,SI,500
97384425,FA 2025,GINF,WN 2027, ,02003,Information Mas,4865MSI,"Lib, Arch&Knwl Envs in Soc MSI",2570,WN 2026,GINF,020803,SI,643
97384425,FA 2025,GINF,WN 2027, ,02003,Information Mas,4865MSI,"Lib, Arch&Knwl Envs in Soc MSI",2570,WN 2026,GINF,042324,SI,639
97384425,FA 2025,GINF,WN 2027, ,02003,Information Mas,4865MSI,"Lib, Arch&Knwl Envs in Soc MSI",2570,WN 2026,GINF,048280,SI,667
97384425,FA 2025,GINF,WN 2027, ,02003,Information Mas,4865MSI,"Lib, Arch&Knwl Envs in Soc MSI",2570,WN 2026,GINF,050162,SI,510
97384425,FA 2025,GINF,WN 2027, ,02003,Information Mas,4865MSI,"Lib, Arch&Knwl Envs in Soc MSI",2570,WN 2026,GINF,050164,SI,504
97418929,FA 2025,GINF,WN 2027, ,02003,Information Mas,9445MSI,User Experience Design MSI,2560,FA 2025,GINF,017281,SI,588
97418929,FA 2025,GINF,WN 2027, ,02003,Information Mas,9445MSI,User Experience Design MSI,2560,FA 2025,GINF,047246,SI,506
97418929,FA 2025,GINF,WN 2027, ,02003,Information Mas,9445MSI,User Experience Design MSI,2560,FA 2025,GINF,049601,SI,564
97418929,FA 2025,GINF,WN 2027, ,02003,Information Mas,9445MSI,User Experience Design MSI,2560,FA 2025,GINF,050136,UARTS,560
97418929,FA 2025,GINF,WN 2027, ,02003,Information Mas,9445MSI,User Experience Design MSI,2560,FA 2025,GINF,050164,SI,504
97418929,FA 2025,GINF,WN 2027, ,02003,Information Mas,9445MSI,User Experience Design MSI,2560,FA 2025,GINF,051553,SI,500
97418929,FA 2025,GINF,WN 2027, ,02003,Information Mas,9445MSI,User Experience Design MSI,2570,WN 2026,GINF,020401,SI,622
97418929,FA 2025,GINF,WN 2027, ,02003,Information Mas,9445MSI,User Experience Design MSI,2570,WN 2026,GINF,022099,SI,658
97418929,FA 2025,GINF,WN 2027, ,02003,Information Mas,9445MSI,User Experience Design MSI,2570,WN 2026,GINF,047640,SI,507
97418929,FA 2025,GINF,WN 2027, ,02003,Information Mas,9445MSI,User Experience Design MSI,2570,WN 2026,GINF,050136,UARTS,560
97418929,FA 2025,GINF,WN 2027, ,02003,Information Mas,9445MSI,User Experience Design MSI,2570,WN 2026,GINF,051836,SI,611
97430564,FA 2025,GINF,WN 2026, ,02003,Information Mas,9455MSI,User-Centered Agile Dev MSI,2560,FA 2025,GINF,001459,SI,690
97430564,FA 2025,GINF,WN 2026, ,02003,Information Mas,9455MSI,User-Centered Agile Dev MSI,2560,FA 2025,GINF,045687,SI,538
97430564,FA 2025,GINF,WN 2026, ,02003,Information Mas,9455MSI,User-Centered Agile Dev MSI,2560,FA 2025,GINF,045771,SI,684
97430564,FA 2025,GINF,WN 2026, ,02003,Information Mas,9455MSI,User-Centered Agile Dev MSI,2560,FA 2025,GINF,048129,SI,505
97430564,FA 2025,GINF,WN 2026, ,02003,Information Mas,9455MSI,User-Centered Agile Dev MSI,2560,FA 2025,GINF,050159,SI,579
97430564,FA 2025,GINF,WN 2026, ,02003,Information Mas,9455MSI,User-Centered Agile Dev MSI,2560,FA 2025,GINF,050164,SI,504
97430564,FA 2025,GINF,WN 2026, ,02003,Information Mas,9455MSI,User-Centered Agile Dev MSI,2570,WN 2026,GINF,012772,SI,548
97430564,FA 2025,GINF,WN 2026, ,02003,Information Mas,9455MSI,User-Centered Agile Dev MSI,2570,WN 2026,GINF,021391,SI,511
97430564,FA 2025,GINF,WN 2026, ,02003,Information Mas,9455MSI,User-Centered Agile Dev MSI,2570,WN 2026,GINF,047901,SI,699
97430564,FA 2025,GINF,WN 2026, ,02003,Information Mas,9455MSI,User-Centered Agile Dev MSI,2570,WN 2026,GINF,048421,ENTR,560
97468889,FA 2025,GINF,WN 2027, ,02003,Information Mas,9445MSI,User Experience Design MSI,2560,FA 2025,GINF,017281,SI,588
97468889,FA 2025,GINF,WN 2027, ,02003,Information Mas,9445MSI,User Experience Design MSI,2560,FA 2025,GINF,044772,SI,582
97468889,FA 2025,GINF,WN 2027, ,02003,Information Mas,9445MSI,User Experience Design MSI,2560,FA 2025,GINF,047246,SI,506
97468889,FA 2025,GINF,WN 2027, ,02003,Information Mas,9445MSI,User Experience Design MSI,2560,FA 2025,GINF,048129,SI,505
97468889,FA 2025,GINF,WN 2027, ,02003,Information Mas,9445MSI,User Experience Design MSI,2560,FA 2025,GINF,051553,SI,500
97468889,FA 2025,GINF,WN 2027, ,02003,Information Mas,9445MSI,User Experience Design MSI,2570,WN 2026,GINF,020401,SI,622
97468889,FA 2025,GINF,WN 2027, ,02003,Information Mas,9445MSI,User Experience Design MSI,2570,WN 2026,GINF,021391,SI,511
97468889,FA 2025,GINF,WN 2027, ,02003,Information Mas,9445MSI,User Experience Design MSI,2570,WN 2026,GINF,039178,SI,539
97468889,FA 2025,GINF,WN 2027, ,02003,Information Mas,9445MSI,User Experience Design MSI,2570,WN 2026,GINF,051454,SI,594
97468889,FA 2025,GINF,WN 2027, ,02003,Information Mas,9445MSI,User Experience Design MSI,2570,WN 2026,GINF,051836,SI,611
97468889,FA 2025,GINF,WN 2027, ,02003,Information Mas,9445MSI,User Experience Design MSI,2570,WN 2026,GINF,052324,ENGR,555
97552274,FA 2024,GINF,WN 2027, ,02003,Information Mas,4865MSI,"Lib, Arch&Knwl Envs in Soc MSI",2510,FA 2024,GINF,009731,SI,580
97552274,FA 2024,GINF,WN 2027, ,02003,Information Mas,4865MSI,"Lib, Arch&Knwl Envs in Soc MSI",2510,FA 2024,GINF,012456,SI,549
97552274,FA 2024,GINF,WN 2027, ,02003,Information Mas,4865MSI,"Lib, Arch&Knwl Envs in Soc MSI",2510,FA 2024,GINF,021045,SI,666
97552274,FA 2024,GINF,WN 2027, ,02003,Information Mas,4865MSI,"Lib, Arch&Knwl Envs in Soc MSI",2510,FA 2024,GINF,021270,AMCULT,601
97552274,FA 2024,GINF,WN 2027, ,02003,Information Mas,4865MSI,"Lib, Arch&Knwl Envs in Soc MSI",2510,FA 2024,GINF,047246,SI,506
97552274,FA 2024,GINF,WN 2027, ,02003,Information Mas,4865MSI,"Lib, Arch&Knwl Envs in Soc MSI",2510,FA 2024,GINF,051553,SI,500
97552274,FA 2024,GINF,WN 2027, ,02003,Information Mas,4865MSI,"Lib, Arch&Knwl Envs in Soc MSI",2520,WN 2025,GINF,012799,PUBPOL,732
97552274,FA 2024,GINF,WN 2027, ,02003,Information Mas,4865MSI,"Lib, Arch&Knwl Envs in Soc MSI",2520,WN 2025,GINF,042005,STS,571
97552274,FA 2024,GINF,WN 2027, ,02003,Information Mas,4865MSI,"Lib, Arch&Knwl Envs in Soc MSI",2520,WN 2025,GINF,048280,SI,667
97552274,FA 2024,GINF,WN 2027, ,02003,Information Mas,4865MSI,"Lib, Arch&Knwl Envs in Soc MSI",2520,WN 2025,GINF,050165,SI,585
97552274,FA 2024,GINF,WN 2027, ,02003,Information Mas,4865MSI,"Lib, Arch&Knwl Envs in Soc MSI",2520,WN 2025,GINF,051074,SI,626
97698904,FA 2025,GINF,WN 2027, ,02003,Information Mas,9445MSI,User Experience Design MSI,2560,FA 2025,GINF,017281,SI,588
97698904,FA 2025,GINF,WN 2027, ,02003,Information Mas,9445MSI,User Experience Design MSI,2560,FA 2025,GINF,044772,SI,582
97698904,FA 2025,GINF,WN 2027, ,02003,Information Mas,9445MSI,User Experience Design MSI,2560,FA 2025,GINF,047246,SI,506
97698904,FA 2025,GINF,WN 2027, ,02003,Information Mas,9445MSI,User Experience Design MSI,2560,FA 2025,GINF,048129,SI,505
97698904,FA 2025,GINF,WN 2027, ,02003,Information Mas,9445MSI,User Experience Design MSI,2560,FA 2025,GINF,051553,SI,500
97698904,FA 2025,GINF,WN 2027, ,02003,Information Mas,9445MSI,User Experience Design MSI,2570,WN 2026,GINF,020401,SI,622
97698904,FA 2025,GINF,WN 2027, ,02003,Information Mas,9445MSI,User Experience Design MSI,2570,WN 2026,GINF,021391,SI,511
97698904,FA 2025,GINF,WN 2027, ,02003,Information Mas,9445MSI,User Experience Design MSI,2570,WN 2026,GINF,039178,SI,539
97698904,FA 2025,GINF,WN 2027, ,02003,Information Mas,9445MSI,User Experience Design MSI,2570,WN 2026,GINF,051836,SI,611
97828542,FA 2024,GINF,WN 2026, ,02003,Information Mas,0775MSI,Big Data Analytics MSI,2510,FA 2024,GINF,009732,SI,650
97828542,FA 2024,GINF,WN 2026, ,02003,Information Mas,0775MSI,Big Data Analytics MSI,2510,FA 2024,GINF,041626,SI,664
97828542,FA 2024,GINF,WN 2026, ,02003,Information Mas,0775MSI,Big Data Analytics MSI,2510,FA 2024,GINF,042091,SI,618
97828542,FA 2024,GINF,WN 2026, ,02003,Information Mas,0775MSI,Big Data Analytics MSI,2510,FA 2024,GINF,049601,SI,564
97828542,FA 2024,GINF,WN 2026, ,02003,Information Mas,0775MSI,Big Data Analytics MSI,2510,FA 2024,GINF,051553,SI,500
97828542,FA 2024,GINF,WN 2026, ,02003,Information Mas,0775MSI,Big Data Analytics MSI,2520,WN 2025,GINF,016321,STATS,503
97828542,FA 2024,GINF,WN 2026, ,02003,Information Mas,0775MSI,Big Data Analytics MSI,2520,WN 2025,GINF,040667,SI,681
97828542,FA 2024,GINF,WN 2026, ,02003,Information Mas,0775MSI,Big Data Analytics MSI,2520,WN 2025,GINF,047640,SI,507
97828542,FA 2024,GINF,WN 2026, ,02003,Information Mas,0775MSI,Big Data Analytics MSI,2520,WN 2025,GINF,048268,SI,630
97828542,FA 2024,GINF,WN 2026, ,02003,Information Mas,0775MSI,Big Data Analytics MSI,2520,WN 2025,GINF,050663,SI,568
97828542,FA 2024,GINF,WN 2026, ,02003,Information Mas,0775MSI,Big Data Analytics MSI,2520,WN 2025,GINF,050983,SI,602
97828542,FA 2024,GINF,WN 2026, ,02003,Information Mas,0775MSI,Big Data Analytics MSI,2560,FA 2025,GINF,016607,SI,544
97828542,FA 2024,GINF,WN 2026, ,02003,Information Mas,0775MSI,Big Data Analytics MSI,2560,FA 2025,GINF,041934,SI,608
97828542,FA 2024,GINF,WN 2026, ,02003,Information Mas,0775MSI,Big Data Analytics MSI,2560,FA 2025,GINF,045930,SI,671
97828542,FA 2024,GINF,WN 2026, ,02003,Information Mas,0775MSI,Big Data Analytics MSI,2560,FA 2025,GINF,047246,SI,506
97828542,FA 2024,GINF,WN 2026, ,02003,Information Mas,0775MSI,Big Data Analytics MSI,2570,WN 2026,GINF,047901,SI,699
97871446,FA 2024,GINF,WN 2026, ,02003,Information Mas,9445MSI,User Experience Design MSI,2510,FA 2024,GINF,017281,SI,588
97871446,FA 2024,GINF,WN 2026, ,02003,Information Mas,9445MSI,User Experience Design MSI,2510,FA 2024,GINF,044772,SI,582
97871446,FA 2024,GINF,WN 2026, ,02003,Information Mas,9445MSI,User Experience Design MSI,2510,FA 2024,GINF,047246,SI,506
97871446,FA 2024,GINF,WN 2026, ,02003,Information Mas,9445MSI,User Experience Design MSI,2510,FA 2024,GINF,051553,SI,500
97871446,FA 2024,GINF,WN 2026, ,02003,Information Mas,9445MSI,User Experience Design MSI,2520,WN 2025,GINF,020401,SI,622
97871446,FA 2024,GINF,WN 2026, ,02003,Information Mas,9445MSI,User Experience Design MSI,2520,WN 2025,GINF,021400,SI,520
97871446,FA 2024,GINF,WN 2026, ,02003,Information Mas,9445MSI,User Experience Design MSI,2520,WN 2025,GINF,039178,SI,539
97871446,FA 2024,GINF,WN 2026, ,02003,Information Mas,9445MSI,User Experience Design MSI,2520,WN 2025,GINF,040667,SI,681
97871446,FA 2024,GINF,WN 2026, ,02003,Information Mas,9445MSI,User Experience Design MSI,2520,WN 2025,GINF,043863,SI,612
97871446,FA 2024,GINF,WN 2026, ,02003,Information Mas,9445MSI,User Experience Design MSI,2560,FA 2025,GINF,044798,ENTR,599
97871446,FA 2024,GINF,WN 2026, ,02003,Information Mas,9445MSI,User Experience Design MSI,2560,FA 2025,GINF,045393,SI,552
97871446,FA 2024,GINF,WN 2026, ,02003,Information Mas,9445MSI,User Experience Design MSI,2560,FA 2025,GINF,047901,SI,699
97871446,FA 2024,GINF,WN 2026, ,02003,Information Mas,9445MSI,User Experience Design MSI,2560,FA 2025,GINF,051836,SI,611
97871446,FA 2024,GINF,WN 2026, ,02003,Information Mas,9445MSI,User Experience Design MSI,2570,WN 2026,GINF,012085,MKT,613
97871446,FA 2024,GINF,WN 2026, ,02003,Information Mas,9445MSI,User Experience Design MSI,2570,WN 2026,GINF,040369,SI,515
97871446,FA 2024,GINF,WN 2026, ,02003,Information Mas,9445MSI,User Experience Design MSI,2570,WN 2026,GINF,051454,SI,594
97902838,FA 2024,GBA,WN 2026, ,02005,MDDP Bus Ad & Informat MBA/MSI,1160MBA37,Business Administration MBA,2510,FA 2024,GBA,016996,ACC,502
97902838,FA 2024,GBA,WN 2026, ,02005,MDDP Bus Ad & Informat MBA/MSI,1160MBA37,Business Administration MBA,2510,FA 2024,GBA,016999,BE,502
97902838,FA 2024,GBA,WN 2026, ,02005,MDDP Bus Ad & Informat MBA/MSI,1160MBA37,Business Administration MBA,2510,FA 2024,GBA,017003,STRATEGY,502
97902838,FA 2024,GBA,WN 2026, ,02005,MDDP Bus Ad & Informat MBA/MSI,1160MBA37,Business Administration MBA,2510,FA 2024,GBA,017014,MKT,503
97902838,FA 2024,GBA,WN 2026, ,02005,MDDP Bus Ad & Informat MBA/MSI,1160MBA37,Business Administration MBA,2510,FA 2024,GBA,017016,TO,502
97902838,FA 2024,GBA,WN 2026, ,02005,MDDP Bus Ad & Informat MBA/MSI,1160MBA37,Business Administration MBA,2510,FA 2024,GBA,040615,MO,503
97902838,FA 2024,GBA,WN 2026, ,02005,MDDP Bus Ad & Informat MBA/MSI,1160MBA37,Business Administration MBA,2510,FA 2024,GBA,040731,FIN,503
97902838,FA 2024,GBA,WN 2026, ,02005,MDDP Bus Ad & Informat MBA/MSI,1160MBA37,Business Administration MBA,2520,WN 2025,GBA,017259,ACC,552
97902838,FA 2024,GBA,WN 2026, ,02005,MDDP Bus Ad & Informat MBA/MSI,1160MBA37,Business Administration MBA,2520,WN 2025,GBA,017262,BA,553
97902838,FA 2024,GBA,WN 2026, ,02005,MDDP Bus Ad & Informat MBA/MSI,1160MBA37,Business Administration MBA,2520,WN 2025,GBA,017268,TO,552
97902838,FA 2024,GBA,WN 2026, ,02005,MDDP Bus Ad & Informat MBA/MSI,1160MBA37,Business Administration MBA,2520,WN 2025,GBA,017860,STRATEGY,669
97902838,FA 2024,GBA,WN 2026, ,02005,MDDP Bus Ad & Informat MBA/MSI,1160MBA37,Business Administration MBA,2560,FA 2025,GBA,003735,MKT,618
97902838,FA 2024,GBA,WN 2026, ,02005,MDDP Bus Ad & Informat MBA/MSI,1160MBA37,Business Administration MBA,2560,FA 2025,GBA,017005,STRATEGY,503
97902838,FA 2024,GBA,WN 2026, ,02005,MDDP Bus Ad & Informat MBA/MSI,1160MBA37,Business Administration MBA,2560,FA 2025,GBA,017006,BL,512
97902838,FA 2024,GBA,WN 2026, ,02005,MDDP Bus Ad & Informat MBA/MSI,1160MBA37,Business Administration MBA,2560,FA 2025,GBA,017533,MO,512
97902838,FA 2024,GBA,WN 2026, ,02005,MDDP Bus Ad & Informat MBA/MSI,1160MBA37,Business Administration MBA,2560,FA 2025,GBA,042709,TO,630
97902838,FA 2024,GBA,WN 2026, ,02005,MDDP Bus Ad & Informat MBA/MSI,1160MBA37,Business Administration MBA,2560,FA 2025,GBA,042923,TO,624
97902838,FA 2024,GBA,WN 2026, ,02005,MDDP Bus Ad & Informat MBA/MSI,1160MBA37,Business Administration MBA,2560,FA 2025,GBA,049404,ES,602
97902838,FA 2024,GBA,WN 2026, ,02005,MDDP Bus Ad & Informat MBA/MSI,1160MBA37,Business Administration MBA,2570,WN 2026,GBA,017503,ACC,650
97902838,FA 2024,GBA,WN 2026, ,02005,MDDP Bus Ad & Informat MBA/MSI,1160MBA37,Business Administration MBA,2570,WN 2026,GBA,017530,TO,616
97902838,FA 2024,GBA,WN 2026, ,02005,MDDP Bus Ad & Informat MBA/MSI,1160MBA37,Business Administration MBA,2570,WN 2026,GBA,050571,MO,680
97902838,FA 2024,GBA,WN 2026, ,02005,MDDP Bus Ad & Informat MBA/MSI,1160MBA37,Business Administration MBA,2570,WN 2026,GBA,050610,STRATEGY,688
97902838,FA 2024,GBA,WN 2026, ,02005,MDDP Bus Ad & Informat MBA/MSI,1160MBA37,Business Administration MBA,2570,WN 2026,GBA,052385,TO,550
97902838,FA 2024,GINF,WN 2026, ,02004,MDDP Informat & Bus Ad MSI/MBA,9445MSI1,User Experience Design MSI,2460,FA 2023,GINF,016607,SI,544
97902838,FA 2024,GINF,WN 2026, ,02004,MDDP Informat & Bus Ad MSI/MBA,9445MSI1,User Experience Design MSI,2460,FA 2023,GINF,042104,SI,501
97902838,FA 2024,GINF,WN 2026, ,02004,MDDP Informat & Bus Ad MSI/MBA,9445MSI1,User Experience Design MSI,2460,FA 2023,GINF,047246,SI,506
97902838,FA 2024,GINF,WN 2026, ,02004,MDDP Informat & Bus Ad MSI/MBA,9445MSI1,User Experience Design MSI,2460,FA 2023,GINF,050164,SI,504
97902838,FA 2024,GINF,WN 2026, ,02004,MDDP Informat & Bus Ad MSI/MBA,9445MSI1,User Experience Design MSI,2470,WN 2024,GINF,020401,SI,622
97902838,FA 2024,GINF,WN 2026, ,02004,MDDP Informat & Bus Ad MSI/MBA,9445MSI1,User Experience Design MSI,2470,WN 2024,GINF,039178,SI,539
97902838,FA 2024,GINF,WN 2026, ,02004,MDDP Informat & Bus Ad MSI/MBA,9445MSI1,User Experience Design MSI,2470,WN 2024,GINF,040667,SI,681
97902838,FA 2024,GINF,WN 2026, ,02004,MDDP Informat & Bus Ad MSI/MBA,9445MSI1,User Experience Design MSI,2470,WN 2024,GINF,044772,SI,582
97902838,FA 2024,GINF,WN 2026, ,02004,MDDP Informat & Bus Ad MSI/MBA,9445MSI1,User Experience Design MSI,2470,WN 2024,GINF,050159,SI,579
97902838,FA 2024,GINF,WN 2026, ,02004,MDDP Informat & Bus Ad MSI/MBA,9445MSI1,User Experience Design MSI,2570,WN 2026,GINF,041626,SI,664
97902838,FA 2024,GINF,WN 2026, ,02004,MDDP Informat & Bus Ad MSI/MBA,9445MSI1,User Experience Design MSI,2570,WN 2026,GINF,047901,SI,699
97934382,FA 2024,GINF,WN 2026, ,02003,Information Mas,9445MSI,User Experience Design MSI,2510,FA 2024,GINF,017281,SI,588
97934382,FA 2024,GINF,WN 2026, ,02003,Information Mas,9445MSI,User Experience Design MSI,2510,FA 2024,GINF,044772,SI,582
97934382,FA 2024,GINF,WN 2026, ,02003,Information Mas,9445MSI,User Experience Design MSI,2510,FA 2024,GINF,047246,SI,506
97934382,FA 2024,GINF,WN 2026, ,02003,Information Mas,9445MSI,User Experience Design MSI,2510,FA 2024,GINF,048129,SI,505
97934382,FA 2024,GINF,WN 2026, ,02003,Information Mas,9445MSI,User Experience Design MSI,2510,FA 2024,GINF,051553,SI,500
97934382,FA 2024,GINF,WN 2026, ,02003,Information Mas,9445MSI,User Experience Design MSI,2520,WN 2025,GINF,020401,SI,622
97934382,FA 2024,GINF,WN 2026, ,02003,Information Mas,9445MSI,User Experience Design MSI,2520,WN 2025,GINF,021400,SI,520
97934382,FA 2024,GINF,WN 2026, ,02003,Information Mas,9445MSI,User Experience Design MSI,2520,WN 2025,GINF,039178,SI,539
97934382,FA 2024,GINF,WN 2026, ,02003,Information Mas,9445MSI,User Experience Design MSI,2520,WN 2025,GINF,040667,SI,681
97934382,FA 2024,GINF,WN 2026, ,02003,Information Mas,9445MSI,User Experience Design MSI,2520,WN 2025,GINF,043863,SI,612
97934382,FA 2024,GINF,WN 2026, ,02003,Information Mas,9445MSI,User Experience Design MSI,2560,FA 2025,GINF,001459,SI,690
97934382,FA 2024,GINF,WN 2026, ,02003,Information Mas,9445MSI,User Experience Design MSI,2560,FA 2025,GINF,016607,SI,544
97934382,FA 2024,GINF,WN 2026, ,02003,Information Mas,9445MSI,User Experience Design MSI,2560,FA 2025,GINF,021391,SI,511
97934382,FA 2024,GINF,WN 2026, ,02003,Information Mas,9445MSI,User Experience Design MSI,2560,FA 2025,GINF,045393,SI,552
97934382,FA 2024,GINF,WN 2026, ,02003,Information Mas,9445MSI,User Experience Design MSI,2570,WN 2026,GINF,001459,SI,690
97934382,FA 2024,GINF,WN 2026, ,02003,Information Mas,9445MSI,User Experience Design MSI,2570,WN 2026,GINF,021391,SI,511
97934382,FA 2024,GINF,WN 2026, ,02003,Information Mas,9445MSI,User Experience Design MSI,2570,WN 2026,GINF,047901,SI,699
97963243,FA 2025,GINF,WN 2027, ,02003,Information Mas,9445MSI,User Experience Design MSI,2560,FA 2025,GINF,017281,SI,588
97963243,FA 2025,GINF,WN 2027, ,02003,Information Mas,9445MSI,User Experience Design MSI,2560,FA 2025,GINF,044772,SI,582
97963243,FA 2025,GINF,WN 2027, ,02003,Information Mas,9445MSI,User Experience Design MSI,2560,FA 2025,GINF,047246,SI,506
97963243,FA 2025,GINF,WN 2027, ,02003,Information Mas,9445MSI,User Experience Design MSI,2560,FA 2025,GINF,051553,SI,500
97963243,FA 2025,GINF,WN 2027, ,02003,Information Mas,9445MSI,User Experience Design MSI,2570,WN 2026,GINF,020401,SI,622
97963243,FA 2025,GINF,WN 2027, ,02003,Information Mas,9445MSI,User Experience Design MSI,2570,WN 2026,GINF,021391,SI,511
97963243,FA 2025,GINF,WN 2027, ,02003,Information Mas,9445MSI,User Experience Design MSI,2570,WN 2026,GINF,021400,SI,520
97963243,FA 2025,GINF,WN 2027, ,02003,Information Mas,9445MSI,User Experience Design MSI,2570,WN 2026,GINF,039178,SI,539
97963243,FA 2025,GINF,WN 2027, ,02003,Information Mas,9445MSI,User Experience Design MSI,2570,WN 2026,GINF,043863,SI,612
97963243,FA 2025,GINF,WN 2027, ,02003,Information Mas,9445MSI,User Experience Design MSI,2570,WN 2026,GINF,048129,SI,505
97963243,FA 2025,GINF,WN 2027, ,02003,Information Mas,9445MSI,User Experience Design MSI,2570,WN 2026,GINF,050164,SI,504
98293177,FA 2025,GINF,WN 2027, ,02003,Information Mas,9445MSI,User Experience Design MSI,2560,FA 2025,GINF,021391,SI,511
98293177,FA 2025,GINF,WN 2027, ,02003,Information Mas,9445MSI,User Experience Design MSI,2560,FA 2025,GINF,021400,SI,520
98293177,FA 2025,GINF,WN 2027, ,02003,Information Mas,9445MSI,User Experience Design MSI,2560,FA 2025,GINF,047246,SI,506
98293177,FA 2025,GINF,WN 2027, ,02003,Information Mas,9445MSI,User Experience Design MSI,2560,FA 2025,GINF,051553,SI,500
98293177,FA 2025,GINF,WN 2027, ,02003,Information Mas,9445MSI,User Experience Design MSI,2570,WN 2026,GINF,015660,WRITING,993
98293177,FA 2025,GINF,WN 2027, ,02003,Information Mas,9445MSI,User Experience Design MSI,2570,WN 2026,GINF,020401,SI,622
98293177,FA 2025,GINF,WN 2027, ,02003,Information Mas,9445MSI,User Experience Design MSI,2570,WN 2026,GINF,021391,SI,511
98293177,FA 2025,GINF,WN 2027, ,02003,Information Mas,9445MSI,User Experience Design MSI,2570,WN 2026,GINF,044772,SI,582
98293177,FA 2025,GINF,WN 2027, ,02003,Information Mas,9445MSI,User Experience Design MSI,2570,WN 2026,GINF,048129,SI,505
98487647,FA 2025,GINF,WN 2027, ,02003,Information Mas,9455MSI,User-Centered Agile Dev MSI,2560,FA 2025,GINF,017281,SI,588
98487647,FA 2025,GINF,WN 2027, ,02003,Information Mas,9455MSI,User-Centered Agile Dev MSI,2560,FA 2025,GINF,021391,SI,511
98487647,FA 2025,GINF,WN 2027, ,02003,Information Mas,9455MSI,User-Centered Agile Dev MSI,2560,FA 2025,GINF,039178,SI,539
98487647,FA 2025,GINF,WN 2027, ,02003,Information Mas,9455MSI,User-Centered Agile Dev MSI,2560,FA 2025,GINF,051553,SI,500
98487647,FA 2025,GINF,WN 2027, ,02003,Information Mas,9455MSI,User-Centered Agile Dev MSI,2570,WN 2026,GINF,020401,SI,622
98487647,FA 2025,GINF,WN 2027, ,02003,Information Mas,9455MSI,User-Centered Agile Dev MSI,2570,WN 2026,GINF,022188,BL,504
98487647,FA 2025,GINF,WN 2027, ,02003,Information Mas,9455MSI,User-Centered Agile Dev MSI,2570,WN 2026,GINF,047640,SI,507
98487647,FA 2025,GINF,WN 2027, ,02003,Information Mas,9455MSI,User-Centered Agile Dev MSI,2570,WN 2026,GINF,049062,TO,635
98487647,FA 2025,GINF,WN 2027, ,02003,Information Mas,9455MSI,User-Centered Agile Dev MSI,2570,WN 2026,GINF,050159,SI,579
98487647,FA 2025,GINF,WN 2027, ,02003,Information Mas,9455MSI,User-Centered Agile Dev MSI,2570,WN 2026,GINF,050164,SI,504
98799299,FA 2024,GINF,WN 2026, ,02003,Information Mas,9455MSI,User-Centered Agile Dev MSI,2510,FA 2024,GINF,017281,SI,588
98799299,FA 2024,GINF,WN 2026, ,02003,Information Mas,9455MSI,User-Centered Agile Dev MSI,2510,FA 2024,GINF,021400,SI,520
98799299,FA 2024,GINF,WN 2026, ,02003,Information Mas,9455MSI,User-Centered Agile Dev MSI,2510,FA 2024,GINF,039178,SI,539
98799299,FA 2024,GINF,WN 2026, ,02003,Information Mas,9455MSI,User-Centered Agile Dev MSI,2510,FA 2024,GINF,047246,SI,506
98799299,FA 2024,GINF,WN 2026, ,02003,Information Mas,9455MSI,User-Centered Agile Dev MSI,2510,FA 2024,GINF,048129,SI,505
98799299,FA 2024,GINF,WN 2026, ,02003,Information Mas,9455MSI,User-Centered Agile Dev MSI,2510,FA 2024,GINF,051553,SI,500
98799299,FA 2024,GINF,WN 2026, ,02003,Information Mas,9455MSI,User-Centered Agile Dev MSI,2520,WN 2025,GINF,020401,SI,622
98799299,FA 2024,GINF,WN 2026, ,02003,Information Mas,9455MSI,User-Centered Agile Dev MSI,2520,WN 2025,GINF,040667,SI,681
98799299,FA 2024,GINF,WN 2026, ,02003,Information Mas,9455MSI,User-Centered Agile Dev MSI,2520,WN 2025,GINF,044772,SI,582
98799299,FA 2024,GINF,WN 2026, ,02003,Information Mas,9455MSI,User-Centered Agile Dev MSI,2520,WN 2025,GINF,050164,SI,504
98799299,FA 2024,GINF,WN 2026, ,02003,Information Mas,9455MSI,User-Centered Agile Dev MSI,2520,WN 2025,GINF,051836,SI,611
98799299,FA 2024,GINF,WN 2026, ,02003,Information Mas,9455MSI,User-Centered Agile Dev MSI,2560,FA 2025,GINF,041626,SI,664
98799299,FA 2024,GINF,WN 2026, ,02003,Information Mas,9455MSI,User-Centered Agile Dev MSI,2560,FA 2025,GINF,043863,SI,612
98799299,FA 2024,GINF,WN 2026, ,02003,Information Mas,9455MSI,User-Centered Agile Dev MSI,2560,FA 2025,GINF,045771,SI,684
98799299,FA 2024,GINF,WN 2026, ,02003,Information Mas,9455MSI,User-Centered Agile Dev MSI,2560,FA 2025,GINF,050159,SI,579
98799299,FA 2024,GINF,WN 2026, ,02003,Information Mas,9455MSI,User-Centered Agile Dev MSI,2560,FA 2025,GINF,052216,SI,512
98799299,FA 2024,GINF,WN 2026, ,02003,Information Mas,9455MSI,User-Centered Agile Dev MSI,2570,WN 2026,GINF,047901,SI,699
98799299,FA 2024,GINF,WN 2026, ,02003,Information Mas,9455MSI,User-Centered Agile Dev MSI,2570,WN 2026,GINF,049601,SI,564
98799299,FA 2024,GINF,WN 2026, ,02003,Information Mas,9455MSI,User-Centered Agile Dev MSI,2570,WN 2026,GINF,051836,SI,611
98830081,FA 2025,GINF,WN 2027, ,02003,Information Mas,9445MSI,User Experience Design MSI,2560,FA 2025,GINF,017281,SI,588
98830081,FA 2025,GINF,WN 2027, ,02003,Information Mas,9445MSI,User Experience Design MSI,2560,FA 2025,GINF,039178,SI,539
98830081,FA 2025,GINF,WN 2027, ,02003,Information Mas,9445MSI,User Experience Design MSI,2560,FA 2025,GINF,047246,SI,506
98830081,FA 2025,GINF,WN 2027, ,02003,Information Mas,9445MSI,User Experience Design MSI,2560,FA 2025,GINF,051553,SI,500
98830081,FA 2025,GINF,WN 2027, ,02003,Information Mas,9445MSI,User Experience Design MSI,2570,WN 2026,GINF,020401,SI,622
98830081,FA 2025,GINF,WN 2027, ,02003,Information Mas,9445MSI,User Experience Design MSI,2570,WN 2026,GINF,021400,SI,520
98830081,FA 2025,GINF,WN 2027, ,02003,Information Mas,9445MSI,User Experience Design MSI,2570,WN 2026,GINF,044772,SI,582
98830081,FA 2025,GINF,WN 2027, ,02003,Information Mas,9445MSI,User Experience Design MSI,2570,WN 2026,GINF,047640,SI,507
98830081,FA 2025,GINF,WN 2027, ,02003,Information Mas,9445MSI,User Experience Design MSI,2570,WN 2026,GINF,050164,SI,504
98903118,FA 2025,GINF,WN 2027, ,02003,Information Mas,0775MSI,Big Data Analytics MSI,2560,FA 2025,GINF,016607,SI,544
98903118,FA 2025,GINF,WN 2027, ,02003,Information Mas,0775MSI,Big Data Analytics MSI,2560,FA 2025,GINF,043396,EECS,402
98903118,FA 2025,GINF,WN 2027, ,02003,Information Mas,0775MSI,Big Data Analytics MSI,2560,FA 2025,GINF,047640,SI,507
98903118,FA 2025,GINF,WN 2027, ,02003,Information Mas,0775MSI,Big Data Analytics MSI,2560,FA 2025,GINF,048129,SI,505
98903118,FA 2025,GINF,WN 2027, ,02003,Information Mas,0775MSI,Big Data Analytics MSI,2560,FA 2025,GINF,049601,SI,564
98903118,FA 2025,GINF,WN 2027, ,02003,Information Mas,0775MSI,Big Data Analytics MSI,2560,FA 2025,GINF,050164,SI,504
98903118,FA 2025,GINF,WN 2027, ,02003,Information Mas,0775MSI,Big Data Analytics MSI,2560,FA 2025,GINF,051553,SI,500
98903118,FA 2025,GINF,WN 2027, ,02003,Information Mas,0775MSI,Big Data Analytics MSI,2570,WN 2026,GINF,014748,EECS,545
98903118,FA 2025,GINF,WN 2027, ,02003,Information Mas,0775MSI,Big Data Analytics MSI,2570,WN 2026,GINF,042091,SI,618
98903118,FA 2025,GINF,WN 2027, ,02003,Information Mas,0775MSI,Big Data Analytics MSI,2570,WN 2026,GINF,050663,SI,568
98903118,FA 2025,GINF,WN 2027, ,02003,Information Mas,0775MSI,Big Data Analytics MSI,2570,WN 2026,GINF,051462,SI,644
98953830,FA 2025,GINF,WN 2026, ,02003,Information Mas,9455MSI,User-Centered Agile Dev MSI,2560,FA 2025,GINF,041626,SI,664
98953830,FA 2025,GINF,WN 2026, ,02003,Information Mas,9455MSI,User-Centered Agile Dev MSI,2560,FA 2025,GINF,047246,SI,506
98953830,FA 2025,GINF,WN 2026, ,02003,Information Mas,9455MSI,User-Centered Agile Dev MSI,2560,FA 2025,GINF,048487,SI,669
98953830,FA 2025,GINF,WN 2026, ,02003,Information Mas,9455MSI,User-Centered Agile Dev MSI,2560,FA 2025,GINF,049601,SI,564
98953830,FA 2025,GINF,WN 2026, ,02003,Information Mas,9455MSI,User-Centered Agile Dev MSI,2560,FA 2025,GINF,050159,SI,579
98953830,FA 2025,GINF,WN 2026, ,02003,Information Mas,9455MSI,User-Centered Agile Dev MSI,2560,FA 2025,GINF,050164,SI,504
98953830,FA 2025,GINF,WN 2026, ,02003,Information Mas,9455MSI,User-Centered Agile Dev MSI,2560,FA 2025,GINF,051462,SI,644
98953830,FA 2025,GINF,WN 2026, ,02003,Information Mas,9455MSI,User-Centered Agile Dev MSI,2570,WN 2026,GINF,020401,SI,622
98953830,FA 2025,GINF,WN 2026, ,02003,Information Mas,9455MSI,User-Centered Agile Dev MSI,2570,WN 2026,GINF,021391,SI,511
98953830,FA 2025,GINF,WN 2026, ,02003,Information Mas,9455MSI,User-Centered Agile Dev MSI,2570,WN 2026,GINF,044772,SI,582
98953830,FA 2025,GINF,WN 2026, ,02003,Information Mas,9455MSI,User-Centered Agile Dev MSI,2570,WN 2026,GINF,047640,SI,507
98953830,FA 2025,GINF,WN 2026, ,02003,Information Mas,9455MSI,User-Centered Agile Dev MSI,2570,WN 2026,GINF,047901,SI,699
98953830,FA 2025,GINF,WN 2026, ,02003,Information Mas,9455MSI,User-Centered Agile Dev MSI,2570,WN 2026,GINF,049601,SI,564
98953830,FA 2025,GINF,WN 2026, ,02003,Information Mas,9455MSI,User-Centered Agile Dev MSI,2570,WN 2026,GINF,051462,SI,644