CompletionTermDesc,Emplid,Crse ID,Term Descrshort,Subject,Catalog Nbr,Class Section,Session Descrshort,Crse Component Descrshort,Crse Descr,Unt Earned - Credits,Crse Grade Off - Grade Earned,Course Code,Outside UMSI
Winter 2024,00348486,001459,FA 2023,SI,690,460,Regular,Seminar,Intern/Field Exper,1.00,S,SI 690,No
Winter 2024,00348486,016607,FA 2022,SI,544,001,Regular,Lecture,Intr Stat&Data Analy,3.00,A+,SI 544,No
Winter 2024,00348486,017271,FA 2022,TO,572,001,First 7 Wk,Recitation,App B Frcst I,1.50,A,TO 572,Yes
Winter 2024,00348486,020803,WN 2023,SI,643,001,Regular,Lecture,Instructional Skills,3.00,A+,SI 643,No
Winter 2024,00348486,039178,FA 2023,SI,539,001,Regular,Lecture,Web Design,3.00,A+,SI 539,No
Winter 2024,00348486,040667,WN 2023,SI,681,001,Regular,Seminar,Intern/Field Seminar,6.00,S,SI 681,No
Winter 2024,00348486,041044,WN 2024,ELI,510,001,Regular,Lecture,Acad Rdg&Vocab,2.00,S,ELI 510,Yes
Winter 2024,00348486,041626,FA 2023,SI,664,001,Regular,Lecture,Database App Design,3.00,A,SI 664,No
Winter 2024,00348486,041855,FA 2023,SI,631,001,Regular,Lecture,Agile Softwar Dev,1.50,A+,SI 631,No
Winter 2024,00348486,041934,FA 2023,SI,608,001,Regular,Lecture,Networks,3.00,A+,SI 608,No
Winter 2024,00348486,042091,WN 2023,SI,618,001,Regular,Lecture,Data Man & Analysis,3.00,A+,SI 618,No
Winter 2024,00348486,045930,FA 2023,SI,671,001,Regular,Lecture,Data Mining,3.00,B+,SI 671,No
Winter 2024,00348486,047640,FA 2022,SI,507,001,Regular,Lecture,Inter Programming,3.00,A,SI 507,No
Winter 2024,00348486,047901,WN 2024,SI,699,305,Regular,Lecture,MSI Mastery Courses,3.00,A,SI 699,No
Winter 2024,00348486,048129,FA 2022,SI,505,001,Scnd 7 Wk,Lecture,Career/Intern Studio,1.00,S,SI 505,No
Winter 2024,00348486,048514,FA 2022,WELLNESS,512,002,Regular,Recitation,Yoga Performers,1.00,A+,WELLNESS 512,Yes
Winter 2024,00348486,048514,WN 2023,WELLNESS,512,001,Regular,Recitation,Yoga Performers,1.00,A+,WELLNESS 512,Yes
Winter 2024,00348486,049601,FA 2022,SI,564,001,Regular,Lecture,SQL & Databases,1.50,A,SI 564,No
Winter 2024,00348486,050164,FA 2022,SI,504,001,Regular,Lecture,"Servers, Shell,&Git",1.50,A,SI 504,No
Winter 2024,00348486,050663,WN 2023,SI,568,001,Regular,Lecture,Intro Appld Data Sci,3.00,A+,SI 568,No
Winter 2024,00348486,050983,WN 2023,SI,602,001,Regular,Lecture,Math for ApplDataSci,3.00,B+,SI 602,No
Winter 2024,01044544,017281,FA 2022,SI,588,001,Regular,Lecture,Fundamntls Hum Beh,3.00,A,SI 588,No
Winter 2024,01044544,020401,WN 2023,SI,622,002,Regular,Lecture,Usab Eval & Needs,4.00,A,SI 622,No
Winter 2024,01044544,021050,FA 2024,SI,691,093,Regular,Ind Study,Independent Study,3.00,A+,SI 691,No
Winter 2024,01044544,021391,WN 2024,SI,511,151,Regular,Lecture,Special Topics,1.50,S,SI 511,No
Winter 2024,01044544,021400,FA 2022,SI,520,001,Regular,Lecture,Graphic Design,3.00,A,SI 520,No
Winter 2024,01044544,022099,WN 2023,SI,658,001,Regular,Lecture,Info Architecture,3.00,A,SI 658,No
Winter 2024,01044544,040667,WN 2023,SI,681,001,Regular,Seminar,Intern/Field Seminar,4.00,S,SI 681,No
Winter 2024,01044544,041855,FA 2023,SI,631,001,Regular,Lecture,Agile Softwar Dev,1.50,C+,SI 631,No
Winter 2024,01044544,042104,FA 2022,SI,501,002,Regular,Lecture,Contextual Inq,3.00,A,SI 501,No
Winter 2024,01044544,043863,FA 2023,SI,612,002,Regular,Lecture,Pervasv Interact Des,3.00,A,SI 612,No
Winter 2024,01044544,044772,FA 2022,SI,582,003,Regular,Lecture,Intro Interac Design,3.00,A,SI 582,No
Winter 2024,01044544,046306,WN 2023,SI,616,001,Regular,Lecture,Adv Graphic Design,3.00,A-,SI 616,No
Winter 2024,01044544,046386,WN 2023,SI,311,158,Regular,Lecture,Spec Topics in Info,3.00,A+,SI 311,No
Winter 2024,01044544,047901,WN 2024,SI,699,401,Regular,Lecture,MSI Mastery Courses,3.00,A+,SI 699,No
Winter 2024,01044544,048129,FA 2022,SI,505,001,Scnd 7 Wk,Lecture,Career/Intern Studio,1.00,S,SI 505,No
Winter 2024,01044544,048485,FA 2024,ARTDES,420,001,Regular,Laboratory,Sci-Fi Prototyping,3.00,A,ARTDES 420,Yes
Winter 2024,01044544,048486,WN 2024,SI,659,001,Regular,Lecture,AR/VR Advanced,3.00,A,SI 659,No
Winter 2024,01044544,048487,FA 2024,SI,669,001,Regular,Lecture,Dev Mobile Exp,3.00,A-,SI 669,No
Winter 2024,01044544,048488,FA 2023,SI,559,001,Regular,Lecture,AR/VR Intro,3.00,A,SI 559,No
Winter 2024,01044544,050159,FA 2023,SI,579,001,Regular,Lecture,Bldg Interactive App,3.00,A-,SI 579,No
Winter 2024,01044544,051454,WN 2024,SI,594,001,Regular,Lecture,Auto UX,3.00,A,SI 594,No
Winter 2024,01416822,003124,FA 2023,EPID,604,110,Regular,Ind Study,Applications of EPID,3.00,A,EPID 604,Yes
Winter 2024,01416822,003124,WN 2024,EPID,604,110,Regular,Ind Study,Applications of EPID,1.00,A,EPID 604,Yes
Winter 2024,01416822,020803,WN 2024,SI,643,001,Regular,Lecture,Instructional Skills,3.00,A+,SI 643,No
Winter 2024,01416822,020934,WN 2023,SI,649,002,Regular,Lecture,Info Visualization,3.00,A,SI 649,No
Winter 2024,01416822,040667,WN 2023,SI,681,001,Regular,Seminar,Intern/Field Seminar,6.00,S,SI 681,No
Winter 2024,01416822,044825,FA 2023,EPID,530,003,Regular,Lecture,Public Health Comm,1.00,A+,EPID 530,Yes
Winter 2024,01416822,045930,FA 2023,SI,671,001,Regular,Lecture,Data Mining,3.00,B+,SI 671,No
Winter 2024,01416822,046389,FA 2023,EPID,603,001,Regular,Seminar,Prof Development,1.00,S,EPID 603,Yes
Winter 2024,01416822,047637,WN 2023,LHS,712,001,Regular,Lecture,NLP on Health Data,3.00,B+,LHS 712,Yes
Winter 2024,01416822,047901,WN 2024,SI,699,305,Regular,Lecture,MSI Mastery Courses,3.00,B+,SI 699,No
Winter 2024,01416822,048585,WN 2024,PUBHLTH,511,001,Regular,Lecture,Nutr Pub Health,2.00,A,PUBHLTH 511,Yes
Winter 2024,01416822,048940,WN 2024,PUBHLTH,513,001,Regular,Lecture,PUBHLTH Sys Pol Mgt,3.00,A,PUBHLTH 513,Yes
Winter 2024,01416822,049551,WN 2023,PUBHLTH,514,001,Regular,Lecture,Pub Hlth Sci Environ,2.00,A,PUBHLTH 514,Yes
Winter 2024,01416822,050663,WN 2023,SI,568,001,Regular,Lecture,Intro Appld Data Sci,3.00,A+,SI 568,No
Winter 2024,01416822,050983,WN 2023,SI,602,001,Regular,Lecture,Math for ApplDataSci,3.00,W,SI 602,No
Winter 2024,01497390,017281,FA 2022,SI,588,002,Regular,Lecture,Fundamntls Hum Beh,3.00,A,SI 588,No
Winter 2024,01497390,017530,WN 2023,TO,616,001,Scnd 7 Wk,Recitation,Project Mngmt,1.50,A-,TO 616,Yes
Winter 2024,01497390,020401,WN 2023,SI,622,001,Regular,Lecture,Usab Eval & Needs,4.00,A,SI 622,No
Winter 2024,01497390,021391,WN 2024,SI,511,151,Regular,Lecture,Special Topics,1.50,A,SI 511,No
Winter 2024,01497390,039178,WN 2023,SI,539,001,Regular,Lecture,Web Design,3.00,A,SI 539,No
Winter 2024,01497390,039340,WN 2024,MIDEAST,427,001,Regular,Seminar,Rumi Times & Poetry,3.00,VI,MIDEAST 427,Yes
Winter 2024,01497390,040667,WN 2023,SI,681,001,Regular,Seminar,Intern/Field Seminar,3.00,S,SI 681,No
Winter 2024,01497390,041626,FA 2023,SI,664,001,Regular,Lecture,Database App Design,3.00,A,SI 664,No
Winter 2024,01497390,042104,FA 2022,SI,501,002,Regular,Lecture,Contextual Inq,3.00,A,SI 501,No
Winter 2024,01497390,043241,FA 2023,SI,657,001,Regular,Lecture,Info Tech and Inter,3.00,A,SI 657,No
Winter 2024,01497390,043366,WN 2024,SI,617,001,Regular,Lecture,Choice Architecture,3.00,A,SI 617,No
Winter 2024,01497390,044772,FA 2022,SI,582,001,Regular,Lecture,Intro Interac Design,3.00,A,SI 582,No
Winter 2024,01497390,047246,FA 2022,SI,506,001,Regular,Lecture,Programming I,3.00,A,SI 506,No
Winter 2024,01497390,047489,WN 2024,MIDEAST,434,001,Regular,Seminar,Shahnameh,3.00,W,MIDEAST 434,Yes
Winter 2024,01497390,047849,WN 2023,ARTSADMN,533,001,Regular,Lecture,Media Tech Careers,1.00,A,ARTSADMN 533,Yes
Winter 2024,01497390,047901,WN 2024,SI,699,003,Regular,Lecture,MSI Mastery Courses,3.00,A,SI 699,No
Winter 2024,01497390,048129,FA 2022,SI,505,001,Scnd 7 Wk,Lecture,Career/Intern Studio,1.00,S,SI 505,No
Winter 2024,01497390,048488,FA 2023,SI,559,003,Regular,Lecture,AR/VR Intro,3.00,W,SI 559,No
Winter 2024,01497390,049027,WN 2024,ACC,651,001,First 7 Wk,Recitation,Foundations of Tech,0.50,A-,ACC 651,Yes
Winter 2024,01497390,049601,WN 2023,SI,564,001,Regular,Lecture,SQL & Databases,1.50,A,SI 564,No
Winter 2024,01497390,050159,WN 2023,SI,579,001,Regular,Lecture,Bldg Interactive App,3.00,W,SI 579,No
Winter 2024,01497390,050159,FA 2023,SI,579,001,Regular,Lecture,Bldg Interactive App,3.00,B+,SI 579,No
Winter 2024,01497390,050162,WN 2024,SI,510,001,Regular,Lecture,Information Ethics,3.00,A,SI 510,No
Winter 2024,01497390,050164,WN 2023,SI,504,001,Regular,Lecture,"Servers, Shell,&Git",1.50,A-,SI 504,No
Winter 2024,01814680,017281,FA 2022,SI,588,001,Regular,Lecture,Fundamntls Hum Beh,3.00,A-,SI 588,No
Winter 2024,01814680,020401,WN 2023,SI,622,001,Regular,Lecture,Usab Eval & Needs,4.00,A,SI 622,No
Winter 2024,01814680,021400,WN 2023,SI,520,002,Regular,Laboratory,Graphic Design,3.00,B+,SI 520,No
Winter 2024,01814680,039178,WN 2023,SI,539,001,Regular,Lecture,Web Design,3.00,A,SI 539,No
Winter 2024,01814680,040667,WN 2023,SI,681,001,Regular,Seminar,Intern/Field Seminar,6.00,S,SI 681,No
Winter 2024,01814680,042104,FA 2022,SI,501,001,Regular,Lecture,Contextual Inq,3.00,A,SI 501,No
Winter 2024,01814680,044772,FA 2022,SI,582,003,Regular,Lecture,Intro Interac Design,3.00,A-,SI 582,No
Winter 2024,01814680,045771,FA 2023,SI,684,001,Regular,Seminar,Design ConsHlth Tech,3.00,A,SI 684,No
Winter 2024,01814680,046306,FA 2023,SI,616,001,Regular,Lecture,Adv Graphic Design,3.00,B+,SI 616,No
Winter 2024,01814680,047246,FA 2022,SI,506,001,Regular,Lecture,Programming I,3.00,A,SI 506,No
Winter 2024,01814680,047901,WN 2024,SI,699,601,Regular,Lecture,MSI Mastery Courses,3.00,A+,SI 699,No
Winter 2024,01814680,048129,WN 2023,SI,505,001,First 7 Wk,Lecture,Career/Intern Studio,1.00,S,SI 505,No
Winter 2024,01814680,048488,WN 2024,SI,559,001,Regular,Lecture,AR/VR Intro,3.00,A-,SI 559,No
Winter 2024,01814680,050159,FA 2023,SI,579,001,Regular,Lecture,Bldg Interactive App,3.00,C,SI 579,No
Winter 2024,01814680,050164,WN 2023,SI,504,001,Regular,Lecture,"Servers, Shell,&Git",1.50,A-,SI 504,No
Winter 2024,01814680,051454,WN 2024,SI,594,001,Regular,Lecture,Auto UX,3.00,B+,SI 594,No
Winter 2024,02124036,001459,FA 2023,SI,690,460,Regular,Seminar,Intern/Field Exper,2.00,S,SI 690,No
Winter 2024,02124036,001459,WN 2024,SI,690,001,Regular,Seminar,Intern/Field Exper,1.00,S,SI 690,No
Winter 2024,02124036,016607,FA 2022,SI,544,001,Regular,Lecture,Intr Stat&Data Analy,3.00,A+,SI 544,No
Winter 2024,02124036,020401,WN 2023,SI,622,002,Regular,Lecture,Usab Eval & Needs,4.00,A,SI 622,No
Winter 2024,02124036,022099,WN 2024,SI,658,001,Regular,Lecture,Info Architecture,3.00,A,SI 658,No
Winter 2024,02124036,039178,FA 2022,SI,539,001,Regular,Lecture,Web Design,3.00,A+,SI 539,No
Winter 2024,02124036,040667,WN 2023,SI,681,001,Regular,Seminar,Intern/Field Seminar,6.00,S,SI 681,No
Winter 2024,02124036,041626,FA 2022,SI,664,001,Regular,Lecture,Database App Design,3.00,A,SI 664,No
Winter 2024,02124036,043396,WN 2023,EECS,402,001,Regular,Lecture,Prog for Sci&Eng,4.00,A+,EECS 402,Yes
Winter 2024,02124036,044772,FA 2023,SI,582,003,Regular,Lecture,Intro Interac Design,3.00,A-,SI 582,No
Winter 2024,02124036,047640,FA 2022,SI,507,001,Regular,Lecture,Inter Programming,3.00,A,SI 507,No
Winter 2024,02124036,047901,WN 2024,SI,699,203,Regular,Lecture,MSI Mastery Courses,3.00,A,SI 699,No
Winter 2024,02124036,048129,FA 2022,SI,505,001,Scnd 7 Wk,Lecture,Career/Intern Studio,1.00,S,SI 505,No
Winter 2024,02124036,048487,FA 2023,SI,669,001,Regular,Lecture,Dev Mobile Exp,3.00,A+,SI 669,No
Winter 2024,02124036,049601,FA 2023,SI,564,001,Regular,Lecture,SQL & Databases,1.50,A,SI 564,No
Winter 2024,02124036,050159,WN 2023,SI,579,001,Regular,Lecture,Bldg Interactive App,3.00,C+,SI 579,No
Winter 2024,02124036,050164,FA 2022,SI,504,001,Regular,Lecture,"Servers, Shell,&Git",1.50,A+,SI 504,No
Winter 2024,02462289,017281,FA 2022,SI,588,002,Regular,Lecture,Fundamntls Hum Beh,3.00,A+,SI 588,No
Winter 2024,02462289,020401,WN 2023,SI,622,001,Regular,Lecture,Usab Eval & Needs,4.00,A,SI 622,No
Winter 2024,02462289,021391,WN 2024,SI,511,151,Regular,Lecture,Special Topics,1.50,A+,SI 511,No
Winter 2024,02462289,021400,FA 2022,SI,520,001,Regular,Lecture,Graphic Design,3.00,A,SI 520,No
Winter 2024,02462289,022099,WN 2023,SI,658,001,Regular,Lecture,Info Architecture,3.00,A,SI 658,No
Winter 2024,02462289,039081,WN 2023,SI,529,001,Regular,Lecture,Online Communities,3.00,A,SI 529,No
Winter 2024,02462289,039178,FA 2022,SI,539,001,Regular,Lecture,Web Design,3.00,A+,SI 539,No
Winter 2024,02462289,040667,WN 2023,SI,681,001,Regular,Seminar,Intern/Field Seminar,6.00,S,SI 681,No
Winter 2024,02462289,042104,FA 2022,SI,501,001,Regular,Lecture,Contextual Inq,3.00,A+,SI 501,No
Winter 2024,02462289,043863,FA 2023,SI,612,001,Regular,Lecture,Pervasv Interact Des,3.00,A+,SI 612,No
Winter 2024,02462289,044772,FA 2023,SI,582,001,Regular,Lecture,Intro Interac Design,3.00,A,SI 582,No
Winter 2024,02462289,045687,WN 2023,SI,538,001,Regular,Seminar,Citizen Inter Design,4.00,A,SI 538,No
Winter 2024,02462289,045771,FA 2023,SI,684,001,Regular,Seminar,Design ConsHlth Tech,3.00,A+,SI 684,No
Winter 2024,02462289,047901,WN 2024,SI,699,201,Regular,Lecture,MSI Mastery Courses,3.00,A,SI 699,No
Winter 2024,02462289,048488,FA 2023,SI,559,002,Regular,Lecture,AR/VR Intro,3.00,A,SI 559,No
Winter 2024,02861018,012772,WN 2024,SI,548,001,Regular,Seminar,Prin Soft Design,3.00,A,SI 548,No
Winter 2024,02861018,017244,WN 2024,KINESLGY,686,044,Regular,Ind Study,Intern in Kines,3.00,A,KINESLGY 686,Yes
Winter 2024,02861018,017281,FA 2023,SI,588,002,Regular,Lecture,Fundamntls Hum Beh,3.00,A,SI 588,No
Winter 2024,02861018,020401,WN 2024,SI,622,002,Regular,Lecture,Usab Eval & Needs,4.00,A-,SI 622,No
Winter 2024,02861018,021400,FA 2023,SI,520,001,Regular,Lecture,Graphic Design,3.00,A-,SI 520,No
Winter 2024,02861018,022099,WN 2024,SI,658,001,Regular,Lecture,Info Architecture,3.00,A,SI 658,No
Winter 2024,02861018,039178,FA 2023,SI,539,001,Regular,Lecture,Web Design,3.00,B,SI 539,No
Winter 2024,02861018,040667,WN 2024,SI,681,001,Regular,Seminar,Intern/Field Seminar,6.00,S,SI 681,No
Winter 2024,02861018,042104,FA 2023,SI,501,001,Regular,Lecture,Contextual Inq,3.00,A,SI 501,No
Winter 2024,02861018,044772,FA 2023,SI,582,003,Regular,Lecture,Intro Interac Design,3.00,A+,SI 582,No
Winter 2024,02861018,047901,FA 2024,SI,699,201,Regular,Lecture,MSI Mastery Courses,3.00,A,SI 699,No
Winter 2024,02861018,048488,WN 2024,SI,559,001,Regular,Lecture,AR/VR Intro,3.00,A-,SI 559,No
Winter 2024,02884252,006651,WN 2023,ENS,344,002,Regular,Laboratory,Univ Campus Orch,1.00,A,ENS 344,Yes
Winter 2024,02884252,012457,FA 2023,EDUC,602,001,Regular,Seminar,Vidgms Lrng Sch Dsgn,3.00,B+,EDUC 602,Yes
Winter 2024,02884252,017281,FA 2022,SI,588,002,Regular,Lecture,Fundamntls Hum Beh,3.00,A-,SI 588,No
Winter 2024,02884252,020401,WN 2023,SI,622,001,Regular,Lecture,Usab Eval & Needs,4.00,A,SI 622,No
Winter 2024,02884252,021391,WN 2024,SI,511,151,Regular,Lecture,Special Topics,1.50,W,SI 511,No
Winter 2024,02884252,021400,FA 2022,SI,520,002,Regular,Lecture,Graphic Design,3.00,A-,SI 520,No
Winter 2024,02884252,022099,WN 2023,SI,658,001,Regular,Lecture,Info Architecture,3.00,A,SI 658,No
Winter 2024,02884252,039178,WN 2023,SI,539,001,Regular,Lecture,Web Design,3.00,A+,SI 539,No
Winter 2024,02884252,040667,WN 2023,SI,681,001,Regular,Seminar,Intern/Field Seminar,6.00,S,SI 681,No
Winter 2024,02884252,041855,FA 2023,SI,631,001,Regular,Lecture,Agile Softwar Dev,1.50,B+,SI 631,No
Winter 2024,02884252,042104,FA 2022,SI,501,001,Regular,Lecture,Contextual Inq,3.00,A,SI 501,No
Winter 2024,02884252,044772,FA 2022,SI,582,001,Regular,Lecture,Intro Interac Design,3.00,A,SI 582,No
Winter 2024,02884252,045890,FA 2023,ASIANLAN,100,001,Regular,Recitation,1stYrChineseI (Adv),3.00,B+,ASIANLAN 100,Yes
Winter 2024,02884252,046306,WN 2024,SI,616,001,Regular,Lecture,Adv Graphic Design,3.00,B+,SI 616,No
Winter 2024,02884252,047246,FA 2022,SI,506,001,Regular,Lecture,Programming I,3.00,A,SI 506,No
Winter 2024,02884252,047901,WN 2024,SI,699,501,Regular,Lecture,MSI Mastery Courses,3.00,A,SI 699,No
Winter 2024,02884252,048129,FA 2022,SI,505,001,Scnd 7 Wk,Lecture,Career/Intern Studio,1.00,S,SI 505,No
Winter 2024,02884252,048487,FA 2023,SI,669,001,Regular,Lecture,Dev Mobile Exp,3.00,B-,SI 669,No
Winter 2024,02884252,050159,WN 2023,SI,579,001,Regular,Lecture,Bldg Interactive App,3.00,A,SI 579,No
Winter 2024,02884252,050164,WN 2023,SI,504,001,Regular,Lecture,"Servers, Shell,&Git",1.50,A,SI 504,No
Winter 2024,02884252,050252,FA 2023,DIGITAL,601,001,Regular,Seminar,Topics Dig Stds,3.00,W,DIGITAL 601,Yes
Winter 2024,03055720,017281,FA 2023,SI,588,002,Regular,Lecture,Fundamntls Hum Beh,3.00,A,SI 588,No
Winter 2024,03055720,020401,WN 2024,SI,622,002,Regular,Lecture,Usab Eval & Needs,4.00,A,SI 622,No
Winter 2024,03055720,021391,FA 2024,SI,511,127,Regular,Lecture,Special Topics,3.00,A,SI 511,No
Winter 2024,03055720,021400,FA 2023,SI,520,001,Regular,Lecture,Graphic Design,3.00,B,SI 520,No
Winter 2024,03055720,022099,WN 2024,SI,658,001,Regular,Lecture,Info Architecture,3.00,A,SI 658,No
Winter 2024,03055720,022326,WN 2024,SI,581,001,Regular,Lecture,Pres Info Resources,3.00,W,SI 581,No
Winter 2024,03055720,039178,WN 2024,SI,539,001,Regular,Lecture,Web Design,3.00,B+,SI 539,No
Winter 2024,03055720,040667,WN 2024,SI,681,001,Regular,Seminar,Intern/Field Seminar,6.00,S,SI 681,No
Winter 2024,03055720,042104,FA 2023,SI,501,001,Regular,Lecture,Contextual Inq,3.00,A,SI 501,No
Winter 2024,03055720,044772,FA 2023,SI,582,003,Regular,Lecture,Intro Interac Design,3.00,A,SI 582,No
Winter 2024,03055720,045771,FA 2024,SI,684,001,Regular,Seminar,Design ConsHlth Tech,3.00,A+,SI 684,No
Winter 2024,03055720,047246,FA 2023,SI,506,001,Regular,Lecture,Programming I,3.00,A,SI 506,No
Winter 2024,03055720,047901,FA 2024,SI,699,201,Regular,Lecture,MSI Mastery Courses,3.00,A,SI 699,No
Winter 2024,03055720,048129,FA 2024,SI,505,002,Scnd 7 Wk,Lecture,Career/Intern Studio,1.00,S,SI 505,No
Winter 2024,03055720,049834,WN 2024,SI,591,001,Regular,Lecture,Humanitarian Innov,3.00,A-,SI 591,No
Winter 2024,03055720,050159,FA 2024,SI,579,001,Regular,Lecture,Bldg Interactive App,3.00,B+,SI 579,No
Winter 2024,03055720,050164,FA 2024,SI,504,001,Regular,Lecture,"Servers, Shell,&Git",1.50,B+,SI 504,No
Winter 2024,03383932,001393,FA 2023,EECS,598,007,Regular,Lecture,Special Topics,3.00,A-,EECS 598,Yes
Winter 2024,03383932,001459,FA 2023,SI,690,460,Regular,Seminar,Intern/Field Exper,2.00,S,SI 690,No
Winter 2024,03383932,009732,FA 2022,SI,650,001,Regular,Lecture,Informatn Retrieval,3.00,A+,SI 650,No
Winter 2024,03383932,014748,WN 2023,EECS,545,001,Regular,Lecture,Machine Learn (CSE),3.00,A-,EECS 545,Yes
Winter 2024,03383932,040667,WN 2023,SI,681,001,Regular,Seminar,Intern/Field Seminar,6.00,S,SI 681,No
Winter 2024,03383932,041934,FA 2023,SI,608,001,Regular,Lecture,Networks,3.00,A,SI 608,No
Winter 2024,03383932,042091,FA 2022,SI,618,001,Regular,Lecture,Data Man & Analysis,3.00,A,SI 618,No
Winter 2024,03383932,042104,FA 2022,SI,501,001,Regular,Lecture,Contextual Inq,3.00,A,SI 501,No
Winter 2024,03383932,045930,FA 2023,SI,671,001,Regular,Lecture,Data Mining,3.00,B-,SI 671,No
Winter 2024,03383932,047226,FA 2023,EECS,504,001,Regular,Lecture,Fnd Computer Vision,3.00,W,EECS 504,Yes
Winter 2024,03383932,047640,FA 2022,SI,507,001,Regular,Lecture,Inter Programming,3.00,A,SI 507,No
Winter 2024,03383932,047901,WN 2024,SI,699,205,Regular,Lecture,MSI Mastery Courses,3.00,B+,SI 699,No
Winter 2024,03383932,048129,FA 2022,SI,505,001,Scnd 7 Wk,Lecture,Career/Intern Studio,1.00,S,SI 505,No
Winter 2024,03383932,048268,WN 2023,SI,630,001,Regular,Lecture,NLP Algorithm People,3.00,A,SI 630,No
Winter 2024,03383932,049601,WN 2023,SI,564,001,Regular,Lecture,SQL & Databases,1.50,A,SI 564,No
Winter 2024,03383932,050164,FA 2022,SI,504,001,Regular,Lecture,"Servers, Shell,&Git",1.50,A,SI 504,No
Winter 2024,03383932,050663,WN 2023,SI,568,001,Regular,Lecture,Intro Appld Data Sci,3.00,A,SI 568,No
Winter 2024,03383932,050983,WN 2023,SI,602,001,Regular,Lecture,Math for ApplDataSci,3.00,B-,SI 602,No
Winter 2024,03443487,017281,FA 2022,SI,588,102,Regular,Lecture,Fundamntls Hum Beh,3.00,A,SI 588,No
Winter 2024,03443487,020401,WN 2023,SI,622,001,Regular,Lecture,Usab Eval & Needs,4.00,A,SI 622,No
Winter 2024,03443487,021400,FA 2022,SI,520,001,Regular,Lecture,Graphic Design,3.00,A,SI 520,No
Winter 2024,03443487,022099,WN 2023,SI,658,001,Regular,Lecture,Info Architecture,3.00,A,SI 658,No
Winter 2024,03443487,039178,FA 2023,SI,539,001,Regular,Lecture,Web Design,3.00,A,SI 539,No
Winter 2024,03443487,040667,WN 2023,SI,681,001,Regular,Seminar,Intern/Field Seminar,4.00,S,SI 681,No
Winter 2024,03443487,042104,FA 2022,SI,501,001,Regular,Lecture,Contextual Inq,3.00,A,SI 501,No
Winter 2024,03443487,044772,WN 2023,SI,582,001,Regular,Lecture,Intro Interac Design,3.00,A+,SI 582,No
Winter 2024,03443487,045687,FA 2023,SI,538,001,Regular,Seminar,Citizen Inter Design,4.00,A,SI 538,No
Winter 2024,03443487,047228,FA 2023,ENTR,500,001,Regular,Lecture,Intro to Innovation,3.00,A,ENTR 500,Yes
Winter 2024,03443487,047246,FA 2022,SI,506,001,Regular,Lecture,Programming I,3.00,A,SI 506,No
Winter 2024,03443487,047304,WN 2023,ENTR,550,002,Regular,Lecture,Interpersonal Skills,3.00,A,ENTR 550,Yes
Winter 2024,03443487,047901,WN 2024,SI,699,501,Regular,Lecture,MSI Mastery Courses,3.00,A,SI 699,No
Winter 2024,03443487,048421,WN 2024,ENTR,560,001,Regular,Lecture,Proj Mgmt Consulting,3.00,A,ENTR 560,Yes
Winter 2024,03443487,048488,FA 2023,SI,559,003,Regular,Lecture,AR/VR Intro,3.00,A-,SI 559,No
Winter 2024,03851522,017281,FA 2022,SI,588,001,Regular,Lecture,Fundamntls Hum Beh,3.00,A,SI 588,No
Winter 2024,03851522,019903,FA 2023,TO,548,001,Regular,Recitation,Integ Pro Dev,3.00,A-,TO 548,Yes
Winter 2024,03851522,020379,FA 2023,IOE,548,001,Regular,Lecture,Int Prod Dev,3.00,A-,IOE 548,Yes
Winter 2024,03851522,020401,WN 2023,SI,622,002,Regular,Lecture,Usab Eval & Needs,4.00,A,SI 622,No
Winter 2024,03851522,021400,FA 2022,SI,520,001,Regular,Lecture,Graphic Design,3.00,A,SI 520,No
Winter 2024,03851522,039178,WN 2023,SI,539,001,Regular,Lecture,Web Design,3.00,A,SI 539,No
Winter 2024,03851522,039979,WN 2024,SI,623,001,Regular,Seminar,Res Meth Info Prof,3.00,B,SI 623,No
Winter 2024,03851522,040667,WN 2023,SI,681,001,Regular,Seminar,Intern/Field Seminar,6.00,S,SI 681,No
Winter 2024,03851522,042104,FA 2022,SI,501,002,Regular,Lecture,Contextual Inq,3.00,A,SI 501,No
Winter 2024,03851522,043863,WN 2023,SI,612,001,Regular,Lecture,Pervasv Interact Des,3.00,A-,SI 612,No
Winter 2024,03851522,044772,FA 2022,SI,582,003,Regular,Lecture,Intro Interac Design,3.00,A,SI 582,No
Winter 2024,03851522,044798,FA 2023,ENTR,599,021,Regular,Lecture,Spec Topics Entr,3.00,A,ENTR 599,Yes
Winter 2024,03851522,047901,WN 2024,SI,699,301,Regular,Lecture,MSI Mastery Courses,3.00,A-,SI 699,No
Winter 2024,03851522,048488,FA 2023,SI,559,003,Regular,Lecture,AR/VR Intro,3.00,A-,SI 559,No
Winter 2024,03851522,051454,WN 2024,SI,594,001,Regular,Lecture,Auto UX,3.00,A-,SI 594,No
Winter 2024,03933665,017281,FA 2022,SI,588,002,Regular,Lecture,Fundamntls Hum Beh,3.00,A,SI 588,No
Winter 2024,03933665,020401,WN 2023,SI,622,002,Regular,Lecture,Usab Eval & Needs,4.00,A,SI 622,No
Winter 2024,03933665,021400,FA 2022,SI,520,001,Regular,Lecture,Graphic Design,3.00,A,SI 520,No
Winter 2024,03933665,039178,FA 2022,SI,539,001,Regular,Lecture,Web Design,3.00,A+,SI 539,No
Winter 2024,03933665,040667,WN 2023,SI,681,001,Regular,Seminar,Intern/Field Seminar,3.00,S,SI 681,No
Winter 2024,03933665,041626,WN 2023,SI,664,001,Regular,Lecture,Database App Design,3.00,A,SI 664,No
Winter 2024,03933665,041855,FA 2023,SI,631,001,Regular,Lecture,Agile Softwar Dev,1.50,A+,SI 631,No
Winter 2024,03933665,042104,FA 2022,SI,501,001,Regular,Lecture,Contextual Inq,3.00,A,SI 501,No
Winter 2024,03933665,043863,WN 2023,SI,612,001,Regular,Lecture,Pervasv Interact Des,3.00,A,SI 612,No
Winter 2024,03933665,044772,FA 2022,SI,582,001,Regular,Lecture,Intro Interac Design,3.00,A+,SI 582,No
Winter 2024,03933665,046306,FA 2023,SI,616,001,Regular,Lecture,Adv Graphic Design,3.00,A,SI 616,No
Winter 2024,03933665,047901,WN 2024,SI,699,003,Regular,Lecture,MSI Mastery Courses,3.00,A,SI 699,No
Winter 2024,03933665,048129,FA 2022,SI,505,001,Scnd 7 Wk,Lecture,Career/Intern Studio,1.00,S,SI 505,No
Winter 2024,03933665,048487,FA 2023,SI,669,001,Regular,Lecture,Dev Mobile Exp,3.00,A+,SI 669,No
Winter 2024,03933665,048488,FA 2023,SI,559,001,Regular,Lecture,AR/VR Intro,3.00,A,SI 559,No
Winter 2024,03933665,050136,WN 2023,UARTS,560,116,Regular,Laboratory,Grad ArtsEng Proj,2.00,A,UARTS 560,Yes
Winter 2024,03933665,050136,FA 2023,UARTS,560,116,Regular,Laboratory,Grad ArtsEng Proj,2.00,A,UARTS 560,Yes
Winter 2024,03933665,050159,WN 2023,SI,579,001,Regular,Lecture,Bldg Interactive App,3.00,A,SI 579,No
Winter 2024,05299371,001459,WN 2024,SI,690,001,Regular,Seminar,Intern/Field Exper,1.00,S,SI 690,No
Winter 2024,05299371,001459,FA 2024,SI,690,510,Regular,Seminar,Intern/Field Exper,1.00,S,SI 690,No
Winter 2024,05299371,009732,FA 2022,SI,650,001,Regular,Lecture,Informatn Retrieval,3.00,A+,SI 650,No
Winter 2024,05299371,016321,WN 2024,STATS,503,100,Regular,Lecture,Stats Learning II,4.00,B,STATS 503,Yes
Winter 2024,05299371,022099,WN 2023,SI,658,001,Regular,Lecture,Info Architecture,3.00,A,SI 658,No
Winter 2024,05299371,040667,WN 2023,SI,681,001,Regular,Seminar,Intern/Field Seminar,6.00,S,SI 681,No
Winter 2024,05299371,040667,WN 2024,SI,681,001,Regular,Seminar,Intern/Field Seminar,1.00,S,SI 681,No
Winter 2024,05299371,041626,FA 2022,SI,664,001,Regular,Lecture,Database App Design,3.00,A+,SI 664,No
Winter 2024,05299371,042071,FA 2022,SI,563,001,Regular,Lecture,Game Theory,3.00,A,SI 563,No
Winter 2024,05299371,042091,FA 2022,SI,618,001,Regular,Lecture,Data Man & Analysis,3.00,A,SI 618,No
Winter 2024,05299371,042104,FA 2022,SI,501,002,Regular,Lecture,Contextual Inq,3.00,A-,SI 501,No
Winter 2024,05299371,047246,FA 2023,SI,506,001,Regular,Lecture,Programming I,3.00,A,SI 506,No
Winter 2024,05299371,047640,FA 2023,SI,507,001,Regular,Lecture,Inter Programming,3.00,A,SI 507,No
Winter 2024,05299371,047901,FA 2024,SI,699,005,Regular,Lecture,MSI Mastery Courses,3.00,A,SI 699,No
Winter 2024,05299371,048129,FA 2022,SI,505,001,Scnd 7 Wk,Lecture,Career/Intern Studio,1.00,S,SI 505,No
Winter 2024,05299371,048141,WN 2024,STATS,513,001,Regular,Lecture,Regress&Data Analys,3.00,B+,STATS 513,Yes
Winter 2024,05299371,048268,WN 2023,SI,630,001,Regular,Lecture,NLP Algorithm People,3.00,B+,SI 630,No
Winter 2024,05299371,048500,FA 2023,SI,670,001,Regular,Lecture,Appld Machine Learng,3.00,C,SI 670,No
Winter 2024,05299371,049601,WN 2024,SI,564,001,Regular,Lecture,SQL & Databases,1.50,B+,SI 564,No
Winter 2024,05299371,050164,WN 2024,SI,504,001,Regular,Lecture,"Servers, Shell,&Git",1.50,A-,SI 504,No
Winter 2024,05299371,050663,WN 2023,SI,568,001,Regular,Lecture,Intro Appld Data Sci,3.00,A,SI 568,No
Winter 2024,05299371,050983,WN 2023,SI,602,001,Regular,Lecture,Math for ApplDataSci,3.00,B,SI 602,No
Winter 2024,05405042,012456,FA 2023,SI,549,001,Regular,Seminar,Trfrm Lrng Tchg Tech,3.00,S,SI 549,No
Winter 2024,05405042,017281,FA 2022,SI,588,002,Regular,Lecture,Fundamntls Hum Beh,3.00,A,SI 588,No
Winter 2024,05405042,020401,WN 2023,SI,622,001,Regular,Lecture,Usab Eval & Needs,4.00,A,SI 622,No
Winter 2024,05405042,020997,FA 2023,BCOM,561,001,First 7 Wk,Recitation,Mgt Presentatn,1.50,A-,BCOM 561,Yes
Winter 2024,05405042,021391,WN 2024,SI,511,073,Regular,Lecture,Special Topics,3.00,W,SI 511,No
Winter 2024,05405042,021400,WN 2023,SI,520,004,Regular,Laboratory,Graphic Design,3.00,A-,SI 520,No
Winter 2024,05405042,022099,WN 2023,SI,658,001,Regular,Lecture,Info Architecture,3.00,A+,SI 658,No
Winter 2024,05405042,039081,FA 2023,SI,529,001,Regular,Lecture,Online Communities,3.00,A,SI 529,No
Winter 2024,05405042,039178,WN 2023,SI,539,001,Regular,Lecture,Web Design,3.00,A,SI 539,No
Winter 2024,05405042,040667,WN 2023,SI,681,001,Regular,Seminar,Intern/Field Seminar,6.00,S,SI 681,No
Winter 2024,05405042,042104,FA 2022,SI,501,002,Regular,Lecture,Contextual Inq,3.00,A,SI 501,No
Winter 2024,05405042,043210,FA 2022,SI,534,001,Regular,Lecture,Theories Soc Influen,3.00,A,SI 534,No
Winter 2024,05405042,043863,FA 2023,SI,612,001,Regular,Lecture,Pervasv Interact Des,3.00,A+,SI 612,No
Winter 2024,05405042,044772,FA 2022,SI,582,001,Regular,Lecture,Intro Interac Design,3.00,A,SI 582,No
Winter 2024,05405042,045393,FA 2023,SI,552,001,Regular,Lecture,Accessibility Intro,3.00,A,SI 552,No
Winter 2024,05405042,047246,FA 2022,SI,506,001,Regular,Lecture,Programming I,3.00,A,SI 506,No
Winter 2024,05405042,047901,WN 2024,SI,699,301,Regular,Lecture,MSI Mastery Courses,3.00,A+,SI 699,No
Winter 2024,05405042,048129,WN 2023,SI,505,001,First 7 Wk,Lecture,Career/Intern Studio,1.00,S,SI 505,No
Winter 2024,05405042,048514,WN 2023,WELLNESS,512,001,Regular,Recitation,Yoga Performers,1.00,A,WELLNESS 512,Yes
Winter 2024,05486082,017281,FA 2023,SI,588,002,Regular,Lecture,Fundamntls Hum Beh,3.00,A,SI 588,No
Winter 2024,05486082,020401,WN 2024,SI,622,002,Regular,Lecture,Usab Eval & Needs,4.00,A,SI 622,No
Winter 2024,05486082,021391,WN 2024,SI,511,151,Regular,Lecture,Special Topics,1.50,A+,SI 511,No
Winter 2024,05486082,021400,FA 2023,SI,520,001,Regular,Lecture,Graphic Design,3.00,A,SI 520,No
Winter 2024,05486082,039178,FA 2023,SI,539,001,Regular,Lecture,Web Design,3.00,A+,SI 539,No
Winter 2024,05486082,041626,FA 2024,SI,664,001,Regular,Lecture,Database App Design,3.00,A,SI 664,No
Winter 2024,05486082,041855,FA 2024,SI,631,001,Regular,Lecture,Agile Softwar Dev,1.50,A-,SI 631,No
Winter 2024,05486082,042071,FA 2024,SI,563,001,Regular,Lecture,Game Theory,3.00,A-,SI 563,No
Winter 2024,05486082,043241,FA 2024,SI,657,001,Regular,Lecture,Info Tech and Inter,3.00,A,SI 657,No
Winter 2024,05486082,043863,WN 2024,SI,612,002,Regular,Lecture,Pervasv Interact Des,3.00,A,SI 612,No
Winter 2024,05486082,044772,FA 2023,SI,582,002,Regular,Lecture,Intro Interac Design,3.00,A+,SI 582,No
Winter 2024,05486082,047246,FA 2023,SI,506,001,Regular,Lecture,Programming I,3.00,A,SI 506,No
Winter 2024,05486082,047641,WN 2024,SI,540,001,Regular,Lecture,Privacy in Info Tech,3.00,A,SI 540,No
Winter 2024,05486082,047901,FA 2024,SI,699,001,Regular,Lecture,MSI Mastery Courses,3.00,A,SI 699,No
Winter 2024,05486082,048421,FA 2024,ENTR,560,001,Regular,Lecture,Proj Mgmt Consulting,3.00,A,ENTR 560,Yes
Winter 2024,05486082,048486,WN 2024,SI,659,001,Regular,Lecture,AR/VR Advanced,3.00,A,SI 659,No
Winter 2024,05486082,048488,WN 2024,SI,559,001,Regular,Lecture,AR/VR Intro,3.00,A+,SI 559,No
Winter 2024,06038641,001459,FA 2023,SI,690,460,Regular,Seminar,Intern/Field Exper,2.00,S,SI 690,No
Winter 2024,06038641,009732,FA 2022,SI,650,001,Regular,Lecture,Informatn Retrieval,3.00,A-,SI 650,No
Winter 2024,06038641,014748,WN 2023,EECS,545,001,Regular,Lecture,Machine Learn (CSE),3.00,W,EECS 545,Yes
Winter 2024,06038641,022099,WN 2024,SI,658,001,Regular,Lecture,Info Architecture,3.00,A,SI 658,No
Winter 2024,06038641,040667,WN 2023,SI,681,001,Regular,Seminar,Intern/Field Seminar,6.00,S,SI 681,No
Winter 2024,06038641,041626,WN 2023,SI,664,001,Regular,Lecture,Database App Design,3.00,B,SI 664,No
Winter 2024,06038641,041934,FA 2023,SI,608,001,Regular,Lecture,Networks,3.00,B-,SI 608,No
Winter 2024,06038641,042071,FA 2022,SI,563,001,Regular,Lecture,Game Theory,3.00,A,SI 563,No
Winter 2024,06038641,042091,FA 2022,SI,618,001,Regular,Lecture,Data Man & Analysis,3.00,A,SI 618,No
Winter 2024,06038641,042104,FA 2022,SI,501,001,Regular,Lecture,Contextual Inq,3.00,A,SI 501,No
Winter 2024,06038641,045930,FA 2023,SI,671,001,Regular,Lecture,Data Mining,3.00,B-,SI 671,No
Winter 2024,06038641,047901,WN 2024,SI,699,205,Regular,Lecture,MSI Mastery Courses,3.00,A,SI 699,No
Winter 2024,06038641,048129,FA 2023,SI,505,001,Scnd 7 Wk,Lecture,Career/Intern Studio,1.00,S,SI 505,No
Winter 2024,06038641,048268,WN 2023,SI,630,001,Regular,Lecture,NLP Algorithm People,3.00,B+,SI 630,No
Winter 2024,06038641,048500,FA 2023,SI,670,001,Regular,Lecture,Appld Machine Learng,3.00,D+,SI 670,No
Winter 2024,06038641,049601,FA 2022,SI,564,001,Regular,Lecture,SQL & Databases,1.50,A-,SI 564,No
Winter 2024,06038641,050162,WN 2024,SI,510,001,Regular,Lecture,Information Ethics,3.00,W,SI 510,No
Winter 2024,06038641,050164,FA 2022,SI,504,001,Regular,Lecture,"Servers, Shell,&Git",1.50,B+,SI 504,No
Winter 2024,06038641,050663,WN 2023,SI,568,001,Regular,Lecture,Intro Appld Data Sci,3.00,C-,SI 568,No
Winter 2024,06038641,050983,WN 2023,SI,602,001,Regular,Lecture,Math for ApplDataSci,3.00,C+,SI 602,No
Winter 2024,06415334,001459,FA 2023,SI,690,460,Regular,Seminar,Intern/Field Exper,3.00,S,SI 690,No
Winter 2024,06415334,020803,WN 2024,SI,643,001,Regular,Lecture,Instructional Skills,3.00,A-,SI 643,No
Winter 2024,06415334,042104,FA 2023,SI,501,002,Regular,Lecture,Contextual Inq,3.00,A,SI 501,No
Winter 2024,06415334,043863,FA 2023,SI,612,001,Regular,Lecture,Pervasv Interact Des,3.00,B+,SI 612,No
Winter 2024,06415334,045771,FA 2023,SI,684,001,Regular,Seminar,Design ConsHlth Tech,3.00,B+,SI 684,No
Winter 2024,06415334,046306,FA 2023,SI,616,001,Regular,Lecture,Adv Graphic Design,3.00,B,SI 616,No
Winter 2024,06415334,047228,WN 2024,ENTR,500,003,Regular,Lecture,Intro to Innovation,3.00,B+,ENTR 500,Yes
Winter 2024,06415334,047234,WN 2024,ENTR,510,001,Regular,Lecture,Compensation,3.00,B+,ENTR 510,Yes
Winter 2024,06415334,047304,WN 2024,ENTR,550,001,Regular,Lecture,Interpersonal Skills,3.00,A,ENTR 550,Yes
Winter 2024,06415334,047901,WN 2024,SI,699,601,Regular,Lecture,MSI Mastery Courses,3.00,A+,SI 699,No
Winter 2024,06415334,048488,FA 2023,SI,559,003,Regular,Lecture,AR/VR Intro,3.00,A-,SI 559,No
Winter 2024,06440028,012772,WN 2023,SI,548,001,Regular,Seminar,Prin Soft Design,3.00,A,SI 548,No
Winter 2024,06440028,017281,FA 2022,SI,588,001,Regular,Lecture,Fundamntls Hum Beh,3.00,A,SI 588,No
Winter 2024,06440028,020401,WN 2023,SI,622,002,Regular,Lecture,Usab Eval & Needs,4.00,A,SI 622,No
Winter 2024,06440028,021400,FA 2022,SI,520,001,Regular,Lecture,Graphic Design,3.00,A,SI 520,No
Winter 2024,06440028,022099,WN 2023,SI,658,001,Regular,Lecture,Info Architecture,3.00,A,SI 658,No
Winter 2024,06440028,039178,WN 2023,SI,539,001,Regular,Lecture,Web Design,3.00,A+,SI 539,No
Winter 2024,06440028,040667,WN 2023,SI,681,001,Regular,Seminar,Intern/Field Seminar,5.00,S,SI 681,No
Winter 2024,06440028,042104,FA 2022,SI,501,002,Regular,Lecture,Contextual Inq,3.00,A,SI 501,No
Winter 2024,06440028,043863,FA 2023,SI,612,002,Regular,Lecture,Pervasv Interact Des,3.00,A+,SI 612,No
Winter 2024,06440028,044772,FA 2022,SI,582,001,Regular,Lecture,Intro Interac Design,3.00,A-,SI 582,No
Winter 2024,06440028,045687,FA 2023,SI,538,001,Regular,Seminar,Citizen Inter Design,4.00,A,SI 538,No
Winter 2024,06440028,045771,FA 2023,SI,684,001,Regular,Seminar,Design ConsHlth Tech,3.00,A+,SI 684,No
Winter 2024,06440028,047901,WN 2024,SI,699,001,Regular,Lecture,MSI Mastery Courses,3.00,A,SI 699,No
Winter 2024,06440028,048129,FA 2022,SI,505,001,Scnd 7 Wk,Lecture,Career/Intern Studio,1.00,S,SI 505,No
Winter 2024,06440028,048488,FA 2023,SI,559,001,Regular,Lecture,AR/VR Intro,3.00,A,SI 559,No
Winter 2024,06440028,048514,FA 2023,WELLNESS,512,002,Regular,Recitation,Yoga Performers,1.00,A,WELLNESS 512,Yes
Winter 2024,06981246,016607,FA 2022,SI,544,001,Regular,Lecture,Intr Stat&Data Analy,3.00,A+,SI 544,No
Winter 2024,06981246,017281,FA 2022,SI,588,002,Regular,Lecture,Fundamntls Hum Beh,3.00,A+,SI 588,No
Winter 2024,06981246,020401,WN 2023,SI,622,002,Regular,Lecture,Usab Eval & Needs,4.00,A,SI 622,No
Winter 2024,06981246,021400,FA 2023,SI,520,001,Regular,Lecture,Graphic Design,3.00,A,SI 520,No
Winter 2024,06981246,022099,WN 2023,SI,658,001,Regular,Lecture,Info Architecture,3.00,A,SI 658,No
Winter 2024,06981246,040667,WN 2023,SI,681,001,Regular,Seminar,Intern/Field Seminar,5.00,S,SI 681,No
Winter 2024,06981246,042091,WN 2023,SI,618,001,Regular,Lecture,Data Man & Analysis,3.00,A+,SI 618,No
Winter 2024,06981246,042104,FA 2022,SI,501,002,Regular,Lecture,Contextual Inq,3.00,A+,SI 501,No
Winter 2024,06981246,044772,FA 2022,SI,582,003,Regular,Lecture,Intro Interac Design,3.00,A,SI 582,No
Winter 2024,06981246,045687,FA 2023,SI,538,001,Regular,Seminar,Citizen Inter Design,4.00,A,SI 538,No
Winter 2024,06981246,045771,FA 2023,SI,684,001,Regular,Seminar,Design ConsHlth Tech,3.00,A+,SI 684,No
Winter 2024,06981246,047640,WN 2023,SI,507,001,Regular,Lecture,Inter Programming,3.00,A,SI 507,No
Winter 2024,06981246,048486,WN 2024,SI,659,001,Regular,Lecture,AR/VR Advanced,3.00,A+,SI 659,No
Winter 2024,06981246,049040,WN 2024,SI,698,091,Regular,Seminar,Master's Thesis 2,3.00,A+,SI 698,No
Winter 2024,06981246,049365,FA 2023,SI,697,091,Regular,Ind Study,Master's Thesis 1,3.00,S,SI 697,No
Winter 2024,07053783,014796,FA 2022,ELI,531,003,Regular,Lecture,Lang&Comm I,1.00,S,ELI 531,Yes
Winter 2024,07053783,017281,FA 2022,SI,588,001,Regular,Lecture,Fundamntls Hum Beh,3.00,A,SI 588,No
Winter 2024,07053783,020401,WN 2023,SI,622,002,Regular,Lecture,Usab Eval & Needs,4.00,A,SI 622,No
Winter 2024,07053783,021050,FA 2023,SI,691,091,Regular,Ind Study,Independent Study,3.00,W,SI 691,No
Winter 2024,07053783,021391,WN 2024,SI,511,151,Regular,Lecture,Special Topics,1.50,A+,SI 511,No
Winter 2024,07053783,021400,FA 2023,SI,520,001,Regular,Lecture,Graphic Design,3.00,A,SI 520,No
Winter 2024,07053783,039178,WN 2023,SI,539,001,Regular,Lecture,Web Design,3.00,A+,SI 539,No
Winter 2024,07053783,040667,WN 2023,SI,681,001,Regular,Seminar,Intern/Field Seminar,6.00,S,SI 681,No
Winter 2024,07053783,042104,FA 2022,SI,501,002,Regular,Lecture,Contextual Inq,3.00,A,SI 501,No
Winter 2024,07053783,042324,WN 2024,SI,639,001,Regular,Lecture,Web Archiving,1.50,A,SI 639,No
Winter 2024,07053783,044772,FA 2022,SI,582,001,Regular,Lecture,Intro Interac Design,3.00,A,SI 582,No
Winter 2024,07053783,047640,FA 2023,SI,507,001,Regular,Lecture,Inter Programming,3.00,A,SI 507,No
Winter 2024,07053783,047901,WN 2024,SI,699,203,Regular,Lecture,MSI Mastery Courses,3.00,A,SI 699,No
Winter 2024,07053783,048129,WN 2023,SI,505,001,First 7 Wk,Lecture,Career/Intern Studio,1.00,S,SI 505,No
Winter 2024,07053783,048487,FA 2023,SI,669,001,Regular,Lecture,Dev Mobile Exp,3.00,A,SI 669,No
Winter 2024,07053783,049601,WN 2023,SI,564,001,Regular,Lecture,SQL & Databases,1.50,A,SI 564,No
Winter 2024,07053783,050159,WN 2023,SI,579,001,Regular,Lecture,Bldg Interactive App,3.00,A,SI 579,No
Winter 2024,07053783,050164,FA 2022,SI,504,001,Regular,Lecture,"Servers, Shell,&Git",1.50,A,SI 504,No
Winter 2024,07053783,051183,FA 2023,GUITAR,110,007,Regular,Recitation,Intro to Guitar,2.00,A+,GUITAR 110,Yes
Winter 2024,07053783,051454,WN 2024,SI,594,001,Regular,Lecture,Auto UX,3.00,A,SI 594,No
Winter 2024,07826582,009732,FA 2022,SI,650,001,Regular,Lecture,Informatn Retrieval,3.00,A+,SI 650,No
Winter 2024,07826582,016607,FA 2023,SI,544,001,Regular,Lecture,Intr Stat&Data Analy,3.00,A+,SI 544,No
Winter 2024,07826582,020934,WN 2023,SI,649,002,Regular,Lecture,Info Visualization,3.00,A-,SI 649,No
Winter 2024,07826582,022099,WN 2023,SI,658,001,Regular,Lecture,Info Architecture,3.00,A,SI 658,No
Winter 2024,07826582,040667,WN 2023,SI,681,001,Regular,Seminar,Intern/Field Seminar,6.00,S,SI 681,No
Winter 2024,07826582,041626,WN 2023,SI,664,001,Regular,Lecture,Database App Design,3.00,A,SI 664,No
Winter 2024,07826582,042071,FA 2022,SI,563,001,Regular,Lecture,Game Theory,3.00,A,SI 563,No
Winter 2024,07826582,042091,FA 2022,SI,618,001,Regular,Lecture,Data Man & Analysis,3.00,A+,SI 618,No
Winter 2024,07826582,042104,FA 2022,SI,501,001,Regular,Lecture,Contextual Inq,3.00,A+,SI 501,No
Winter 2024,07826582,045930,FA 2023,SI,671,101,Regular,Lecture,Data Mining,3.00,A,SI 671,No
Winter 2024,07826582,047246,FA 2023,SI,506,001,Regular,Lecture,Programming I,3.00,A,SI 506,No
Winter 2024,07826582,047640,FA 2022,SI,507,001,Regular,Lecture,Inter Programming,3.00,A,SI 507,No
Winter 2024,07826582,047901,WN 2024,SI,699,205,Regular,Lecture,MSI Mastery Courses,3.00,A,SI 699,No
Winter 2024,07826582,048500,FA 2023,SI,670,001,Regular,Lecture,Appld Machine Learng,3.00,B+,SI 670,No
Winter 2024,07826582,050663,WN 2023,SI,568,001,Regular,Lecture,Intro Appld Data Sci,3.00,A+,SI 568,No
Winter 2024,07826582,050983,WN 2023,SI,602,001,Regular,Lecture,Math for ApplDataSci,3.00,A,SI 602,No
Winter 2024,08347794,012456,FA 2023,SI,549,001,Regular,Seminar,Trfrm Lrng Tchg Tech,3.00,S,SI 549,No
Winter 2024,08347794,017281,FA 2022,SI,588,002,Regular,Lecture,Fundamntls Hum Beh,3.00,A,SI 588,No
Winter 2024,08347794,020401,WN 2023,SI,622,001,Regular,Lecture,Usab Eval & Needs,4.00,A,SI 622,No
Winter 2024,08347794,021391,WN 2024,SI,511,151,Regular,Lecture,Special Topics,1.50,A,SI 511,No
Winter 2024,08347794,021400,WN 2023,SI,520,002,Regular,Laboratory,Graphic Design,3.00,A,SI 520,No
Winter 2024,08347794,022099,WN 2023,SI,658,001,Regular,Lecture,Info Architecture,3.00,A,SI 658,No
Winter 2024,08347794,039178,WN 2023,SI,539,001,Regular,Lecture,Web Design,3.00,A+,SI 539,No
Winter 2024,08347794,040667,WN 2023,SI,681,001,Regular,Seminar,Intern/Field Seminar,6.00,S,SI 681,No
Winter 2024,08347794,041855,FA 2023,SI,631,001,Regular,Lecture,Agile Softwar Dev,1.50,A,SI 631,No
Winter 2024,08347794,042104,FA 2022,SI,501,001,Regular,Lecture,Contextual Inq,3.00,A+,SI 501,No
Winter 2024,08347794,044772,FA 2022,SI,582,002,Regular,Lecture,Intro Interac Design,3.00,A-,SI 582,No
Winter 2024,08347794,045393,FA 2023,SI,552,001,Regular,Lecture,Accessibility Intro,3.00,A,SI 552,No
Winter 2024,08347794,047228,FA 2023,ENTR,500,002,Regular,Lecture,Intro to Innovation,3.00,A,ENTR 500,Yes
Winter 2024,08347794,047246,FA 2022,SI,506,001,Regular,Lecture,Programming I,3.00,A,SI 506,No
Winter 2024,08347794,047901,WN 2024,SI,699,301,Regular,Lecture,MSI Mastery Courses,3.00,A+,SI 699,No
Winter 2024,08347794,048129,WN 2023,SI,505,001,First 7 Wk,Lecture,Career/Intern Studio,1.00,S,SI 505,No
Winter 2024,08347794,048488,FA 2023,SI,559,001,Regular,Lecture,AR/VR Intro,3.00,A,SI 559,No
Winter 2024,08347794,050164,WN 2023,SI,504,001,Regular,Lecture,"Servers, Shell,&Git",1.50,A-,SI 504,No
Winter 2024,08481120,009732,FA 2023,SI,650,001,Regular,Lecture,Informatn Retrieval,3.00,VI,SI 650,No
Winter 2024,08481120,017281,FA 2022,SI,588,002,Regular,Lecture,Fundamntls Hum Beh,3.00,A,SI 588,No
Winter 2024,08481120,020401,WN 2023,SI,622,001,Regular,Lecture,Usab Eval & Needs,4.00,A,SI 622,No
Winter 2024,08481120,020934,WN 2023,SI,649,001,Regular,Lecture,Info Visualization,3.00,A-,SI 649,No
Winter 2024,08481120,022099,WN 2023,SI,658,001,Regular,Lecture,Info Architecture,3.00,A,SI 658,No
Winter 2024,08481120,039081,FA 2023,SI,529,001,Regular,Lecture,Online Communities,3.00,A,SI 529,No
Winter 2024,08481120,039178,WN 2023,SI,539,001,Regular,Lecture,Web Design,3.00,A+,SI 539,No
Winter 2024,08481120,042104,FA 2022,SI,501,001,Regular,Lecture,Contextual Inq,3.00,A,SI 501,No
Winter 2024,08481120,043366,WN 2024,SI,617,001,Regular,Lecture,Choice Architecture,3.00,A-,SI 617,No
Winter 2024,08481120,043863,WN 2024,SI,612,001,Regular,Lecture,Pervasv Interact Des,3.00,A,SI 612,No
Winter 2024,08481120,044772,FA 2022,SI,582,005,Regular,Lecture,Intro Interac Design,3.00,A+,SI 582,No
Winter 2024,08481120,045687,FA 2023,SI,538,001,Regular,Seminar,Citizen Inter Design,4.00,A,SI 538,No
Winter 2024,08481120,047901,WN 2024,SI,699,003,Regular,Lecture,MSI Mastery Courses,3.00,A,SI 699,No
Winter 2024,08481120,048421,WN 2024,ENTR,560,001,Regular,Lecture,Proj Mgmt Consulting,3.00,A,ENTR 560,Yes
Winter 2024,08481120,048487,FA 2023,SI,669,001,Regular,Lecture,Dev Mobile Exp,3.00,A+,SI 669,No
Winter 2024,08481120,050028,FA 2022,SI,583,001,Regular,Lecture,Info Accountability,3.00,B+,SI 583,No
Winter 2024,08481120,050159,WN 2023,SI,579,001,Regular,Lecture,Bldg Interactive App,3.00,B-,SI 579,No
Winter 2024,08481120,050164,WN 2023,SI,504,001,Regular,Lecture,"Servers, Shell,&Git",1.50,A,SI 504,No
Winter 2024,09872809,012456,FA 2022,SI,549,001,Regular,Seminar,Trfrm Lrng Tchg Tech,3.00,W,SI 549,No
Winter 2024,09872809,017075,WN 2024,ELI,534,002,Regular,Lecture,Dis&Oral Argumentn,1.00,S,ELI 534,Yes
Winter 2024,09872809,017281,FA 2022,SI,588,002,Regular,Lecture,Fundamntls Hum Beh,3.00,A,SI 588,No
Winter 2024,09872809,020401,WN 2023,SI,622,002,Regular,Lecture,Usab Eval & Needs,4.00,A,SI 622,No
Winter 2024,09872809,040667,WN 2023,SI,681,001,Regular,Seminar,Intern/Field Seminar,6.00,S,SI 681,No
Winter 2024,09872809,041626,WN 2023,SI,664,001,Regular,Lecture,Database App Design,3.00,A,SI 664,No
Winter 2024,09872809,043863,WN 2023,SI,612,001,Regular,Lecture,Pervasv Interact Des,3.00,A-,SI 612,No
Winter 2024,09872809,044772,FA 2022,SI,582,004,Regular,Lecture,Intro Interac Design,3.00,A,SI 582,No
Winter 2024,09872809,046306,WN 2023,SI,616,001,Regular,Lecture,Adv Graphic Design,3.00,B+,SI 616,No
Winter 2024,09872809,046386,FA 2023,SI,311,150,Regular,Lecture,Spec Topics in Info,3.00,A,SI 311,No
Winter 2024,09872809,047640,FA 2022,SI,507,001,Regular,Lecture,Inter Programming,3.00,A,SI 507,No
Winter 2024,09872809,047901,FA 2023,SI,699,001,Regular,Lecture,MSI Mastery Courses,3.00,A,SI 699,No
Winter 2024,09872809,048129,WN 2023,SI,505,001,First 7 Wk,Lecture,Career/Intern Studio,1.00,S,SI 505,No
Winter 2024,09872809,048421,FA 2023,ENTR,560,002,Regular,Lecture,Proj Mgmt Consulting,3.00,A-,ENTR 560,Yes
Winter 2024,09872809,048487,FA 2023,SI,669,001,Regular,Lecture,Dev Mobile Exp,3.00,A,SI 669,No
Winter 2024,09872809,048488,FA 2023,SI,559,001,Regular,Lecture,AR/VR Intro,3.00,A-,SI 559,No
Winter 2024,09872809,049601,FA 2022,SI,564,001,Regular,Lecture,SQL & Databases,1.50,A,SI 564,No
Winter 2024,09872809,050159,WN 2023,SI,579,001,Regular,Lecture,Bldg Interactive App,3.00,A-,SI 579,No
Winter 2024,09872809,050164,FA 2022,SI,504,001,Regular,Lecture,"Servers, Shell,&Git",1.50,A,SI 504,No
Winter 2024,10048454,009732,FA 2022,SI,650,001,Regular,Lecture,Informatn Retrieval,3.00,A+,SI 650,No
Winter 2024,10048454,017281,FA 2023,SI,588,002,Regular,Lecture,Fundamntls Hum Beh,3.00,A,SI 588,No
Winter 2024,10048454,020934,WN 2023,SI,649,002,Regular,Lecture,Info Visualization,3.00,A-,SI 649,No
Winter 2024,10048454,022099,WN 2023,SI,658,001,Regular,Lecture,Info Architecture,3.00,A,SI 658,No
Winter 2024,10048454,039178,FA 2023,SI,539,001,Regular,Lecture,Web Design,3.00,A,SI 539,No
Winter 2024,10048454,041626,FA 2022,SI,664,001,Regular,Lecture,Database App Design,3.00,A,SI 664,No
Winter 2024,10048454,042091,FA 2022,SI,618,001,Regular,Lecture,Data Man & Analysis,3.00,A,SI 618,No
Winter 2024,10048454,042104,FA 2022,SI,501,001,Regular,Lecture,Contextual Inq,3.00,A,SI 501,No
Winter 2024,10048454,042324,WN 2023,SI,639,001,Scnd 7 Wk,Lecture,Web Archiving,1.50,A,SI 639,No
Winter 2024,10048454,045930,FA 2023,SI,671,001,Regular,Lecture,Data Mining,3.00,A-,SI 671,No
Winter 2024,10048454,047640,FA 2022,SI,507,001,Regular,Lecture,Inter Programming,3.00,A,SI 507,No
Winter 2024,10048454,047901,WN 2024,SI,699,305,Regular,Lecture,MSI Mastery Courses,3.00,A,SI 699,No
Winter 2024,10048454,048268,WN 2023,SI,630,001,Regular,Lecture,NLP Algorithm People,3.00,A,SI 630,No
Winter 2024,10048454,049601,FA 2022,SI,564,001,Regular,Lecture,SQL & Databases,1.50,A,SI 564,No
Winter 2024,10048454,050159,FA 2023,SI,579,001,Regular,Lecture,Bldg Interactive App,3.00,A,SI 579,No
Winter 2024,10048454,050663,WN 2023,SI,568,001,Regular,Lecture,Intro Appld Data Sci,3.00,A+,SI 568,No
Winter 2024,10048454,050983,WN 2023,SI,602,001,Regular,Lecture,Math for ApplDataSci,3.00,A,SI 602,No
Winter 2024,10057134,009731,FA 2022,SI,580,001,Regular,Lecture,Records & Archives,3.00,A-,SI 580,No
Winter 2024,10057134,020803,WN 2023,SI,643,001,Regular,Lecture,Instructional Skills,3.00,A+,SI 643,No
Winter 2024,10057134,038659,FA 2023,SI,519,001,Regular,Seminar,Intel Prop&Info Law,3.00,A,SI 519,No
Winter 2024,10057134,038948,FA 2023,SI,632,001,Regular,Lecture,Appraisal & Coll Dev,3.00,A-,SI 632,No
Winter 2024,10057134,039979,WN 2023,SI,623,001,Regular,Seminar,Res Meth Info Prof,3.00,A,SI 623,No
Winter 2024,10057134,042104,FA 2022,SI,501,001,Regular,Lecture,Contextual Inq,3.00,A,SI 501,No
Winter 2024,10057134,047246,FA 2022,SI,506,001,Regular,Lecture,Programming I,3.00,E,SI 506,No
Winter 2024,10057134,047246,WN 2023,SI,506,001,Regular,Lecture,Programming I,3.00,B,SI 506,No
Winter 2024,10057134,047901,WN 2024,SI,699,018,Regular,Lecture,MSI Mastery Courses,3.00,A-,SI 699,No
Winter 2024,10057134,048361,FA 2024,COMPLIT,630,001,First 7 Wk,Seminar,Special Topics,1.00,A,COMPLIT 630,Yes
Winter 2024,10057134,048361,FA 2024,COMPLIT,630,002,First 7 Wk,Seminar,Special Topics,2.00,A,COMPLIT 630,Yes
Winter 2024,10057134,048831,FA 2022,SI,547,001,Regular,Seminar,Engage w/Communities,3.00,A-,SI 547,No
Winter 2024,10057134,050028,FA 2023,SI,583,001,Regular,Lecture,Info Accountability,3.00,A,SI 583,No
Winter 2024,10057134,050162,WN 2024,SI,510,001,Regular,Lecture,Information Ethics,3.00,A,SI 510,No
Winter 2024,10057134,050163,FA 2023,SI,633,001,Regular,Lecture,Assesmnt Cultrl Inst,3.00,A,SI 633,No
Winter 2024,10057134,050165,WN 2024,SI,585,001,Regular,Lecture,Scholarly Comm,3.00,A,SI 585,No
Winter 2024,10057134,050723,SS 2024,HS,502,001,Regular,Lecture,Policy Politics Hlth,3.00,A,HS 502,Yes
Winter 2024,10057134,051074,WN 2023,SI,626,001,Regular,Lecture,Manage NonProf Lib,3.00,A-,SI 626,No
Winter 2024,10248218,001393,WN 2024,EECS,598,014,Regular,Lecture,Special Topics,3.00,A,EECS 598,Yes
Winter 2024,10248218,003763,WN 2023,IOE,510,001,Regular,Lecture,Linear Program I,3.00,A+,IOE 510,Yes
Winter 2024,10248218,004327,FA 2023,EECS,484,002,Regular,Lecture,Database Mgt Syst,4.00,A,EECS 484,Yes
Winter 2024,10248218,009732,FA 2023,SI,650,001,Regular,Lecture,Informatn Retrieval,3.00,A+,SI 650,No
Winter 2024,10248218,020934,WN 2023,SI,649,001,Regular,Lecture,Info Visualization,3.00,A,SI 649,No
Winter 2024,10248218,040667,WN 2023,SI,681,001,Regular,Seminar,Intern/Field Seminar,6.00,S,SI 681,No
Winter 2024,10248218,041626,FA 2022,SI,664,001,Regular,Lecture,Database App Design,3.00,A,SI 664,No
Winter 2024,10248218,041855,FA 2023,SI,631,001,Regular,Lecture,Agile Softwar Dev,1.50,A+,SI 631,No
Winter 2024,10248218,042091,FA 2022,SI,618,001,Regular,Lecture,Data Man & Analysis,3.00,A,SI 618,No
Winter 2024,10248218,042104,FA 2022,SI,501,001,Regular,Lecture,Contextual Inq,3.00,A,SI 501,No
Winter 2024,10248218,045930,FA 2022,SI,671,001,Regular,Lecture,Data Mining,3.00,A,SI 671,No
Winter 2024,10248218,047901,WN 2024,SI,699,205,Regular,Lecture,MSI Mastery Courses,3.00,A,SI 699,No
Winter 2024,10248218,048268,WN 2023,SI,630,001,Regular,Lecture,NLP Algorithm People,3.00,A+,SI 630,No
Winter 2024,10248218,049601,FA 2022,SI,564,001,Regular,Lecture,SQL & Databases,1.50,A,SI 564,No
Winter 2024,10248218,050663,WN 2023,SI,568,001,Regular,Lecture,Intro Appld Data Sci,3.00,A+,SI 568,No
Winter 2024,10248218,050983,WN 2023,SI,602,001,Regular,Lecture,Math for ApplDataSci,3.00,A+,SI 602,No
Winter 2024,10277971,017281,FA 2022,SI,588,001,Regular,Lecture,Fundamntls Hum Beh,3.00,A,SI 588,No
Winter 2024,10277971,020803,WN 2024,SI,643,001,Regular,Lecture,Instructional Skills,3.00,A+,SI 643,No
Winter 2024,10277971,021400,WN 2023,SI,520,002,Regular,Laboratory,Graphic Design,3.00,A,SI 520,No
Winter 2024,10277971,022099,WN 2023,SI,658,001,Regular,Lecture,Info Architecture,3.00,A,SI 658,No
Winter 2024,10277971,039178,FA 2022,SI,539,001,Regular,Lecture,Web Design,3.00,A+,SI 539,No
Winter 2024,10277971,040667,WN 2023,SI,681,001,Regular,Seminar,Intern/Field Seminar,6.00,S,SI 681,No
Winter 2024,10277971,041855,FA 2023,SI,631,001,Regular,Lecture,Agile Softwar Dev,1.50,A+,SI 631,No
Winter 2024,10277971,042104,FA 2022,SI,501,002,Regular,Lecture,Contextual Inq,3.00,A,SI 501,No
Winter 2024,10277971,043210,FA 2023,SI,534,001,Regular,Lecture,Theories Soc Influen,3.00,A,SI 534,No
Winter 2024,10277971,043863,FA 2023,SI,612,002,Regular,Lecture,Pervasv Interact Des,3.00,A+,SI 612,No
Winter 2024,10277971,044772,FA 2022,SI,582,002,Regular,Lecture,Intro Interac Design,3.00,A,SI 582,No
Winter 2024,10277971,047901,WN 2024,SI,699,203,Regular,Lecture,MSI Mastery Courses,3.00,A,SI 699,No
Winter 2024,10277971,048129,WN 2023,SI,505,001,First 7 Wk,Lecture,Career/Intern Studio,1.00,S,SI 505,No
Winter 2024,10277971,048421,WN 2024,ENTR,560,002,Regular,Lecture,Proj Mgmt Consulting,3.00,A,ENTR 560,Yes
Winter 2024,10277971,048487,FA 2023,SI,669,001,Regular,Lecture,Dev Mobile Exp,3.00,A+,SI 669,No
Winter 2024,10277971,049601,WN 2023,SI,564,001,Regular,Lecture,SQL & Databases,1.50,A,SI 564,No
Winter 2024,10277971,050159,WN 2023,SI,579,001,Regular,Lecture,Bldg Interactive App,3.00,A,SI 579,No
Winter 2024,11678729,014793,FA 2022,ELI,521,002,Regular,Lecture,Acad Writg I,1.00,S,ELI 521,Yes
Winter 2024,11678729,016607,FA 2022,SI,544,001,Regular,Lecture,Intr Stat&Data Analy,3.00,A+,SI 544,No
Winter 2024,11678729,020934,FA 2023,SI,649,001,Regular,Lecture,Info Visualization,3.00,A-,SI 649,No
Winter 2024,11678729,039178,FA 2023,SI,539,001,Regular,Lecture,Web Design,3.00,A+,SI 539,No
Winter 2024,11678729,040667,WN 2023,SI,681,001,Regular,Seminar,Intern/Field Seminar,6.00,S,SI 681,No
Winter 2024,11678729,041855,FA 2023,SI,631,001,Regular,Lecture,Agile Softwar Dev,1.50,A+,SI 631,No
Winter 2024,11678729,041934,FA 2023,SI,608,001,Regular,Lecture,Networks,3.00,A-,SI 608,No
Winter 2024,11678729,042091,WN 2023,SI,618,001,Regular,Lecture,Data Man & Analysis,3.00,A+,SI 618,No
Winter 2024,11678729,042104,FA 2022,SI,501,001,Regular,Lecture,Contextual Inq,3.00,A,SI 501,No
Winter 2024,11678729,044772,FA 2022,SI,582,002,Regular,Lecture,Intro Interac Design,3.00,A,SI 582,No
Winter 2024,11678729,045930,FA 2023,SI,671,001,Regular,Lecture,Data Mining,3.00,A-,SI 671,No
Winter 2024,11678729,047246,FA 2022,SI,506,001,Regular,Lecture,Programming I,3.00,A,SI 506,No
Winter 2024,11678729,047640,WN 2023,SI,507,001,Regular,Lecture,Inter Programming,3.00,A,SI 507,No
Winter 2024,11678729,047901,WN 2024,SI,699,305,Regular,Lecture,MSI Mastery Courses,3.00,A,SI 699,No
Winter 2024,11678729,048129,FA 2022,SI,505,001,Scnd 7 Wk,Lecture,Career/Intern Studio,1.00,S,SI 505,No
Winter 2024,11678729,049601,WN 2023,SI,564,001,Regular,Lecture,SQL & Databases,1.50,A,SI 564,No
Winter 2024,11678729,050164,FA 2022,SI,504,001,Regular,Lecture,"Servers, Shell,&Git",1.50,A,SI 504,No
Winter 2024,11678729,050663,WN 2023,SI,568,001,Regular,Lecture,Intro Appld Data Sci,3.00,A+,SI 568,No
Winter 2024,11678729,050983,WN 2023,SI,602,001,Regular,Lecture,Math for ApplDataSci,3.00,B,SI 602,No
Winter 2024,12145979,009876,WN 2022,SURVMETH,630,001,Regular,Seminar,Quest Design & Eval,3.00,A+,SURVMETH 630,Yes
Winter 2024,12145979,014793,FA 2021,ELI,521,002,Regular,Lecture,Acad Writg I,1.00,S,ELI 521,Yes
Winter 2024,12145979,015902,WN 2022,ELI,601,001,Regular,Lecture,Speak in Res,2.00,S,ELI 601,Yes
Winter 2024,12145979,017281,FA 2021,SI,588,001,Regular,Lecture,Fundamntls Hum Beh,3.00,A+,SI 588,No
Winter 2024,12145979,020401,WN 2022,SI,622,003,Regular,Lecture,Usab Eval & Needs,4.00,A+,SI 622,No
Winter 2024,12145979,020934,WN 2024,SI,649,002,Regular,Lecture,Info Visualization,3.00,A,SI 649,No
Winter 2024,12145979,039979,WN 2022,SI,623,001,Regular,Seminar,Res Meth Info Prof,3.00,A+,SI 623,No
Winter 2024,12145979,039989,WN 2024,SURVMETH,701,001,Regular,Seminar,An Cmplx Sam Srv Dat,3.00,A+,SURVMETH 701,Yes
Winter 2024,12145979,039990,WN 2024,SURVMETH,670,101,Regular,Seminar,Design Seminar I,3.00,A,SURVMETH 670,Yes
Winter 2024,12145979,040667,WN 2022,SI,681,001,Regular,Seminar,Intern/Field Seminar,6.00,S,SI 681,No
Winter 2024,12145979,041242,WN 2024,SURVMETH,721,001,Regular,Seminar,Tot Surv Err Qual II,2.00,A,SURVMETH 721,Yes
Winter 2024,12145979,042104,FA 2021,SI,501,001,Regular,Lecture,Contextual Inq,3.00,A+,SI 501,No
Winter 2024,12145979,044772,FA 2021,SI,582,003,Regular,Lecture,Intro Interac Design,3.00,A+,SI 582,No
Winter 2024,12145979,046054,WN 2024,SURVMETH,745,101,Regular,Lecture,Practical Tools,3.00,A,SURVMETH 745,Yes
Winter 2024,12145979,047246,FA 2021,SI,506,001,Regular,Lecture,Programming I,3.00,A,SI 506,No
Winter 2024,12145979,047695,FA 2021,ELI,592,001,Regular,Lecture,Topics in EAP,1.00,S,ELI 592,Yes
Winter 2024,12145979,047901,WN 2024,SI,699,401,Regular,Lecture,MSI Mastery Courses,3.00,A+,SI 699,No
Winter 2024,12145979,048129,WN 2022,SI,505,001,First 7 Wk,Lecture,Career/Intern Studio,1.00,S,SI 505,No
Winter 2024,12145979,049601,WN 2022,SI,564,001,Regular,Lecture,SQL & Databases,1.50,A,SI 564,No
Winter 2024,12283750,001459,FA 2023,SI,690,460,Regular,Seminar,Intern/Field Exper,2.00,S,SI 690,No
Winter 2024,12283750,017281,FA 2022,SI,588,001,Regular,Lecture,Fundamntls Hum Beh,3.00,A,SI 588,No
Winter 2024,12283750,020401,WN 2023,SI,622,002,Regular,Lecture,Usab Eval & Needs,4.00,A,SI 622,No
Winter 2024,12283750,021400,FA 2023,SI,520,001,Regular,Lecture,Graphic Design,3.00,A,SI 520,No
Winter 2024,12283750,039178,WN 2023,SI,539,001,Regular,Lecture,Web Design,3.00,A,SI 539,No
Winter 2024,12283750,040667,WN 2023,SI,681,001,Regular,Seminar,Intern/Field Seminar,6.00,S,SI 681,No
Winter 2024,12283750,042104,FA 2022,SI,501,002,Regular,Lecture,Contextual Inq,3.00,A,SI 501,No
Winter 2024,12283750,043863,FA 2023,SI,612,001,Regular,Lecture,Pervasv Interact Des,3.00,A+,SI 612,No
Winter 2024,12283750,044772,FA 2022,SI,582,002,Regular,Lecture,Intro Interac Design,3.00,A-,SI 582,No
Winter 2024,12283750,047246,FA 2022,SI,506,001,Regular,Lecture,Programming I,3.00,A-,SI 506,No
Winter 2024,12283750,047901,WN 2024,SI,699,301,Regular,Lecture,MSI Mastery Courses,3.00,A+,SI 699,No
Winter 2024,12283750,048147,WN 2023,BA,657,001,Regular,Laboratory,LBLE,3.00,A-,BA 657,Yes
Winter 2024,12283750,048488,FA 2023,SI,559,003,Regular,Lecture,AR/VR Intro,3.00,A+,SI 559,No
Winter 2024,12283750,050031,FA 2023,SW,596,342,Regular,Ind Study,Ind Stds Social Work,2.00,A,SW 596,Yes
Winter 2024,12283750,050136,WN 2023,UARTS,560,119,Regular,Laboratory,Grad ArtsEng Proj,2.00,A,UARTS 560,Yes
Winter 2024,12283750,050136,FA 2023,UARTS,560,119,Regular,Laboratory,Grad ArtsEng Proj,2.00,A,UARTS 560,Yes
Winter 2024,12492064,017281,FA 2022,SI,588,001,Regular,Lecture,Fundamntls Hum Beh,3.00,A,SI 588,No
Winter 2024,12492064,020401,WN 2023,SI,622,002,Regular,Lecture,Usab Eval & Needs,4.00,A,SI 622,No
Winter 2024,12492064,021391,WN 2024,SI,511,151,Regular,Lecture,Special Topics,1.50,A+,SI 511,No
Winter 2024,12492064,021400,WN 2023,SI,520,002,Regular,Laboratory,Graphic Design,3.00,A,SI 520,No
Winter 2024,12492064,022099,WN 2023,SI,658,001,Regular,Lecture,Info Architecture,3.00,A,SI 658,No
Winter 2024,12492064,039178,WN 2023,SI,539,001,Regular,Lecture,Web Design,3.00,A,SI 539,No
Winter 2024,12492064,040667,WN 2023,SI,681,001,Regular,Seminar,Intern/Field Seminar,6.00,S,SI 681,No
Winter 2024,12492064,042104,FA 2022,SI,501,002,Regular,Lecture,Contextual Inq,3.00,A,SI 501,No
Winter 2024,12492064,043863,FA 2023,SI,612,001,Regular,Lecture,Pervasv Interact Des,3.00,A+,SI 612,No
Winter 2024,12492064,044772,FA 2022,SI,582,002,Regular,Lecture,Intro Interac Design,3.00,A,SI 582,No
Winter 2024,12492064,045393,FA 2023,SI,552,001,Regular,Lecture,Accessibility Intro,3.00,A,SI 552,No
Winter 2024,12492064,046306,FA 2023,SI,616,001,Regular,Lecture,Adv Graphic Design,3.00,B+,SI 616,No
Winter 2024,12492064,047246,FA 2022,SI,506,001,Regular,Lecture,Programming I,3.00,A,SI 506,No
Winter 2024,12492064,047901,WN 2024,SI,699,001,Regular,Lecture,MSI Mastery Courses,3.00,A,SI 699,No
Winter 2024,12492064,048129,FA 2022,SI,505,001,Scnd 7 Wk,Lecture,Career/Intern Studio,1.00,S,SI 505,No
Winter 2024,12492064,048488,FA 2023,SI,559,001,Regular,Lecture,AR/VR Intro,3.00,A-,SI 559,No
Winter 2024,12546249,009732,FA 2023,SI,650,001,Regular,Lecture,Informatn Retrieval,3.00,A,SI 650,No
Winter 2024,12546249,016607,FA 2022,SI,544,001,Regular,Lecture,Intr Stat&Data Analy,3.00,A+,SI 544,No
Winter 2024,12546249,040667,WN 2023,SI,681,001,Regular,Seminar,Intern/Field Seminar,6.00,S,SI 681,No
Winter 2024,12546249,041934,FA 2023,SI,608,001,Regular,Lecture,Networks,3.00,A+,SI 608,No
Winter 2024,12546249,042091,WN 2023,SI,618,001,Regular,Lecture,Data Man & Analysis,3.00,A+,SI 618,No
Winter 2024,12546249,042104,FA 2022,SI,501,002,Regular,Lecture,Contextual Inq,3.00,A,SI 501,No
Winter 2024,12546249,045930,FA 2023,SI,671,001,Regular,Lecture,Data Mining,3.00,B,SI 671,No
Winter 2024,12546249,047246,FA 2022,SI,506,001,Regular,Lecture,Programming I,3.00,A,SI 506,No
Winter 2024,12546249,047640,WN 2023,SI,507,001,Regular,Lecture,Inter Programming,3.00,A,SI 507,No
Winter 2024,12546249,047901,WN 2024,SI,699,305,Regular,Lecture,MSI Mastery Courses,3.00,A,SI 699,No
Winter 2024,12546249,049601,WN 2023,SI,564,001,Regular,Lecture,SQL & Databases,1.50,A,SI 564,No
Winter 2024,12546249,050164,FA 2022,SI,504,001,Regular,Lecture,"Servers, Shell,&Git",1.50,A,SI 504,No
Winter 2024,12546249,050600,FA 2022,SM,542,001,Regular,Lecture,Sports Real Est Devp,3.00,A,SM 542,Yes
Winter 2024,12546249,050663,WN 2023,SI,568,001,Regular,Lecture,Intro Appld Data Sci,3.00,A+,SI 568,No
Winter 2024,12546249,050957,WN 2024,SM,560,001,Regular,Lecture,Intro Stats SM,3.00,A,SM 560,Yes
Winter 2024,12546249,050983,WN 2023,SI,602,001,Regular,Lecture,Math for ApplDataSci,3.00,W,SI 602,No
Winter 2024,12546249,050983,WN 2024,SI,602,001,Regular,Lecture,Math for ApplDataSci,3.00,B+,SI 602,No
Winter 2024,12986025,001459,FA 2023,SI,690,460,Regular,Seminar,Intern/Field Exper,3.00,S,SI 690,No
Winter 2024,12986025,009732,FA 2023,SI,650,001,Regular,Lecture,Informatn Retrieval,3.00,A,SI 650,No
Winter 2024,12986025,016607,FA 2022,SI,544,001,Regular,Lecture,Intr Stat&Data Analy,3.00,A,SI 544,No
Winter 2024,12986025,021050,WN 2023,SI,691,072,Regular,Ind Study,Independent Study,3.00,A,SI 691,No
Winter 2024,12986025,021050,WN 2024,SI,691,079,Regular,Ind Study,Independent Study,3.00,A,SI 691,No
Winter 2024,12986025,039178,FA 2022,SI,539,001,Regular,Lecture,Web Design,3.00,A,SI 539,No
Winter 2024,12986025,040667,WN 2023,SI,681,001,Regular,Seminar,Intern/Field Seminar,6.00,S,SI 681,No
Winter 2024,12986025,041626,WN 2024,SI,664,001,Regular,Lecture,Database App Design,3.00,A,SI 664,No
Winter 2024,12986025,042091,WN 2023,SI,618,001,Regular,Lecture,Data Man & Analysis,3.00,A+,SI 618,No
Winter 2024,12986025,042104,FA 2022,SI,501,002,Regular,Lecture,Contextual Inq,3.00,A+,SI 501,No
Winter 2024,12986025,045930,FA 2023,SI,671,001,Regular,Lecture,Data Mining,3.00,A,SI 671,No
Winter 2024,12986025,047901,WN 2024,SI,699,205,Regular,Lecture,MSI Mastery Courses,3.00,A,SI 699,No
Winter 2024,12986025,050159,FA 2022,SI,579,001,Regular,Lecture,Bldg Interactive App,3.00,A,SI 579,No
Winter 2024,12986025,050663,WN 2023,SI,568,001,Regular,Lecture,Intro Appld Data Sci,3.00,A+,SI 568,No
Winter 2024,12986025,050983,WN 2023,SI,602,001,Regular,Lecture,Math for ApplDataSci,3.00,A-,SI 602,No
Winter 2024,13140458,001393,FA 2021,EECS,598,002,Regular,Lecture,Special Topics,3.00,A-,EECS 598,Yes
Winter 2024,13140458,001459,WN 2023,SI,690,001,Regular,Seminar,Intern/Field Exper,1.00,S,SI 690,No
Winter 2024,13140458,014793,WN 2022,ELI,521,003,Regular,Lecture,Acad Writg I,1.00,S,ELI 521,Yes
Winter 2024,13140458,021050,FA 2022,SI,691,114,Regular,Ind Study,Independent Study,3.00,A,SI 691,No
Winter 2024,13140458,021391,WN 2022,SI,511,630,Regular,Laboratory,Special Topics,1.00,W,SI 511,No
Winter 2024,13140458,039081,WN 2023,SI,529,001,Regular,Lecture,Online Communities,3.00,A,SI 529,No
Winter 2024,13140458,039178,FA 2021,SI,539,001,Regular,Lecture,Web Design,3.00,B+,SI 539,No
Winter 2024,13140458,039979,WN 2022,SI,623,001,Regular,Seminar,Res Meth Info Prof,3.00,A,SI 623,No
Winter 2024,13140458,040667,WN 2022,SI,681,001,Regular,Seminar,Intern/Field Seminar,5.00,S,SI 681,No
Winter 2024,13140458,042091,FA 2021,SI,618,001,Regular,Lecture,Data Man & Analysis,3.00,W,SI 618,No
Winter 2024,13140458,042091,WN 2022,SI,618,001,Regular,Lecture,Data Man & Analysis,3.00,A,SI 618,No
Winter 2024,13140458,044772,FA 2021,SI,582,003,Regular,Lecture,Intro Interac Design,3.00,A,SI 582,No
Winter 2024,13140458,045930,FA 2022,SI,671,001,Regular,Lecture,Data Mining,3.00,A-,SI 671,No
Winter 2024,13140458,047073,WN 2022,TO,628,001,Scnd 7 Wk,Recitation,Big Data Analytics,2.25,A,TO 628,Yes
Winter 2024,13140458,047637,WN 2023,LHS,712,001,Regular,Lecture,NLP on Health Data,3.00,A-,LHS 712,Yes
Winter 2024,13140458,047640,FA 2021,SI,507,001,Regular,Lecture,Inter Programming,3.00,A,SI 507,No
Winter 2024,13140458,048268,WN 2022,SI,630,001,Regular,Lecture,NLP Algorithm People,3.00,W,SI 630,No
Winter 2024,13140458,048500,FA 2022,SI,670,001,Regular,Lecture,Appld Machine Learng,3.00,B+,SI 670,No
Winter 2024,13140458,049040,WN 2023,SI,698,069,Regular,Seminar,Master's Thesis 2,3.00,A,SI 698,No
Winter 2024,13140458,049365,FA 2022,SI,697,069,Regular,Ind Study,Master's Thesis 1,3.00,S,SI 697,No
Winter 2024,13140458,049601,WN 2023,SI,564,101,Regular,Lecture,SQL & Databases,1.50,A,SI 564,No
Winter 2024,14009146,017281,FA 2022,SI,588,002,Regular,Lecture,Fundamntls Hum Beh,3.00,A,SI 588,No
Winter 2024,14009146,020401,WN 2023,SI,622,001,Regular,Lecture,Usab Eval & Needs,4.00,A,SI 622,No
Winter 2024,14009146,020934,WN 2023,SI,649,002,Regular,Lecture,Info Visualization,3.00,A-,SI 649,No
Winter 2024,14009146,021391,WN 2024,SI,511,151,Regular,Lecture,Special Topics,1.50,A+,SI 511,No
Winter 2024,14009146,022099,WN 2023,SI,658,001,Regular,Lecture,Info Architecture,3.00,A,SI 658,No
Winter 2024,14009146,039178,WN 2023,SI,539,001,Regular,Lecture,Web Design,3.00,A,SI 539,No
Winter 2024,14009146,040667,WN 2023,SI,681,001,Regular,Seminar,Intern/Field Seminar,6.00,S,SI 681,No
Winter 2024,14009146,041855,FA 2023,SI,631,001,Regular,Lecture,Agile Softwar Dev,1.50,A,SI 631,No
Winter 2024,14009146,042104,FA 2022,SI,501,001,Regular,Lecture,Contextual Inq,3.00,A,SI 501,No
Winter 2024,14009146,044772,FA 2022,SI,582,002,Regular,Lecture,Intro Interac Design,3.00,A,SI 582,No
Winter 2024,14009146,045771,FA 2023,SI,684,001,Regular,Seminar,Design ConsHlth Tech,3.00,A,SI 684,No
Winter 2024,14009146,047246,FA 2022,SI,506,001,Regular,Lecture,Programming I,3.00,A,SI 506,No
Winter 2024,14009146,047901,WN 2024,SI,699,203,Regular,Lecture,MSI Mastery Courses,3.00,A,SI 699,No
Winter 2024,14009146,048487,FA 2023,SI,669,001,Regular,Lecture,Dev Mobile Exp,3.00,A,SI 669,No
Winter 2024,14009146,048488,FA 2023,SI,559,003,Regular,Lecture,AR/VR Intro,3.00,A,SI 559,No
Winter 2024,14009146,050159,WN 2023,SI,579,001,Regular,Lecture,Bldg Interactive App,3.00,B+,SI 579,No
Winter 2024,14233300,001459,WN 2024,SI,690,001,Regular,Seminar,Intern/Field Exper,2.00,S,SI 690,No
Winter 2024,14233300,017281,FA 2022,SI,588,001,Regular,Lecture,Fundamntls Hum Beh,3.00,A,SI 588,No
Winter 2024,14233300,020401,WN 2023,SI,622,001,Regular,Lecture,Usab Eval & Needs,4.00,A,SI 622,No
Winter 2024,14233300,021400,FA 2022,SI,520,001,Regular,Lecture,Graphic Design,3.00,A,SI 520,No
Winter 2024,14233300,039178,WN 2023,SI,539,001,Regular,Lecture,Web Design,3.00,A+,SI 539,No
Winter 2024,14233300,040667,WN 2023,SI,681,001,Regular,Seminar,Intern/Field Seminar,5.00,S,SI 681,No
Winter 2024,14233300,042104,FA 2022,SI,501,002,Regular,Lecture,Contextual Inq,3.00,A,SI 501,No
Winter 2024,14233300,044772,FA 2022,SI,582,003,Regular,Lecture,Intro Interac Design,3.00,A,SI 582,No
Winter 2024,14233300,045771,FA 2023,SI,684,001,Regular,Seminar,Design ConsHlth Tech,3.00,A+,SI 684,No
Winter 2024,14233300,047228,FA 2023,ENTR,500,002,Regular,Lecture,Intro to Innovation,3.00,A,ENTR 500,Yes
Winter 2024,14233300,047304,WN 2023,ENTR,550,002,Regular,Lecture,Interpersonal Skills,3.00,A,ENTR 550,Yes
Winter 2024,14233300,047901,WN 2024,SI,699,003,Regular,Lecture,MSI Mastery Courses,3.00,A,SI 699,No
Winter 2024,14233300,048129,WN 2023,SI,505,001,First 7 Wk,Lecture,Career/Intern Studio,1.00,S,SI 505,No
Winter 2024,14233300,048421,FA 2023,ENTR,560,002,Regular,Lecture,Proj Mgmt Consulting,3.00,A,ENTR 560,Yes
Winter 2024,14233300,048487,FA 2023,SI,669,001,Regular,Lecture,Dev Mobile Exp,3.00,A+,SI 669,No
Winter 2024,14233300,050159,WN 2023,SI,579,001,Regular,Lecture,Bldg Interactive App,3.00,A,SI 579,No
Winter 2024,14312069,012457,FA 2023,EDUC,602,001,Regular,Seminar,Vidgms Lrng Sch Dsgn,3.00,A,EDUC 602,Yes
Winter 2024,14312069,016607,FA 2022,SI,544,001,Regular,Lecture,Intr Stat&Data Analy,3.00,A,SI 544,No
Winter 2024,14312069,020934,FA 2023,SI,649,001,Regular,Lecture,Info Visualization,3.00,A,SI 649,No
Winter 2024,14312069,039178,FA 2022,SI,539,001,Regular,Lecture,Web Design,3.00,A,SI 539,No
Winter 2024,14312069,040667,WN 2023,SI,681,001,Regular,Seminar,Intern/Field Seminar,6.00,S,SI 681,No
Winter 2024,14312069,041855,FA 2023,SI,631,001,Regular,Lecture,Agile Softwar Dev,1.50,A,SI 631,No
Winter 2024,14312069,041934,FA 2023,SI,608,001,Regular,Lecture,Networks,3.00,B+,SI 608,No
Winter 2024,14312069,042091,WN 2023,SI,618,001,Regular,Lecture,Data Man & Analysis,3.00,A+,SI 618,No
Winter 2024,14312069,042104,FA 2022,SI,501,002,Regular,Lecture,Contextual Inq,3.00,A,SI 501,No
Winter 2024,14312069,043574,FA 2022,SW,503,001,Regular,Lecture,Foundation Topics SW,1.00,A,SW 503,Yes
Winter 2024,14312069,047246,FA 2022,SI,506,001,Regular,Lecture,Programming I,3.00,A,SI 506,No
Winter 2024,14312069,047640,WN 2023,SI,507,001,Regular,Lecture,Inter Programming,3.00,A,SI 507,No
Winter 2024,14312069,047842,FA 2022,ARTSADMN,521,001,Regular,Lecture,DIY Marketing,1.00,A,ARTSADMN 521,Yes
Winter 2024,14312069,047901,WN 2024,SI,699,005,Regular,Lecture,MSI Mastery Courses,3.00,A+,SI 699,No
Winter 2024,14312069,048129,FA 2022,SI,505,001,Scnd 7 Wk,Lecture,Career/Intern Studio,1.00,S,SI 505,No
Winter 2024,14312069,048500,FA 2023,SI,670,001,Regular,Lecture,Appld Machine Learng,3.00,B-,SI 670,No
Winter 2024,14312069,048513,FA 2022,WELLNESS,520,001,Regular,Recitation,Alexander Tech Intro,1.00,A,WELLNESS 520,Yes
Winter 2024,14312069,049601,WN 2023,SI,564,001,Regular,Lecture,SQL & Databases,1.50,A,SI 564,No
Winter 2024,14312069,050164,FA 2022,SI,504,001,Regular,Lecture,"Servers, Shell,&Git",1.50,A,SI 504,No
Winter 2024,14312069,050663,WN 2023,SI,568,001,Regular,Lecture,Intro Appld Data Sci,3.00,A-,SI 568,No
Winter 2024,14312069,050983,WN 2023,SI,602,001,Regular,Lecture,Math for ApplDataSci,3.00,D+,SI 602,No
Winter 2024,14312069,050983,WN 2024,SI,602,001,Regular,Lecture,Math for ApplDataSci,3.00,C,SI 602,No
Winter 2024,14727807,016607,FA 2022,SI,544,101,Regular,Lecture,Intr Stat&Data Analy,3.00,A+,SI 544,No
Winter 2024,14727807,017281,FA 2022,SI,588,002,Regular,Lecture,Fundamntls Hum Beh,3.00,A,SI 588,No
Winter 2024,14727807,019903,FA 2023,TO,548,001,Regular,Recitation,Integ Pro Dev,3.00,A,TO 548,Yes
Winter 2024,14727807,020379,FA 2023,IOE,548,001,Regular,Lecture,Int Prod Dev,3.00,A,IOE 548,Yes
Winter 2024,14727807,020401,WN 2023,SI,622,001,Regular,Lecture,Usab Eval & Needs,4.00,A,SI 622,No
Winter 2024,14727807,021391,WN 2024,SI,511,151,Regular,Lecture,Special Topics,1.50,A+,SI 511,No
Winter 2024,14727807,021400,FA 2023,SI,520,001,Regular,Lecture,Graphic Design,3.00,A,SI 520,No
Winter 2024,14727807,022099,WN 2023,SI,658,001,Regular,Lecture,Info Architecture,3.00,A,SI 658,No
Winter 2024,14727807,039178,WN 2023,SI,539,001,Regular,Lecture,Web Design,3.00,A+,SI 539,No
Winter 2024,14727807,039979,WN 2023,SI,623,001,Regular,Seminar,Res Meth Info Prof,3.00,A+,SI 623,No
Winter 2024,14727807,042104,FA 2022,SI,501,002,Regular,Lecture,Contextual Inq,3.00,A+,SI 501,No
Winter 2024,14727807,043863,FA 2023,SI,612,002,Regular,Lecture,Pervasv Interact Des,3.00,A+,SI 612,No
Winter 2024,14727807,044772,FA 2022,SI,582,004,Regular,Lecture,Intro Interac Design,3.00,A,SI 582,No
Winter 2024,14727807,045771,FA 2023,SI,684,001,Regular,Seminar,Design ConsHlth Tech,3.00,A+,SI 684,No
Winter 2024,14727807,047246,FA 2022,SI,506,001,Regular,Lecture,Programming I,3.00,A,SI 506,No
Winter 2024,14727807,047901,WN 2024,SI,699,301,Regular,Lecture,MSI Mastery Courses,3.00,A+,SI 699,No
Winter 2024,14727807,048129,WN 2023,SI,505,001,First 7 Wk,Lecture,Career/Intern Studio,1.00,S,SI 505,No
Winter 2024,14727807,048488,FA 2023,SI,559,001,Regular,Lecture,AR/VR Intro,3.00,A+,SI 559,No
Winter 2024,14727807,050164,WN 2023,SI,504,001,Regular,Lecture,"Servers, Shell,&Git",1.50,A,SI 504,No
Winter 2024,14727807,051454,WN 2024,SI,594,001,Regular,Lecture,Auto UX,3.00,A,SI 594,No
Winter 2024,14845650,017281,FA 2022,SI,588,002,Regular,Lecture,Fundamntls Hum Beh,3.00,A,SI 588,No
Winter 2024,14845650,020401,WN 2023,SI,622,002,Regular,Lecture,Usab Eval & Needs,4.00,A,SI 622,No
Winter 2024,14845650,021391,WN 2024,SI,511,073,Regular,Lecture,Special Topics,3.00,A,SI 511,No
Winter 2024,14845650,021400,WN 2023,SI,520,004,Regular,Laboratory,Graphic Design,3.00,A-,SI 520,No
Winter 2024,14845650,039081,FA 2023,SI,529,001,Regular,Lecture,Online Communities,3.00,A,SI 529,No
Winter 2024,14845650,039178,WN 2023,SI,539,001,Regular,Lecture,Web Design,3.00,B+,SI 539,No
Winter 2024,14845650,042104,FA 2022,SI,501,001,Regular,Lecture,Contextual Inq,3.00,A,SI 501,No
Winter 2024,14845650,043210,FA 2023,SI,534,001,Regular,Lecture,Theories Soc Influen,3.00,A,SI 534,No
Winter 2024,14845650,043863,FA 2023,SI,612,001,Regular,Lecture,Pervasv Interact Des,3.00,A+,SI 612,No
Winter 2024,14845650,044772,FA 2022,SI,582,005,Regular,Lecture,Intro Interac Design,3.00,A+,SI 582,No
Winter 2024,14845650,045393,WN 2024,SI,552,001,Regular,Lecture,Accessibility Intro,3.00,A,SI 552,No
Winter 2024,14845650,045771,FA 2023,SI,684,001,Regular,Seminar,Design ConsHlth Tech,3.00,A+,SI 684,No
Winter 2024,14845650,047246,FA 2022,SI,506,001,Regular,Lecture,Programming I,3.00,W,SI 506,No
Winter 2024,14845650,047246,WN 2023,SI,506,001,Regular,Lecture,Programming I,3.00,C-,SI 506,No
Winter 2024,14845650,047901,WN 2024,SI,699,501,Regular,Lecture,MSI Mastery Courses,3.00,A,SI 699,No
Winter 2024,14845650,048421,WN 2024,ENTR,560,002,Regular,Lecture,Proj Mgmt Consulting,3.00,A,ENTR 560,Yes
Winter 2024,14845650,051454,WN 2024,SI,594,001,Regular,Lecture,Auto UX,3.00,A,SI 594,No
Winter 2024,14879185,016607,FA 2023,SI,544,001,Regular,Lecture,Intr Stat&Data Analy,3.00,A+,SI 544,No
Winter 2024,14879185,017281,FA 2022,SI,588,002,Regular,Lecture,Fundamntls Hum Beh,3.00,A,SI 588,No
Winter 2024,14879185,020401,WN 2023,SI,622,001,Regular,Lecture,Usab Eval & Needs,4.00,A,SI 622,No
Winter 2024,14879185,021400,WN 2023,SI,520,003,Regular,Laboratory,Graphic Design,3.00,B+,SI 520,No
Winter 2024,14879185,022099,WN 2023,SI,658,001,Regular,Lecture,Info Architecture,3.00,A,SI 658,No
Winter 2024,14879185,039081,FA 2023,SI,529,001,Regular,Lecture,Online Communities,3.00,A,SI 529,No
Winter 2024,14879185,039178,FA 2022,SI,539,001,Regular,Lecture,Web Design,3.00,B,SI 539,No
Winter 2024,14879185,040667,WN 2023,SI,681,001,Regular,Seminar,Intern/Field Seminar,6.00,S,SI 681,No
Winter 2024,14879185,042104,FA 2022,SI,501,002,Regular,Lecture,Contextual Inq,3.00,A,SI 501,No
Winter 2024,14879185,044772,FA 2022,SI,582,001,Regular,Lecture,Intro Interac Design,3.00,A+,SI 582,No
Winter 2024,14879185,045393,WN 2024,SI,552,001,Regular,Lecture,Accessibility Intro,3.00,A,SI 552,No
Winter 2024,14879185,045771,FA 2023,SI,684,001,Regular,Seminar,Design ConsHlth Tech,3.00,A,SI 684,No
Winter 2024,14879185,047246,FA 2022,SI,506,001,Regular,Lecture,Programming I,3.00,A,SI 506,No
Winter 2024,14879185,047901,WN 2024,SI,699,201,Regular,Lecture,MSI Mastery Courses,3.00,A+,SI 699,No
Winter 2024,14879185,048129,WN 2023,SI,505,001,First 7 Wk,Lecture,Career/Intern Studio,1.00,S,SI 505,No
Winter 2024,14879185,050164,WN 2023,SI,504,001,Regular,Lecture,"Servers, Shell,&Git",1.50,A-,SI 504,No
Winter 2024,15408298,012456,FA 2022,SI,549,001,Regular,Seminar,Trfrm Lrng Tchg Tech,3.00,S,SI 549,No
Winter 2024,15408298,017281,FA 2022,SI,588,002,Regular,Lecture,Fundamntls Hum Beh,3.00,A+,SI 588,No
Winter 2024,15408298,020401,WN 2023,SI,622,002,Regular,Lecture,Usab Eval & Needs,4.00,A,SI 622,No
Winter 2024,15408298,021050,FA 2022,SI,691,117,Regular,Ind Study,Independent Study,3.00,A+,SI 691,No
Winter 2024,15408298,039178,WN 2024,SI,539,001,Regular,Lecture,Web Design,3.00,A+,SI 539,No
Winter 2024,15408298,039979,WN 2023,SI,623,001,Regular,Seminar,Res Meth Info Prof,3.00,A+,SI 623,No
Winter 2024,15408298,040667,WN 2023,SI,681,001,Regular,Seminar,Intern/Field Seminar,4.00,S,SI 681,No
Winter 2024,15408298,042104,FA 2022,SI,501,001,Regular,Lecture,Contextual Inq,3.00,A+,SI 501,No
Winter 2024,15408298,044772,WN 2023,SI,582,001,Regular,Lecture,Intro Interac Design,3.00,A+,SI 582,No
Winter 2024,15408298,045393,FA 2022,SI,552,001,Regular,Lecture,Accessibility Intro,3.00,A,SI 552,No
Winter 2024,15408298,045732,WN 2023,SI,554,001,Regular,Lecture,Consumer Hlth Inform,3.00,A+,SI 554,No
Winter 2024,15408298,045771,FA 2023,SI,684,001,Regular,Seminar,Design ConsHlth Tech,3.00,A+,SI 684,No
Winter 2024,15408298,048129,WN 2023,SI,505,001,First 7 Wk,Lecture,Career/Intern Studio,1.00,S,SI 505,No
Winter 2024,15408298,048488,WN 2024,SI,559,001,Regular,Lecture,AR/VR Intro,3.00,A,SI 559,No
Winter 2024,15408298,049040,WN 2024,SI,698,003,Regular,Seminar,Master's Thesis 2,3.00,A,SI 698,No
Winter 2024,15408298,049365,FA 2023,SI,697,003,Regular,Ind Study,Master's Thesis 1,3.00,S,SI 697,No
Winter 2024,15720118,017281,FA 2022,SI,588,001,Regular,Lecture,Fundamntls Hum Beh,3.00,A,SI 588,No
Winter 2024,15720118,020401,WN 2023,SI,622,002,Regular,Lecture,Usab Eval & Needs,4.00,A,SI 622,No
Winter 2024,15720118,039178,WN 2023,SI,539,001,Regular,Lecture,Web Design,3.00,A,SI 539,No
Winter 2024,15720118,040667,WN 2023,SI,681,001,Regular,Seminar,Intern/Field Seminar,6.00,S,SI 681,No
Winter 2024,15720118,042104,FA 2022,SI,501,002,Regular,Lecture,Contextual Inq,3.00,A,SI 501,No
Winter 2024,15720118,044772,FA 2022,SI,582,004,Regular,Lecture,Intro Interac Design,3.00,A,SI 582,No
Winter 2024,15720118,045687,WN 2023,SI,538,001,Regular,Seminar,Citizen Inter Design,4.00,A,SI 538,No
Winter 2024,15720118,045771,FA 2023,SI,684,001,Regular,Seminar,Design ConsHlth Tech,3.00,A+,SI 684,No
Winter 2024,15720118,046306,WN 2023,SI,616,001,Regular,Lecture,Adv Graphic Design,3.00,A-,SI 616,No
Winter 2024,15720118,047246,FA 2022,SI,506,001,Regular,Lecture,Programming I,3.00,A,SI 506,No
Winter 2024,15720118,047901,WN 2024,SI,699,301,Regular,Lecture,MSI Mastery Courses,3.00,A,SI 699,No
Winter 2024,15720118,048131,FA 2023,BA,656,001,Regular,Laboratory,LBLE,3.00,A-,BA 656,Yes
Winter 2024,15720118,048488,FA 2023,SI,559,001,Regular,Lecture,AR/VR Intro,3.00,A,SI 559,No
Winter 2024,15720118,050136,FA 2023,UARTS,560,102,Regular,Laboratory,Grad ArtsEng Proj,2.00,A,UARTS 560,Yes
Winter 2024,15720118,050136,WN 2024,UARTS,560,102,Regular,Laboratory,Grad ArtsEng Proj,2.00,A,UARTS 560,Yes
Winter 2024,15903183,015660,FA 2024,WRITING,993,002,Regular,Seminar,Teaching Writing,1.00,S,WRITING 993,Yes
Winter 2024,15903183,017281,FA 2022,SI,588,001,Regular,Lecture,Fundamntls Hum Beh,3.00,A,SI 588,No
Winter 2024,15903183,017530,FA 2023,TO,616,001,Regular,Recitation,Project Mngmt,1.50,A,TO 616,Yes
Winter 2024,15903183,020401,WN 2023,SI,622,001,Regular,Lecture,Usab Eval & Needs,4.00,A,SI 622,No
Winter 2024,15903183,020803,WN 2024,SI,643,001,Regular,Lecture,Instructional Skills,3.00,A+,SI 643,No
Winter 2024,15903183,021391,WN 2024,SI,511,151,Regular,Lecture,Special Topics,1.50,W,SI 511,No
Winter 2024,15903183,021400,WN 2023,SI,520,002,Regular,Laboratory,Graphic Design,3.00,A,SI 520,No
Winter 2024,15903183,022099,WN 2023,SI,658,001,Regular,Lecture,Info Architecture,3.00,A,SI 658,No
Winter 2024,15903183,040667,WN 2023,SI,681,001,Regular,Seminar,Intern/Field Seminar,5.00,S,SI 681,No
Winter 2024,15903183,040667,WN 2024,SI,681,001,Regular,Seminar,Intern/Field Seminar,1.00,S,SI 681,No
Winter 2024,15903183,041855,FA 2023,SI,631,001,Regular,Lecture,Agile Softwar Dev,1.50,A,SI 631,No
Winter 2024,15903183,042104,FA 2022,SI,501,001,Regular,Lecture,Contextual Inq,3.00,A,SI 501,No
Winter 2024,15903183,044600,FA 2023,MO,620,001,First 7 Wk,Recitation,Leading a Good Life,1.50,A,MO 620,Yes
Winter 2024,15903183,044772,FA 2022,SI,582,005,Regular,Lecture,Intro Interac Design,3.00,A+,SI 582,No
Winter 2024,15903183,045687,WN 2023,SI,538,001,Regular,Seminar,Citizen Inter Design,4.00,A,SI 538,No
Winter 2024,15903183,047228,FA 2024,ENTR,500,002,Regular,Lecture,Intro to Innovation,3.00,A,ENTR 500,Yes
Winter 2024,15903183,047304,FA 2024,ENTR,550,001,Regular,Lecture,Interpersonal Skills,3.00,A,ENTR 550,Yes
Winter 2024,15903183,047849,WN 2024,ARTSADMN,533,001,Regular,Lecture,Media Tech Careers,1.00,A,ARTSADMN 533,Yes
Winter 2024,15903183,047901,WN 2024,SI,699,001,Regular,Lecture,MSI Mastery Courses,3.00,A,SI 699,No
Winter 2024,15903183,048129,WN 2023,SI,505,001,First 7 Wk,Lecture,Career/Intern Studio,1.00,S,SI 505,No
Winter 2024,15903183,048421,FA 2023,ENTR,560,001,Regular,Lecture,Proj Mgmt Consulting,3.00,A,ENTR 560,Yes
Winter 2024,15903183,048488,FA 2023,SI,559,002,Regular,Lecture,AR/VR Intro,3.00,A,SI 559,No
Winter 2024,15903183,050159,FA 2022,SI,579,001,Regular,Lecture,Bldg Interactive App,3.00,W,SI 579,No
Winter 2024,16772641,001459,FA 2023,SI,690,440,Regular,Seminar,Intern/Field Exper,6.00,S,SI 690,No
Winter 2024,16772641,001459,WN 2024,SI,690,001,Regular,Seminar,Intern/Field Exper,3.00,S,SI 690,No
Winter 2024,16772641,009732,FA 2023,SI,650,001,Regular,Lecture,Informatn Retrieval,3.00,W,SI 650,No
Winter 2024,16772641,020803,WN 2024,SI,643,001,Regular,Lecture,Instructional Skills,3.00,A-,SI 643,No
Winter 2024,16772641,020934,FA 2023,SI,649,001,Regular,Lecture,Info Visualization,3.00,B,SI 649,No
Winter 2024,16772641,022326,WN 2024,SI,581,001,Regular,Lecture,Pres Info Resources,3.00,A-,SI 581,No
Winter 2024,16772641,039081,WN 2024,SI,529,001,Regular,Lecture,Online Communities,3.00,B,SI 529,No
Winter 2024,16772641,047901,WN 2024,SI,699,005,Regular,Lecture,MSI Mastery Courses,3.00,A+,SI 699,No
Winter 2024,16772641,048488,FA 2023,SI,559,002,Regular,Lecture,AR/VR Intro,3.00,A-,SI 559,No
Winter 2024,16772641,048500,FA 2023,SI,670,001,Regular,Lecture,Appld Machine Learng,3.00,B,SI 670,No
Winter 2024,16772641,050663,WN 2024,SI,568,001,Regular,Lecture,Intro Appld Data Sci,1.50,A-,SI 568,No
Winter 2024,16797050,001459,WN 2024,SI,690,001,Regular,Seminar,Intern/Field Exper,3.00,S,SI 690,No
Winter 2024,16797050,012456,FA 2023,SI,549,001,Regular,Seminar,Trfrm Lrng Tchg Tech,3.00,S,SI 549,No
Winter 2024,16797050,017281,FA 2022,SI,588,001,Regular,Lecture,Fundamntls Hum Beh,3.00,A,SI 588,No
Winter 2024,16797050,020401,WN 2023,SI,622,002,Regular,Lecture,Usab Eval & Needs,4.00,A,SI 622,No
Winter 2024,16797050,021050,FA 2023,SI,691,107,Regular,Ind Study,Independent Study,3.00,A+,SI 691,No
Winter 2024,16797050,021400,FA 2022,SI,520,001,Regular,Lecture,Graphic Design,3.00,A,SI 520,No
Winter 2024,16797050,022099,WN 2023,SI,658,001,Regular,Lecture,Info Architecture,3.00,A,SI 658,No
Winter 2024,16797050,039178,WN 2023,SI,539,001,Regular,Lecture,Web Design,3.00,A+,SI 539,No
Winter 2024,16797050,040667,WN 2023,SI,681,001,Regular,Seminar,Intern/Field Seminar,6.00,S,SI 681,No
Winter 2024,16797050,042104,FA 2022,SI,501,002,Regular,Lecture,Contextual Inq,3.00,A,SI 501,No
Winter 2024,16797050,044772,FA 2022,SI,582,003,Regular,Lecture,Intro Interac Design,3.00,A,SI 582,No
Winter 2024,16797050,045393,FA 2023,SI,552,001,Regular,Lecture,Accessibility Intro,3.00,A,SI 552,No
Winter 2024,16797050,047228,FA 2023,ENTR,500,003,Regular,Lecture,Intro to Innovation,3.00,A,ENTR 500,Yes
Winter 2024,16797050,047901,WN 2024,SI,699,401,Regular,Lecture,MSI Mastery Courses,3.00,A+,SI 699,No
Winter 2024,16797050,048129,FA 2022,SI,505,001,Scnd 7 Wk,Lecture,Career/Intern Studio,1.00,S,SI 505,No
Winter 2024,16797050,048515,FA 2023,WELLNESS,500,001,Regular,Recitation,Wellness Perf Artist,1.00,A,WELLNESS 500,Yes
Winter 2024,16818688,001459,WN 2024,SI,690,001,Regular,Seminar,Intern/Field Exper,5.00,S,SI 690,No
Winter 2024,16818688,009731,FA 2020,SI,580,001,Regular,Lecture,Records & Archives,3.00,A+,SI 580,No
Winter 2024,16818688,016607,FA 2018,SI,544,001,Regular,Lecture,Intr Stat&Data Analy,3.00,B,SI 544,No
Winter 2024,16818688,020401,WN 2024,SI,622,002,Regular,Lecture,Usab Eval & Needs,4.00,A,SI 622,No
Winter 2024,16818688,021042,FA 2023,SI,647,001,Regular,Lecture,Info Resources&Serv,3.00,A,SI 647,No
Winter 2024,16818688,021045,FA 2019,SI,666,001,Regular,Lecture,Org of Inf Resources,3.00,A,SI 666,No
Winter 2024,16818688,039178,FA 2022,SI,539,001,Regular,Lecture,Web Design,3.00,A+,SI 539,No
Winter 2024,16818688,039979,WN 2023,SI,623,001,Regular,Seminar,Res Meth Info Prof,3.00,A+,SI 623,No
Winter 2024,16818688,041855,FA 2023,SI,631,001,Regular,Lecture,Agile Softwar Dev,1.50,A+,SI 631,No
Winter 2024,16818688,042091,FA 2019,SI,618,001,Regular,Lecture,Data Man & Analysis,3.00,W,SI 618,No
Winter 2024,16818688,047246,FA 2018,SI,506,001,Regular,Lecture,Programming I,3.00,A,SI 506,No
Winter 2024,16818688,047640,WN 2019,SI,507,001,Regular,Lecture,Inter Programming,3.00,A+,SI 507,No
Winter 2024,16818688,047641,WN 2022,SI,540,001,Regular,Lecture,Privacy in Info Tech,3.00,A,SI 540,No
Winter 2024,16818688,047901,WN 2024,SI,699,006,Regular,Lecture,MSI Mastery Courses,3.00,A+,SI 699,No
Winter 2024,16818688,048280,WN 2021,SI,667,001,Regular,Lecture,Digital Curation,3.00,A,SI 667,No
Winter 2024,16818688,049601,WN 2020,SI,564,002,Regular,Lecture,SQL & Databases,1.50,A+,SI 564,No
Winter 2024,16818688,050028,FA 2021,SI,583,001,Regular,Lecture,Info Accountability,3.00,A,SI 583,No
Winter 2024,17346000,017281,FA 2022,SI,588,002,Regular,Lecture,Fundamntls Hum Beh,3.00,A,SI 588,No
Winter 2024,17346000,020401,WN 2023,SI,622,001,Regular,Lecture,Usab Eval & Needs,4.00,A,SI 622,No
Winter 2024,17346000,021391,WN 2024,SI,511,151,Regular,Lecture,Special Topics,1.50,A,SI 511,No
Winter 2024,17346000,021400,WN 2023,SI,520,002,Regular,Laboratory,Graphic Design,3.00,A-,SI 520,No
Winter 2024,17346000,022099,WN 2024,SI,658,001,Regular,Lecture,Info Architecture,3.00,A-,SI 658,No
Winter 2024,17346000,039178,FA 2022,SI,539,001,Regular,Lecture,Web Design,3.00,A,SI 539,No
Winter 2024,17346000,039368,WN 2023,SI,627,001,Regular,Lecture,Managing IT,3.00,A,SI 627,No
Winter 2024,17346000,040667,WN 2023,SI,681,001,Regular,Seminar,Intern/Field Seminar,3.00,S,SI 681,No
Winter 2024,17346000,041855,FA 2023,SI,631,001,Regular,Lecture,Agile Softwar Dev,1.50,A,SI 631,No
Winter 2024,17346000,042104,FA 2022,SI,501,002,Regular,Lecture,Contextual Inq,3.00,A,SI 501,No
Winter 2024,17346000,043210,FA 2023,SI,534,001,Regular,Lecture,Theories Soc Influen,3.00,W,SI 534,No
Winter 2024,17346000,043863,FA 2023,SI,612,002,Regular,Lecture,Pervasv Interact Des,3.00,A+,SI 612,No
Winter 2024,17346000,044772,WN 2023,SI,582,001,Regular,Lecture,Intro Interac Design,3.00,A+,SI 582,No
Winter 2024,17346000,046306,FA 2023,SI,616,001,Regular,Lecture,Adv Graphic Design,3.00,A-,SI 616,No
Winter 2024,17346000,047246,FA 2022,SI,506,001,Regular,Lecture,Programming I,3.00,A-,SI 506,No
Winter 2024,17346000,047901,WN 2024,SI,699,001,Regular,Lecture,MSI Mastery Courses,3.00,A,SI 699,No
Winter 2024,17346000,048421,WN 2023,ENTR,560,001,Regular,Lecture,Proj Mgmt Consulting,3.00,A,ENTR 560,Yes
Winter 2024,17346000,048488,FA 2023,SI,559,002,Regular,Lecture,AR/VR Intro,3.00,A,SI 559,No
Winter 2024,17696870,009732,FA 2023,SI,650,001,Regular,Lecture,Informatn Retrieval,3.00,A+,SI 650,No
Winter 2024,17696870,016607,FA 2022,SI,544,001,Regular,Lecture,Intr Stat&Data Analy,3.00,A,SI 544,No
Winter 2024,17696870,040667,WN 2023,SI,681,001,Regular,Seminar,Intern/Field Seminar,6.00,S,SI 681,No
Winter 2024,17696870,042091,WN 2023,SI,618,001,Regular,Lecture,Data Man & Analysis,3.00,A+,SI 618,No
Winter 2024,17696870,042104,FA 2022,SI,501,001,Regular,Lecture,Contextual Inq,3.00,A,SI 501,No
Winter 2024,17696870,045930,FA 2023,SI,671,001,Regular,Lecture,Data Mining,3.00,A-,SI 671,No
Winter 2024,17696870,047246,FA 2022,SI,506,001,Regular,Lecture,Programming I,3.00,A-,SI 506,No
Winter 2024,17696870,047640,FA 2022,SI,507,001,Regular,Lecture,Inter Programming,3.00,A,SI 507,No
Winter 2024,17696870,047901,WN 2024,SI,699,005,Regular,Lecture,MSI Mastery Courses,3.00,A,SI 699,No
Winter 2024,17696870,048268,WN 2023,SI,630,001,Regular,Lecture,NLP Algorithm People,3.00,A,SI 630,No
Winter 2024,17696870,049601,FA 2023,SI,564,001,Regular,Lecture,SQL & Databases,1.50,A,SI 564,No
Winter 2024,17696870,050164,FA 2022,SI,504,001,Regular,Lecture,"Servers, Shell,&Git",1.50,A,SI 504,No
Winter 2024,17696870,050663,WN 2023,SI,568,001,Regular,Lecture,Intro Appld Data Sci,3.00,A+,SI 568,No
Winter 2024,17696870,050983,WN 2023,SI,602,001,Regular,Lecture,Math for ApplDataSci,3.00,A,SI 602,No
Winter 2024,17834656,017281,FA 2022,SI,588,001,Regular,Lecture,Fundamntls Hum Beh,3.00,A,SI 588,No
Winter 2024,17834656,020401,WN 2023,SI,622,001,Regular,Lecture,Usab Eval & Needs,4.00,A,SI 622,No
Winter 2024,17834656,021400,WN 2023,SI,520,003,Regular,Laboratory,Graphic Design,3.00,A,SI 520,No
Winter 2024,17834656,022099,WN 2023,SI,658,001,Regular,Lecture,Info Architecture,3.00,A,SI 658,No
Winter 2024,17834656,039178,WN 2023,SI,539,001,Regular,Lecture,Web Design,3.00,A,SI 539,No
Winter 2024,17834656,040667,WN 2023,SI,681,001,Regular,Seminar,Intern/Field Seminar,6.00,S,SI 681,No
Winter 2024,17834656,042104,FA 2022,SI,501,002,Regular,Lecture,Contextual Inq,3.00,A,SI 501,No
Winter 2024,17834656,044772,FA 2022,SI,582,003,Regular,Lecture,Intro Interac Design,3.00,A,SI 582,No
Winter 2024,17834656,045687,FA 2023,SI,538,001,Regular,Seminar,Citizen Inter Design,4.00,A,SI 538,No
Winter 2024,17834656,045771,FA 2023,SI,684,001,Regular,Seminar,Design ConsHlth Tech,3.00,A+,SI 684,No
Winter 2024,17834656,046306,FA 2023,SI,616,001,Regular,Lecture,Adv Graphic Design,3.00,A+,SI 616,No
Winter 2024,17834656,047246,FA 2022,SI,506,001,Regular,Lecture,Programming I,3.00,A,SI 506,No
Winter 2024,17834656,047901,WN 2024,SI,699,201,Regular,Lecture,MSI Mastery Courses,3.00,A,SI 699,No
Winter 2024,17834656,048129,FA 2022,SI,505,001,Scnd 7 Wk,Lecture,Career/Intern Studio,1.00,S,SI 505,No
Winter 2024,17834656,048488,FA 2023,SI,559,003,Regular,Lecture,AR/VR Intro,3.00,A,SI 559,No
Winter 2024,17960225,016607,FA 2023,SI,544,001,Regular,Lecture,Intr Stat&Data Analy,3.00,A+,SI 544,No
Winter 2024,17960225,017281,FA 2022,SI,588,101,Regular,Lecture,Fundamntls Hum Beh,3.00,A,SI 588,No
Winter 2024,17960225,020401,WN 2023,SI,622,001,Regular,Lecture,Usab Eval & Needs,4.00,A,SI 622,No
Winter 2024,17960225,039178,FA 2022,SI,539,001,Regular,Lecture,Web Design,3.00,A-,SI 539,No
Winter 2024,17960225,040667,WN 2023,SI,681,001,Regular,Seminar,Intern/Field Seminar,6.00,S,SI 681,No
Winter 2024,17960225,041626,FA 2023,SI,664,001,Regular,Lecture,Database App Design,3.00,A,SI 664,No
Winter 2024,17960225,042104,FA 2022,SI,501,001,Regular,Lecture,Contextual Inq,3.00,A,SI 501,No
Winter 2024,17960225,044772,FA 2022,SI,582,005,Regular,Lecture,Intro Interac Design,3.00,A+,SI 582,No
Winter 2024,17960225,048129,WN 2023,SI,505,001,First 7 Wk,Lecture,Career/Intern Studio,1.00,S,SI 505,No
Winter 2024,17960225,049040,WN 2024,SI,698,093,Regular,Seminar,Master's Thesis 2,3.00,A,SI 698,No
Winter 2024,17960225,049365,FA 2023,SI,697,093,Regular,Ind Study,Master's Thesis 1,3.00,S,SI 697,No
Winter 2024,17960225,050159,WN 2023,SI,579,001,Regular,Lecture,Bldg Interactive App,3.00,A-,SI 579,No
Winter 2024,17960225,050164,FA 2022,SI,504,001,Regular,Lecture,"Servers, Shell,&Git",1.50,A-,SI 504,No
Winter 2024,17960225,051455,WN 2024,SI,569,001,Regular,Lecture,Create XR Exp,3.00,A-,SI 569,No
Winter 2024,18177259,017281,FA 2022,SI,588,001,Regular,Lecture,Fundamntls Hum Beh,3.00,A,SI 588,No
Winter 2024,18177259,020401,WN 2023,SI,622,001,Regular,Lecture,Usab Eval & Needs,4.00,A,SI 622,No
Winter 2024,18177259,021400,WN 2023,SI,520,003,Regular,Laboratory,Graphic Design,3.00,A,SI 520,No
Winter 2024,18177259,022099,WN 2023,SI,658,001,Regular,Lecture,Info Architecture,3.00,A,SI 658,No
Winter 2024,18177259,039178,WN 2023,SI,539,001,Regular,Lecture,Web Design,3.00,B,SI 539,No
Winter 2024,18177259,040667,WN 2023,SI,681,001,Regular,Seminar,Intern/Field Seminar,6.00,S,SI 681,No
Winter 2024,18177259,042104,FA 2022,SI,501,002,Regular,Lecture,Contextual Inq,3.00,A+,SI 501,No
Winter 2024,18177259,043863,FA 2023,SI,612,001,Regular,Lecture,Pervasv Interact Des,3.00,A+,SI 612,No
Winter 2024,18177259,044772,FA 2022,SI,582,004,Regular,Lecture,Intro Interac Design,3.00,A,SI 582,No
Winter 2024,18177259,045393,FA 2023,SI,552,001,Regular,Lecture,Accessibility Intro,3.00,A-,SI 552,No
Winter 2024,18177259,047228,FA 2023,ENTR,500,003,Regular,Lecture,Intro to Innovation,3.00,A,ENTR 500,Yes
Winter 2024,18177259,047246,FA 2022,SI,506,001,Regular,Lecture,Programming I,3.00,A,SI 506,No
Winter 2024,18177259,047901,WN 2024,SI,699,501,Regular,Lecture,MSI Mastery Courses,3.00,A,SI 699,No
Winter 2024,18177259,048129,FA 2022,SI,505,001,Scnd 7 Wk,Lecture,Career/Intern Studio,1.00,S,SI 505,No
Winter 2024,18177259,048131,FA 2023,BA,656,001,Regular,Laboratory,LBLE,3.00,A-,BA 656,Yes
Winter 2024,18177259,048514,WN 2024,WELLNESS,512,002,Regular,Recitation,Yoga Performers,1.00,A+,WELLNESS 512,Yes
Winter 2024,18413550,001459,FA 2023,SI,690,460,Regular,Seminar,Intern/Field Exper,3.00,S,SI 690,No
Winter 2024,18413550,020401,WN 2023,SI,622,001,Regular,Lecture,Usab Eval & Needs,4.00,A,SI 622,No
Winter 2024,18413550,021400,FA 2022,SI,520,001,Regular,Lecture,Graphic Design,3.00,A-,SI 520,No
Winter 2024,18413550,022099,WN 2023,SI,658,001,Regular,Lecture,Info Architecture,3.00,A,SI 658,No
Winter 2024,18413550,038659,FA 2024,SI,519,001,Regular,Seminar,Intel Prop&Info Law,3.00,A+,SI 519,No
Winter 2024,18413550,039178,FA 2022,SI,539,001,Regular,Lecture,Web Design,3.00,A-,SI 539,No
Winter 2024,18413550,040667,WN 2023,SI,681,001,Regular,Seminar,Intern/Field Seminar,6.00,S,SI 681,No
Winter 2024,18413550,041044,FA 2023,ELI,510,001,Regular,Lecture,Acad Rdg&Vocab,2.00,S,ELI 510,Yes
Winter 2024,18413550,041957,WN 2023,ENGR,599,117,Regular,Lecture,Spec Topics Engr,2.00,A-,ENGR 599,Yes
Winter 2024,18413550,041957,FA 2023,ENGR,599,117,Regular,Lecture,Spec Topics Engr,2.00,A-,ENGR 599,Yes
Winter 2024,18413550,042104,FA 2022,SI,501,002,Regular,Lecture,Contextual Inq,3.00,A,SI 501,No
Winter 2024,18413550,044772,FA 2022,SI,582,002,Regular,Lecture,Intro Interac Design,3.00,A,SI 582,No
Winter 2024,18413550,045771,FA 2023,SI,684,001,Regular,Seminar,Design ConsHlth Tech,3.00,A+,SI 684,No
Winter 2024,18413550,047901,FA 2023,SI,699,001,Regular,Lecture,MSI Mastery Courses,3.00,A,SI 699,No
Winter 2024,18413550,048129,FA 2022,SI,505,001,Scnd 7 Wk,Lecture,Career/Intern Studio,1.00,S,SI 505,No
Winter 2024,18413550,048147,WN 2023,BA,657,001,Regular,Laboratory,LBLE,3.00,A-,BA 657,Yes
Winter 2024,18413550,048488,FA 2023,SI,559,001,Regular,Lecture,AR/VR Intro,3.00,A,SI 559,No
Winter 2024,18413550,049601,WN 2023,SI,564,001,Regular,Lecture,SQL & Databases,1.50,W,SI 564,No
Winter 2024,18829724,016607,FA 2022,SI,544,001,Regular,Lecture,Intr Stat&Data Analy,3.00,A+,SI 544,No
Winter 2024,18829724,017281,FA 2023,SI,588,002,Regular,Lecture,Fundamntls Hum Beh,3.00,A,SI 588,No
Winter 2024,18829724,020934,WN 2023,SI,649,002,Regular,Lecture,Info Visualization,3.00,A,SI 649,No
Winter 2024,18829724,039178,FA 2023,SI,539,001,Regular,Lecture,Web Design,3.00,A+,SI 539,No
Winter 2024,18829724,040667,WN 2023,SI,681,001,Regular,Seminar,Intern/Field Seminar,6.00,S,SI 681,No
Winter 2024,18829724,041626,FA 2023,SI,664,001,Regular,Lecture,Database App Design,3.00,A,SI 664,No
Winter 2024,18829724,041934,FA 2023,SI,608,001,Regular,Lecture,Networks,3.00,A+,SI 608,No
Winter 2024,18829724,042091,WN 2023,SI,618,001,Regular,Lecture,Data Man & Analysis,3.00,A+,SI 618,No
Winter 2024,18829724,042104,FA 2022,SI,501,002,Regular,Lecture,Contextual Inq,3.00,A+,SI 501,No
Winter 2024,18829724,045930,FA 2023,SI,671,001,Regular,Lecture,Data Mining,3.00,A-,SI 671,No
Winter 2024,18829724,047640,FA 2022,SI,507,001,Regular,Lecture,Inter Programming,3.00,A,SI 507,No
Winter 2024,18829724,047901,WN 2024,SI,699,005,Regular,Lecture,MSI Mastery Courses,3.00,A+,SI 699,No
Winter 2024,18829724,049601,FA 2022,SI,564,001,Regular,Lecture,SQL & Databases,1.50,A,SI 564,No
Winter 2024,18829724,050164,FA 2022,SI,504,001,Regular,Lecture,"Servers, Shell,&Git",1.50,A,SI 504,No
Winter 2024,18829724,050663,WN 2023,SI,568,001,Regular,Lecture,Intro Appld Data Sci,3.00,A+,SI 568,No
Winter 2024,18829724,050983,WN 2023,SI,602,001,Regular,Lecture,Math for ApplDataSci,3.00,A-,SI 602,No
Winter 2024,18986100,003736,FA 2023,MKT,625,002,Scnd 7 Wk,Recitation,New Prod Innov Mngmt,2.25,A-,MKT 625,Yes
Winter 2024,18986100,017281,FA 2023,SI,588,001,Regular,Lecture,Fundamntls Hum Beh,3.00,A,SI 588,No
Winter 2024,18986100,020401,WN 2023,SI,622,002,Regular,Lecture,Usab Eval & Needs,4.00,A,SI 622,No
Winter 2024,18986100,021050,SP 2024,SI,691,093,Regular,Ind Study,Independent Study,1.00,A+,SI 691,No
Winter 2024,18986100,021400,FA 2022,SI,520,002,Regular,Lecture,Graphic Design,3.00,A,SI 520,No
Winter 2024,18986100,022099,WN 2023,SI,658,001,Regular,Lecture,Info Architecture,3.00,A,SI 658,No
Winter 2024,18986100,039178,FA 2022,SI,539,001,Regular,Lecture,Web Design,3.00,A+,SI 539,No
Winter 2024,18986100,041626,FA 2022,SI,664,001,Regular,Lecture,Database App Design,3.00,A,SI 664,No
Winter 2024,18986100,042104,FA 2022,SI,501,002,Regular,Lecture,Contextual Inq,3.00,A+,SI 501,No
Winter 2024,18986100,043863,WN 2023,SI,612,002,Regular,Lecture,Pervasv Interact Des,3.00,A,SI 612,No
Winter 2024,18986100,044772,FA 2022,SI,582,001,Regular,Lecture,Intro Interac Design,3.00,A,SI 582,No
Winter 2024,18986100,045687,FA 2023,SI,538,001,Regular,Seminar,Citizen Inter Design,4.00,A,SI 538,No
Winter 2024,18986100,046306,WN 2023,SI,616,001,Regular,Lecture,Adv Graphic Design,3.00,A,SI 616,No
Winter 2024,18986100,047901,WN 2024,SI,699,201,Regular,Lecture,MSI Mastery Courses,3.00,A-,SI 699,No
Winter 2024,18986100,048488,FA 2023,SI,559,001,Regular,Lecture,AR/VR Intro,3.00,A+,SI 559,No
Winter 2024,18986100,050136,WN 2023,UARTS,560,116,Regular,Laboratory,Grad ArtsEng Proj,2.00,A,UARTS 560,Yes
Winter 2024,18986100,050136,FA 2023,UARTS,560,116,Regular,Laboratory,Grad ArtsEng Proj,2.00,A,UARTS 560,Yes
Winter 2024,19183910,017281,FA 2022,SI,588,002,Regular,Lecture,Fundamntls Hum Beh,3.00,A,SI 588,No
Winter 2024,19183910,020401,WN 2023,SI,622,001,Regular,Lecture,Usab Eval & Needs,4.00,A,SI 622,No
Winter 2024,19183910,021400,FA 2022,SI,520,002,Regular,Lecture,Graphic Design,3.00,A,SI 520,No
Winter 2024,19183910,039178,WN 2023,SI,539,001,Regular,Lecture,Web Design,3.00,A+,SI 539,No
Winter 2024,19183910,040667,WN 2023,SI,681,001,Regular,Seminar,Intern/Field Seminar,6.00,S,SI 681,No
Winter 2024,19183910,041855,FA 2023,SI,631,001,Regular,Lecture,Agile Softwar Dev,1.50,A+,SI 631,No
Winter 2024,19183910,042104,FA 2022,SI,501,002,Regular,Lecture,Contextual Inq,3.00,A+,SI 501,No
Winter 2024,19183910,043863,WN 2023,SI,612,001,Regular,Lecture,Pervasv Interact Des,3.00,A-,SI 612,No
Winter 2024,19183910,044772,FA 2022,SI,582,003,Regular,Lecture,Intro Interac Design,3.00,A,SI 582,No
Winter 2024,19183910,045771,FA 2023,SI,684,001,Regular,Seminar,Design ConsHlth Tech,3.00,A+,SI 684,No
Winter 2024,19183910,046386,WN 2023,SI,311,158,Regular,Lecture,Spec Topics in Info,3.00,W,SI 311,No
Winter 2024,19183910,047246,FA 2023,SI,506,001,Regular,Lecture,Programming I,3.00,A,SI 506,No
Winter 2024,19183910,047640,FA 2023,SI,507,101,Regular,Lecture,Inter Programming,3.00,B+,SI 507,No
Winter 2024,19183910,047901,WN 2024,SI,699,001,Regular,Lecture,MSI Mastery Courses,3.00,A+,SI 699,No
Winter 2024,19183910,048129,FA 2022,SI,505,001,Scnd 7 Wk,Lecture,Career/Intern Studio,1.00,S,SI 505,No
Winter 2024,19183910,048488,FA 2023,SI,559,003,Regular,Lecture,AR/VR Intro,3.00,A,SI 559,No
Winter 2024,19183910,049601,WN 2023,SI,564,001,Regular,Lecture,SQL & Databases,1.50,A,SI 564,No
Winter 2024,19183910,050164,FA 2022,SI,504,001,Regular,Lecture,"Servers, Shell,&Git",1.50,A,SI 504,No
Winter 2024,19408190,013504,WN 2023,EAS,687,001,Regular,Lecture,Mod for LandscpePlan,4.00,A,EAS 687,Yes
Winter 2024,19408190,017281,FA 2023,SI,588,101,Regular,Lecture,Fundamntls Hum Beh,3.00,A,SI 588,No
Winter 2024,19408190,020401,WN 2023,SI,622,001,Regular,Lecture,Usab Eval & Needs,4.00,A,SI 622,No
Winter 2024,19408190,021400,FA 2023,SI,520,001,Regular,Lecture,Graphic Design,3.00,A,SI 520,No
Winter 2024,19408190,039178,FA 2022,SI,539,101,Regular,Lecture,Web Design,3.00,A,SI 539,No
Winter 2024,19408190,040667,WN 2023,SI,681,001,Regular,Seminar,Intern/Field Seminar,6.00,S,SI 681,No
Winter 2024,19408190,042104,FA 2022,SI,501,001,Regular,Lecture,Contextual Inq,3.00,A-,SI 501,No
Winter 2024,19408190,043863,WN 2023,SI,612,001,Regular,Lecture,Pervasv Interact Des,3.00,A,SI 612,No
Winter 2024,19408190,048488,FA 2023,SI,559,001,Regular,Lecture,AR/VR Intro,3.00,A,SI 559,No
Winter 2024,19408190,050159,WN 2023,SI,579,001,Regular,Lecture,Bldg Interactive App,3.00,B+,SI 579,No
Winter 2024,19408190,050164,FA 2022,SI,504,001,Regular,Lecture,"Servers, Shell,&Git",1.50,A,SI 504,No
Winter 2024,19418502,001459,FA 2023,SI,690,440,Regular,Seminar,Intern/Field Exper,6.00,S,SI 690,No
Winter 2024,19418502,009731,FA 2022,SI,580,001,Regular,Lecture,Records & Archives,3.00,A+,SI 580,No
Winter 2024,19418502,013254,FA 2023,MUSICOL,503,001,Regular,Seminar,Mus Bibliogr,3.00,A+,MUSICOL 503,Yes
Winter 2024,19418502,021045,FA 2022,SI,666,001,Regular,Lecture,Org of Inf Resources,3.00,A+,SI 666,No
Winter 2024,19418502,038659,FA 2023,SI,519,001,Regular,Seminar,Intel Prop&Info Law,3.00,A+,SI 519,No
Winter 2024,19418502,038948,FA 2023,SI,632,001,Regular,Lecture,Appraisal & Coll Dev,3.00,A,SI 632,No
Winter 2024,19418502,039979,WN 2023,SI,623,001,Regular,Seminar,Res Meth Info Prof,3.00,A,SI 623,No
Winter 2024,19418502,042104,FA 2022,SI,501,001,Regular,Lecture,Contextual Inq,3.00,A,SI 501,No
Winter 2024,19418502,047246,WN 2023,SI,506,001,Regular,Lecture,Programming I,3.00,A,SI 506,No
Winter 2024,19418502,047901,WN 2024,SI,699,028,Regular,Lecture,MSI Mastery Courses,3.00,A-,SI 699,No
Winter 2024,19418502,048280,WN 2024,SI,667,001,Regular,Lecture,Digital Curation,3.00,A,SI 667,No
Winter 2024,19418502,049248,WN 2024,ANTHRCUL,645,001,Regular,Seminar,Feminist Sex Wars,3.00,A,ANTHRCUL 645,Yes
Winter 2024,19418502,050162,WN 2024,SI,510,001,Regular,Lecture,Information Ethics,3.00,A,SI 510,No
Winter 2024,19418502,050163,FA 2023,SI,633,001,Regular,Lecture,Assesmnt Cultrl Inst,3.00,A+,SI 633,No
Winter 2024,19418502,051074,WN 2024,SI,626,001,Regular,Lecture,Manage NonProf Lib,3.00,A,SI 626,No
Winter 2024,19922119,001459,WN 2024,SI,690,001,Regular,Seminar,Intern/Field Exper,3.00,S,SI 690,No
Winter 2024,19922119,009732,FA 2022,SI,650,001,Regular,Lecture,Informatn Retrieval,3.00,A+,SI 650,No
Winter 2024,19922119,016607,FA 2022,SI,544,001,Regular,Lecture,Intr Stat&Data Analy,3.00,A+,SI 544,No
Winter 2024,19922119,040667,WN 2023,SI,681,001,Regular,Seminar,Intern/Field Seminar,6.00,S,SI 681,No
Winter 2024,19922119,041626,FA 2023,SI,664,001,Regular,Lecture,Database App Design,3.00,A,SI 664,No
Winter 2024,19922119,041934,FA 2023,SI,608,001,Regular,Lecture,Networks,3.00,A+,SI 608,No
Winter 2024,19922119,042091,WN 2023,SI,618,001,Regular,Lecture,Data Man & Analysis,3.00,A+,SI 618,No
Winter 2024,19922119,042104,FA 2022,SI,501,002,Regular,Lecture,Contextual Inq,3.00,A,SI 501,No
Winter 2024,19922119,043396,WN 2024,EECS,402,001,Regular,Lecture,Prog for Sci&Eng,4.00,A+,EECS 402,Yes
Winter 2024,19922119,045930,FA 2023,SI,671,001,Regular,Lecture,Data Mining,3.00,A-,SI 671,No
Winter 2024,19922119,047901,WN 2024,SI,699,305,Regular,Lecture,MSI Mastery Courses,3.00,A,SI 699,No
Winter 2024,19922119,048129,FA 2022,SI,505,001,Scnd 7 Wk,Lecture,Career/Intern Studio,1.00,S,SI 505,No
Winter 2024,19922119,048268,WN 2023,SI,630,001,Regular,Lecture,NLP Algorithm People,3.00,A+,SI 630,No
Winter 2024,19922119,049601,FA 2022,SI,564,001,Regular,Lecture,SQL & Databases,1.50,A,SI 564,No
Winter 2024,19922119,050663,WN 2023,SI,568,001,Regular,Lecture,Intro Appld Data Sci,3.00,A+,SI 568,No
Winter 2024,19922119,050983,WN 2023,SI,602,001,Regular,Lecture,Math for ApplDataSci,3.00,B,SI 602,No
Winter 2024,20772295,009732,FA 2023,SI,650,001,Regular,Lecture,Informatn Retrieval,3.00,VI,SI 650,No
Winter 2024,20772295,012085,WN 2024,MKT,613,001,First 7 Wk,Recitation,Consumer Behavior,1.50,A-,MKT 613,Yes
Winter 2024,20772295,017281,FA 2022,SI,588,002,Regular,Lecture,Fundamntls Hum Beh,3.00,A,SI 588,No
Winter 2024,20772295,020934,FA 2023,SI,649,001,Regular,Lecture,Info Visualization,3.00,A,SI 649,No
Winter 2024,20772295,040667,WN 2023,SI,681,001,Regular,Seminar,Intern/Field Seminar,6.00,S,SI 681,No
Winter 2024,20772295,041855,FA 2023,SI,631,001,Regular,Lecture,Agile Softwar Dev,1.50,A,SI 631,No
Winter 2024,20772295,041934,FA 2023,SI,608,001,Regular,Lecture,Networks,3.00,A,SI 608,No
Winter 2024,20772295,042091,WN 2023,SI,618,001,Regular,Lecture,Data Man & Analysis,3.00,A+,SI 618,No
Winter 2024,20772295,042104,FA 2022,SI,501,002,Regular,Lecture,Contextual Inq,3.00,A,SI 501,No
Winter 2024,20772295,042809,WN 2024,TO,618,002,Regular,Recitation,Appl Bus Analytics,3.00,A,TO 618,Yes
Winter 2024,20772295,045930,FA 2023,SI,671,001,Regular,Lecture,Data Mining,3.00,B+,SI 671,No
Winter 2024,20772295,047073,WN 2024,TO,628,001,Scnd 7 Wk,Recitation,Big Data Analytics,2.25,A,TO 628,Yes
Winter 2024,20772295,047246,FA 2022,SI,506,101,Regular,Lecture,Programming I,3.00,A,SI 506,No
Winter 2024,20772295,047640,WN 2023,SI,507,001,Regular,Lecture,Inter Programming,3.00,A,SI 507,No
Winter 2024,20772295,047901,WN 2024,SI,699,205,Regular,Lecture,MSI Mastery Courses,3.00,A+,SI 699,No
Winter 2024,20772295,048129,FA 2022,SI,505,001,Scnd 7 Wk,Lecture,Career/Intern Studio,1.00,S,SI 505,No
Winter 2024,20772295,048500,FA 2023,SI,670,001,Regular,Lecture,Appld Machine Learng,3.00,VI,SI 670,No
Winter 2024,20772295,049601,WN 2023,SI,564,001,Regular,Lecture,SQL & Databases,1.50,A,SI 564,No
Winter 2024,20772295,050164,FA 2022,SI,504,001,Regular,Lecture,"Servers, Shell,&Git",1.50,A+,SI 504,No
Winter 2024,20772295,050663,WN 2023,SI,568,001,Regular,Lecture,Intro Appld Data Sci,3.00,A+,SI 568,No
Winter 2024,20772295,050983,WN 2023,SI,602,001,Regular,Lecture,Math for ApplDataSci,3.00,B,SI 602,No
Winter 2024,20863422,001459,WN 2024,SI,690,001,Regular,Seminar,Intern/Field Exper,3.00,S,SI 690,No
Winter 2024,20863422,016607,FA 2021,SI,544,001,Regular,Lecture,Intr Stat&Data Analy,3.00,A,SI 544,No
Winter 2024,20863422,017508,FA 2020,TO,512,002,First 7 Wk,Recitation,Decsn Supprt Sprdsh,1.50,B,TO 512,Yes
Winter 2024,20863422,020934,WN 2022,SI,649,001,Regular,Lecture,Info Visualization,3.00,A-,SI 649,No
Winter 2024,20863422,040667,WN 2023,SI,681,001,Regular,Seminar,Intern/Field Seminar,6.00,S,SI 681,No
Winter 2024,20863422,041626,WN 2022,SI,664,001,Regular,Lecture,Database App Design,3.00,W,SI 664,No
Winter 2024,20863422,041855,FA 2023,SI,631,001,Regular,Lecture,Agile Softwar Dev,1.50,A,SI 631,No
Winter 2024,20863422,041934,FA 2023,SI,608,101,Regular,Lecture,Networks,3.00,A-,SI 608,No
Winter 2024,20863422,042091,FA 2020,SI,618,001,Regular,Lecture,Data Man & Analysis,3.00,W,SI 618,No
Winter 2024,20863422,042091,WN 2021,SI,618,001,Regular,Lecture,Data Man & Analysis,3.00,B+,SI 618,No
Winter 2024,20863422,042104,FA 2019,SI,501,001,Regular,Lecture,Contextual Inq,3.00,A,SI 501,No
Winter 2024,20863422,042324,WN 2023,SI,639,001,Scnd 7 Wk,Lecture,Web Archiving,1.50,A,SI 639,No
Winter 2024,20863422,042809,WN 2023,TO,618,002,Regular,Recitation,Appl Bus Analytics,3.00,B,TO 618,Yes
Winter 2024,20863422,045930,FA 2022,SI,671,001,Regular,Lecture,Data Mining,3.00,C,SI 671,No
Winter 2024,20863422,047246,WN 2020,SI,506,001,Regular,Lecture,Programming I,3.00,P,SI 506,No
Winter 2024,20863422,047640,FA 2020,SI,507,001,Regular,Lecture,Inter Programming,3.00,A,SI 507,No
Winter 2024,20863422,047901,WN 2024,SI,699,005,Regular,Lecture,MSI Mastery Courses,3.00,A,SI 699,No
Winter 2024,20863422,048268,WN 2023,SI,630,001,Regular,Lecture,NLP Algorithm People,3.00,W,SI 630,No
Winter 2024,20863422,049601,WN 2023,SI,564,001,Regular,Lecture,SQL & Databases,1.50,B,SI 564,No
Winter 2024,20863422,050164,WN 2024,SI,504,001,Regular,Lecture,"Servers, Shell,&Git",1.50,B,SI 504,No
Winter 2024,20863422,050447,FA 2023,SI,624,001,Regular,Lecture,Health Data Analysis,3.00,A-,SI 624,No
Winter 2024,21257670,001459,FA 2023,SI,690,440,Regular,Seminar,Intern/Field Exper,6.00,S,SI 690,No
Winter 2024,21257670,020803,WN 2024,SI,643,001,Regular,Lecture,Instructional Skills,3.00,A+,SI 643,No
Winter 2024,21257670,021400,FA 2023,SI,520,001,Regular,Lecture,Graphic Design,3.00,A,SI 520,No
Winter 2024,21257670,042104,FA 2023,SI,501,001,Regular,Lecture,Contextual Inq,3.00,A+,SI 501,No
Winter 2024,21257670,045393,FA 2023,SI,552,001,Regular,Lecture,Accessibility Intro,3.00,A,SI 552,No
Winter 2024,21257670,047641,WN 2024,SI,540,001,Regular,Lecture,Privacy in Info Tech,3.00,A,SI 540,No
Winter 2024,21257670,047901,WN 2024,SI,699,401,Regular,Lecture,MSI Mastery Courses,3.00,A,SI 699,No
Winter 2024,21257670,048488,WN 2024,SI,559,001,Regular,Lecture,AR/VR Intro,3.00,A,SI 559,No
Winter 2024,21257670,048831,FA 2023,SI,547,001,Regular,Seminar,Engage w/Communities,3.00,A-,SI 547,No
Winter 2024,21497518,017281,FA 2022,SI,588,001,Regular,Lecture,Fundamntls Hum Beh,3.00,A,SI 588,No
Winter 2024,21497518,019903,FA 2023,TO,548,001,Regular,Recitation,Integ Pro Dev,3.00,A-,TO 548,Yes
Winter 2024,21497518,020379,FA 2023,IOE,548,001,Regular,Lecture,Int Prod Dev,3.00,A,IOE 548,Yes
Winter 2024,21497518,020401,WN 2023,SI,622,002,Regular,Lecture,Usab Eval & Needs,4.00,A,SI 622,No
Winter 2024,21497518,021400,WN 2023,SI,520,002,Regular,Laboratory,Graphic Design,3.00,A,SI 520,No
Winter 2024,21497518,022099,WN 2023,SI,658,001,Regular,Lecture,Info Architecture,3.00,A+,SI 658,No
Winter 2024,21497518,039979,WN 2024,SI,623,001,Regular,Seminar,Res Meth Info Prof,3.00,B-,SI 623,No
Winter 2024,21497518,040667,WN 2023,SI,681,001,Regular,Seminar,Intern/Field Seminar,6.00,S,SI 681,No
Winter 2024,21497518,042104,FA 2022,SI,501,002,Regular,Lecture,Contextual Inq,3.00,A,SI 501,No
Winter 2024,21497518,043863,WN 2023,SI,612,002,Regular,Lecture,Pervasv Interact Des,3.00,A,SI 612,No
Winter 2024,21497518,044772,FA 2022,SI,582,003,Regular,Lecture,Intro Interac Design,3.00,A,SI 582,No
Winter 2024,21497518,047246,FA 2022,SI,506,001,Regular,Lecture,Programming I,3.00,A,SI 506,No
Winter 2024,21497518,047901,WN 2024,SI,699,301,Regular,Lecture,MSI Mastery Courses,3.00,A,SI 699,No
Winter 2024,21497518,048488,FA 2023,SI,559,003,Regular,Lecture,AR/VR Intro,3.00,B-,SI 559,No
Winter 2024,21497518,051454,WN 2024,SI,594,001,Regular,Lecture,Auto UX,3.00,A,SI 594,No
Winter 2024,21888576,009732,FA 2023,SI,650,001,Regular,Lecture,Informatn Retrieval,3.00,W,SI 650,No
Winter 2024,21888576,016607,FA 2022,SI,544,001,Regular,Lecture,Intr Stat&Data Analy,3.00,A,SI 544,No
Winter 2024,21888576,039178,FA 2022,SI,539,001,Regular,Lecture,Web Design,3.00,A+,SI 539,No
Winter 2024,21888576,040667,WN 2023,SI,681,001,Regular,Seminar,Intern/Field Seminar,6.00,S,SI 681,No
Winter 2024,21888576,041934,FA 2023,SI,608,001,Regular,Lecture,Networks,3.00,A,SI 608,No
Winter 2024,21888576,042091,WN 2023,SI,618,001,Regular,Lecture,Data Man & Analysis,3.00,A+,SI 618,No
Winter 2024,21888576,043330,WN 2024,TO,515,001,Scnd 7 Wk,Recitation,VBA for Excel,2.25,B,TO 515,Yes
Winter 2024,21888576,045930,FA 2023,SI,671,001,Regular,Lecture,Data Mining,3.00,B+,SI 671,No
Winter 2024,21888576,047228,WN 2024,ENTR,500,002,Regular,Lecture,Intro to Innovation,3.00,A,ENTR 500,Yes
Winter 2024,21888576,047246,FA 2022,SI,506,001,Regular,Lecture,Programming I,3.00,A,SI 506,No
Winter 2024,21888576,047640,WN 2023,SI,507,001,Regular,Lecture,Inter Programming,3.00,A,SI 507,No
Winter 2024,21888576,047901,WN 2024,SI,699,305,Regular,Lecture,MSI Mastery Courses,3.00,A-,SI 699,No
Winter 2024,21888576,048129,WN 2023,SI,505,001,First 7 Wk,Lecture,Career/Intern Studio,1.00,S,SI 505,No
Winter 2024,21888576,048131,FA 2023,BA,656,001,Regular,Laboratory,LBLE,3.00,A,BA 656,Yes
Winter 2024,21888576,049601,WN 2023,SI,564,001,Regular,Lecture,SQL & Databases,1.50,A,SI 564,No
Winter 2024,21888576,050164,FA 2022,SI,504,001,Regular,Lecture,"Servers, Shell,&Git",1.50,A,SI 504,No
Winter 2024,21888576,050663,WN 2023,SI,568,001,Regular,Lecture,Intro Appld Data Sci,3.00,A+,SI 568,No
Winter 2024,21888576,050983,WN 2023,SI,602,001,Regular,Lecture,Math for ApplDataSci,3.00,B-,SI 602,No
Winter 2024,22026407,016607,FA 2022,SI,544,001,Regular,Lecture,Intr Stat&Data Analy,3.00,A+,SI 544,No
Winter 2024,22026407,017281,FA 2022,SI,588,002,Regular,Lecture,Fundamntls Hum Beh,3.00,A,SI 588,No
Winter 2024,22026407,020401,WN 2023,SI,622,001,Regular,Lecture,Usab Eval & Needs,4.00,A,SI 622,No
Winter 2024,22026407,020934,FA 2023,SI,649,001,Regular,Lecture,Info Visualization,3.00,A,SI 649,No
Winter 2024,22026407,039178,WN 2023,SI,539,001,Regular,Lecture,Web Design,3.00,A+,SI 539,No
Winter 2024,22026407,040667,WN 2023,SI,681,001,Regular,Seminar,Intern/Field Seminar,6.00,S,SI 681,No
Winter 2024,22026407,041626,FA 2023,SI,664,001,Regular,Lecture,Database App Design,3.00,A,SI 664,No
Winter 2024,22026407,041855,FA 2023,SI,631,001,Regular,Lecture,Agile Softwar Dev,1.50,A+,SI 631,No
Winter 2024,22026407,041957,WN 2023,ENGR,599,222,Regular,Lecture,Spec Topics Engr,2.00,A-,ENGR 599,Yes
Winter 2024,22026407,041957,FA 2023,ENGR,599,222,Regular,Lecture,Spec Topics Engr,2.00,A,ENGR 599,Yes
Winter 2024,22026407,042104,FA 2022,SI,501,002,Regular,Lecture,Contextual Inq,3.00,A,SI 501,No
Winter 2024,22026407,044772,FA 2022,SI,582,002,Regular,Lecture,Intro Interac Design,3.00,A,SI 582,No
Winter 2024,22026407,045771,FA 2023,SI,684,001,Regular,Seminar,Design ConsHlth Tech,3.00,A+,SI 684,No
Winter 2024,22026407,047246,FA 2022,SI,506,001,Regular,Lecture,Programming I,3.00,A,SI 506,No
Winter 2024,22026407,047304,WN 2024,ENTR,550,001,Regular,Lecture,Interpersonal Skills,3.00,A,ENTR 550,Yes
Winter 2024,22026407,047640,WN 2023,SI,507,001,Regular,Lecture,Inter Programming,3.00,A,SI 507,No
Winter 2024,22026407,047901,WN 2024,SI,699,203,Regular,Lecture,MSI Mastery Courses,3.00,A,SI 699,No
Winter 2024,22026407,048129,FA 2022,SI,505,001,Scnd 7 Wk,Lecture,Career/Intern Studio,1.00,S,SI 505,No
Winter 2024,22026407,048487,FA 2023,SI,669,001,Regular,Lecture,Dev Mobile Exp,3.00,A+,SI 669,No
Winter 2024,22026407,048488,FA 2023,SI,559,001,Regular,Lecture,AR/VR Intro,3.00,A+,SI 559,No
Winter 2024,22026407,049601,WN 2023,SI,564,001,Regular,Lecture,SQL & Databases,1.50,A,SI 564,No
Winter 2024,22026407,050159,WN 2023,SI,579,001,Regular,Lecture,Bldg Interactive App,3.00,A,SI 579,No
Winter 2024,22026407,050164,FA 2022,SI,504,001,Regular,Lecture,"Servers, Shell,&Git",1.50,A,SI 504,No
Winter 2024,22034650,017281,FA 2022,SI,588,001,Regular,Lecture,Fundamntls Hum Beh,3.00,A,SI 588,No
Winter 2024,22034650,020401,WN 2024,SI,622,001,Regular,Lecture,Usab Eval & Needs,4.00,A+,SI 622,No
Winter 2024,22034650,021400,FA 2023,SI,520,001,Regular,Lecture,Graphic Design,3.00,B+,SI 520,No
Winter 2024,22034650,022099,WN 2023,SI,658,001,Regular,Lecture,Info Architecture,3.00,A,SI 658,No
Winter 2024,22034650,039178,FA 2023,SI,539,001,Regular,Lecture,Web Design,3.00,A,SI 539,No
Winter 2024,22034650,040667,WN 2024,SI,681,001,Regular,Seminar,Intern/Field Seminar,6.00,S,SI 681,No
Winter 2024,22034650,042104,FA 2022,SI,501,002,Regular,Lecture,Contextual Inq,3.00,A,SI 501,No
Winter 2024,22034650,044772,WN 2023,SI,582,001,Regular,Lecture,Intro Interac Design,3.00,A+,SI 582,No
Winter 2024,22034650,046306,WN 2024,SI,616,001,Regular,Lecture,Adv Graphic Design,3.00,A-,SI 616,No
Winter 2024,22034650,047901,FA 2024,SI,699,201,Regular,Lecture,MSI Mastery Courses,3.00,A,SI 699,No
Winter 2024,22034650,048488,FA 2023,SI,559,003,Regular,Lecture,AR/VR Intro,3.00,A,SI 559,No
Winter 2024,22705742,001459,FA 2024,SI,690,510,Regular,Seminar,Intern/Field Exper,1.00,S,SI 690,No
Winter 2024,22705742,009732,FA 2023,SI,650,001,Regular,Lecture,Informatn Retrieval,3.00,W,SI 650,No
Winter 2024,22705742,017508,WN 2024,TO,512,004,First 7 Wk,Recitation,Decsn Supprt Sprdsh,1.50,A-,TO 512,Yes
Winter 2024,22705742,020934,WN 2024,SI,649,001,Regular,Lecture,Info Visualization,3.00,A-,SI 649,No
Winter 2024,22705742,040667,WN 2024,SI,681,001,Regular,Seminar,Intern/Field Seminar,3.00,S,SI 681,No
Winter 2024,22705742,041934,FA 2023,SI,608,001,Regular,Lecture,Networks,3.00,A-,SI 608,No
Winter 2024,22705742,042071,FA 2023,SI,563,001,Regular,Lecture,Game Theory,3.00,B+,SI 563,No
Winter 2024,22705742,042104,FA 2023,SI,501,001,Regular,Lecture,Contextual Inq,3.00,A+,SI 501,No
Winter 2024,22705742,047228,WN 2024,ENTR,500,002,Regular,Lecture,Intro to Innovation,3.00,A+,ENTR 500,Yes
Winter 2024,22705742,047901,FA 2024,SI,699,005,Regular,Lecture,MSI Mastery Courses,3.00,B,SI 699,No
Winter 2024,22705742,048500,FA 2023,SI,670,001,Regular,Lecture,Appld Machine Learng,3.00,B,SI 670,No
Winter 2024,22705742,050663,WN 2024,SI,568,001,Regular,Lecture,Intro Appld Data Sci,1.50,A+,SI 568,No
Winter 2024,22705742,050983,WN 2024,SI,602,001,Regular,Lecture,Math for ApplDataSci,3.00,B,SI 602,No
Winter 2024,23061559,001459,FA 2023,SI,690,460,Regular,Seminar,Intern/Field Exper,2.00,S,SI 690,No
Winter 2024,23061559,017281,FA 2022,SI,588,002,Regular,Lecture,Fundamntls Hum Beh,3.00,A,SI 588,No
Winter 2024,23061559,019903,FA 2023,TO,548,001,Regular,Recitation,Integ Pro Dev,3.00,A-,TO 548,Yes
Winter 2024,23061559,020379,FA 2023,IOE,548,001,Regular,Lecture,Int Prod Dev,3.00,A,IOE 548,Yes
Winter 2024,23061559,020401,WN 2023,SI,622,001,Regular,Lecture,Usab Eval & Needs,4.00,A,SI 622,No
Winter 2024,23061559,021400,FA 2022,SI,520,001,Regular,Lecture,Graphic Design,3.00,A,SI 520,No
Winter 2024,23061559,022099,WN 2023,SI,658,001,Regular,Lecture,Info Architecture,3.00,A,SI 658,No
Winter 2024,23061559,039178,WN 2023,SI,539,001,Regular,Lecture,Web Design,3.00,A,SI 539,No
Winter 2024,23061559,040667,WN 2023,SI,681,001,Regular,Seminar,Intern/Field Seminar,6.00,S,SI 681,No
Winter 2024,23061559,042104,FA 2022,SI,501,001,Regular,Lecture,Contextual Inq,3.00,A+,SI 501,No
Winter 2024,23061559,044772,FA 2022,SI,582,005,Regular,Lecture,Intro Interac Design,3.00,A+,SI 582,No
Winter 2024,23061559,045687,FA 2023,SI,538,001,Regular,Seminar,Citizen Inter Design,4.00,A,SI 538,No
Winter 2024,23061559,045771,FA 2023,SI,684,001,Regular,Seminar,Design ConsHlth Tech,3.00,A,SI 684,No
Winter 2024,23061559,046306,WN 2023,SI,616,001,Regular,Lecture,Adv Graphic Design,3.00,A-,SI 616,No
Winter 2024,23061559,047901,WN 2024,SI,699,201,Regular,Lecture,MSI Mastery Courses,3.00,A,SI 699,No
Winter 2024,23061559,050159,WN 2023,SI,579,001,Regular,Lecture,Bldg Interactive App,3.00,A,SI 579,No
Winter 2024,23061559,050164,FA 2022,SI,504,001,Regular,Lecture,"Servers, Shell,&Git",1.50,A+,SI 504,No
Winter 2024,23196507,012198,FA 2023,SI,561,001,Regular,Lecture,Nat Lang Proc,3.00,C,SI 561,No
Winter 2024,23196507,020934,WN 2023,SI,649,002,Regular,Lecture,Info Visualization,3.00,A-,SI 649,No
Winter 2024,23196507,040667,WN 2023,SI,681,001,Regular,Seminar,Intern/Field Seminar,6.00,S,SI 681,No
Winter 2024,23196507,041626,WN 2024,SI,664,001,Regular,Lecture,Database App Design,3.00,A,SI 664,No
Winter 2024,23196507,041855,FA 2023,SI,631,001,Regular,Lecture,Agile Softwar Dev,1.50,A,SI 631,No
Winter 2024,23196507,042071,FA 2022,SI,563,001,Regular,Lecture,Game Theory,3.00,A,SI 563,No
Winter 2024,23196507,042091,FA 2022,SI,618,001,Regular,Lecture,Data Man & Analysis,3.00,A-,SI 618,No
Winter 2024,23196507,042104,FA 2022,SI,501,001,Regular,Lecture,Contextual Inq,3.00,A,SI 501,No
Winter 2024,23196507,047870,WN 2023,SI,536,001,Regular,Seminar,Intro to Urbn Inform,3.00,A,SI 536,No
Winter 2024,23196507,047901,WN 2024,SI,699,305,Regular,Lecture,MSI Mastery Courses,3.00,A,SI 699,No
Winter 2024,23196507,048268,WN 2023,SI,630,001,Regular,Lecture,NLP Algorithm People,3.00,W,SI 630,No
Winter 2024,23196507,048500,FA 2023,SI,670,001,Regular,Lecture,Appld Machine Learng,3.00,B,SI 670,No
Winter 2024,23196507,049601,FA 2022,SI,564,001,Regular,Lecture,SQL & Databases,1.50,A-,SI 564,No
Winter 2024,23196507,050164,FA 2022,SI,504,001,Regular,Lecture,"Servers, Shell,&Git",1.50,A,SI 504,No
Winter 2024,23196507,050663,WN 2023,SI,568,001,Regular,Lecture,Intro Appld Data Sci,3.00,A,SI 568,No
Winter 2024,23196507,050983,WN 2023,SI,602,001,Regular,Lecture,Math for ApplDataSci,3.00,B,SI 602,No
Winter 2024,23431927,009731,FA 2022,SI,580,001,Regular,Lecture,Records & Archives,3.00,A+,SI 580,No
Winter 2024,23431927,021045,FA 2023,SI,666,001,Regular,Lecture,Org of Inf Resources,3.00,A+,SI 666,No
Winter 2024,23431927,038659,FA 2022,SI,519,001,Regular,Seminar,Intel Prop&Info Law,3.00,A,SI 519,No
Winter 2024,23431927,038948,FA 2023,SI,632,001,Regular,Lecture,Appraisal & Coll Dev,3.00,A+,SI 632,No
Winter 2024,23431927,039979,WN 2023,SI,623,001,Regular,Seminar,Res Meth Info Prof,3.00,A+,SI 623,No
Winter 2024,23431927,040667,WN 2023,SI,681,001,Regular,Seminar,Intern/Field Seminar,5.00,S,SI 681,No
Winter 2024,23431927,042104,FA 2022,SI,501,002,Regular,Lecture,Contextual Inq,3.00,A+,SI 501,No
Winter 2024,23431927,042324,WN 2023,SI,639,001,Scnd 7 Wk,Lecture,Web Archiving,1.50,A+,SI 639,No
Winter 2024,23431927,045393,WN 2024,SI,552,001,Regular,Lecture,Accessibility Intro,3.00,A,SI 552,No
Winter 2024,23431927,047246,FA 2022,SI,506,001,Regular,Lecture,Programming I,3.00,A,SI 506,No
Winter 2024,23431927,047901,WN 2024,SI,699,028,Regular,Lecture,MSI Mastery Courses,3.00,A+,SI 699,No
Winter 2024,23431927,048280,WN 2023,SI,667,001,Regular,Lecture,Digital Curation,3.00,A+,SI 667,No
Winter 2024,23431927,050028,FA 2023,SI,583,001,Regular,Lecture,Info Accountability,3.00,A,SI 583,No
Winter 2024,23431927,050162,WN 2024,SI,510,001,Regular,Lecture,Information Ethics,3.00,A+,SI 510,No
Winter 2024,23431927,050163,FA 2023,SI,633,001,Regular,Lecture,Assesmnt Cultrl Inst,3.00,A+,SI 633,No
Winter 2024,23431927,050165,WN 2023,SI,585,001,Regular,Lecture,Scholarly Comm,3.00,A+,SI 585,No
Winter 2024,23431927,051074,WN 2023,SI,626,001,Regular,Lecture,Manage NonProf Lib,3.00,A,SI 626,No
Winter 2024,24268780,007395,FA 2023,ARCH,509,019,Regular,Seminar,Experimental Course,3.00,A-,ARCH 509,Yes
Winter 2024,24268780,019133,WN 2023,ARCH,503,006,Regular,Seminar,Spec Topc Arc Hst,3.00,A-,ARCH 503,Yes
Winter 2024,24268780,020401,WN 2023,SI,622,002,Regular,Lecture,Usab Eval & Needs,4.00,A,SI 622,No
Winter 2024,24268780,020934,FA 2022,SI,649,001,Regular,Lecture,Info Visualization,3.00,A,SI 649,No
Winter 2024,24268780,021391,WN 2024,SI,511,151,Regular,Lecture,Special Topics,1.50,A+,SI 511,No
Winter 2024,24268780,022099,WN 2023,SI,658,001,Regular,Lecture,Info Architecture,3.00,A,SI 658,No
Winter 2024,24268780,040667,WN 2023,SI,681,001,Regular,Seminar,Intern/Field Seminar,6.00,S,SI 681,No
Winter 2024,24268780,042071,FA 2023,SI,563,001,Regular,Lecture,Game Theory,3.00,A-,SI 563,No
Winter 2024,24268780,042104,FA 2022,SI,501,002,Regular,Lecture,Contextual Inq,3.00,A,SI 501,No
Winter 2024,24268780,044772,FA 2022,SI,582,002,Regular,Lecture,Intro Interac Design,3.00,A-,SI 582,No
Winter 2024,24268780,045393,FA 2023,SI,552,001,Regular,Lecture,Accessibility Intro,3.00,A+,SI 552,No
Winter 2024,24268780,046306,FA 2022,SI,616,001,Regular,Lecture,Adv Graphic Design,3.00,A,SI 616,No
Winter 2024,24268780,047901,WN 2024,SI,699,201,Regular,Lecture,MSI Mastery Courses,3.00,A,SI 699,No
Winter 2024,24268780,048129,FA 2022,SI,505,001,Scnd 7 Wk,Lecture,Career/Intern Studio,1.00,S,SI 505,No
Winter 2024,24268780,048488,FA 2023,SI,559,002,Regular,Lecture,AR/VR Intro,3.00,A,SI 559,No
Winter 2024,24268780,050136,WN 2023,UARTS,560,102,Regular,Laboratory,Grad ArtsEng Proj,2.00,A-,UARTS 560,Yes
Winter 2024,24268780,050136,FA 2023,UARTS,560,102,Regular,Laboratory,Grad ArtsEng Proj,1.00,A-,UARTS 560,Yes
Winter 2024,24268780,050162,WN 2023,SI,510,001,Regular,Lecture,Information Ethics,3.00,A,SI 510,No
Winter 2024,24667296,018672,FA 2022,SI,521,001,Regular,Lecture,Adv Psychoacoustics,3.00,B+,SI 521,No
Winter 2024,24667296,021400,FA 2022,SI,520,002,Regular,Lecture,Graphic Design,3.00,C,SI 520,No
Winter 2024,24667296,038659,FA 2023,SI,519,001,Regular,Seminar,Intel Prop&Info Law,3.00,A-,SI 519,No
Winter 2024,24667296,040373,WN 2023,PAT,513,001,Regular,Seminar,Interdisc Collab II,3.00,A,PAT 513,Yes
Winter 2024,24667296,040373,FA 2023,PAT,513,001,Regular,Seminar,Interdisc Collab II,3.00,A,PAT 513,Yes
Winter 2024,24667296,040373,WN 2024,PAT,513,001,Regular,Seminar,Interdisc Collab II,3.00,W,PAT 513,Yes
Winter 2024,24667296,043863,FA 2022,SI,612,002,Regular,Lecture,Pervasv Interact Des,3.00,A-,SI 612,No
Winter 2024,24667296,046306,FA 2023,SI,616,001,Regular,Lecture,Adv Graphic Design,3.00,I,SI 616,No
Winter 2024,24667296,047892,WN 2023,SI,605,002,Regular,Laboratory,Interdisc Prob Solv,3.00,C+,SI 605,No
Winter 2024,24667296,047901,WN 2023,SI,699,001,Regular,Lecture,MSI Mastery Courses,3.00,B+,SI 699,No
Winter 2024,24667296,048486,WN 2024,SI,659,001,Regular,Lecture,AR/VR Advanced,3.00,I,SI 659,No
Winter 2024,24667296,048877,WN 2024,SI,610,003,Regular,Seminar,Dig Studies Seminar,3.00,I,SI 610,No
Winter 2024,24667296,049038,FA 2022,SI,688,002,Regular,Lecture,AppProjS S -GIEP/CID,6.00,S,SI 688,No
Winter 2024,24667296,049834,WN 2024,SI,591,001,Regular,Lecture,Humanitarian Innov,3.00,I,SI 591,No
Winter 2024,25106735,017281,FA 2023,SI,588,002,Regular,Lecture,Fundamntls Hum Beh,3.00,A,SI 588,No
Winter 2024,25106735,020401,WN 2023,SI,622,002,Regular,Lecture,Usab Eval & Needs,4.00,A,SI 622,No
Winter 2024,25106735,021391,WN 2024,SI,511,151,Regular,Lecture,Special Topics,1.50,A+,SI 511,No
Winter 2024,25106735,021391,FA 2024,SI,511,104,Regular,Lecture,Special Topics,3.00,A-,SI 511,No
Winter 2024,25106735,021400,FA 2022,SI,520,002,Regular,Lecture,Graphic Design,3.00,B+,SI 520,No
Winter 2024,25106735,039178,WN 2023,SI,539,001,Regular,Lecture,Web Design,3.00,A+,SI 539,No
Winter 2024,25106735,041855,FA 2023,SI,631,001,Regular,Lecture,Agile Softwar Dev,1.50,A+,SI 631,No
Winter 2024,25106735,042104,FA 2022,SI,501,002,Regular,Lecture,Contextual Inq,3.00,A,SI 501,No
Winter 2024,25106735,043863,WN 2024,SI,612,002,Regular,Lecture,Pervasv Interact Des,3.00,A,SI 612,No
Winter 2024,25106735,044772,FA 2022,SI,582,002,Regular,Lecture,Intro Interac Design,3.00,A,SI 582,No
Winter 2024,25106735,045393,WN 2024,SI,552,001,Regular,Lecture,Accessibility Intro,3.00,A,SI 552,No
Winter 2024,25106735,047246,WN 2023,SI,506,001,Regular,Lecture,Programming I,3.00,A,SI 506,No
Winter 2024,25106735,047901,FA 2024,SI,699,001,Regular,Lecture,MSI Mastery Courses,3.00,B+,SI 699,No
Winter 2024,25106735,048129,FA 2024,SI,505,001,Scnd 7 Wk,Lecture,Career/Intern Studio,1.00,S,SI 505,No
Winter 2024,25106735,048488,FA 2023,SI,559,002,Regular,Lecture,AR/VR Intro,3.00,A,SI 559,No
Winter 2024,25106735,050159,FA 2023,SI,579,001,Regular,Lecture,Bldg Interactive App,3.00,A,SI 579,No
Winter 2024,25106735,050164,FA 2023,SI,504,001,Regular,Lecture,"Servers, Shell,&Git",1.50,A,SI 504,No
Winter 2024,25106735,051454,WN 2024,SI,594,001,Regular,Lecture,Auto UX,3.00,A,SI 594,No
Winter 2024,25431079,001459,FA 2023,SI,690,440,Regular,Seminar,Intern/Field Exper,6.00,S,SI 690,No
Winter 2024,25431079,009876,WN 2024,SURVMETH,630,001,Regular,Seminar,Quest Design & Eval,3.00,A,SURVMETH 630,Yes
Winter 2024,25431079,021400,FA 2023,SI,520,001,Regular,Lecture,Graphic Design,3.00,A-,SI 520,No
Winter 2024,25431079,022099,WN 2024,SI,658,001,Regular,Lecture,Info Architecture,3.00,A,SI 658,No
Winter 2024,25431079,042104,FA 2023,SI,501,001,Regular,Lecture,Contextual Inq,3.00,A+,SI 501,No
Winter 2024,25431079,045393,FA 2023,SI,552,001,Regular,Lecture,Accessibility Intro,3.00,A+,SI 552,No
Winter 2024,25431079,047901,WN 2024,SI,699,601,Regular,Lecture,MSI Mastery Courses,3.00,A+,SI 699,No
Winter 2024,25431079,048280,WN 2024,SI,667,001,Regular,Lecture,Digital Curation,3.00,A,SI 667,No
Winter 2024,25431079,048488,FA 2023,SI,559,003,Regular,Lecture,AR/VR Intro,3.00,A,SI 559,No
Winter 2024,25455750,009731,FA 2022,SI,580,001,Regular,Lecture,Records & Archives,3.00,A+,SI 580,No
Winter 2024,25455750,021045,FA 2023,SI,666,001,Regular,Lecture,Org of Inf Resources,3.00,A,SI 666,No
Winter 2024,25455750,022326,WN 2023,SI,581,001,Regular,Lecture,Pres Info Resources,3.00,A,SI 581,No
Winter 2024,25455750,038948,FA 2023,SI,632,001,Regular,Lecture,Appraisal & Coll Dev,3.00,A,SI 632,No
Winter 2024,25455750,039979,WN 2024,SI,623,001,Regular,Seminar,Res Meth Info Prof,3.00,A+,SI 623,No
Winter 2024,25455750,040667,WN 2023,SI,681,001,Regular,Seminar,Intern/Field Seminar,6.00,S,SI 681,No
Winter 2024,25455750,042104,FA 2022,SI,501,002,Regular,Lecture,Contextual Inq,3.00,A+,SI 501,No
Winter 2024,25455750,044772,WN 2023,SI,582,001,Regular,Lecture,Intro Interac Design,3.00,A+,SI 582,No
Winter 2024,25455750,045393,WN 2024,SI,552,001,Regular,Lecture,Accessibility Intro,3.00,A,SI 552,No
Winter 2024,25455750,047246,WN 2023,SI,506,001,Regular,Lecture,Programming I,3.00,B-,SI 506,No
Winter 2024,25455750,047901,WN 2024,SI,699,028,Regular,Lecture,MSI Mastery Courses,3.00,A-,SI 699,No
Winter 2024,25455750,048280,WN 2023,SI,667,001,Regular,Lecture,Digital Curation,3.00,A+,SI 667,No
Winter 2024,25455750,048831,FA 2023,SI,547,001,Regular,Seminar,Engage w/Communities,3.00,A+,SI 547,No
Winter 2024,25455750,050028,FA 2022,SI,583,001,Regular,Lecture,Info Accountability,3.00,A+,SI 583,No
Winter 2024,25455750,050162,WN 2024,SI,510,001,Regular,Lecture,Information Ethics,3.00,A+,SI 510,No
Winter 2024,25492934,017006,FA 2024,BL,512,001,Scnd 7 Wk,Recitation,Foundations Bus Law,1.50,B,BL 512,Yes
Winter 2024,25492934,020401,WN 2022,SI,622,001,Regular,Lecture,Usab Eval & Needs,4.00,A,SI 622,No
Winter 2024,25492934,021400,FA 2021,SI,520,001,Regular,Lecture,Graphic Design,3.00,A-,SI 520,No
Winter 2024,25492934,039979,WN 2022,SI,623,001,Regular,Seminar,Res Meth Info Prof,3.00,A,SI 623,No
Winter 2024,25492934,042104,FA 2021,SI,501,001,Regular,Lecture,Contextual Inq,3.00,A,SI 501,No
Winter 2024,25492934,044772,FA 2021,SI,582,002,Regular,Lecture,Intro Interac Design,3.00,A-,SI 582,No
Winter 2024,25492934,046306,WN 2022,SI,616,001,Regular,Lecture,Adv Graphic Design,3.00,A-,SI 616,No
Winter 2024,25492934,047246,FA 2021,SI,506,001,Regular,Lecture,Programming I,3.00,W,SI 506,No
Winter 2024,25492934,047246,FA 2023,SI,506,001,Regular,Lecture,Programming I,3.00,C+,SI 506,No
Winter 2024,25492934,047901,FA 2024,SI,699,201,Regular,Lecture,MSI Mastery Courses,3.00,A,SI 699,No
Winter 2024,25492934,048129,WN 2022,SI,505,001,First 7 Wk,Lecture,Career/Intern Studio,1.00,S,SI 505,No
Winter 2024,25492934,049038,WN 2022,SI,688,001,Regular,Lecture,AppProjS S -GIEP/CID,6.00,S,SI 688,No
Winter 2024,25515690,001459,FA 2023,SI,690,460,Regular,Seminar,Intern/Field Exper,3.00,S,SI 690,No
Winter 2024,25515690,017281,FA 2022,SI,588,002,Regular,Lecture,Fundamntls Hum Beh,3.00,A,SI 588,No
Winter 2024,25515690,020401,WN 2023,SI,622,001,Regular,Lecture,Usab Eval & Needs,4.00,A,SI 622,No
Winter 2024,25515690,021400,FA 2022,SI,520,002,Regular,Lecture,Graphic Design,3.00,A,SI 520,No
Winter 2024,25515690,022099,WN 2023,SI,658,001,Regular,Lecture,Info Architecture,3.00,A,SI 658,No
Winter 2024,25515690,039178,WN 2023,SI,539,001,Regular,Lecture,Web Design,3.00,A+,SI 539,No
Winter 2024,25515690,040667,WN 2023,SI,681,001,Regular,Seminar,Intern/Field Seminar,6.00,S,SI 681,No
Winter 2024,25515690,042104,FA 2022,SI,501,002,Regular,Lecture,Contextual Inq,3.00,A,SI 501,No
Winter 2024,25515690,044772,FA 2022,SI,582,004,Regular,Lecture,Intro Interac Design,3.00,A,SI 582,No
Winter 2024,25515690,045393,WN 2024,SI,552,001,Regular,Lecture,Accessibility Intro,3.00,B+,SI 552,No
Winter 2024,25515690,045771,FA 2023,SI,684,001,Regular,Seminar,Design ConsHlth Tech,3.00,A+,SI 684,No
Winter 2024,25515690,047901,WN 2024,SI,699,601,Regular,Lecture,MSI Mastery Courses,3.00,A+,SI 699,No
Winter 2024,25515690,048129,FA 2022,SI,505,001,Scnd 7 Wk,Lecture,Career/Intern Studio,1.00,S,SI 505,No
Winter 2024,25515690,050159,FA 2023,SI,579,001,Regular,Lecture,Bldg Interactive App,3.00,A,SI 579,No
Winter 2024,25515690,050164,WN 2023,SI,504,001,Regular,Lecture,"Servers, Shell,&Git",1.50,A,SI 504,No
Winter 2024,25515690,051267,SS 2023,BA,526,002,Regular,Recitation,Spec Top Exper Learn,1.00,P,BA 526,Yes
Winter 2024,25515690,051454,WN 2024,SI,594,001,Regular,Lecture,Auto UX,3.00,A,SI 594,No
Winter 2024,25957827,013080,FA 2023,EAS,700,013,Regular,Ind Study,Master's Thesis,6.00,A,EAS 700,Yes
Winter 2024,25957827,013080,WN 2024,EAS,700,013,Regular,Ind Study,Master's Thesis,3.00,A,EAS 700,Yes
Winter 2024,25957827,016607,FA 2021,SI,544,001,Regular,Lecture,Intr Stat&Data Analy,3.00,A+,SI 544,No
Winter 2024,25957827,020803,WN 2022,SI,643,001,Regular,Lecture,Instructional Skills,3.00,A+,SI 643,No
Winter 2024,25957827,021042,FA 2021,SI,647,001,Regular,Lecture,Info Resources&Serv,3.00,A+,SI 647,No
Winter 2024,25957827,021045,FA 2021,SI,666,001,Regular,Lecture,Org of Inf Resources,3.00,A+,SI 666,No
Winter 2024,25957827,039979,WN 2022,SI,623,001,Regular,Seminar,Res Meth Info Prof,3.00,A+,SI 623,No
Winter 2024,25957827,040607,FA 2023,EAS,543,001,Regular,Lecture,Env Spatial Analys,3.00,A+,EAS 543,Yes
Winter 2024,25957827,040667,WN 2022,SI,681,001,Regular,Seminar,Intern/Field Seminar,6.00,S,SI 681,No
Winter 2024,25957827,041855,FA 2023,SI,631,001,Regular,Lecture,Agile Softwar Dev,1.50,A+,SI 631,No
Winter 2024,25957827,042104,FA 2021,SI,501,002,Regular,Lecture,Contextual Inq,3.00,A+,SI 501,No
Winter 2024,25957827,042324,WN 2022,SI,639,001,Scnd 7 Wk,Lecture,Web Archiving,1.50,A+,SI 639,No
Winter 2024,25957827,043370,WN 2024,EAS,541,001,Regular,Lecture,Remote Sensing,4.00,A+,EAS 541,Yes
Winter 2024,25957827,047246,FA 2021,SI,506,001,Regular,Lecture,Programming I,3.00,A,SI 506,No
Winter 2024,25957827,047901,WN 2024,SI,699,006,Regular,Lecture,MSI Mastery Courses,3.00,A,SI 699,No
Winter 2024,25957827,048280,WN 2022,SI,667,001,Regular,Lecture,Digital Curation,3.00,A,SI 667,No
Winter 2024,25957827,049601,WN 2022,SI,564,001,Regular,Lecture,SQL & Databases,1.50,A,SI 564,No
Winter 2024,25957827,050162,WN 2022,SI,510,001,Regular,Lecture,Information Ethics,3.00,A+,SI 510,No
Winter 2024,25957827,050164,WN 2022,SI,504,001,Regular,Lecture,"Servers, Shell,&Git",1.50,A,SI 504,No
Winter 2024,25957827,050720,FA 2023,EAS,648,001,Scnd 7 Wk,Lecture,Adv Geovisual,1.50,A,EAS 648,Yes
Winter 2024,25957827,051307,FA 2023,EAS,635,001,Regular,Lecture,Multivariate Stats,3.00,A,EAS 635,Yes
Winter 2024,26059156,020934,WN 2023,SI,649,002,Regular,Lecture,Info Visualization,3.00,B+,SI 649,No
Winter 2024,26059156,040667,WN 2023,SI,681,001,Regular,Seminar,Intern/Field Seminar,6.00,S,SI 681,No
Winter 2024,26059156,041626,FA 2022,SI,664,001,Regular,Lecture,Database App Design,3.00,A,SI 664,No
Winter 2024,26059156,042071,FA 2023,SI,563,001,Regular,Lecture,Game Theory,3.00,A+,SI 563,No
Winter 2024,26059156,042091,FA 2022,SI,618,001,Regular,Lecture,Data Man & Analysis,3.00,A,SI 618,No
Winter 2024,26059156,042104,FA 2022,SI,501,001,Regular,Lecture,Contextual Inq,3.00,A,SI 501,No
Winter 2024,26059156,045930,FA 2023,SI,671,001,Regular,Lecture,Data Mining,3.00,A-,SI 671,No
Winter 2024,26059156,047246,WN 2024,SI,506,101,Regular,Lecture,Programming I,3.00,A-,SI 506,No
Winter 2024,26059156,047640,FA 2022,SI,507,001,Regular,Lecture,Inter Programming,3.00,A,SI 507,No
Winter 2024,26059156,047901,WN 2024,SI,699,205,Regular,Lecture,MSI Mastery Courses,3.00,A,SI 699,No
Winter 2024,26059156,048129,FA 2022,SI,505,001,Scnd 7 Wk,Lecture,Career/Intern Studio,1.00,S,SI 505,No
Winter 2024,26059156,048268,WN 2023,SI,630,001,Regular,Lecture,NLP Algorithm People,3.00,A-,SI 630,No
Winter 2024,26059156,048500,FA 2023,SI,670,001,Regular,Lecture,Appld Machine Learng,3.00,A,SI 670,No
Winter 2024,26059156,049601,WN 2023,SI,564,001,Regular,Lecture,SQL & Databases,1.50,A,SI 564,No
Winter 2024,26059156,050164,FA 2022,SI,504,001,Regular,Lecture,"Servers, Shell,&Git",1.50,A+,SI 504,No
Winter 2024,26059156,050663,WN 2023,SI,568,001,Regular,Lecture,Intro Appld Data Sci,3.00,A,SI 568,No
Winter 2024,26059156,050983,WN 2023,SI,602,001,Regular,Lecture,Math for ApplDataSci,3.00,A+,SI 602,No
Winter 2024,26465117,003533,WN 2024,URP,561,001,Regular,Seminar,Transport & PubPol,3.00,A,URP 561,Yes
Winter 2024,26465117,007400,FA 2023,URP,581,001,Regular,Lecture,Hsg Policy&Econ,3.00,A-,URP 581,Yes
Winter 2024,26465117,009732,FA 2023,SI,650,001,Regular,Lecture,Informatn Retrieval,3.00,A,SI 650,No
Winter 2024,26465117,016607,FA 2022,SI,544,001,Regular,Lecture,Intr Stat&Data Analy,3.00,A+,SI 544,No
Winter 2024,26465117,021400,FA 2022,SI,520,002,Regular,Lecture,Graphic Design,3.00,A,SI 520,No
Winter 2024,26465117,040667,WN 2023,SI,681,001,Regular,Seminar,Intern/Field Seminar,6.00,S,SI 681,No
Winter 2024,26465117,041934,FA 2023,SI,608,001,Regular,Lecture,Networks,3.00,A+,SI 608,No
Winter 2024,26465117,042091,WN 2023,SI,618,001,Regular,Lecture,Data Man & Analysis,3.00,A+,SI 618,No
Winter 2024,26465117,044250,WN 2024,URP,580,001,Regular,Lecture,Metropolitan Struct,3.00,A+,URP 580,Yes
Winter 2024,26465117,045930,FA 2023,SI,671,001,Regular,Lecture,Data Mining,3.00,B,SI 671,No
Winter 2024,26465117,047246,FA 2022,SI,506,001,Regular,Lecture,Programming I,3.00,A,SI 506,No
Winter 2024,26465117,047640,WN 2023,SI,507,001,Regular,Lecture,Inter Programming,3.00,A,SI 507,No
Winter 2024,26465117,047870,WN 2024,URP,535,001,Regular,Seminar,Intro to Urbn Inform,3.00,A,URP 535,Yes
Winter 2024,26465117,047901,WN 2024,SI,699,305,Regular,Lecture,MSI Mastery Courses,3.00,A,SI 699,No
Winter 2024,26465117,049601,WN 2023,SI,564,001,Regular,Lecture,SQL & Databases,1.50,A,SI 564,No
Winter 2024,26465117,050164,FA 2022,SI,504,001,Regular,Lecture,"Servers, Shell,&Git",1.50,A,SI 504,No
Winter 2024,26465117,050663,WN 2023,SI,568,001,Regular,Lecture,Intro Appld Data Sci,3.00,A+,SI 568,No
Winter 2024,26465117,050983,WN 2023,SI,602,001,Regular,Lecture,Math for ApplDataSci,3.00,B,SI 602,No
Winter 2024,26715750,012772,WN 2024,SI,548,001,Regular,Seminar,Prin Soft Design,3.00,A,SI 548,No
Winter 2024,26715750,017281,FA 2022,SI,588,001,Regular,Lecture,Fundamntls Hum Beh,3.00,A,SI 588,No
Winter 2024,26715750,020401,WN 2023,SI,622,002,Regular,Lecture,Usab Eval & Needs,4.00,A,SI 622,No
Winter 2024,26715750,020934,WN 2023,SI,649,001,Regular,Lecture,Info Visualization,3.00,W,SI 649,No
Winter 2024,26715750,020934,FA 2023,SI,649,001,Regular,Lecture,Info Visualization,3.00,W,SI 649,No
Winter 2024,26715750,021400,WN 2023,SI,520,002,Regular,Laboratory,Graphic Design,3.00,C+,SI 520,No
Winter 2024,26715750,039178,WN 2023,SI,539,001,Regular,Lecture,Web Design,3.00,C+,SI 539,No
Winter 2024,26715750,040667,WN 2023,SI,681,001,Regular,Seminar,Intern/Field Seminar,6.00,S,SI 681,No
Winter 2024,26715750,042104,FA 2022,SI,501,002,Regular,Lecture,Contextual Inq,3.00,A,SI 501,No
Winter 2024,26715750,043863,FA 2023,SI,612,002,Regular,Lecture,Pervasv Interact Des,3.00,B,SI 612,No
Winter 2024,26715750,044772,FA 2022,SI,582,001,Regular,Lecture,Intro Interac Design,3.00,A-,SI 582,No
Winter 2024,26715750,045687,FA 2023,SI,538,001,Regular,Seminar,Citizen Inter Design,4.00,A,SI 538,No
Winter 2024,26715750,045771,FA 2023,SI,684,001,Regular,Seminar,Design ConsHlth Tech,3.00,A,SI 684,No
Winter 2024,26715750,047246,FA 2022,SI,506,001,Regular,Lecture,Programming I,3.00,A-,SI 506,No
Winter 2024,26715750,047901,WN 2024,SI,699,601,Regular,Lecture,MSI Mastery Courses,3.00,A+,SI 699,No
Winter 2024,26715750,048129,WN 2023,SI,505,001,First 7 Wk,Lecture,Career/Intern Studio,1.00,S,SI 505,No
Winter 2024,26715750,049601,WN 2024,SI,564,001,Regular,Lecture,SQL & Databases,1.50,W,SI 564,No
Winter 2024,26715750,051454,WN 2024,SI,594,001,Regular,Lecture,Auto UX,3.00,A-,SI 594,No
Winter 2024,26946938,009732,FA 2023,SI,650,001,Regular,Lecture,Informatn Retrieval,3.00,A,SI 650,No
Winter 2024,26946938,012195,WN 2024,EECS,592,001,Regular,Lecture,AI Foundations,4.00,A-,EECS 592,Yes
Winter 2024,26946938,012198,WN 2024,EECS,595,001,Regular,Lecture,Nat Lang Proc,3.00,A+,EECS 595,Yes
Winter 2024,26946938,041934,FA 2023,SI,608,001,Regular,Lecture,Networks,3.00,A+,SI 608,No
Winter 2024,26946938,042104,FA 2023,SI,501,001,Regular,Lecture,Contextual Inq,3.00,A+,SI 501,No
Winter 2024,26946938,047901,WN 2024,SI,699,205,Regular,Lecture,MSI Mastery Courses,3.00,A+,SI 699,No
Winter 2024,26946938,048500,FA 2023,SI,670,001,Regular,Lecture,Appld Machine Learng,3.00,A,SI 670,No
Winter 2024,26946938,050663,WN 2024,SI,568,001,Regular,Lecture,Intro Appld Data Sci,1.50,A,SI 568,No
Winter 2024,26946938,050983,WN 2024,SI,602,001,Regular,Lecture,Math for ApplDataSci,3.00,A,SI 602,No
Winter 2024,27374097,009731,FA 2022,SI,580,001,Regular,Lecture,Records & Archives,3.00,A+,SI 580,No
Winter 2024,27374097,021042,FA 2023,SI,647,001,Regular,Lecture,Info Resources&Serv,3.00,A,SI 647,No
Winter 2024,27374097,021045,FA 2023,SI,666,001,Regular,Lecture,Org of Inf Resources,3.00,A,SI 666,No
Winter 2024,27374097,022326,WN 2024,SI,581,001,Regular,Lecture,Pres Info Resources,3.00,A,SI 581,No
Winter 2024,27374097,038659,FA 2022,SI,519,001,Regular,Seminar,Intel Prop&Info Law,3.00,A,SI 519,No
Winter 2024,27374097,038948,FA 2023,SI,632,001,Regular,Lecture,Appraisal & Coll Dev,3.00,A,SI 632,No
Winter 2024,27374097,039979,WN 2023,SI,623,001,Regular,Seminar,Res Meth Info Prof,3.00,A+,SI 623,No
Winter 2024,27374097,042104,FA 2022,SI,501,001,Regular,Lecture,Contextual Inq,3.00,A+,SI 501,No
Winter 2024,27374097,045393,WN 2024,SI,552,001,Regular,Lecture,Accessibility Intro,3.00,A-,SI 552,No
Winter 2024,27374097,047246,FA 2022,SI,506,001,Regular,Lecture,Programming I,3.00,A,SI 506,No
Winter 2024,27374097,047901,WN 2024,SI,699,028,Regular,Lecture,MSI Mastery Courses,3.00,A-,SI 699,No
Winter 2024,27374097,048280,WN 2023,SI,667,001,Regular,Lecture,Digital Curation,3.00,A+,SI 667,No
Winter 2024,27374097,050028,FA 2023,SI,583,001,Regular,Lecture,Info Accountability,3.00,A,SI 583,No
Winter 2024,27374097,050162,WN 2023,SI,510,001,Regular,Lecture,Information Ethics,3.00,A+,SI 510,No
Winter 2024,27374097,050165,WN 2023,SI,585,001,Regular,Lecture,Scholarly Comm,3.00,A+,SI 585,No
Winter 2024,27374097,051074,WN 2024,SI,626,001,Regular,Lecture,Manage NonProf Lib,3.00,A,SI 626,No
Winter 2024,27511813,001459,FA 2023,SI,690,460,Regular,Seminar,Intern/Field Exper,3.00,S,SI 690,No
Winter 2024,27511813,001459,WN 2024,SI,690,001,Regular,Seminar,Intern/Field Exper,3.00,S,SI 690,No
Winter 2024,27511813,021042,FA 2022,SI,647,001,Regular,Lecture,Info Resources&Serv,3.00,A+,SI 647,No
Winter 2024,27511813,021045,FA 2022,SI,666,001,Regular,Lecture,Org of Inf Resources,3.00,B,SI 666,No
Winter 2024,27511813,038659,FA 2023,SI,519,001,Regular,Seminar,Intel Prop&Info Law,3.00,A+,SI 519,No
Winter 2024,27511813,038948,FA 2023,SI,632,001,Regular,Lecture,Appraisal & Coll Dev,3.00,A,SI 632,No
Winter 2024,27511813,039979,WN 2023,SI,623,001,Regular,Seminar,Res Meth Info Prof,3.00,C-,SI 623,No
Winter 2024,27511813,040667,WN 2023,SI,681,001,Regular,Seminar,Intern/Field Seminar,3.00,S,SI 681,No
Winter 2024,27511813,042104,FA 2022,SI,501,002,Regular,Lecture,Contextual Inq,3.00,A,SI 501,No
Winter 2024,27511813,047246,FA 2022,SI,506,001,Regular,Lecture,Programming I,3.00,A-,SI 506,No
Winter 2024,27511813,047641,WN 2024,SI,540,001,Regular,Lecture,Privacy in Info Tech,3.00,C+,SI 540,No
Winter 2024,27511813,047901,WN 2024,SI,699,028,Regular,Lecture,MSI Mastery Courses,3.00,C+,SI 699,No
Winter 2024,27511813,048280,WN 2024,SI,667,001,Regular,Lecture,Digital Curation,3.00,B-,SI 667,No
Winter 2024,27511813,050028,FA 2023,SI,583,001,Regular,Lecture,Info Accountability,3.00,A-,SI 583,No
Winter 2024,27511813,050162,WN 2023,SI,510,001,Regular,Lecture,Information Ethics,3.00,W,SI 510,No
Winter 2024,27511813,050162,WN 2024,SI,510,001,Regular,Lecture,Information Ethics,3.00,A-,SI 510,No
Winter 2024,27511813,050163,FA 2023,SI,633,001,Regular,Lecture,Assesmnt Cultrl Inst,3.00,A,SI 633,No
Winter 2024,27511813,051074,WN 2023,SI,626,001,Regular,Lecture,Manage NonProf Lib,3.00,D,SI 626,No
Winter 2024,27773193,017281,FA 2022,SI,588,001,Regular,Lecture,Fundamntls Hum Beh,3.00,A,SI 588,No
Winter 2024,27773193,020401,WN 2023,SI,622,001,Regular,Lecture,Usab Eval & Needs,4.00,A,SI 622,No
Winter 2024,27773193,020934,FA 2023,SI,649,001,Regular,Lecture,Info Visualization,3.00,A-,SI 649,No
Winter 2024,27773193,021400,WN 2023,SI,520,002,Regular,Laboratory,Graphic Design,3.00,A-,SI 520,No
Winter 2024,27773193,022099,WN 2023,SI,658,001,Regular,Lecture,Info Architecture,3.00,A,SI 658,No
Winter 2024,27773193,039081,FA 2023,SI,529,001,Regular,Lecture,Online Communities,3.00,A,SI 529,No
Winter 2024,27773193,039178,WN 2023,SI,539,001,Regular,Lecture,Web Design,3.00,A,SI 539,No
Winter 2024,27773193,040667,WN 2023,SI,681,001,Regular,Seminar,Intern/Field Seminar,4.00,S,SI 681,No
Winter 2024,27773193,042104,FA 2022,SI,501,001,Regular,Lecture,Contextual Inq,3.00,A+,SI 501,No
Winter 2024,27773193,043863,WN 2024,SI,612,001,Regular,Lecture,Pervasv Interact Des,3.00,A,SI 612,No
Winter 2024,27773193,044772,FA 2022,SI,582,002,Regular,Lecture,Intro Interac Design,3.00,A,SI 582,No
Winter 2024,27773193,045687,FA 2023,SI,538,001,Regular,Seminar,Citizen Inter Design,4.00,A,SI 538,No
Winter 2024,27773193,047246,FA 2022,SI,506,001,Regular,Lecture,Programming I,3.00,A,SI 506,No
Winter 2024,27773193,047901,WN 2024,SI,699,601,Regular,Lecture,MSI Mastery Courses,3.00,A+,SI 699,No
Winter 2024,27773193,048129,WN 2023,SI,505,001,First 7 Wk,Lecture,Career/Intern Studio,1.00,S,SI 505,No
Winter 2024,27773193,049601,WN 2024,SI,564,001,Regular,Lecture,SQL & Databases,1.50,B+,SI 564,No
Winter 2024,27773193,050164,FA 2023,SI,504,001,Regular,Lecture,"Servers, Shell,&Git",1.50,A,SI 504,No
Winter 2024,28019520,001459,FA 2022,SI,690,390,Regular,Seminar,Intern/Field Exper,6.00,S,SI 690,No
Winter 2024,28019520,020934,FA 2022,SI,649,001,Regular,Lecture,Info Visualization,3.00,W,SI 649,No
Winter 2024,28019520,041934,FA 2023,SI,608,001,Regular,Lecture,Networks,3.00,A,SI 608,No
Winter 2024,28019520,045930,FA 2022,SI,671,001,Regular,Lecture,Data Mining,3.00,W,SI 671,No
Winter 2024,28019520,045930,FA 2023,SI,671,001,Regular,Lecture,Data Mining,3.00,B-,SI 671,No
Winter 2024,28019520,047901,WN 2024,SI,699,305,Regular,Lecture,MSI Mastery Courses,3.00,A,SI 699,No
Winter 2024,28019520,048095,WN 2023,SURVMETH,622,101,Regular,Lecture,Fund Data Collect II,3.00,A-,SURVMETH 622,Yes
Winter 2024,28019520,048500,FA 2023,SI,670,001,Regular,Lecture,Appld Machine Learng,3.00,C+,SI 670,No
Winter 2024,28019520,050663,WN 2023,SI,568,001,Regular,Lecture,Intro Appld Data Sci,3.00,W,SI 568,No
Winter 2024,28019520,050663,WN 2024,SI,568,001,Regular,Lecture,Intro Appld Data Sci,1.50,B,SI 568,No
Winter 2024,28381537,017281,FA 2023,SI,588,002,Regular,Lecture,Fundamntls Hum Beh,3.00,A,SI 588,No
Winter 2024,28381537,020401,WN 2024,SI,622,002,Regular,Lecture,Usab Eval & Needs,4.00,A,SI 622,No
Winter 2024,28381537,021391,FA 2024,SI,511,155,Regular,Lecture,Special Topics,3.00,A,SI 511,No
Winter 2024,28381537,021400,FA 2023,SI,520,001,Regular,Lecture,Graphic Design,3.00,B,SI 520,No
Winter 2024,28381537,022099,WN 2024,SI,658,001,Regular,Lecture,Info Architecture,3.00,A,SI 658,No
Winter 2024,28381537,039178,WN 2024,SI,539,001,Regular,Lecture,Web Design,3.00,B+,SI 539,No
Winter 2024,28381537,040667,WN 2024,SI,681,001,Regular,Seminar,Intern/Field Seminar,3.00,S,SI 681,No
Winter 2024,28381537,041957,WN 2024,ENGR,599,220,Regular,Laboratory,Spec Topics Engr,2.00,A,ENGR 599,Yes
Winter 2024,28381537,041957,FA 2024,ENGR,599,220,Regular,Laboratory,Spec Topics Engr,2.00,A,ENGR 599,Yes
Winter 2024,28381537,042104,FA 2023,SI,501,002,Regular,Lecture,Contextual Inq,3.00,A,SI 501,No
Winter 2024,28381537,044772,FA 2023,SI,582,004,Regular,Lecture,Intro Interac Design,3.00,A-,SI 582,No
Winter 2024,28381537,045687,FA 2024,SI,538,001,Regular,Seminar,Citizen Inter Design,4.00,A-,SI 538,No
Winter 2024,28381537,045732,WN 2024,SI,554,001,Regular,Lecture,Consumer Hlth Inform,3.00,A,SI 554,No
Winter 2024,28381537,045771,FA 2024,SI,684,001,Regular,Seminar,Design ConsHlth Tech,3.00,A+,SI 684,No
Winter 2024,28381537,047246,FA 2023,SI,506,001,Regular,Lecture,Programming I,3.00,A,SI 506,No
Winter 2024,28381537,047901,FA 2024,SI,699,201,Regular,Lecture,MSI Mastery Courses,3.00,A,SI 699,No
Winter 2024,29291012,001393,WN 2023,EECS,598,003,Regular,Lecture,Special Topics,3.00,A-,EECS 598,Yes
Winter 2024,29291012,005175,WN 2024,ENGLISH,578,002,Regular,Seminar,Creative Writing,3.00,A,ENGLISH 578,Yes
Winter 2024,29291012,012198,FA 2023,SI,561,001,Regular,Lecture,Nat Lang Proc,3.00,A,SI 561,No
Winter 2024,29291012,012457,FA 2023,EDUC,602,001,Regular,Seminar,Vidgms Lrng Sch Dsgn,3.00,A,EDUC 602,Yes
Winter 2024,29291012,016607,FA 2022,SI,544,001,Regular,Lecture,Intr Stat&Data Analy,3.00,A+,SI 544,No
Winter 2024,29291012,020372,FA 2023,EECS,573,001,Regular,Lecture,Microarch,3.00,A+,EECS 573,Yes
Winter 2024,29291012,020934,WN 2023,SI,649,002,Regular,Lecture,Info Visualization,3.00,A+,SI 649,No
Winter 2024,29291012,021400,FA 2022,SI,520,002,Regular,Lecture,Graphic Design,3.00,A,SI 520,No
Winter 2024,29291012,039178,FA 2022,SI,539,001,Regular,Lecture,Web Design,3.00,A+,SI 539,No
Winter 2024,29291012,040667,WN 2023,SI,681,001,Regular,Seminar,Intern/Field Seminar,6.00,S,SI 681,No
Winter 2024,29291012,042091,WN 2023,SI,618,001,Regular,Lecture,Data Man & Analysis,3.00,A+,SI 618,No
Winter 2024,29291012,047246,FA 2022,SI,506,001,Regular,Lecture,Programming I,3.00,A,SI 506,No
Winter 2024,29291012,047640,WN 2023,SI,507,001,Regular,Lecture,Inter Programming,3.00,A,SI 507,No
Winter 2024,29291012,048129,FA 2022,SI,505,001,Scnd 7 Wk,Lecture,Career/Intern Studio,1.00,S,SI 505,No
Winter 2024,29291012,048487,FA 2023,SI,669,001,Regular,Lecture,Dev Mobile Exp,3.00,A+,SI 669,No
Winter 2024,29291012,048488,FA 2023,SI,559,001,Regular,Lecture,AR/VR Intro,3.00,A,SI 559,No
Winter 2024,29291012,049040,WN 2024,SI,698,095,Regular,Seminar,Master's Thesis 2,3.00,A,SI 698,No
Winter 2024,29291012,049365,FA 2023,SI,697,095,Regular,Ind Study,Master's Thesis 1,3.00,S,SI 697,No
Winter 2024,29291012,050159,FA 2022,SI,579,001,Regular,Lecture,Bldg Interactive App,3.00,A+,SI 579,No
Winter 2024,29291012,050164,FA 2022,SI,504,001,Regular,Lecture,"Servers, Shell,&Git",1.50,A+,SI 504,No
Winter 2024,29291012,050663,WN 2023,SI,568,001,Regular,Lecture,Intro Appld Data Sci,3.00,A+,SI 568,No
Winter 2024,29291012,050983,WN 2023,SI,602,001,Regular,Lecture,Math for ApplDataSci,3.00,C+,SI 602,No
Winter 2024,29471150,020934,FA 2022,SI,649,001,Regular,Lecture,Info Visualization,3.00,A-,SI 649,No
Winter 2024,29471150,022099,WN 2023,SI,658,001,Regular,Lecture,Info Architecture,3.00,A,SI 658,No
Winter 2024,29471150,040667,WN 2023,SI,681,001,Regular,Seminar,Intern/Field Seminar,6.00,S,SI 681,No
Winter 2024,29471150,040667,WN 2024,SI,681,001,Regular,Seminar,Intern/Field Seminar,1.00,S,SI 681,No
Winter 2024,29471150,041507,FA 2022,SI,686,001,Scnd 7 Wk,Lecture,User-Gen Content,1.50,A,SI 686,No
Winter 2024,29471150,041626,FA 2022,SI,664,001,Regular,Lecture,Database App Design,3.00,A,SI 664,No
Winter 2024,29471150,041855,FA 2023,SI,631,001,Regular,Lecture,Agile Softwar Dev,1.50,A-,SI 631,No
Winter 2024,29471150,041985,FA 2024,SI,542,001,Regular,Lecture,Intro Health Infor,3.00,A,SI 542,No
Winter 2024,29471150,042091,FA 2022,SI,618,001,Regular,Lecture,Data Man & Analysis,3.00,A,SI 618,No
Winter 2024,29471150,042104,FA 2022,SI,501,001,Regular,Lecture,Contextual Inq,3.00,A,SI 501,No
Winter 2024,29471150,042324,WN 2024,SI,639,001,Regular,Lecture,Web Archiving,1.50,B+,SI 639,No
Winter 2024,29471150,044877,WN 2023,STATS,509,001,Regular,Lecture,Stats for Fin Data,3.00,C+,STATS 509,Yes
Winter 2024,29471150,045393,FA 2023,SI,552,001,Regular,Lecture,Accessibility Intro,3.00,NR,SI 552,No
Winter 2024,29471150,045930,FA 2022,SI,671,001,Regular,Lecture,Data Mining,3.00,A-,SI 671,No
Winter 2024,29471150,046740,WN 2024,NUTR,688,001,Regular,Seminar,Nutrition Seminar,0.50,S,NUTR 688,Yes
Winter 2024,29471150,047901,FA 2023,SI,699,005,Regular,Lecture,MSI Mastery Courses,3.00,B,SI 699,No
Winter 2024,29471150,048129,FA 2023,SI,505,002,Scnd 7 Wk,Lecture,Career/Intern Studio,1.00,S,SI 505,No
Winter 2024,29471150,048268,WN 2023,SI,630,001,Regular,Lecture,NLP Algorithm People,3.00,B,SI 630,No
Winter 2024,29471150,049601,FA 2022,SI,564,001,Regular,Lecture,SQL & Databases,1.50,A,SI 564,No
Winter 2024,29471150,050162,WN 2024,SI,510,001,Regular,Lecture,Information Ethics,3.00,S,SI 510,No
Winter 2024,29471150,050663,WN 2023,SI,568,001,Regular,Lecture,Intro Appld Data Sci,3.00,A,SI 568,No
Winter 2024,29471150,050983,WN 2023,SI,602,001,Regular,Lecture,Math for ApplDataSci,3.00,A-,SI 602,No
Winter 2024,29471150,051462,FA 2024,SI,644,001,Regular,Lecture,Adv SQL and Database,1.50,VI,SI 644,No
Winter 2024,30114053,017281,FA 2022,SI,588,001,Regular,Lecture,Fundamntls Hum Beh,3.00,A,SI 588,No
Winter 2024,30114053,020401,WN 2023,SI,622,001,Regular,Lecture,Usab Eval & Needs,4.00,A,SI 622,No
Winter 2024,30114053,021400,FA 2022,SI,520,001,Regular,Lecture,Graphic Design,3.00,A,SI 520,No
Winter 2024,30114053,022099,WN 2023,SI,658,001,Regular,Lecture,Info Architecture,3.00,A,SI 658,No
Winter 2024,30114053,039178,WN 2023,SI,539,001,Regular,Lecture,Web Design,3.00,A,SI 539,No
Winter 2024,30114053,040667,WN 2023,SI,681,001,Regular,Seminar,Intern/Field Seminar,6.00,S,SI 681,No
Winter 2024,30114053,042104,FA 2022,SI,501,002,Regular,Lecture,Contextual Inq,3.00,A,SI 501,No
Winter 2024,30114053,043863,FA 2023,SI,612,002,Regular,Lecture,Pervasv Interact Des,3.00,A-,SI 612,No
Winter 2024,30114053,044772,FA 2022,SI,582,004,Regular,Lecture,Intro Interac Design,3.00,A,SI 582,No
Winter 2024,30114053,045393,FA 2023,SI,552,001,Regular,Lecture,Accessibility Intro,3.00,C+,SI 552,No
Winter 2024,30114053,045687,FA 2023,SI,538,001,Regular,Seminar,Citizen Inter Design,4.00,A,SI 538,No
Winter 2024,30114053,047901,WN 2024,SI,699,501,Regular,Lecture,MSI Mastery Courses,3.00,A-,SI 699,No
Winter 2024,30114053,048129,FA 2022,SI,505,001,Scnd 7 Wk,Lecture,Career/Intern Studio,1.00,S,SI 505,No
Winter 2024,30114053,048488,FA 2023,SI,559,003,Regular,Lecture,AR/VR Intro,3.00,A,SI 559,No
Winter 2024,30114053,051454,WN 2024,SI,594,001,Regular,Lecture,Auto UX,3.00,A,SI 594,No
Winter 2024,30420344,017281,FA 2022,SI,588,001,Regular,Lecture,Fundamntls Hum Beh,3.00,A,SI 588,No
Winter 2024,30420344,020401,WN 2023,SI,622,001,Regular,Lecture,Usab Eval & Needs,4.00,A,SI 622,No
Winter 2024,30420344,020803,WN 2024,SI,643,001,Regular,Lecture,Instructional Skills,3.00,A+,SI 643,No
Winter 2024,30420344,021391,WN 2024,SI,511,151,Regular,Lecture,Special Topics,1.50,A+,SI 511,No
Winter 2024,30420344,021400,WN 2023,SI,520,002,Regular,Laboratory,Graphic Design,3.00,A,SI 520,No
Winter 2024,30420344,039178,WN 2023,SI,539,001,Regular,Lecture,Web Design,3.00,A,SI 539,No
Winter 2024,30420344,041855,FA 2022,SI,631,001,Regular,Lecture,Agile Softwar Dev,1.50,A,SI 631,No
Winter 2024,30420344,042104,FA 2022,SI,501,002,Regular,Lecture,Contextual Inq,3.00,A-,SI 501,No
Winter 2024,30420344,043863,FA 2023,SI,612,001,Regular,Lecture,Pervasv Interact Des,3.00,A+,SI 612,No
Winter 2024,30420344,044772,FA 2022,SI,582,005,Regular,Lecture,Intro Interac Design,3.00,A+,SI 582,No
Winter 2024,30420344,045393,FA 2023,SI,552,001,Regular,Lecture,Accessibility Intro,3.00,A,SI 552,No
Winter 2024,30420344,046306,FA 2023,SI,616,001,Regular,Lecture,Adv Graphic Design,3.00,A,SI 616,No
Winter 2024,30420344,047246,FA 2022,SI,506,001,Regular,Lecture,Programming I,3.00,A,SI 506,No
Winter 2024,30420344,047849,WN 2024,ARTSADMN,533,001,Regular,Lecture,Media Tech Careers,1.00,A,ARTSADMN 533,Yes
Winter 2024,30420344,047901,WN 2024,SI,699,001,Regular,Lecture,MSI Mastery Courses,3.00,A+,SI 699,No
Winter 2024,30420344,048488,FA 2023,SI,559,003,Regular,Lecture,AR/VR Intro,3.00,A,SI 559,No
Winter 2024,30420344,050136,FA 2023,UARTS,560,102,Regular,Laboratory,Grad ArtsEng Proj,2.00,A,UARTS 560,Yes
Winter 2024,30420344,050136,WN 2024,UARTS,560,102,Regular,Laboratory,Grad ArtsEng Proj,2.00,A,UARTS 560,Yes
Winter 2024,30633933,017281,FA 2023,SI,588,001,Regular,Lecture,Fundamntls Hum Beh,3.00,A-,SI 588,No
Winter 2024,30633933,018269,WN 2024,MO,605,001,First 7 Wk,Recitation,Lead Inclusive Orgs,1.50,A-,MO 605,Yes
Winter 2024,30633933,020401,WN 2022,SI,622,001,Regular,Lecture,Usab Eval & Needs,4.00,A,SI 622,No
Winter 2024,30633933,021042,FA 2021,SI,647,001,Regular,Lecture,Info Resources&Serv,3.00,A,SI 647,No
Winter 2024,30633933,021400,FA 2020,SI,520,002,Regular,Lecture,Graphic Design,3.00,B,SI 520,No
Winter 2024,30633933,022326,WN 2023,SI,581,001,Regular,Lecture,Pres Info Resources,3.00,A,SI 581,No
Winter 2024,30633933,038659,FA 2021,SI,519,001,Regular,Seminar,Intel Prop&Info Law,3.00,A,SI 519,No
Winter 2024,30633933,039081,WN 2021,SI,529,001,Regular,Lecture,Online Communities,3.00,B,SI 529,No
Winter 2024,30633933,039178,WN 2023,SI,539,001,Regular,Lecture,Web Design,3.00,A,SI 539,No
Winter 2024,30633933,039979,WN 2023,SI,623,001,Regular,Seminar,Res Meth Info Prof,3.00,A,SI 623,No
Winter 2024,30633933,042324,WN 2023,SI,639,001,Scnd 7 Wk,Lecture,Web Archiving,1.50,A,SI 639,No
Winter 2024,30633933,043863,WN 2024,SI,612,001,Regular,Lecture,Pervasv Interact Des,3.00,A,SI 612,No
Winter 2024,30633933,044772,FA 2020,SI,582,003,Regular,Lecture,Intro Interac Design,3.00,A,SI 582,No
Winter 2024,30633933,045393,FA 2023,SI,552,001,Regular,Lecture,Accessibility Intro,3.00,A,SI 552,No
Winter 2024,30633933,047246,WN 2021,SI,506,101,Regular,Lecture,Programming I,3.00,NRC,SI 506,No
Winter 2024,30633933,047246,FA 2022,SI,506,001,Regular,Lecture,Programming I,3.00,B,SI 506,No
Winter 2024,30633933,047901,WN 2024,SI,699,201,Regular,Lecture,MSI Mastery Courses,3.00,A+,SI 699,No
Winter 2024,30633933,050162,WN 2022,SI,510,001,Regular,Lecture,Information Ethics,3.00,A-,SI 510,No
Winter 2024,30771844,001459,WN 2023,SI,690,001,Regular,Seminar,Intern/Field Exper,3.00,S,SI 690,No
Winter 2024,30771844,022099,WN 2023,SI,658,001,Regular,Lecture,Info Architecture,3.00,A+,SI 658,No
Winter 2024,30771844,039081,WN 2023,SI,529,001,Regular,Lecture,Online Communities,3.00,B+,SI 529,No
Winter 2024,30771844,039178,FA 2021,SI,539,001,Regular,Lecture,Web Design,3.00,A,SI 539,No
Winter 2024,30771844,040667,WN 2023,SI,681,001,Regular,Seminar,Intern/Field Seminar,6.00,S,SI 681,No
Winter 2024,30771844,041626,FA 2023,SI,664,001,Regular,Lecture,Database App Design,3.00,A,SI 664,No
Winter 2024,30771844,043863,WN 2023,SI,612,001,Regular,Lecture,Pervasv Interact Des,3.00,B,SI 612,No
Winter 2024,30771844,044772,WN 2022,SI,582,001,Regular,Lecture,Intro Interac Design,3.00,A+,SI 582,No
Winter 2024,30771844,047246,FA 2021,SI,506,101,Regular,Lecture,Programming I,3.00,A,SI 506,No
Winter 2024,30771844,049040,WN 2024,SI,698,153,Regular,Seminar,Master's Thesis 2,3.00,A,SI 698,No
Winter 2024,30771844,049365,FA 2023,SI,697,153,Regular,Ind Study,Master's Thesis 1,3.00,S,SI 697,No
Winter 2024,30823513,001393,WN 2024,EECS,598,016,Regular,Lecture,Special Topics,3.00,A,EECS 598,Yes
Winter 2024,30823513,001459,FA 2023,SI,690,460,Regular,Seminar,Intern/Field Exper,3.00,S,SI 690,No
Winter 2024,30823513,009732,FA 2022,SI,650,001,Regular,Lecture,Informatn Retrieval,3.00,A+,SI 650,No
Winter 2024,30823513,014746,WN 2024,EECS,542,001,Regular,Lecture,Adv Top Comp Vision,3.00,A,EECS 542,Yes
Winter 2024,30823513,016607,FA 2022,SI,544,001,Regular,Lecture,Intr Stat&Data Analy,3.00,A+,SI 544,No
Winter 2024,30823513,020934,FA 2023,SI,649,001,Regular,Lecture,Info Visualization,3.00,A,SI 649,No
Winter 2024,30823513,022099,WN 2023,SI,658,001,Regular,Lecture,Info Architecture,3.00,A,SI 658,No
Winter 2024,30823513,040667,WN 2023,SI,681,001,Regular,Seminar,Intern/Field Seminar,5.00,S,SI 681,No
Winter 2024,30823513,041626,WN 2023,SI,664,001,Regular,Lecture,Database App Design,3.00,A,SI 664,No
Winter 2024,30823513,042104,FA 2022,SI,501,001,Regular,Lecture,Contextual Inq,3.00,A,SI 501,No
Winter 2024,30823513,044772,FA 2022,SI,582,003,Regular,Lecture,Intro Interac Design,3.00,A,SI 582,No
Winter 2024,30823513,048268,WN 2023,SI,630,001,Regular,Lecture,NLP Algorithm People,3.00,A,SI 630,No
Winter 2024,30823513,048488,FA 2023,SI,559,003,Regular,Lecture,AR/VR Intro,3.00,A+,SI 559,No
Winter 2024,30823513,049040,WN 2024,SI,698,066,Regular,Seminar,Master's Thesis 2,3.00,A-,SI 698,No
Winter 2024,30823513,049365,FA 2023,SI,697,066,Regular,Ind Study,Master's Thesis 1,3.00,S,SI 697,No
Winter 2024,30823513,049601,WN 2023,SI,564,001,Regular,Lecture,SQL & Databases,1.50,A,SI 564,No
Winter 2024,31138008,016408,WN 2024,MKT,630,001,Scnd 7 Wk,Recitation,Marketing Engineerin,2.25,A,MKT 630,Yes
Winter 2024,31138008,017281,FA 2021,SI,588,001,Regular,Lecture,Fundamntls Hum Beh,3.00,A,SI 588,No
Winter 2024,31138008,020401,WN 2022,SI,622,001,Regular,Lecture,Usab Eval & Needs,4.00,A,SI 622,No
Winter 2024,31138008,020997,FA 2021,BCOM,561,001,First 7 Wk,Recitation,Mgt Presentatn,1.50,A,BCOM 561,Yes
Winter 2024,31138008,021400,WN 2022,SI,520,001,Regular,Lecture,Graphic Design,3.00,A-,SI 520,No
Winter 2024,31138008,039178,WN 2024,SI,539,001,Regular,Lecture,Web Design,3.00,C+,SI 539,No
Winter 2024,31138008,039368,WN 2022,SI,627,001,Regular,Lecture,Managing the IT Org,3.00,A+,SI 627,No
Winter 2024,31138008,040667,WN 2022,SI,681,001,Regular,Seminar,Intern/Field Seminar,6.00,S,SI 681,No
Winter 2024,31138008,041376,FA 2021,BA,612,001,Scnd 7 Wk,Recitation,Bus Strat Base Pyrmd,2.25,A,BA 612,Yes
Winter 2024,31138008,042104,FA 2021,SI,501,002,Regular,Lecture,Contextual Inq,3.00,A,SI 501,No
Winter 2024,31138008,047246,FA 2021,SI,506,001,Regular,Lecture,Programming I,3.00,A,SI 506,No
Winter 2024,31138008,047901,WN 2024,SI,699,301,Regular,Lecture,MSI Mastery Courses,3.00,B+,SI 699,No
Winter 2024,31138008,049417,WN 2022,BA,670,001,Regular,Recitation,+Impact Studio,3.00,A,BA 670,Yes
Winter 2024,31138008,050162,WN 2024,SI,510,001,Regular,Lecture,Information Ethics,3.00,B,SI 510,No
Winter 2024,31138008,050610,WN 2024,STRATEGY,688,001,First 7 Wk,Recitation,Power of Prestige,2.25,A-,STRATEGY 688,Yes
Winter 2024,31401806,017281,FA 2022,SI,588,002,Regular,Lecture,Fundamntls Hum Beh,3.00,A,SI 588,No
Winter 2024,31401806,017533,FA 2023,MO,512,005,Scnd 7 Wk,Recitation,Bargain&Infl Skills,2.25,B,MO 512,Yes
Winter 2024,31401806,020401,WN 2023,SI,622,001,Regular,Lecture,Usab Eval & Needs,4.00,A,SI 622,No
Winter 2024,31401806,021391,WN 2024,SI,511,073,Regular,Lecture,Special Topics,3.00,A-,SI 511,No
Winter 2024,31401806,021391,WN 2024,SI,511,151,Regular,Lecture,Special Topics,1.50,A,SI 511,No
Winter 2024,31401806,021400,WN 2023,SI,520,002,Regular,Laboratory,Graphic Design,3.00,A,SI 520,No
Winter 2024,31401806,022099,WN 2023,SI,658,001,Regular,Lecture,Info Architecture,3.00,A,SI 658,No
Winter 2024,31401806,039178,WN 2023,SI,539,001,Regular,Lecture,Web Design,3.00,A,SI 539,No
Winter 2024,31401806,042104,FA 2022,SI,501,002,Regular,Lecture,Contextual Inq,3.00,A,SI 501,No
Winter 2024,31401806,044772,FA 2022,SI,582,004,Regular,Lecture,Intro Interac Design,3.00,A,SI 582,No
Winter 2024,31401806,045393,FA 2023,SI,552,001,Regular,Lecture,Accessibility Intro,3.00,B,SI 552,No
Winter 2024,31401806,045687,FA 2023,SI,538,001,Regular,Seminar,Citizen Inter Design,4.00,A,SI 538,No
Winter 2024,31401806,047246,FA 2022,SI,506,001,Regular,Lecture,Programming I,3.00,A,SI 506,No
Winter 2024,31401806,047892,FA 2023,SI,605,001,Regular,Laboratory,Interdisc Prob Solv,3.00,A-,SI 605,No
Winter 2024,31401806,047901,WN 2024,SI,699,501,Regular,Lecture,MSI Mastery Courses,3.00,A-,SI 699,No
Winter 2024,31401806,048129,FA 2022,SI,505,001,Scnd 7 Wk,Lecture,Career/Intern Studio,1.00,S,SI 505,No
Winter 2024,31401806,048488,FA 2023,SI,559,001,Regular,Lecture,AR/VR Intro,3.00,A-,SI 559,No
Winter 2024,31401806,049601,WN 2024,SI,564,001,Regular,Lecture,SQL & Databases,1.50,A-,SI 564,No
Winter 2024,31401806,049834,WN 2024,SI,591,001,Regular,Lecture,Humanitarian Innov,3.00,A,SI 591,No
Winter 2024,31437656,017281,FA 2023,SI,588,002,Regular,Lecture,Fundamntls Hum Beh,3.00,A,SI 588,No
Winter 2024,31437656,020401,WN 2023,SI,622,002,Regular,Lecture,Usab Eval & Needs,4.00,A,SI 622,No
Winter 2024,31437656,021050,WN 2024,SI,691,161,Regular,Ind Study,Independent Study,1.00,A+,SI 691,No
Winter 2024,31437656,021400,WN 2023,SI,520,003,Regular,Laboratory,Graphic Design,3.00,A,SI 520,No
Winter 2024,31437656,022099,WN 2024,SI,658,001,Regular,Lecture,Info Architecture,3.00,A+,SI 658,No
Winter 2024,31437656,039081,FA 2023,SI,529,001,Regular,Lecture,Online Communities,3.00,A,SI 529,No
Winter 2024,31437656,039178,WN 2023,SI,539,001,Regular,Lecture,Web Design,3.00,A,SI 539,No
Winter 2024,31437656,040667,WN 2023,SI,681,001,Regular,Seminar,Intern/Field Seminar,6.00,S,SI 681,No
Winter 2024,31437656,042104,FA 2022,SI,501,001,Regular,Lecture,Contextual Inq,3.00,A,SI 501,No
Winter 2024,31437656,043863,FA 2023,SI,612,002,Regular,Lecture,Pervasv Interact Des,3.00,A+,SI 612,No
Winter 2024,31437656,044772,FA 2022,SI,582,003,Regular,Lecture,Intro Interac Design,3.00,A,SI 582,No
Winter 2024,31437656,045393,FA 2023,SI,552,001,Regular,Lecture,Accessibility Intro,3.00,A+,SI 552,No
Winter 2024,31437656,046306,WN 2024,SI,616,001,Regular,Lecture,Adv Graphic Design,3.00,A,SI 616,No
Winter 2024,31437656,047246,FA 2022,SI,506,001,Regular,Lecture,Programming I,3.00,A,SI 506,No
Winter 2024,31437656,047901,WN 2024,SI,699,401,Regular,Lecture,MSI Mastery Courses,3.00,A,SI 699,No
Winter 2024,31437656,048129,WN 2023,SI,505,001,First 7 Wk,Lecture,Career/Intern Studio,1.00,S,SI 505,No
Winter 2024,31461662,009732,FA 2023,SI,650,001,Regular,Lecture,Informatn Retrieval,3.00,A+,SI 650,No
Winter 2024,31461662,020934,WN 2024,SI,649,001,Regular,Lecture,Info Visualization,3.00,A+,SI 649,No
Winter 2024,31461662,021400,FA 2022,SI,520,001,Regular,Lecture,Graphic Design,3.00,A-,SI 520,No
Winter 2024,31461662,040667,WN 2023,SI,681,001,Regular,Seminar,Intern/Field Seminar,6.00,S,SI 681,No
Winter 2024,31461662,042091,WN 2023,SI,618,001,Regular,Lecture,Data Man & Analysis,3.00,A+,SI 618,No
Winter 2024,31461662,042104,FA 2022,SI,501,001,Regular,Lecture,Contextual Inq,3.00,A+,SI 501,No
Winter 2024,31461662,045930,FA 2023,SI,671,001,Regular,Lecture,Data Mining,3.00,A,SI 671,No
Winter 2024,31461662,047640,FA 2022,SI,507,001,Regular,Lecture,Inter Programming,3.00,A,SI 507,No
Winter 2024,31461662,047901,WN 2024,SI,699,205,Regular,Lecture,MSI Mastery Courses,3.00,A+,SI 699,No
Winter 2024,31461662,048268,WN 2023,SI,630,001,Regular,Lecture,NLP Algorithm People,3.00,A+,SI 630,No
Winter 2024,31461662,048500,FA 2023,SI,670,001,Regular,Lecture,Appld Machine Learng,3.00,A,SI 670,No
Winter 2024,31461662,049601,FA 2022,SI,564,001,Regular,Lecture,SQL & Databases,1.50,A,SI 564,No
Winter 2024,31461662,050159,WN 2024,SI,579,001,Regular,Lecture,Bldg Interactive App,3.00,A,SI 579,No
Winter 2024,31461662,050164,FA 2022,SI,504,001,Regular,Lecture,"Servers, Shell,&Git",1.50,A+,SI 504,No
Winter 2024,31461662,050663,WN 2023,SI,568,001,Regular,Lecture,Intro Appld Data Sci,3.00,A+,SI 568,No
Winter 2024,31461662,050983,WN 2023,SI,602,001,Regular,Lecture,Math for ApplDataSci,3.00,B+,SI 602,No
Winter 2024,31641295,001459,FA 2023,SI,690,440,Regular,Seminar,Intern/Field Exper,6.00,S,SI 690,No
Winter 2024,31641295,001459,FA 2023,SI,690,460,Regular,Seminar,Intern/Field Exper,3.00,S,SI 690,No
Winter 2024,31641295,022099,WN 2024,SI,658,001,Regular,Lecture,Info Architecture,3.00,A,SI 658,No
Winter 2024,31641295,043863,FA 2023,SI,612,002,Regular,Lecture,Pervasv Interact Des,3.00,A+,SI 612,No
Winter 2024,31641295,046306,FA 2023,SI,616,001,Regular,Lecture,Adv Graphic Design,3.00,A-,SI 616,No
Winter 2024,31641295,047228,FA 2023,ENTR,500,003,Regular,Lecture,Intro to Innovation,3.00,A,ENTR 500,Yes
Winter 2024,31641295,047304,WN 2024,ENTR,550,001,Regular,Lecture,Interpersonal Skills,3.00,A,ENTR 550,Yes
Winter 2024,31641295,047901,WN 2024,SI,699,401,Regular,Lecture,MSI Mastery Courses,3.00,A+,SI 699,No
Winter 2024,31641295,048421,WN 2024,ENTR,560,002,Regular,Lecture,Proj Mgmt Consulting,3.00,A,ENTR 560,Yes
Winter 2024,31641295,051111,FA 2023,EAS,506,001,Regular,Seminar,Intro to R,1.00,S,EAS 506,Yes
Winter 2024,31889818,001459,WN 2024,SI,690,001,Regular,Seminar,Intern/Field Exper,3.00,S,SI 690,No
Winter 2024,31889818,012772,WN 2024,SI,548,001,Regular,Seminar,Prin Soft Design,3.00,A-,SI 548,No
Winter 2024,31889818,017281,FA 2022,SI,588,001,Regular,Lecture,Fundamntls Hum Beh,3.00,B-,SI 588,No
Winter 2024,31889818,020401,WN 2023,SI,622,002,Regular,Lecture,Usab Eval & Needs,4.00,A,SI 622,No
Winter 2024,31889818,039081,FA 2023,SI,529,001,Regular,Lecture,Online Communities,3.00,B,SI 529,No
Winter 2024,31889818,039178,WN 2023,SI,539,001,Regular,Lecture,Web Design,3.00,W,SI 539,No
Winter 2024,31889818,039178,FA 2023,SI,539,001,Regular,Lecture,Web Design,3.00,B-,SI 539,No
Winter 2024,31889818,040667,WN 2023,SI,681,001,Regular,Seminar,Intern/Field Seminar,6.00,S,SI 681,No
Winter 2024,31889818,042104,FA 2022,SI,501,001,Regular,Lecture,Contextual Inq,3.00,B+,SI 501,No
Winter 2024,31889818,043863,WN 2023,SI,612,002,Regular,Lecture,Pervasv Interact Des,3.00,A-,SI 612,No
Winter 2024,31889818,044772,FA 2022,SI,582,005,Regular,Lecture,Intro Interac Design,3.00,A,SI 582,No
Winter 2024,31889818,045393,WN 2024,SI,552,001,Regular,Lecture,Accessibility Intro,3.00,B,SI 552,No
Winter 2024,31889818,047246,FA 2022,SI,506,001,Regular,Lecture,Programming I,3.00,W,SI 506,No
Winter 2024,31889818,047246,WN 2023,SI,506,001,Regular,Lecture,Programming I,3.00,D+,SI 506,No
Winter 2024,31889818,047246,FA 2023,SI,506,001,Regular,Lecture,Programming I,3.00,A,SI 506,No
Winter 2024,31889818,047641,WN 2024,SI,540,001,Regular,Lecture,Privacy in Info Tech,3.00,B-,SI 540,No
Winter 2024,31889818,047901,WN 2024,SI,699,601,Regular,Lecture,MSI Mastery Courses,3.00,A+,SI 699,No
Winter 2024,31889818,048488,FA 2023,SI,559,003,Regular,Lecture,AR/VR Intro,3.00,D,SI 559,No
Winter 2024,31889818,050164,FA 2023,SI,504,001,Regular,Lecture,"Servers, Shell,&Git",1.50,W,SI 504,No
Winter 2024,31889818,051454,WN 2024,SI,594,001,Regular,Lecture,Auto UX,3.00,A,SI 594,No
Winter 2024,32110336,017281,FA 2022,SI,588,001,Regular,Lecture,Fundamntls Hum Beh,3.00,B,SI 588,No
Winter 2024,32110336,020401,WN 2023,SI,622,001,Regular,Lecture,Usab Eval & Needs,4.00,A,SI 622,No
Winter 2024,32110336,021391,WN 2024,SI,511,073,Regular,Lecture,Special Topics,3.00,A,SI 511,No
Winter 2024,32110336,021400,WN 2023,SI,520,002,Regular,Laboratory,Graphic Design,3.00,A-,SI 520,No
Winter 2024,32110336,039081,WN 2024,SI,529,001,Regular,Lecture,Online Communities,3.00,A,SI 529,No
Winter 2024,32110336,039178,WN 2023,SI,539,001,Regular,Lecture,Web Design,3.00,B,SI 539,No
Winter 2024,32110336,042104,FA 2022,SI,501,001,Regular,Lecture,Contextual Inq,3.00,A+,SI 501,No
Winter 2024,32110336,043366,WN 2024,SI,617,001,Regular,Lecture,Choice Architecture,3.00,B-,SI 617,No
Winter 2024,32110336,043863,FA 2023,SI,612,001,Regular,Lecture,Pervasv Interact Des,3.00,A-,SI 612,No
Winter 2024,32110336,044772,FA 2022,SI,582,004,Regular,Lecture,Intro Interac Design,3.00,A,SI 582,No
Winter 2024,32110336,045393,FA 2023,SI,552,001,Regular,Lecture,Accessibility Intro,3.00,B+,SI 552,No
Winter 2024,32110336,046306,FA 2023,SI,616,001,Regular,Lecture,Adv Graphic Design,3.00,B,SI 616,No
Winter 2024,32110336,047246,FA 2022,SI,506,001,Regular,Lecture,Programming I,3.00,W,SI 506,No
Winter 2024,32110336,047246,WN 2023,SI,506,001,Regular,Lecture,Programming I,3.00,W,SI 506,No
Winter 2024,32110336,047246,FA 2023,SI,506,001,Regular,Lecture,Programming I,3.00,B-,SI 506,No
Winter 2024,32110336,047641,WN 2024,SI,540,001,Regular,Lecture,Privacy in Info Tech,3.00,A-,SI 540,No
Winter 2024,32110336,047901,WN 2024,SI,699,601,Regular,Lecture,MSI Mastery Courses,3.00,A+,SI 699,No
Winter 2024,32110336,048129,FA 2023,SI,505,002,Scnd 7 Wk,Lecture,Career/Intern Studio,1.00,S,SI 505,No
Winter 2024,32110336,048488,FA 2023,SI,559,002,Regular,Lecture,AR/VR Intro,3.00,W,SI 559,No
Winter 2024,32110336,050164,WN 2024,SI,504,001,Regular,Lecture,"Servers, Shell,&Git",1.50,B-,SI 504,No
Winter 2024,32217631,009732,FA 2023,SI,650,001,Regular,Lecture,Informatn Retrieval,3.00,B,SI 650,No
Winter 2024,32217631,016607,FA 2022,SI,544,001,Regular,Lecture,Intr Stat&Data Analy,3.00,A+,SI 544,No
Winter 2024,32217631,020934,FA 2023,SI,649,101,Regular,Lecture,Info Visualization,3.00,A,SI 649,No
Winter 2024,32217631,039081,WN 2023,SI,529,001,Regular,Lecture,Online Communities,3.00,A,SI 529,No
Winter 2024,32217631,040667,WN 2023,SI,681,001,Regular,Seminar,Intern/Field Seminar,6.00,S,SI 681,No
Winter 2024,32217631,041934,FA 2023,SI,608,001,Regular,Lecture,Networks,3.00,A,SI 608,No
Winter 2024,32217631,042091,WN 2023,SI,618,001,Regular,Lecture,Data Man & Analysis,3.00,A+,SI 618,No
Winter 2024,32217631,042104,FA 2022,SI,501,002,Regular,Lecture,Contextual Inq,3.00,A,SI 501,No
Winter 2024,32217631,043210,FA 2022,SI,534,001,Regular,Lecture,Theories Soc Influen,3.00,A-,SI 534,No
Winter 2024,32217631,045930,FA 2023,SI,671,001,Regular,Lecture,Data Mining,3.00,B+,SI 671,No
Winter 2024,32217631,047640,FA 2022,SI,507,001,Regular,Lecture,Inter Programming,3.00,A,SI 507,No
Winter 2024,32217631,047901,WN 2024,SI,699,205,Regular,Lecture,MSI Mastery Courses,3.00,A,SI 699,No
Winter 2024,32217631,050447,FA 2023,SI,624,001,Regular,Lecture,Health Data Analysis,3.00,A-,SI 624,No
Winter 2024,32217631,050663,WN 2023,SI,568,001,Regular,Lecture,Intro Appld Data Sci,3.00,A-,SI 568,No
Winter 2024,32217631,050983,WN 2023,SI,602,001,Regular,Lecture,Math for ApplDataSci,3.00,B,SI 602,No
Winter 2024,32433054,001459,FA 2023,SI,690,460,Regular,Seminar,Intern/Field Exper,5.00,S,SI 690,No
Winter 2024,32433054,016607,FA 2023,SI,544,001,Regular,Lecture,Intr Stat&Data Analy,3.00,A+,SI 544,No
Winter 2024,32433054,017281,FA 2023,SI,588,002,Regular,Lecture,Fundamntls Hum Beh,3.00,A,SI 588,No
Winter 2024,32433054,020401,WN 2023,SI,622,001,Regular,Lecture,Usab Eval & Needs,4.00,A,SI 622,No
Winter 2024,32433054,021391,WN 2024,SI,511,151,Regular,Lecture,Special Topics,1.50,A+,SI 511,No
Winter 2024,32433054,021400,FA 2022,SI,520,002,Regular,Lecture,Graphic Design,3.00,A+,SI 520,No
Winter 2024,32433054,039178,WN 2023,SI,539,001,Regular,Lecture,Web Design,3.00,A,SI 539,No
Winter 2024,32433054,041626,FA 2023,SI,664,001,Regular,Lecture,Database App Design,3.00,A,SI 664,No
Winter 2024,32433054,042104,FA 2022,SI,501,001,Regular,Lecture,Contextual Inq,3.00,A,SI 501,No
Winter 2024,32433054,044772,FA 2022,SI,582,003,Regular,Lecture,Intro Interac Design,3.00,A,SI 582,No
Winter 2024,32433054,047246,FA 2022,SI,506,001,Regular,Lecture,Programming I,3.00,A,SI 506,No
Winter 2024,32433054,047901,WN 2024,SI,699,003,Regular,Lecture,MSI Mastery Courses,3.00,A,SI 699,No
Winter 2024,32433054,048129,WN 2023,SI,505,001,First 7 Wk,Lecture,Career/Intern Studio,1.00,S,SI 505,No
Winter 2024,32433054,048488,FA 2023,SI,559,002,Regular,Lecture,AR/VR Intro,3.00,A,SI 559,No
Winter 2024,32433054,050159,WN 2023,SI,579,001,Regular,Lecture,Bldg Interactive App,3.00,B,SI 579,No
Winter 2024,32433054,050164,WN 2023,SI,504,001,Regular,Lecture,"Servers, Shell,&Git",1.50,A,SI 504,No
Winter 2024,32433054,051454,WN 2024,SI,594,001,Regular,Lecture,Auto UX,3.00,A,SI 594,No
Winter 2024,32636557,001459,FA 2023,SI,690,440,Regular,Seminar,Intern/Field Exper,6.00,S,SI 690,No
Winter 2024,32636557,001459,WN 2024,SI,690,001,Regular,Seminar,Intern/Field Exper,3.00,S,SI 690,No
Winter 2024,32636557,021391,WN 2024,SI,511,073,Regular,Lecture,Special Topics,3.00,A,SI 511,No
Winter 2024,32636557,021391,WN 2024,SI,511,151,Regular,Lecture,Special Topics,1.50,A+,SI 511,No
Winter 2024,32636557,042104,FA 2023,SI,501,002,Regular,Lecture,Contextual Inq,3.00,A,SI 501,No
Winter 2024,32636557,043210,FA 2023,SI,534,001,Regular,Lecture,Theories Soc Influen,3.00,A,SI 534,No
Winter 2024,32636557,044798,WN 2024,ENTR,599,311,Regular,Lecture,Spec Topics Entr,2.00,A,ENTR 599,Yes
Winter 2024,32636557,045771,FA 2023,SI,684,001,Regular,Seminar,Design ConsHlth Tech,3.00,A,SI 684,No
Winter 2024,32636557,047901,WN 2024,SI,699,501,Regular,Lecture,MSI Mastery Courses,3.00,A-,SI 699,No
Winter 2024,32636557,048488,FA 2023,SI,559,003,Regular,Lecture,AR/VR Intro,3.00,A,SI 559,No
Winter 2024,32911033,001459,FA 2023,SI,690,460,Regular,Seminar,Intern/Field Exper,3.00,S,SI 690,No
Winter 2024,32911033,019903,FA 2023,TO,548,001,Regular,Recitation,Integ Pro Dev,3.00,A-,TO 548,Yes
Winter 2024,32911033,020379,FA 2023,IOE,548,001,Regular,Lecture,Int Prod Dev,3.00,A,IOE 548,Yes
Winter 2024,32911033,020401,WN 2023,SI,622,002,Regular,Lecture,Usab Eval & Needs,4.00,A,SI 622,No
Winter 2024,32911033,020803,WN 2023,SI,643,001,Regular,Lecture,Instructional Skills,3.00,A+,SI 643,No
Winter 2024,32911033,021050,FA 2023,SI,691,084,Regular,Ind Study,Independent Study,4.00,A,SI 691,No
Winter 2024,32911033,021400,FA 2022,SI,520,001,Regular,Lecture,Graphic Design,3.00,A,SI 520,No
Winter 2024,32911033,039178,WN 2023,SI,539,001,Regular,Lecture,Web Design,3.00,A,SI 539,No
Winter 2024,32911033,039534,FA 2023,ARTDES,170,001,Regular,Laboratory,Drawing,3.00,A,ARTDES 170,Yes
Winter 2024,32911033,040667,WN 2023,SI,681,001,Regular,Seminar,Intern/Field Seminar,6.00,S,SI 681,No
Winter 2024,32911033,042104,FA 2022,SI,501,002,Regular,Lecture,Contextual Inq,3.00,A+,SI 501,No
Winter 2024,32911033,044772,FA 2022,SI,582,004,Regular,Lecture,Intro Interac Design,3.00,A,SI 582,No
Winter 2024,32911033,045771,FA 2023,SI,684,001,Regular,Seminar,Design ConsHlth Tech,3.00,A+,SI 684,No
Winter 2024,32911033,046306,WN 2023,SI,616,001,Regular,Lecture,Adv Graphic Design,3.00,A-,SI 616,No
Winter 2024,32911033,047901,WN 2024,SI,699,201,Regular,Lecture,MSI Mastery Courses,3.00,A+,SI 699,No
Winter 2024,32911033,048129,FA 2022,SI,505,001,Scnd 7 Wk,Lecture,Career/Intern Studio,1.00,S,SI 505,No
Winter 2024,33361195,017281,FA 2023,SI,588,002,Regular,Lecture,Fundamntls Hum Beh,3.00,A,SI 588,No
Winter 2024,33361195,020401,WN 2023,SI,622,002,Regular,Lecture,Usab Eval & Needs,4.00,A,SI 622,No
Winter 2024,33361195,021400,FA 2022,SI,520,002,Regular,Lecture,Graphic Design,3.00,A,SI 520,No
Winter 2024,33361195,022099,WN 2023,SI,658,001,Regular,Lecture,Info Architecture,3.00,A,SI 658,No
Winter 2024,33361195,039178,FA 2022,SI,539,001,Regular,Lecture,Web Design,3.00,A,SI 539,No
Winter 2024,33361195,040667,WN 2023,SI,681,001,Regular,Seminar,Intern/Field Seminar,6.00,S,SI 681,No
Winter 2024,33361195,042104,FA 2022,SI,501,002,Regular,Lecture,Contextual Inq,3.00,A,SI 501,No
Winter 2024,33361195,043863,WN 2023,SI,612,002,Regular,Lecture,Pervasv Interact Des,3.00,A,SI 612,No
Winter 2024,33361195,044772,FA 2022,SI,582,005,Regular,Lecture,Intro Interac Design,3.00,A,SI 582,No
Winter 2024,33361195,044798,FA 2023,ENTR,599,021,Regular,Lecture,Spec Topics Entr,3.00,A,ENTR 599,Yes
Winter 2024,33361195,045393,FA 2023,SI,552,001,Regular,Lecture,Accessibility Intro,3.00,A+,SI 552,No
Winter 2024,33361195,046306,WN 2023,SI,616,001,Regular,Lecture,Adv Graphic Design,3.00,A-,SI 616,No
Winter 2024,33361195,047228,FA 2023,ENTR,500,002,Regular,Lecture,Intro to Innovation,3.00,A,ENTR 500,Yes
Winter 2024,33361195,047901,WN 2024,SI,699,001,Regular,Lecture,MSI Mastery Courses,3.00,A,SI 699,No
Winter 2024,33361195,048488,FA 2023,SI,559,002,Regular,Lecture,AR/VR Intro,3.00,A,SI 559,No
Winter 2024,34384411,001459,FA 2023,SI,690,460,Regular,Seminar,Intern/Field Exper,2.00,S,SI 690,No
Winter 2024,34384411,009731,FA 2022,SI,580,001,Regular,Lecture,Records & Archives,3.00,A,SI 580,No
Winter 2024,34384411,020401,WN 2023,SI,622,001,Regular,Lecture,Usab Eval & Needs,4.00,A,SI 622,No
Winter 2024,34384411,021042,FA 2023,SI,647,001,Regular,Lecture,Info Resources&Serv,3.00,A,SI 647,No
Winter 2024,34384411,021045,FA 2022,SI,666,001,Regular,Lecture,Org of Inf Resources,3.00,A,SI 666,No
Winter 2024,34384411,021400,FA 2023,SI,520,001,Regular,Lecture,Graphic Design,3.00,A,SI 520,No
Winter 2024,34384411,040667,WN 2023,SI,681,001,Regular,Seminar,Intern/Field Seminar,5.00,S,SI 681,No
Winter 2024,34384411,041626,WN 2024,SI,664,001,Regular,Lecture,Database App Design,3.00,A,SI 664,No
Winter 2024,34384411,042104,FA 2022,SI,501,002,Regular,Lecture,Contextual Inq,3.00,A,SI 501,No
Winter 2024,34384411,042324,WN 2023,SI,639,001,Scnd 7 Wk,Lecture,Web Archiving,1.50,A-,SI 639,No
Winter 2024,34384411,047246,FA 2022,SI,506,001,Regular,Lecture,Programming I,3.00,A,SI 506,No
Winter 2024,34384411,047901,WN 2024,SI,699,006,Regular,Lecture,MSI Mastery Courses,3.00,A,SI 699,No
Winter 2024,34384411,048280,WN 2023,SI,667,001,Regular,Lecture,Digital Curation,3.00,A,SI 667,No
Winter 2024,34384411,049601,WN 2023,SI,564,001,Regular,Lecture,SQL & Databases,1.50,A,SI 564,No
Winter 2024,34384411,050161,FA 2023,SI,676,001,Regular,Lecture,Network Info Servcs,3.00,A,SI 676,No
Winter 2024,34384411,050162,WN 2024,SI,510,001,Regular,Lecture,Information Ethics,3.00,A,SI 510,No
Winter 2024,34384411,050164,WN 2023,SI,504,001,Regular,Lecture,"Servers, Shell,&Git",1.50,A,SI 504,No
Winter 2024,34489449,001459,WN 2024,SI,690,001,Regular,Seminar,Intern/Field Exper,3.00,S,SI 690,No
Winter 2024,34489449,017281,FA 2022,SI,588,002,Regular,Lecture,Fundamntls Hum Beh,3.00,A,SI 588,No
Winter 2024,34489449,020401,WN 2023,SI,622,001,Regular,Lecture,Usab Eval & Needs,4.00,A,SI 622,No
Winter 2024,34489449,021400,FA 2022,SI,520,001,Regular,Lecture,Graphic Design,3.00,A,SI 520,No
Winter 2024,34489449,039178,FA 2022,SI,539,001,Regular,Lecture,Web Design,3.00,A+,SI 539,No
Winter 2024,34489449,040667,WN 2023,SI,681,001,Regular,Seminar,Intern/Field Seminar,3.00,S,SI 681,No
Winter 2024,34489449,041626,WN 2023,SI,664,001,Regular,Lecture,Database App Design,3.00,A,SI 664,No
Winter 2024,34489449,041855,FA 2023,SI,631,001,Regular,Lecture,Agile Softwar Dev,1.50,A+,SI 631,No
Winter 2024,34489449,042104,FA 2022,SI,501,002,Regular,Lecture,Contextual Inq,3.00,A,SI 501,No
Winter 2024,34489449,044772,FA 2022,SI,582,001,Regular,Lecture,Intro Interac Design,3.00,A,SI 582,No
Winter 2024,34489449,045687,WN 2023,SI,538,001,Regular,Seminar,Citizen Inter Design,4.00,A,SI 538,No
Winter 2024,34489449,047901,WN 2024,SI,699,203,Regular,Lecture,MSI Mastery Courses,3.00,A,SI 699,No
Winter 2024,34489449,048129,WN 2023,SI,505,001,First 7 Wk,Lecture,Career/Intern Studio,1.00,S,SI 505,No
Winter 2024,34489449,048487,FA 2023,SI,669,001,Regular,Lecture,Dev Mobile Exp,3.00,A+,SI 669,No
Winter 2024,34489449,048488,FA 2023,SI,559,001,Regular,Lecture,AR/VR Intro,3.00,A,SI 559,No
Winter 2024,34489449,049601,FA 2023,SI,564,001,Regular,Lecture,SQL & Databases,1.50,A,SI 564,No
Winter 2024,34489449,050159,WN 2023,SI,579,001,Regular,Lecture,Bldg Interactive App,3.00,A+,SI 579,No
Winter 2024,34489449,050164,WN 2023,SI,504,001,Regular,Lecture,"Servers, Shell,&Git",1.50,A,SI 504,No
Winter 2024,34739110,001459,FA 2024,SI,690,510,Regular,Seminar,Intern/Field Exper,3.00,S,SI 690,No
Winter 2024,34739110,017281,FA 2022,SI,588,001,Regular,Lecture,Fundamntls Hum Beh,3.00,A,SI 588,No
Winter 2024,34739110,020401,WN 2023,SI,622,001,Regular,Lecture,Usab Eval & Needs,4.00,A,SI 622,No
Winter 2024,34739110,021391,WN 2024,SI,511,151,Regular,Lecture,Special Topics,1.50,A+,SI 511,No
Winter 2024,34739110,021400,WN 2023,SI,520,004,Regular,Laboratory,Graphic Design,3.00,A-,SI 520,No
Winter 2024,34739110,039081,FA 2023,SI,529,001,Regular,Lecture,Online Communities,3.00,A,SI 529,No
Winter 2024,34739110,039178,WN 2023,SI,539,001,Regular,Lecture,Web Design,3.00,A,SI 539,No
Winter 2024,34739110,040667,WN 2024,SI,681,001,Regular,Seminar,Intern/Field Seminar,6.00,S,SI 681,No
Winter 2024,34739110,042104,FA 2023,SI,501,002,Regular,Lecture,Contextual Inq,3.00,A,SI 501,No
Winter 2024,34739110,044772,FA 2022,SI,582,005,Regular,Lecture,Intro Interac Design,3.00,A+,SI 582,No
Winter 2024,34739110,047246,FA 2022,SI,506,001,Regular,Lecture,Programming I,3.00,A,SI 506,No
Winter 2024,34739110,047901,WN 2024,SI,699,401,Regular,Lecture,MSI Mastery Courses,3.00,A+,SI 699,No
Winter 2024,34739110,048129,WN 2023,SI,505,001,First 7 Wk,Lecture,Career/Intern Studio,1.00,S,SI 505,No
Winter 2024,34739110,048147,WN 2024,BA,657,001,Regular,Laboratory,LBLE,3.00,A-,BA 657,Yes
Winter 2024,34739110,048488,FA 2023,SI,559,002,Regular,Lecture,AR/VR Intro,3.00,A,SI 559,No
Winter 2024,34739110,051454,WN 2024,SI,594,001,Regular,Lecture,Auto UX,3.00,A-,SI 594,No
Winter 2024,34919182,001459,WN 2024,SI,690,001,Regular,Seminar,Intern/Field Exper,1.00,S,SI 690,No
Winter 2024,34919182,017281,FA 2022,SI,588,001,Regular,Lecture,Fundamntls Hum Beh,3.00,A,SI 588,No
Winter 2024,34919182,020401,WN 2023,SI,622,002,Regular,Lecture,Usab Eval & Needs,4.00,A,SI 622,No
Winter 2024,34919182,020934,FA 2023,SI,649,001,Regular,Lecture,Info Visualization,3.00,A-,SI 649,No
Winter 2024,34919182,021391,WN 2024,SI,511,151,Regular,Lecture,Special Topics,1.50,A+,SI 511,No
Winter 2024,34919182,022099,WN 2023,SI,658,001,Regular,Lecture,Info Architecture,3.00,A,SI 658,No
Winter 2024,34919182,039178,WN 2023,SI,539,001,Regular,Lecture,Web Design,3.00,A+,SI 539,No
Winter 2024,34919182,040667,WN 2023,SI,681,001,Regular,Seminar,Intern/Field Seminar,6.00,S,SI 681,No
Winter 2024,34919182,043210,FA 2022,SI,534,001,Regular,Lecture,Theories Soc Influen,3.00,A,SI 534,No
Winter 2024,34919182,043863,WN 2023,SI,612,002,Regular,Lecture,Pervasv Interact Des,3.00,A,SI 612,No
Winter 2024,34919182,044772,FA 2022,SI,582,005,Regular,Lecture,Intro Interac Design,3.00,A,SI 582,No
Winter 2024,34919182,044798,FA 2023,ENTR,599,021,Regular,Lecture,Spec Topics Entr,3.00,A,ENTR 599,Yes
Winter 2024,34919182,047228,FA 2023,ENTR,500,001,Regular,Lecture,Intro to Innovation,3.00,B+,ENTR 500,Yes
Winter 2024,34919182,047246,FA 2022,SI,506,001,Regular,Lecture,Programming I,3.00,A,SI 506,No
Winter 2024,34919182,047901,WN 2024,SI,699,001,Regular,Lecture,MSI Mastery Courses,3.00,A+,SI 699,No
Winter 2024,34919182,048421,WN 2024,ENTR,560,002,Regular,Lecture,Proj Mgmt Consulting,3.00,A+,ENTR 560,Yes
Winter 2024,35063418,009731,FA 2022,SI,580,001,Regular,Lecture,Records & Archives,3.00,A+,SI 580,No
Winter 2024,35063418,020401,WN 2024,SI,622,002,Regular,Lecture,Usab Eval & Needs,4.00,A,SI 622,No
Winter 2024,35063418,021045,FA 2023,SI,666,001,Regular,Lecture,Org of Inf Resources,3.00,A,SI 666,No
Winter 2024,35063418,022326,WN 2023,SI,581,001,Regular,Lecture,Pres Info Resources,3.00,A-,SI 581,No
Winter 2024,35063418,038659,FA 2022,SI,519,001,Regular,Seminar,Intel Prop&Info Law,3.00,A,SI 519,No
Winter 2024,35063418,038948,FA 2023,SI,632,001,Regular,Lecture,Appraisal & Coll Dev,3.00,A,SI 632,No
Winter 2024,35063418,039178,FA 2023,SI,539,001,Regular,Lecture,Web Design,3.00,A,SI 539,No
Winter 2024,35063418,039979,WN 2024,SI,623,001,Regular,Seminar,Res Meth Info Prof,3.00,A+,SI 623,No
Winter 2024,35063418,042104,FA 2022,SI,501,001,Regular,Lecture,Contextual Inq,3.00,A,SI 501,No
Winter 2024,35063418,047246,FA 2022,SI,506,001,Regular,Lecture,Programming I,3.00,A-,SI 506,No
Winter 2024,35063418,047901,WN 2024,SI,699,028,Regular,Lecture,MSI Mastery Courses,3.00,B+,SI 699,No
Winter 2024,35063418,048129,WN 2023,SI,505,001,First 7 Wk,Lecture,Career/Intern Studio,1.00,S,SI 505,No
Winter 2024,35063418,048280,WN 2023,SI,667,001,Regular,Lecture,Digital Curation,3.00,B-,SI 667,No
Winter 2024,35063418,050028,FA 2023,SI,583,001,Regular,Lecture,Info Accountability,3.00,A,SI 583,No
Winter 2024,35063418,050162,WN 2024,SI,510,001,Regular,Lecture,Information Ethics,3.00,A,SI 510,No
Winter 2024,35063418,050165,WN 2023,SI,585,001,Regular,Lecture,Scholarly Comm,3.00,C+,SI 585,No
Winter 2024,35063418,051074,WN 2023,SI,626,001,Regular,Lecture,Manage NonProf Lib,3.00,C+,SI 626,No
Winter 2024,35417600,001459,FA 2023,SI,690,460,Regular,Seminar,Intern/Field Exper,3.00,S,SI 690,No
Winter 2024,35417600,017281,FA 2023,SI,588,001,Regular,Lecture,Fundamntls Hum Beh,3.00,A,SI 588,No
Winter 2024,35417600,020401,WN 2023,SI,622,001,Regular,Lecture,Usab Eval & Needs,4.00,A,SI 622,No
Winter 2024,35417600,021400,FA 2023,SI,520,001,Regular,Lecture,Graphic Design,3.00,A-,SI 520,No
Winter 2024,35417600,040667,WN 2023,SI,681,001,Regular,Seminar,Intern/Field Seminar,5.00,S,SI 681,No
Winter 2024,35417600,042104,FA 2022,SI,501,001,Regular,Lecture,Contextual Inq,3.00,A,SI 501,No
Winter 2024,35417600,043863,FA 2023,SI,612,002,Regular,Lecture,Pervasv Interact Des,3.00,A+,SI 612,No
Winter 2024,35417600,048129,WN 2023,SI,505,001,First 7 Wk,Lecture,Career/Intern Studio,1.00,S,SI 505,No
Winter 2024,35417600,048488,FA 2023,SI,559,003,Regular,Lecture,AR/VR Intro,3.00,A,SI 559,No
Winter 2024,35417600,050159,WN 2023,SI,579,001,Regular,Lecture,Bldg Interactive App,3.00,W,SI 579,No
Winter 2024,35417600,050164,FA 2022,SI,504,001,Regular,Lecture,"Servers, Shell,&Git",1.50,A-,SI 504,No
Winter 2024,37024330,017281,FA 2021,SI,588,001,Regular,Lecture,Fundamntls Hum Beh,3.00,A+,SI 588,No
Winter 2024,37024330,020401,WN 2023,SI,622,002,Regular,Lecture,Usab Eval & Needs,4.00,A,SI 622,No
Winter 2024,37024330,021400,WN 2023,SI,520,004,Regular,Laboratory,Graphic Design,3.00,A,SI 520,No
Winter 2024,37024330,039178,FA 2021,SI,539,001,Regular,Lecture,Web Design,3.00,A+,SI 539,No
Winter 2024,37024330,040667,WN 2022,SI,681,001,Regular,Seminar,Intern/Field Seminar,6.00,S,SI 681,No
Winter 2024,37024330,041626,WN 2022,SI,664,001,Regular,Lecture,Database App Design,3.00,A,SI 664,No
Winter 2024,37024330,042104,FA 2021,SI,501,001,Regular,Lecture,Contextual Inq,3.00,A+,SI 501,No
Winter 2024,37024330,044772,FA 2021,SI,582,004,Regular,Lecture,Intro Interac Design,3.00,A,SI 582,No
Winter 2024,37024330,047901,WN 2023,SI,699,003,Regular,Lecture,MSI Mastery Courses,3.00,A,SI 699,No
Winter 2024,37024330,048129,WN 2022,SI,505,001,First 7 Wk,Lecture,Career/Intern Studio,1.00,W,SI 505,No
Winter 2024,37024330,048486,WN 2022,SI,659,001,Regular,Lecture,AR/VR Advanced,3.00,A+,SI 659,No
Winter 2024,37024330,048488,FA 2021,SI,559,002,Regular,Lecture,AR/VR Intro,3.00,A,SI 559,No
Winter 2024,37024330,050159,WN 2022,SI,579,001,Regular,Lecture,Bldg Interactive App,3.00,A,SI 579,No
Winter 2024,37024330,050164,WN 2022,SI,504,001,Regular,Lecture,"Servers, Shell,&Git",1.50,A+,SI 504,No
Winter 2024,37024330,050209,FA 2021,EDUC,206,001,Regular,Seminar,Fund of Tutoring,1.00,W,EDUC 206,Yes
Winter 2024,37024330,050650,WN 2022,EDUC,618,001,Regular,Seminar,XR for Learning,1.00,A,EDUC 618,Yes
Winter 2024,37141537,012772,WN 2023,SI,548,001,Regular,Seminar,Prin Soft Design,3.00,A,SI 548,No
Winter 2024,37141537,017281,FA 2022,SI,588,001,Regular,Lecture,Fundamntls Hum Beh,3.00,A,SI 588,No
Winter 2024,37141537,020401,WN 2023,SI,622,002,Regular,Lecture,Usab Eval & Needs,4.00,A,SI 622,No
Winter 2024,37141537,021400,FA 2022,SI,520,001,Regular,Lecture,Graphic Design,3.00,A,SI 520,No
Winter 2024,37141537,022099,WN 2023,SI,658,001,Regular,Lecture,Info Architecture,3.00,A,SI 658,No
Winter 2024,37141537,039178,FA 2023,SI,539,001,Regular,Lecture,Web Design,3.00,A+,SI 539,No
Winter 2024,37141537,040667,WN 2023,SI,681,001,Regular,Seminar,Intern/Field Seminar,6.00,S,SI 681,No
Winter 2024,37141537,042104,FA 2022,SI,501,002,Regular,Lecture,Contextual Inq,3.00,A,SI 501,No
Winter 2024,37141537,044772,FA 2022,SI,582,001,Regular,Lecture,Intro Interac Design,3.00,A+,SI 582,No
Winter 2024,37141537,045771,FA 2023,SI,684,001,Regular,Seminar,Design ConsHlth Tech,3.00,A+,SI 684,No
Winter 2024,37141537,046306,WN 2023,SI,616,001,Regular,Lecture,Adv Graphic Design,3.00,A-,SI 616,No
Winter 2024,37141537,047304,FA 2023,ENTR,550,002,Regular,Lecture,Interpersonal Skills,3.00,A,ENTR 550,Yes
Winter 2024,37141537,047901,WN 2024,SI,699,201,Regular,Lecture,MSI Mastery Courses,3.00,A,SI 699,No
Winter 2024,37141537,048129,FA 2023,SI,505,002,Scnd 7 Wk,Lecture,Career/Intern Studio,1.00,S,SI 505,No
Winter 2024,37141537,048488,FA 2023,SI,559,001,Regular,Lecture,AR/VR Intro,3.00,A,SI 559,No
Winter 2024,37141537,050650,WN 2023,EDUC,618,001,Regular,Seminar,XR for Learning,1.00,A,EDUC 618,Yes
Winter 2024,37286113,009732,FA 2022,SI,650,001,Regular,Lecture,Informatn Retrieval,3.00,A+,SI 650,No
Winter 2024,37286113,017508,WN 2024,TO,512,004,First 7 Wk,Recitation,Decsn Supprt Sprdsh,1.50,A,TO 512,Yes
Winter 2024,37286113,020934,WN 2023,SI,649,002,Regular,Lecture,Info Visualization,3.00,A-,SI 649,No
Winter 2024,37286113,040667,WN 2023,SI,681,001,Regular,Seminar,Intern/Field Seminar,6.00,S,SI 681,No
Winter 2024,37286113,041934,FA 2023,SI,608,001,Regular,Lecture,Networks,3.00,A-,SI 608,No
Winter 2024,37286113,042091,FA 2022,SI,618,001,Regular,Lecture,Data Man & Analysis,3.00,A-,SI 618,No
Winter 2024,37286113,042104,FA 2022,SI,501,002,Regular,Lecture,Contextual Inq,3.00,A,SI 501,No
Winter 2024,37286113,043210,FA 2022,SI,534,001,Regular,Lecture,Theories Soc Influen,3.00,A,SI 534,No
Winter 2024,37286113,045930,FA 2023,SI,671,001,Regular,Lecture,Data Mining,3.00,B+,SI 671,No
Winter 2024,37286113,047901,WN 2024,SI,699,205,Regular,Lecture,MSI Mastery Courses,3.00,B+,SI 699,No
Winter 2024,37286113,048268,WN 2023,SI,630,001,Regular,Lecture,NLP Algorithm People,3.00,A,SI 630,No
Winter 2024,37286113,048500,FA 2023,SI,670,001,Regular,Lecture,Appld Machine Learng,3.00,B+,SI 670,No
Winter 2024,37286113,049087,WN 2024,IOE,561,001,Regular,Lecture,Risk Analysis I,3.00,A,IOE 561,Yes
Winter 2024,37286113,049601,WN 2024,SI,564,001,Regular,Lecture,SQL & Databases,1.50,A,SI 564,No
Winter 2024,37286113,050663,WN 2023,SI,568,001,Regular,Lecture,Intro Appld Data Sci,3.00,A+,SI 568,No
Winter 2024,37286113,050983,WN 2023,SI,602,001,Regular,Lecture,Math for ApplDataSci,3.00,B+,SI 602,No
Winter 2024,37414795,009732,FA 2022,SI,650,001,Regular,Lecture,Informatn Retrieval,3.00,A+,SI 650,No
Winter 2024,37414795,011870,WN 2023,EECS,501,001,Regular,Lecture,Prob&Random Proc,4.00,W,EECS 501,Yes
Winter 2024,37414795,012840,WN 2023,EECS,557,001,Regular,Lecture,Communication Net,3.00,A,EECS 557,Yes
Winter 2024,37414795,039178,FA 2023,SI,539,001,Regular,Lecture,Web Design,3.00,A,SI 539,No
Winter 2024,37414795,041626,FA 2023,SI,664,001,Regular,Lecture,Database App Design,3.00,A+,SI 664,No
Winter 2024,37414795,041934,FA 2023,SI,608,001,Regular,Lecture,Networks,3.00,A,SI 608,No
Winter 2024,37414795,042091,FA 2022,SI,618,001,Regular,Lecture,Data Man & Analysis,3.00,A,SI 618,No
Winter 2024,37414795,042104,FA 2022,SI,501,001,Regular,Lecture,Contextual Inq,3.00,A,SI 501,No
Winter 2024,37414795,045930,FA 2023,SI,671,001,Regular,Lecture,Data Mining,3.00,A-,SI 671,No
Winter 2024,37414795,047246,FA 2023,SI,506,001,Regular,Lecture,Programming I,3.00,A,SI 506,No
Winter 2024,37414795,047640,FA 2022,SI,507,001,Regular,Lecture,Inter Programming,3.00,A,SI 507,No
Winter 2024,37414795,047901,WN 2024,SI,699,005,Regular,Lecture,MSI Mastery Courses,3.00,A,SI 699,No
Winter 2024,37414795,048268,WN 2023,SI,630,001,Regular,Lecture,NLP Algorithm People,3.00,A+,SI 630,No
Winter 2024,37414795,049601,FA 2022,SI,564,001,Regular,Lecture,SQL & Databases,1.50,A,SI 564,No
Winter 2024,37414795,050159,FA 2022,SI,579,001,Regular,Lecture,Bldg Interactive App,3.00,A,SI 579,No
Winter 2024,37414795,050164,FA 2023,SI,504,001,Regular,Lecture,"Servers, Shell,&Git",1.50,A,SI 504,No
Winter 2024,37414795,050663,WN 2023,SI,568,001,Regular,Lecture,Intro Appld Data Sci,3.00,A,SI 568,No
Winter 2024,37414795,050983,WN 2023,SI,602,001,Regular,Lecture,Math for ApplDataSci,3.00,B+,SI 602,No
Winter 2024,37542931,001459,FA 2024,SI,690,490,Regular,Seminar,Intern/Field Exper,6.00,S,SI 690,No
Winter 2024,37542931,017281,FA 2022,SI,588,002,Regular,Lecture,Fundamntls Hum Beh,3.00,A,SI 588,No
Winter 2024,37542931,020401,WN 2023,SI,622,001,Regular,Lecture,Usab Eval & Needs,4.00,A,SI 622,No
Winter 2024,37542931,021391,FA 2024,SI,511,155,Regular,Lecture,Special Topics,3.00,A,SI 511,No
Winter 2024,37542931,021400,FA 2022,SI,520,001,Regular,Lecture,Graphic Design,3.00,A-,SI 520,No
Winter 2024,37542931,022099,WN 2023,SI,658,001,Regular,Lecture,Info Architecture,3.00,A,SI 658,No
Winter 2024,37542931,039081,FA 2023,SI,529,001,Regular,Lecture,Online Communities,3.00,B+,SI 529,No
Winter 2024,37542931,039178,WN 2023,SI,539,001,Regular,Lecture,Web Design,3.00,A+,SI 539,No
Winter 2024,37542931,041626,FA 2023,SI,664,001,Regular,Lecture,Database App Design,3.00,A,SI 664,No
Winter 2024,37542931,042071,FA 2023,SI,563,001,Regular,Lecture,Game Theory,3.00,B+,SI 563,No
Winter 2024,37542931,044772,FA 2022,SI,582,002,Regular,Lecture,Intro Interac Design,3.00,A,SI 582,No
Winter 2024,37542931,045393,FA 2023,SI,552,001,Regular,Lecture,Accessibility Intro,3.00,A-,SI 552,No
Winter 2024,37542931,047246,FA 2022,SI,506,001,Regular,Lecture,Programming I,3.00,A,SI 506,No
Winter 2024,37542931,047901,FA 2024,SI,699,201,Regular,Lecture,MSI Mastery Courses,3.00,A,SI 699,No
Winter 2024,37542931,048129,FA 2024,SI,505,001,Scnd 7 Wk,Lecture,Career/Intern Studio,1.00,S,SI 505,No
Winter 2024,37542931,050164,WN 2023,SI,504,001,Regular,Lecture,"Servers, Shell,&Git",1.50,A,SI 504,No
Winter 2024,37555260,001459,FA 2023,SI,690,460,Regular,Seminar,Intern/Field Exper,2.00,S,SI 690,No
Winter 2024,37555260,001459,WN 2024,SI,690,001,Regular,Seminar,Intern/Field Exper,1.00,S,SI 690,No
Winter 2024,37555260,017281,FA 2023,SI,588,001,Regular,Lecture,Fundamntls Hum Beh,3.00,A-,SI 588,No
Winter 2024,37555260,019903,FA 2023,TO,548,001,Regular,Recitation,Integ Pro Dev,3.00,A,TO 548,Yes
Winter 2024,37555260,020379,FA 2023,IOE,548,001,Regular,Lecture,Int Prod Dev,3.00,A,IOE 548,Yes
Winter 2024,37555260,020401,WN 2023,SI,622,002,Regular,Lecture,Usab Eval & Needs,4.00,A,SI 622,No
Winter 2024,37555260,022099,WN 2023,SI,658,001,Regular,Lecture,Info Architecture,3.00,A,SI 658,No
Winter 2024,37555260,039178,FA 2022,SI,539,001,Regular,Lecture,Web Design,3.00,A-,SI 539,No
Winter 2024,37555260,040667,WN 2023,SI,681,001,Regular,Seminar,Intern/Field Seminar,3.00,S,SI 681,No
Winter 2024,37555260,043863,WN 2023,SI,612,002,Regular,Lecture,Pervasv Interact Des,3.00,A,SI 612,No
Winter 2024,37555260,045393,FA 2023,SI,552,001,Regular,Lecture,Accessibility Intro,3.00,A-,SI 552,No
Winter 2024,37555260,047901,WN 2024,SI,699,001,Regular,Lecture,MSI Mastery Courses,3.00,A-,SI 699,No
Winter 2024,37555260,048488,FA 2023,SI,559,003,Regular,Lecture,AR/VR Intro,3.00,W,SI 559,No
Winter 2024,37681706,020934,WN 2023,SI,649,001,Regular,Lecture,Info Visualization,3.00,B+,SI 649,No
Winter 2024,37681706,039178,FA 2022,SI,539,001,Regular,Lecture,Web Design,3.00,A-,SI 539,No
Winter 2024,37681706,040667,WN 2023,SI,681,001,Regular,Seminar,Intern/Field Seminar,6.00,S,SI 681,No
Winter 2024,37681706,041855,FA 2023,SI,631,001,Regular,Lecture,Agile Softwar Dev,1.50,A+,SI 631,No
Winter 2024,37681706,041934,FA 2023,SI,608,001,Regular,Lecture,Networks,3.00,A,SI 608,No
Winter 2024,37681706,042091,WN 2023,SI,618,001,Regular,Lecture,Data Man & Analysis,3.00,A+,SI 618,No
Winter 2024,37681706,042104,FA 2022,SI,501,002,Regular,Lecture,Contextual Inq,3.00,A,SI 501,No
Winter 2024,37681706,045930,FA 2023,SI,671,001,Regular,Lecture,Data Mining,3.00,A,SI 671,No
Winter 2024,37681706,047246,FA 2022,SI,506,001,Regular,Lecture,Programming I,3.00,A,SI 506,No
Winter 2024,37681706,047640,FA 2022,SI,507,001,Regular,Lecture,Inter Programming,3.00,A,SI 507,No
Winter 2024,37681706,047901,WN 2024,SI,699,005,Regular,Lecture,MSI Mastery Courses,3.00,A-,SI 699,No
Winter 2024,37681706,048487,FA 2023,SI,669,001,Regular,Lecture,Dev Mobile Exp,3.00,A,SI 669,No
Winter 2024,37681706,050159,WN 2023,SI,579,001,Regular,Lecture,Bldg Interactive App,3.00,A,SI 579,No
Winter 2024,37681706,050164,FA 2022,SI,504,001,Regular,Lecture,"Servers, Shell,&Git",1.50,A,SI 504,No
Winter 2024,37681706,050663,WN 2023,SI,568,001,Regular,Lecture,Intro Appld Data Sci,3.00,A,SI 568,No
Winter 2024,37681706,050983,WN 2023,SI,602,001,Regular,Lecture,Math for ApplDataSci,3.00,B+,SI 602,No
Winter 2024,38614913,017281,FA 2023,SI,588,002,Regular,Lecture,Fundamntls Hum Beh,3.00,B-,SI 588,No
Winter 2024,38614913,020401,WN 2023,SI,622,001,Regular,Lecture,Usab Eval & Needs,4.00,A,SI 622,No
Winter 2024,38614913,021400,FA 2022,SI,520,001,Regular,Lecture,Graphic Design,3.00,A-,SI 520,No
Winter 2024,38614913,039178,FA 2022,SI,539,001,Regular,Lecture,Web Design,3.00,A,SI 539,No
Winter 2024,38614913,040667,WN 2023,SI,681,001,Regular,Seminar,Intern/Field Seminar,6.00,S,SI 681,No
Winter 2024,38614913,041855,FA 2023,SI,631,001,Regular,Lecture,Agile Softwar Dev,1.50,C+,SI 631,No
Winter 2024,38614913,042104,FA 2022,SI,501,002,Regular,Lecture,Contextual Inq,3.00,A+,SI 501,No
Winter 2024,38614913,044772,FA 2022,SI,582,001,Regular,Lecture,Intro Interac Design,3.00,A,SI 582,No
Winter 2024,38614913,045687,WN 2023,SI,538,001,Regular,Seminar,Citizen Inter Design,4.00,A,SI 538,No
Winter 2024,38614913,047640,FA 2023,SI,507,001,Regular,Lecture,Inter Programming,3.00,A,SI 507,No
Winter 2024,38614913,047870,WN 2024,URP,535,001,Regular,Seminar,Intro to Urbn Inform,3.00,A,URP 535,Yes
Winter 2024,38614913,047901,WN 2024,SI,699,203,Regular,Lecture,MSI Mastery Courses,3.00,A,SI 699,No
Winter 2024,38614913,048129,FA 2022,SI,505,001,Scnd 7 Wk,Lecture,Career/Intern Studio,1.00,S,SI 505,No
Winter 2024,38614913,048487,FA 2023,SI,669,001,Regular,Lecture,Dev Mobile Exp,3.00,B+,SI 669,No
Winter 2024,38614913,049601,WN 2023,SI,564,001,Regular,Lecture,SQL & Databases,1.50,A,SI 564,No
Winter 2024,38614913,050159,WN 2023,SI,579,001,Regular,Lecture,Bldg Interactive App,3.00,A-,SI 579,No
Winter 2024,38614913,050164,FA 2022,SI,504,001,Regular,Lecture,"Servers, Shell,&Git",1.50,A,SI 504,No
Winter 2024,39246702,017281,FA 2023,SI,588,002,Regular,Lecture,Fundamntls Hum Beh,3.00,A,SI 588,No
Winter 2024,39246702,020401,WN 2023,SI,622,001,Regular,Lecture,Usab Eval & Needs,4.00,A,SI 622,No
Winter 2024,39246702,020934,WN 2023,SI,649,002,Regular,Lecture,Info Visualization,3.00,A,SI 649,No
Winter 2024,39246702,021400,FA 2022,SI,520,001,Regular,Lecture,Graphic Design,3.00,A,SI 520,No
Winter 2024,39246702,022099,WN 2023,SI,658,001,Regular,Lecture,Info Architecture,3.00,A,SI 658,No
Winter 2024,39246702,039081,WN 2023,SI,529,001,Regular,Lecture,Online Communities,3.00,A,SI 529,No
Winter 2024,39246702,039178,FA 2022,SI,539,001,Regular,Lecture,Web Design,3.00,A,SI 539,No
Winter 2024,39246702,040369,FA 2023,PAT,515,001,Regular,Lecture,MOCAP Interac Desig,3.00,A,PAT 515,Yes
Winter 2024,39246702,040667,WN 2023,SI,681,001,Regular,Seminar,Intern/Field Seminar,6.00,S,SI 681,No
Winter 2024,39246702,041957,WN 2023,ENGR,599,106,Regular,Lecture,Spec Topics Engr,2.00,A,ENGR 599,Yes
Winter 2024,39246702,041957,FA 2023,ENGR,599,106,Regular,Lecture,Spec Topics Engr,2.00,A,ENGR 599,Yes
Winter 2024,39246702,042104,FA 2022,SI,501,001,Regular,Lecture,Contextual Inq,3.00,A,SI 501,No
Winter 2024,39246702,044772,FA 2022,SI,582,005,Regular,Lecture,Intro Interac Design,3.00,A+,SI 582,No
Winter 2024,39246702,047901,WN 2024,SI,699,001,Regular,Lecture,MSI Mastery Courses,3.00,A,SI 699,No
Winter 2024,39246702,048488,FA 2023,SI,559,001,Regular,Lecture,AR/VR Intro,3.00,A,SI 559,No
Winter 2024,39246702,049601,FA 2022,SI,564,001,Regular,Lecture,SQL & Databases,1.50,A,SI 564,No
Winter 2024,39691800,012772,WN 2024,SI,548,001,Regular,Seminar,Prin Soft Design,3.00,A-,SI 548,No
Winter 2024,39691800,014793,WN 2024,ELI,521,001,Regular,Lecture,Acad Writg I,2.00,S,ELI 521,Yes
Winter 2024,39691800,017281,FA 2023,SI,588,001,Regular,Lecture,Fundamntls Hum Beh,3.00,A,SI 588,No
Winter 2024,39691800,020401,WN 2024,SI,622,002,Regular,Lecture,Usab Eval & Needs,4.00,A,SI 622,No
Winter 2024,39691800,021400,FA 2023,SI,520,001,Regular,Lecture,Graphic Design,3.00,A,SI 520,No
Winter 2024,39691800,022099,WN 2024,SI,658,001,Regular,Lecture,Info Architecture,3.00,A-,SI 658,No
Winter 2024,39691800,039178,FA 2023,SI,539,001,Regular,Lecture,Web Design,3.00,A,SI 539,No
Winter 2024,39691800,040667,WN 2024,SI,681,001,Regular,Seminar,Intern/Field Seminar,6.00,S,SI 681,No
Winter 2024,39691800,042104,FA 2023,SI,501,001,Regular,Lecture,Contextual Inq,3.00,A+,SI 501,No
Winter 2024,39691800,044772,FA 2023,SI,582,002,Regular,Lecture,Intro Interac Design,3.00,A+,SI 582,No
Winter 2024,39691800,045771,FA 2024,SI,684,001,Regular,Seminar,Design ConsHlth Tech,3.00,A+,SI 684,No
Winter 2024,39691800,047246,FA 2023,SI,506,001,Regular,Lecture,Programming I,3.00,A-,SI 506,No
Winter 2024,39691800,047901,FA 2024,SI,699,001,Regular,Lecture,MSI Mastery Courses,3.00,A,SI 699,No
Winter 2024,39691800,048280,WN 2024,SI,667,001,Regular,Lecture,Digital Curation,3.00,A-,SI 667,No
Winter 2024,39691800,050162,WN 2024,SI,510,001,Regular,Lecture,Information Ethics,3.00,A+,SI 510,No
Winter 2024,39988889,001459,WN 2020,SI,690,109,Regular,Ind Study,Intern/Field Exper,6.00,S,SI 690,No
Winter 2024,39988889,001459,WN 2024,SI,690,001,Regular,Seminar,Intern/Field Exper,2.00,S,SI 690,No
Winter 2024,39988889,016607,FA 2018,SI,544,001,Regular,Lecture,Intr Stat&Data Analy,3.00,A-,SI 544,No
Winter 2024,39988889,041626,WN 2023,SI,664,001,Regular,Lecture,Database App Design,3.00,A,SI 664,No
Winter 2024,39988889,041985,FA 2019,SI,542,001,Regular,Lecture,Intro Health Infor,3.00,A,SI 542,No
Winter 2024,39988889,042091,FA 2019,SI,618,001,Regular,Lecture,Data Man & Analysis,3.00,A+,SI 618,No
Winter 2024,39988889,042104,FA 2018,SI,501,005,Regular,Lecture,Contextual Inq,3.00,A+,SI 501,No
Winter 2024,39988889,045732,WN 2019,SI,554,001,Regular,Lecture,Consumer Hlth Inform,3.00,A,SI 554,No
Winter 2024,39988889,045930,FA 2021,SI,671,001,Regular,Lecture,Data Mining,3.00,A,SI 671,No
Winter 2024,39988889,046401,WN 2020,SI,611,001,Regular,Lecture,Popultn Hlth Infmtcs,3.00,A+,SI 611,No
Winter 2024,39988889,047637,WN 2020,LHS,712,001,Regular,Lecture,NLP on Health Data,3.00,P,LHS 712,Yes
Winter 2024,39988889,047640,WN 2019,SI,507,001,Regular,Lecture,Inter Programming,3.00,A+,SI 507,No
Winter 2024,39988889,047901,WN 2024,SI,699,305,Regular,Lecture,MSI Mastery Courses,3.00,A,SI 699,No
Winter 2024,39988889,048500,FA 2023,SI,670,001,Regular,Lecture,Appld Machine Learng,3.00,B+,SI 670,No
Winter 2024,39988889,049601,WN 2020,SI,564,002,Regular,Lecture,SQL & Databases,1.50,A+,SI 564,No
Winter 2024,39988889,050124,WN 2021,LHS,641,001,Regular,Seminar,Quality Improvement,3.00,A+,LHS 641,Yes
Winter 2024,40387750,003736,FA 2022,MKT,625,002,Scnd 7 Wk,Recitation,New Prod Innov Mngmt,2.25,A-,MKT 625,Yes
Winter 2024,40387750,016408,WN 2023,MKT,630,001,Scnd 7 Wk,Recitation,Marketing Engineerin,2.25,A,MKT 630,Yes
Winter 2024,40387750,016607,FA 2022,SI,544,001,Regular,Lecture,Intr Stat&Data Analy,3.00,A,SI 544,No
Winter 2024,40387750,017281,FA 2022,SI,588,001,Regular,Lecture,Fundamntls Hum Beh,3.00,A-,SI 588,No
Winter 2024,40387750,017530,FA 2023,TO,616,001,Regular,Recitation,Project Mngmt,1.50,B,TO 616,Yes
Winter 2024,40387750,020401,WN 2023,SI,622,002,Regular,Lecture,Usab Eval & Needs,4.00,A,SI 622,No
Winter 2024,40387750,021050,FA 2023,SI,691,069,Regular,Ind Study,Independent Study,1.00,A,SI 691,No
Winter 2024,40387750,021400,FA 2023,SI,520,001,Regular,Lecture,Graphic Design,3.00,C,SI 520,No
Winter 2024,40387750,022099,WN 2023,SI,658,001,Regular,Lecture,Info Architecture,3.00,A,SI 658,No
Winter 2024,40387750,039178,WN 2023,SI,539,001,Regular,Lecture,Web Design,3.00,A-,SI 539,No
Winter 2024,40387750,039979,WN 2023,SI,623,001,Regular,Seminar,Res Meth Info Prof,3.00,W,SI 623,No
Winter 2024,40387750,041336,FA 2023,STRATEGY,675,001,Scnd 7 Wk,Recitation,Bus Model Innovation,2.25,A-,STRATEGY 675,Yes
Winter 2024,40387750,041855,FA 2023,SI,631,001,Regular,Lecture,Agile Softwar Dev,1.50,E,SI 631,No
Winter 2024,40387750,042104,FA 2022,SI,501,002,Regular,Lecture,Contextual Inq,3.00,A-,SI 501,No
Winter 2024,40387750,043863,WN 2023,SI,612,002,Regular,Lecture,Pervasv Interact Des,3.00,A,SI 612,No
Winter 2024,40387750,044772,FA 2022,SI,582,005,Regular,Lecture,Intro Interac Design,3.00,A,SI 582,No
Winter 2024,40387750,044798,FA 2023,ENTR,599,417,Regular,Lecture,Spec Topics Entr,1.00,A-,ENTR 599,Yes
Winter 2024,40387750,047246,FA 2022,SI,506,001,Regular,Lecture,Programming I,3.00,A,SI 506,No
Winter 2024,40387750,047892,FA 2023,SI,605,001,Regular,Laboratory,Interdisc Prob Solv,3.00,A-,SI 605,No
Winter 2024,40387750,047901,FA 2023,SI,699,001,Regular,Lecture,MSI Mastery Courses,3.00,B,SI 699,No
Winter 2024,40387750,048129,WN 2023,SI,505,001,First 7 Wk,Lecture,Career/Intern Studio,1.00,S,SI 505,No
Winter 2024,40463309,005629,FA 2022,ASIANLAN,125,002,Regular,Lecture,1st Yr Japanese I,5.00,VI,ASIANLAN 125,Yes
Winter 2024,40463309,017281,FA 2022,SI,588,002,Regular,Lecture,Fundamntls Hum Beh,3.00,A,SI 588,No
Winter 2024,40463309,017533,FA 2023,MO,512,001,First 7 Wk,Recitation,Bargain&Infl Skills,2.25,B,MO 512,Yes
Winter 2024,40463309,020401,WN 2023,SI,622,001,Regular,Lecture,Usab Eval & Needs,4.00,A,SI 622,No
Winter 2024,40463309,021391,WN 2024,SI,511,151,Regular,Lecture,Special Topics,1.50,A+,SI 511,No
Winter 2024,40463309,021400,WN 2023,SI,520,002,Regular,Laboratory,Graphic Design,3.00,A-,SI 520,No
Winter 2024,40463309,022099,WN 2023,SI,658,001,Regular,Lecture,Info Architecture,3.00,A,SI 658,No
Winter 2024,40463309,039178,WN 2023,SI,539,001,Regular,Lecture,Web Design,3.00,A,SI 539,No
Winter 2024,40463309,040667,WN 2023,SI,681,001,Regular,Seminar,Intern/Field Seminar,6.00,S,SI 681,No
Winter 2024,40463309,042104,FA 2022,SI,501,002,Regular,Lecture,Contextual Inq,3.00,A,SI 501,No
Winter 2024,40463309,044772,FA 2022,SI,582,002,Regular,Lecture,Intro Interac Design,3.00,A,SI 582,No
Winter 2024,40463309,045393,FA 2023,SI,552,001,Regular,Lecture,Accessibility Intro,3.00,A-,SI 552,No
Winter 2024,40463309,045687,FA 2023,SI,538,001,Regular,Seminar,Citizen Inter Design,4.00,A,SI 538,No
Winter 2024,40463309,047246,FA 2022,SI,506,001,Regular,Lecture,Programming I,3.00,A,SI 506,No
Winter 2024,40463309,047901,WN 2024,SI,699,501,Regular,Lecture,MSI Mastery Courses,3.00,A,SI 699,No
Winter 2024,40463309,048129,WN 2023,SI,505,001,First 7 Wk,Lecture,Career/Intern Studio,1.00,S,SI 505,No
Winter 2024,40463309,048488,FA 2023,SI,559,001,Regular,Lecture,AR/VR Intro,3.00,A-,SI 559,No
Winter 2024,40463309,049834,WN 2024,SI,591,001,Regular,Lecture,Humanitarian Innov,3.00,A,SI 591,No
Winter 2024,40463309,051454,WN 2024,SI,594,001,Regular,Lecture,Auto UX,3.00,A,SI 594,No
Winter 2024,40611780,001459,FA 2023,SI,690,460,Regular,Seminar,Intern/Field Exper,3.00,S,SI 690,No
Winter 2024,40611780,017281,FA 2022,SI,588,102,Regular,Lecture,Fundamntls Hum Beh,3.00,A,SI 588,No
Winter 2024,40611780,020401,WN 2023,SI,622,001,Regular,Lecture,Usab Eval & Needs,4.00,A,SI 622,No
Winter 2024,40611780,021400,WN 2023,SI,520,002,Regular,Laboratory,Graphic Design,3.00,A-,SI 520,No
Winter 2024,40611780,022099,WN 2023,SI,658,001,Regular,Lecture,Info Architecture,3.00,A,SI 658,No
Winter 2024,40611780,039178,WN 2023,SI,539,001,Regular,Lecture,Web Design,3.00,A,SI 539,No
Winter 2024,40611780,040667,WN 2023,SI,681,001,Regular,Seminar,Intern/Field Seminar,6.00,S,SI 681,No
Winter 2024,40611780,042104,FA 2022,SI,501,001,Regular,Lecture,Contextual Inq,3.00,A,SI 501,No
Winter 2024,40611780,044772,FA 2022,SI,582,001,Regular,Lecture,Intro Interac Design,3.00,A,SI 582,No
Winter 2024,40611780,045393,FA 2023,SI,552,001,Regular,Lecture,Accessibility Intro,3.00,A+,SI 552,No
Winter 2024,40611780,045687,FA 2023,SI,538,001,Regular,Seminar,Citizen Inter Design,4.00,A,SI 538,No
Winter 2024,40611780,047246,FA 2022,SI,506,001,Regular,Lecture,Programming I,3.00,A,SI 506,No
Winter 2024,40611780,047892,WN 2024,SI,605,001,Regular,Laboratory,Interdisc Prob Solv,3.00,A-,SI 605,No
Winter 2024,40611780,047901,WN 2024,SI,699,601,Regular,Lecture,MSI Mastery Courses,3.00,A+,SI 699,No
Winter 2024,40611780,049417,WN 2024,BA,670,001,Regular,Recitation,+Impact Studio,3.00,A-,BA 670,Yes
Winter 2024,40806488,007395,WN 2023,ARCH,509,003,Regular,Seminar,Experimental Course,3.00,A+,ARCH 509,Yes
Winter 2024,40806488,017281,FA 2022,SI,588,001,Regular,Lecture,Fundamntls Hum Beh,3.00,B+,SI 588,No
Winter 2024,40806488,020401,WN 2023,SI,622,001,Regular,Lecture,Usab Eval & Needs,4.00,A,SI 622,No
Winter 2024,40806488,040667,WN 2023,SI,681,001,Regular,Seminar,Intern/Field Seminar,6.00,S,SI 681,No
Winter 2024,40806488,041626,WN 2023,SI,664,001,Regular,Lecture,Database App Design,3.00,A,SI 664,No
Winter 2024,40806488,042104,FA 2022,SI,501,002,Regular,Lecture,Contextual Inq,3.00,A,SI 501,No
Winter 2024,40806488,044772,FA 2022,SI,582,002,Regular,Lecture,Intro Interac Design,3.00,A-,SI 582,No
Winter 2024,40806488,044800,FA 2023,ENTR,390,010,Regular,Laboratory,Spec Topics Entr,3.00,A,ENTR 390,Yes
Winter 2024,40806488,045771,FA 2023,SI,684,001,Regular,Seminar,Design ConsHlth Tech,3.00,A,SI 684,No
Winter 2024,40806488,047640,WN 2023,SI,507,001,Regular,Lecture,Inter Programming,3.00,A,SI 507,No
Winter 2024,40806488,047901,WN 2024,SI,699,203,Regular,Lecture,MSI Mastery Courses,3.00,A,SI 699,No
Winter 2024,40806488,048129,WN 2023,SI,505,001,First 7 Wk,Lecture,Career/Intern Studio,1.00,S,SI 505,No
Winter 2024,40806488,048487,FA 2023,SI,669,001,Regular,Lecture,Dev Mobile Exp,3.00,A,SI 669,No
Winter 2024,40806488,048488,FA 2023,SI,559,001,Regular,Lecture,AR/VR Intro,3.00,A-,SI 559,No
Winter 2024,40806488,048831,FA 2023,SI,547,001,Regular,Seminar,Engage w/Communities,3.00,A,SI 547,No
Winter 2024,40806488,050159,FA 2022,SI,579,001,Regular,Lecture,Bldg Interactive App,3.00,A,SI 579,No
Winter 2024,40806488,050164,FA 2022,SI,504,001,Regular,Lecture,"Servers, Shell,&Git",1.50,A-,SI 504,No
Winter 2024,41042962,001752,WN 2023,PUBPOL,638,001,First 7 Wk,Seminar,Integ Polcy Exercise,1.00,S,PUBPOL 638,Yes
Winter 2024,41042962,005600,WN 2023,PUBPOL,586,001,Regular,Seminar,Performance Mgmt,1.50,A,PUBPOL 586,Yes
Winter 2024,41042962,006651,FA 2023,ENS,344,002,Regular,Laboratory,Univ Campus Orch,1.00,W,ENS 344,Yes
Winter 2024,41042962,011678,WN 2024,VIOLIN,500,171,Regular,Ind Study,Performance,2.00,W,VIOLIN 500,Yes
Winter 2024,41042962,017281,FA 2022,SI,588,001,Regular,Lecture,Fundamntls Hum Beh,3.00,A,SI 588,No
Winter 2024,41042962,020401,WN 2023,SI,622,002,Regular,Lecture,Usab Eval & Needs,4.00,A,SI 622,No
Winter 2024,41042962,020803,WN 2023,SI,643,001,Regular,Lecture,Instructional Skills,3.00,A+,SI 643,No
Winter 2024,41042962,020934,FA 2023,SI,649,001,Regular,Lecture,Info Visualization,3.00,W,SI 649,No
Winter 2024,41042962,021400,FA 2023,SI,520,001,Regular,Lecture,Graphic Design,3.00,A,SI 520,No
Winter 2024,41042962,039081,WN 2024,SI,529,001,Regular,Lecture,Online Communities,3.00,A+,SI 529,No
Winter 2024,41042962,039178,FA 2022,SI,539,001,Regular,Lecture,Web Design,3.00,A-,SI 539,No
Winter 2024,41042962,039543,FA 2023,PUBPOL,750,001,Regular,Lecture,Special Topics,3.00,A,PUBPOL 750,Yes
Winter 2024,41042962,039543,WN 2024,PUBPOL,750,005,Regular,Lecture,Special Topics,3.00,A,PUBPOL 750,Yes
Winter 2024,41042962,039545,WN 2023,PUBPOL,628,001,Regular,Lecture,"Dem, Educ, and Lib",3.00,A,PUBPOL 628,Yes
Winter 2024,41042962,042091,FA 2023,SI,618,001,Regular,Lecture,Data Man & Analysis,3.00,B+,SI 618,No
Winter 2024,41042962,043863,WN 2023,SI,612,001,Regular,Lecture,Pervasv Interact Des,3.00,A,SI 612,No
Winter 2024,41042962,044877,WN 2023,DATASCI,509,001,Regular,Lecture,Stats for Fin Data,3.00,W,DATASCI 509,Yes
Winter 2024,41042962,047640,WN 2023,SI,507,001,Regular,Lecture,Inter Programming,3.00,A,SI 507,No
Winter 2024,41042962,047901,WN 2024,SI,699,501,Regular,Lecture,MSI Mastery Courses,3.00,A,SI 699,No
Winter 2024,41042962,048280,WN 2024,SI,667,001,Regular,Lecture,Digital Curation,3.00,W,SI 667,No
Winter 2024,41042962,048488,FA 2023,SI,559,001,Regular,Lecture,AR/VR Intro,3.00,A,SI 559,No
Winter 2024,41042962,050159,FA 2022,SI,579,001,Regular,Lecture,Bldg Interactive App,3.00,W,SI 579,No
Winter 2024,41042962,050162,WN 2024,SI,510,001,Regular,Lecture,Information Ethics,3.00,W,SI 510,No
Winter 2024,41095276,001459,WN 2024,SI,690,001,Regular,Seminar,Intern/Field Exper,2.00,S,SI 690,No
Winter 2024,41095276,017281,FA 2022,SI,588,002,Regular,Lecture,Fundamntls Hum Beh,3.00,A,SI 588,No
Winter 2024,41095276,020401,WN 2023,SI,622,001,Regular,Lecture,Usab Eval & Needs,4.00,A,SI 622,No
Winter 2024,41095276,021400,FA 2022,SI,520,002,Regular,Lecture,Graphic Design,3.00,A-,SI 520,No
Winter 2024,41095276,022099,WN 2023,SI,658,001,Regular,Lecture,Info Architecture,3.00,A,SI 658,No
Winter 2024,41095276,039178,WN 2023,SI,539,001,Regular,Lecture,Web Design,3.00,A+,SI 539,No
Winter 2024,41095276,040667,WN 2023,SI,681,001,Regular,Seminar,Intern/Field Seminar,6.00,S,SI 681,No
Winter 2024,41095276,042104,FA 2022,SI,501,002,Regular,Lecture,Contextual Inq,3.00,A,SI 501,No
Winter 2024,41095276,044772,FA 2022,SI,582,004,Regular,Lecture,Intro Interac Design,3.00,A-,SI 582,No
Winter 2024,41095276,045771,FA 2023,SI,684,001,Regular,Seminar,Design ConsHlth Tech,3.00,A,SI 684,No
Winter 2024,41095276,046306,FA 2023,SI,616,001,Regular,Lecture,Adv Graphic Design,3.00,B+,SI 616,No
Winter 2024,41095276,047228,FA 2023,ENTR,500,002,Regular,Lecture,Intro to Innovation,3.00,A-,ENTR 500,Yes
Winter 2024,41095276,047304,WN 2023,ENTR,550,001,Regular,Lecture,Interpersonal Skills,3.00,A-,ENTR 550,Yes
Winter 2024,41095276,047901,WN 2024,SI,699,501,Regular,Lecture,MSI Mastery Courses,3.00,A,SI 699,No
Winter 2024,41095276,048421,FA 2023,ENTR,560,002,Regular,Lecture,Proj Mgmt Consulting,3.00,B+,ENTR 560,Yes
Winter 2024,41451517,001459,WN 2024,SI,690,001,Regular,Seminar,Intern/Field Exper,3.00,S,SI 690,No
Winter 2024,41451517,009731,FA 2022,SI,580,001,Regular,Lecture,Records & Archives,3.00,A,SI 580,No
Winter 2024,41451517,021045,FA 2022,SI,666,001,Regular,Lecture,Org of Inf Resources,3.00,A,SI 666,No
Winter 2024,41451517,021391,WN 2024,SI,511,073,Regular,Lecture,Special Topics,3.00,A,SI 511,No
Winter 2024,41451517,038659,FA 2023,SI,519,001,Regular,Seminar,Intel Prop&Info Law,3.00,A+,SI 519,No
Winter 2024,41451517,038948,FA 2023,SI,632,001,Regular,Lecture,Appraisal & Coll Dev,3.00,A+,SI 632,No
Winter 2024,41451517,039979,WN 2023,SI,623,001,Regular,Seminar,Res Meth Info Prof,3.00,A+,SI 623,No
Winter 2024,41451517,042104,FA 2022,SI,501,001,Regular,Lecture,Contextual Inq,3.00,A,SI 501,No
Winter 2024,41451517,047246,FA 2022,SI,506,001,Regular,Lecture,Programming I,3.00,A,SI 506,No
Winter 2024,41451517,047901,WN 2024,SI,699,028,Regular,Lecture,MSI Mastery Courses,3.00,A,SI 699,No
Winter 2024,41451517,048280,WN 2023,SI,667,001,Regular,Lecture,Digital Curation,3.00,A,SI 667,No
Winter 2024,41451517,050028,FA 2023,SI,583,001,Regular,Lecture,Info Accountability,3.00,A-,SI 583,No
Winter 2024,41451517,050162,WN 2024,SI,510,001,Regular,Lecture,Information Ethics,3.00,A+,SI 510,No
Winter 2024,41451517,050163,FA 2023,SI,633,001,Regular,Lecture,Assesmnt Cultrl Inst,3.00,A+,SI 633,No
Winter 2024,41451517,050165,WN 2023,SI,585,001,Regular,Lecture,Scholarly Comm,3.00,A,SI 585,No
Winter 2024,41451517,051074,WN 2023,SI,626,001,Regular,Lecture,Manage NonProf Lib,3.00,A-,SI 626,No
Winter 2024,43500484,007395,FA 2022,ARCH,509,003,Regular,Seminar,Experimental Course,3.00,A,ARCH 509,Yes
Winter 2024,43500484,007395,WN 2024,ARCH,509,014,Regular,Seminar,Experimental Course,3.00,A,ARCH 509,Yes
Winter 2024,43500484,017281,FA 2022,SI,588,002,Regular,Lecture,Fundamntls Hum Beh,3.00,A+,SI 588,No
Winter 2024,43500484,019145,WN 2024,ARCH,662,001,Regular,Laboratory,Thesis Studio,6.00,B+,ARCH 662,Yes
Winter 2024,43500484,020401,WN 2023,SI,622,001,Regular,Lecture,Usab Eval & Needs,4.00,A,SI 622,No
Winter 2024,43500484,021400,WN 2023,SI,520,002,Regular,Laboratory,Graphic Design,3.00,A,SI 520,No
Winter 2024,43500484,022099,WN 2023,SI,658,001,Regular,Lecture,Info Architecture,3.00,A,SI 658,No
Winter 2024,43500484,039178,FA 2022,SI,539,001,Regular,Lecture,Web Design,3.00,A,SI 539,No
Winter 2024,43500484,040667,WN 2023,SI,681,001,Regular,Seminar,Intern/Field Seminar,6.00,S,SI 681,No
Winter 2024,43500484,041626,WN 2023,SI,664,001,Regular,Lecture,Database App Design,3.00,A+,SI 664,No
Winter 2024,43500484,042104,FA 2022,SI,501,002,Regular,Lecture,Contextual Inq,3.00,A+,SI 501,No
Winter 2024,43500484,044772,FA 2022,SI,582,003,Regular,Lecture,Intro Interac Design,3.00,A,SI 582,No
Winter 2024,43500484,047901,WN 2024,SI,699,201,Regular,Lecture,MSI Mastery Courses,3.00,A+,SI 699,No
Winter 2024,43500484,049601,FA 2022,SI,564,001,Regular,Lecture,SQL & Databases,1.50,A,SI 564,No
Winter 2024,43500484,050159,WN 2023,SI,579,001,Regular,Lecture,Bldg Interactive App,3.00,A,SI 579,No
Winter 2024,43500484,050164,WN 2023,SI,504,001,Regular,Lecture,"Servers, Shell,&Git",1.50,A,SI 504,No
Winter 2024,43546035,009732,FA 2023,SI,650,001,Regular,Lecture,Informatn Retrieval,3.00,B-,SI 650,No
Winter 2024,43546035,016607,FA 2022,SI,544,001,Regular,Lecture,Intr Stat&Data Analy,3.00,A,SI 544,No
Winter 2024,43546035,020934,WN 2023,SI,649,001,Regular,Lecture,Info Visualization,3.00,B+,SI 649,No
Winter 2024,43546035,040667,WN 2023,SI,681,001,Regular,Seminar,Intern/Field Seminar,6.00,S,SI 681,No
Winter 2024,43546035,041626,FA 2023,SI,664,001,Regular,Lecture,Database App Design,3.00,A,SI 664,No
Winter 2024,43546035,041934,FA 2023,SI,608,001,Regular,Lecture,Networks,3.00,A,SI 608,No
Winter 2024,43546035,042091,WN 2023,SI,618,001,Regular,Lecture,Data Man & Analysis,3.00,A+,SI 618,No
Winter 2024,43546035,042104,FA 2022,SI,501,002,Regular,Lecture,Contextual Inq,3.00,A-,SI 501,No
Winter 2024,43546035,045930,FA 2023,SI,671,001,Regular,Lecture,Data Mining,3.00,B+,SI 671,No
Winter 2024,43546035,047246,FA 2022,SI,506,001,Regular,Lecture,Programming I,3.00,A,SI 506,No
Winter 2024,43546035,047640,FA 2022,SI,507,001,Regular,Lecture,Inter Programming,3.00,A,SI 507,No
Winter 2024,43546035,047901,WN 2024,SI,699,305,Regular,Lecture,MSI Mastery Courses,3.00,A,SI 699,No
Winter 2024,43546035,048129,WN 2023,SI,505,001,First 7 Wk,Lecture,Career/Intern Studio,1.00,S,SI 505,No
Winter 2024,43546035,049601,WN 2023,SI,564,001,Regular,Lecture,SQL & Databases,1.50,A,SI 564,No
Winter 2024,43546035,050164,FA 2022,SI,504,001,Regular,Lecture,"Servers, Shell,&Git",1.50,A-,SI 504,No
Winter 2024,43546035,050663,WN 2023,SI,568,001,Regular,Lecture,Intro Appld Data Sci,3.00,A-,SI 568,No
Winter 2024,43546035,050983,WN 2023,SI,602,001,Regular,Lecture,Math for ApplDataSci,3.00,B-,SI 602,No
Winter 2024,44391549,001459,FA 2023,SI,690,460,Regular,Seminar,Intern/Field Exper,3.00,S,SI 690,No
Winter 2024,44391549,001459,WN 2024,SI,690,001,Regular,Seminar,Intern/Field Exper,3.00,S,SI 690,No
Winter 2024,44391549,009731,FA 2022,SI,580,001,Regular,Lecture,Records & Archives,3.00,A+,SI 580,No
Winter 2024,44391549,020803,WN 2024,SI,643,001,Regular,Lecture,Instructional Skills,3.00,A+,SI 643,No
Winter 2024,44391549,021045,FA 2022,SI,666,001,Regular,Lecture,Org of Inf Resources,3.00,A+,SI 666,No
Winter 2024,44391549,038659,FA 2023,SI,519,001,Regular,Seminar,Intel Prop&Info Law,3.00,A+,SI 519,No
Winter 2024,44391549,038948,FA 2023,SI,632,001,Regular,Lecture,Appraisal & Coll Dev,3.00,A+,SI 632,No
Winter 2024,44391549,039979,WN 2023,SI,623,001,Regular,Seminar,Res Meth Info Prof,3.00,A+,SI 623,No
Winter 2024,44391549,040667,WN 2023,SI,681,001,Regular,Seminar,Intern/Field Seminar,3.00,S,SI 681,No
Winter 2024,44391549,042104,FA 2022,SI,501,002,Regular,Lecture,Contextual Inq,3.00,A+,SI 501,No
Winter 2024,44391549,047246,FA 2022,SI,506,001,Regular,Lecture,Programming I,3.00,A,SI 506,No
Winter 2024,44391549,047901,WN 2024,SI,699,028,Regular,Lecture,MSI Mastery Courses,3.00,A+,SI 699,No
Winter 2024,44391549,048280,WN 2023,SI,667,001,Regular,Lecture,Digital Curation,3.00,A+,SI 667,No
Winter 2024,44391549,048831,FA 2023,SI,547,001,Regular,Seminar,Engage w/Communities,3.00,A+,SI 547,No
Winter 2024,44391549,050162,WN 2023,SI,510,001,Regular,Lecture,Information Ethics,3.00,A+,SI 510,No
Winter 2024,44391549,051074,WN 2023,SI,626,001,Regular,Lecture,Manage NonProf Lib,3.00,A,SI 626,No
Winter 2024,44945284,001459,FA 2023,SI,690,440,Regular,Seminar,Intern/Field Exper,6.00,S,SI 690,No
Winter 2024,44945284,022099,WN 2023,SI,658,001,Regular,Lecture,Info Architecture,3.00,A+,SI 658,No
Winter 2024,44945284,038622,FA 2022,HISTORY,357,001,Regular,Lecture,African Hist Topics,3.00,NR,HISTORY 357,Yes
Winter 2024,44945284,041626,FA 2023,SI,664,001,Regular,Lecture,Database App Design,3.00,A,SI 664,No
Winter 2024,44945284,041855,FA 2023,SI,631,001,Regular,Lecture,Agile Softwar Dev,1.50,D+,SI 631,No
Winter 2024,44945284,042104,FA 2022,SI,501,002,Regular,Lecture,Contextual Inq,3.00,B-,SI 501,No
Winter 2024,44945284,044798,WN 2023,ENTR,599,021,Regular,Lecture,Spec Topics Entr,3.00,A-,ENTR 599,Yes
Winter 2024,44945284,047640,WN 2024,SI,507,001,Regular,Lecture,Inter Programming,3.00,A,SI 507,No
Winter 2024,44945284,047901,WN 2024,SI,699,003,Regular,Lecture,MSI Mastery Courses,3.00,A-,SI 699,No
Winter 2024,44945284,048421,WN 2024,ENTR,560,002,Regular,Lecture,Proj Mgmt Consulting,3.00,A-,ENTR 560,Yes
Winter 2024,44945284,048487,FA 2023,SI,669,001,Regular,Lecture,Dev Mobile Exp,3.00,W,SI 669,No
Winter 2024,44945284,050159,FA 2023,SI,579,001,Regular,Lecture,Bldg Interactive App,3.00,B,SI 579,No
Winter 2024,44945284,050164,FA 2023,SI,504,001,Regular,Lecture,"Servers, Shell,&Git",1.50,D-,SI 504,No
Winter 2024,44945284,050164,WN 2024,SI,504,001,Regular,Lecture,"Servers, Shell,&Git",1.50,A-,SI 504,No
Winter 2024,44956422,001459,WN 2024,SI,690,001,Regular,Seminar,Intern/Field Exper,2.00,S,SI 690,No
Winter 2024,44956422,009732,FA 2022,SI,650,001,Regular,Lecture,Informatn Retrieval,3.00,A+,SI 650,No
Winter 2024,44956422,020371,WN 2023,EECS,494,001,Regular,Lecture,Comp Game Design,4.00,A+,EECS 494,Yes
Winter 2024,44956422,041626,FA 2022,SI,664,001,Regular,Lecture,Database App Design,3.00,A,SI 664,No
Winter 2024,44956422,042071,FA 2023,SI,563,001,Regular,Lecture,Game Theory,3.00,A+,SI 563,No
Winter 2024,44956422,042091,FA 2022,SI,618,001,Regular,Lecture,Data Man & Analysis,3.00,A+,SI 618,No
Winter 2024,44956422,042104,FA 2022,SI,501,001,Regular,Lecture,Contextual Inq,3.00,A,SI 501,No
Winter 2024,44956422,045930,FA 2023,SI,671,001,Regular,Lecture,Data Mining,3.00,A,SI 671,No
Winter 2024,44956422,047246,WN 2024,SI,506,001,Regular,Lecture,Programming I,3.00,A,SI 506,No
Winter 2024,44956422,047640,FA 2022,SI,507,001,Regular,Lecture,Inter Programming,3.00,A,SI 507,No
Winter 2024,44956422,047901,WN 2024,SI,699,205,Regular,Lecture,MSI Mastery Courses,3.00,A+,SI 699,No
Winter 2024,44956422,048268,WN 2023,SI,630,001,Regular,Lecture,NLP Algorithm People,3.00,A,SI 630,No
Winter 2024,44956422,048500,FA 2023,SI,670,001,Regular,Lecture,Appld Machine Learng,3.00,A,SI 670,No
Winter 2024,44956422,049601,FA 2023,SI,564,001,Regular,Lecture,SQL & Databases,1.50,A,SI 564,No
Winter 2024,44956422,050164,FA 2022,SI,504,001,Regular,Lecture,"Servers, Shell,&Git",1.50,A,SI 504,No
Winter 2024,44956422,050663,WN 2023,SI,568,001,Regular,Lecture,Intro Appld Data Sci,3.00,A+,SI 568,No
Winter 2024,44956422,050983,WN 2023,SI,602,001,Regular,Lecture,Math for ApplDataSci,3.00,A+,SI 602,No
Winter 2024,45400225,017281,FA 2021,SI,588,002,Regular,Lecture,Fundamntls Hum Beh,3.00,I,SI 588,No
Winter 2024,45400225,017281,FA 2022,SI,588,002,Regular,Lecture,Fundamntls Hum Beh,3.00,C,SI 588,No
Winter 2024,45400225,020401,WN 2023,SI,622,002,Regular,Lecture,Usab Eval & Needs,4.00,A,SI 622,No
Winter 2024,45400225,020803,WN 2024,SI,643,001,Regular,Lecture,Instructional Skills,3.00,A+,SI 643,No
Winter 2024,45400225,021400,FA 2022,SI,520,001,Regular,Lecture,Graphic Design,3.00,W,SI 520,No
Winter 2024,45400225,021400,FA 2023,SI,520,001,Regular,Lecture,Graphic Design,3.00,B+,SI 520,No
Winter 2024,45400225,022326,WN 2024,SI,581,001,Regular,Lecture,Pres Info Resources,3.00,A,SI 581,No
Winter 2024,45400225,039178,WN 2023,SI,539,001,Regular,Lecture,Web Design,3.00,W,SI 539,No
Winter 2024,45400225,039178,FA 2023,SI,539,001,Regular,Lecture,Web Design,3.00,A,SI 539,No
Winter 2024,45400225,042104,FA 2021,SI,501,001,Regular,Lecture,Contextual Inq,3.00,A-,SI 501,No
Winter 2024,45400225,044772,FA 2021,SI,582,001,Regular,Lecture,Intro Interac Design,3.00,I,SI 582,No
Winter 2024,45400225,044772,FA 2022,SI,582,001,Regular,Lecture,Intro Interac Design,3.00,B,SI 582,No
Winter 2024,45400225,047246,FA 2021,SI,506,001,Regular,Lecture,Programming I,3.00,W,SI 506,No
Winter 2024,45400225,047246,WN 2022,SI,506,001,Regular,Lecture,Programming I,3.00,D+,SI 506,No
Winter 2024,45400225,047246,WN 2023,SI,506,001,Regular,Lecture,Programming I,3.00,B-,SI 506,No
Winter 2024,45400225,047641,WN 2022,SI,540,001,Regular,Lecture,Privacy in Info Tech,3.00,A,SI 540,No
Winter 2024,45400225,047901,WN 2024,SI,699,601,Regular,Lecture,MSI Mastery Courses,3.00,A+,SI 699,No
Winter 2024,45400225,048280,WN 2022,SI,667,001,Regular,Lecture,Digital Curation,3.00,W,SI 667,No
Winter 2024,45400225,048280,WN 2024,SI,667,001,Regular,Lecture,Digital Curation,3.00,A,SI 667,No
Winter 2024,45400225,048514,WN 2024,WELLNESS,512,002,Regular,Recitation,Yoga Performers,1.00,A,WELLNESS 512,Yes
Winter 2024,45400225,050159,FA 2023,SI,579,001,Regular,Lecture,Bldg Interactive App,3.00,A-,SI 579,No
Winter 2024,45400225,050162,WN 2024,SI,510,001,Regular,Lecture,Information Ethics,3.00,A,SI 510,No
Winter 2024,45400225,050164,FA 2023,SI,504,001,Regular,Lecture,"Servers, Shell,&Git",1.50,B,SI 504,No
Winter 2024,45400225,051074,WN 2024,SI,626,001,Regular,Lecture,Manage NonProf Lib,3.00,A,SI 626,No
Winter 2024,45596225,001459,WN 2024,SI,690,001,Regular,Seminar,Intern/Field Exper,4.00,S,SI 690,No
Winter 2024,45596225,009731,FA 2023,SI,580,001,Regular,Lecture,Records & Archives,3.00,A+,SI 580,No
Winter 2024,45596225,020803,WN 2023,SI,643,001,Regular,Lecture,Instructional Skills,3.00,A+,SI 643,No
Winter 2024,45596225,021042,FA 2023,SI,647,001,Regular,Lecture,Info Resources&Serv,3.00,A,SI 647,No
Winter 2024,45596225,021045,FA 2022,SI,666,001,Regular,Lecture,Org of Inf Resources,3.00,A+,SI 666,No
Winter 2024,45596225,038659,FA 2022,SI,519,001,Regular,Seminar,Intel Prop&Info Law,3.00,A+,SI 519,No
Winter 2024,45596225,040667,WN 2023,SI,681,001,Regular,Seminar,Intern/Field Seminar,5.00,S,SI 681,No
Winter 2024,45596225,042104,FA 2022,SI,501,001,Regular,Lecture,Contextual Inq,3.00,A+,SI 501,No
Winter 2024,45596225,047246,FA 2022,SI,506,001,Regular,Lecture,Programming I,3.00,A,SI 506,No
Winter 2024,45596225,047901,WN 2024,SI,699,028,Regular,Lecture,MSI Mastery Courses,3.00,A-,SI 699,No
Winter 2024,45596225,048280,WN 2023,SI,667,001,Regular,Lecture,Digital Curation,3.00,A+,SI 667,No
Winter 2024,45596225,050028,FA 2023,SI,583,001,Regular,Lecture,Info Accountability,3.00,A+,SI 583,No
Winter 2024,45596225,050162,WN 2023,SI,510,001,Regular,Lecture,Information Ethics,3.00,A+,SI 510,No
Winter 2024,45596225,050165,WN 2024,SI,585,001,Regular,Lecture,Scholarly Comm,3.00,A+,SI 585,No
Winter 2024,45596225,051074,WN 2023,SI,626,001,Regular,Lecture,Manage NonProf Lib,3.00,A+,SI 626,No
Winter 2024,45817422,011688,WN 2024,VOICE,500,221,Regular,Ind Study,Performance,2.00,E,VOICE 500,Yes
Winter 2024,45817422,012772,WN 2024,SI,548,001,Regular,Seminar,Prin Soft Design,3.00,A-,SI 548,No
Winter 2024,45817422,017281,FA 2022,SI,588,002,Regular,Lecture,Fundamntls Hum Beh,3.00,A,SI 588,No
Winter 2024,45817422,020401,WN 2023,SI,622,001,Regular,Lecture,Usab Eval & Needs,4.00,A,SI 622,No
Winter 2024,45817422,020803,WN 2023,SI,643,001,Regular,Lecture,Instructional Skills,3.00,A-,SI 643,No
Winter 2024,45817422,020997,FA 2023,BCOM,561,002,First 7 Wk,Recitation,Mgt Presentatn,1.50,A-,BCOM 561,Yes
Winter 2024,45817422,021391,WN 2024,SI,511,151,Regular,Lecture,Special Topics,1.50,B+,SI 511,No
Winter 2024,45817422,021400,WN 2023,SI,520,003,Regular,Laboratory,Graphic Design,3.00,C+,SI 520,No
Winter 2024,45817422,039081,WN 2023,SI,529,001,Regular,Lecture,Online Communities,3.00,A,SI 529,No
Winter 2024,45817422,039178,FA 2022,SI,539,001,Regular,Lecture,Web Design,3.00,B+,SI 539,No
Winter 2024,45817422,040667,WN 2023,SI,681,001,Regular,Seminar,Intern/Field Seminar,6.00,S,SI 681,No
Winter 2024,45817422,042104,FA 2022,SI,501,001,Regular,Lecture,Contextual Inq,3.00,A-,SI 501,No
Winter 2024,45817422,043366,WN 2024,SI,617,001,Regular,Lecture,Choice Architecture,3.00,W,SI 617,No
Winter 2024,45817422,043863,FA 2023,SI,612,001,Regular,Lecture,Pervasv Interact Des,3.00,B,SI 612,No
Winter 2024,45817422,044772,FA 2022,SI,582,005,Regular,Lecture,Intro Interac Design,3.00,A,SI 582,No
Winter 2024,45817422,045771,FA 2023,SI,684,001,Regular,Seminar,Design ConsHlth Tech,3.00,B,SI 684,No
Winter 2024,45817422,047901,WN 2024,SI,699,001,Regular,Lecture,MSI Mastery Courses,3.00,B+,SI 699,No
Winter 2024,45817422,048488,FA 2023,SI,559,002,Regular,Lecture,AR/VR Intro,3.00,A-,SI 559,No
Winter 2024,45817422,048877,WN 2024,SI,610,003,Regular,Seminar,Dig Studies Seminar,3.00,W,SI 610,No
Winter 2024,45956646,009732,FA 2023,SI,650,001,Regular,Lecture,Informatn Retrieval,3.00,E,SI 650,No
Winter 2024,45956646,017281,FA 2022,SI,588,002,Regular,Lecture,Fundamntls Hum Beh,3.00,A,SI 588,No
Winter 2024,45956646,020934,WN 2023,SI,649,001,Regular,Lecture,Info Visualization,3.00,B+,SI 649,No
Winter 2024,45956646,021400,FA 2022,SI,520,002,Regular,Lecture,Graphic Design,3.00,A-,SI 520,No
Winter 2024,45956646,039178,FA 2022,SI,539,001,Regular,Lecture,Web Design,3.00,B+,SI 539,No
Winter 2024,45956646,042071,FA 2023,SI,563,001,Regular,Lecture,Game Theory,3.00,B+,SI 563,No
Winter 2024,45956646,042091,WN 2023,SI,618,001,Regular,Lecture,Data Man & Analysis,3.00,A+,SI 618,No
Winter 2024,45956646,042104,FA 2022,SI,501,001,Regular,Lecture,Contextual Inq,3.00,A,SI 501,No
Winter 2024,45956646,044772,WN 2023,SI,582,001,Regular,Lecture,Intro Interac Design,3.00,A+,SI 582,No
Winter 2024,45956646,044798,WN 2023,ENTR,599,408,First 7 Wk,Lecture,Spec Topics Entr,1.00,A+,ENTR 599,Yes
Winter 2024,45956646,047246,FA 2022,SI,506,001,Regular,Lecture,Programming I,3.00,B,SI 506,No
Winter 2024,45956646,047640,WN 2023,SI,507,001,Regular,Lecture,Inter Programming,3.00,B,SI 507,No
Winter 2024,45956646,047901,WN 2024,SI,699,305,Regular,Lecture,MSI Mastery Courses,3.00,A,SI 699,No
Winter 2024,45956646,048488,FA 2023,SI,559,001,Regular,Lecture,AR/VR Intro,3.00,A-,SI 559,No
Winter 2024,45956646,048500,FA 2023,SI,670,001,Regular,Lecture,Appld Machine Learng,3.00,B,SI 670,No
Winter 2024,45956646,049365,FA 2023,SI,697,082,Regular,Ind Study,Master's Thesis 1,3.00,NR,SI 697,No
Winter 2024,45956646,049601,WN 2023,SI,564,001,Regular,Lecture,SQL & Databases,1.50,A,SI 564,No
Winter 2024,45956646,050136,WN 2023,UARTS,560,103,Regular,Laboratory,Grad ArtsEng Proj,2.00, ,UARTS 560,Yes
Winter 2024,45956646,050136,FA 2023,UARTS,560,103,Regular,Laboratory,Grad ArtsEng Proj,2.00,A,UARTS 560,Yes
Winter 2024,45956646,050164,FA 2022,SI,504,001,Regular,Lecture,"Servers, Shell,&Git",1.50,B+,SI 504,No
Winter 2024,45956646,050663,WN 2024,SI,568,001,Regular,Lecture,Intro Appld Data Sci,1.50,B+,SI 568,No
Winter 2024,45956646,050983,WN 2024,SI,602,001,Regular,Lecture,Math for ApplDataSci,3.00,C,SI 602,No
Winter 2024,46269652,012772,WN 2024,SI,548,001,Regular,Seminar,Prin Soft Design,3.00,A,SI 548,No
Winter 2024,46269652,017281,FA 2022,SI,588,001,Regular,Lecture,Fundamntls Hum Beh,3.00,A,SI 588,No
Winter 2024,46269652,020401,WN 2024,SI,622,002,Regular,Lecture,Usab Eval & Needs,4.00,A+,SI 622,No
Winter 2024,46269652,021391,WN 2024,SI,511,073,Regular,Lecture,Special Topics,3.00,A,SI 511,No
Winter 2024,46269652,021391,WN 2024,SI,511,151,Regular,Lecture,Special Topics,1.50,A+,SI 511,No
Winter 2024,46269652,021391,FA 2024,SI,511,155,Regular,Lecture,Special Topics,3.00,A,SI 511,No
Winter 2024,46269652,021400,FA 2023,SI,520,001,Regular,Lecture,Graphic Design,3.00,A,SI 520,No
Winter 2024,46269652,039178,FA 2023,SI,539,001,Regular,Lecture,Web Design,3.00,A,SI 539,No
Winter 2024,46269652,041044,FA 2022,ELI,510,001,Regular,Lecture,Acad Rdg&Vocab,2.00,S,ELI 510,Yes
Winter 2024,46269652,041855,FA 2024,SI,631,001,Regular,Lecture,Agile Softwar Dev,1.50,A,SI 631,No
Winter 2024,46269652,042104,FA 2022,SI,501,002,Regular,Lecture,Contextual Inq,3.00,A+,SI 501,No
Winter 2024,46269652,044772,FA 2022,SI,582,004,Regular,Lecture,Intro Interac Design,3.00,A,SI 582,No
Winter 2024,46269652,045771,FA 2023,SI,684,001,Regular,Seminar,Design ConsHlth Tech,3.00,A+,SI 684,No
Winter 2024,46269652,046306,WN 2024,SI,616,001,Regular,Lecture,Adv Graphic Design,3.00,A,SI 616,No
Winter 2024,46269652,047246,FA 2022,SI,506,001,Regular,Lecture,Programming I,3.00,A,SI 506,No
Winter 2024,46269652,047901,FA 2024,SI,699,201,Regular,Lecture,MSI Mastery Courses,3.00,A,SI 699,No
Winter 2024,46269652,048129,FA 2022,SI,505,001,Scnd 7 Wk,Lecture,Career/Intern Studio,1.00,S,SI 505,No
Winter 2024,46269652,048488,FA 2024,SI,559,001,Regular,Lecture,AR/VR Intro,3.00,A+,SI 559,No
Winter 2024,46290334,009732,FA 2023,SI,650,001,Regular,Lecture,Informatn Retrieval,3.00,A,SI 650,No
Winter 2024,46290334,017281,FA 2022,SI,588,002,Regular,Lecture,Fundamntls Hum Beh,3.00,A,SI 588,No
Winter 2024,46290334,020371,FA 2023,EECS,494,001,Regular,Lecture,Comp Game Design,4.00,B+,EECS 494,Yes
Winter 2024,46290334,020401,WN 2024,SI,622,001,Regular,Lecture,Usab Eval & Needs,4.00,A-,SI 622,No
Winter 2024,46290334,021400,FA 2022,SI,520,002,Regular,Lecture,Graphic Design,3.00,A,SI 520,No
Winter 2024,46290334,039178,FA 2022,SI,539,001,Regular,Lecture,Web Design,3.00,A+,SI 539,No
Winter 2024,46290334,040667,WN 2023,SI,681,001,Regular,Seminar,Intern/Field Seminar,5.00,S,SI 681,No
Winter 2024,46290334,041626,WN 2023,SI,664,001,Regular,Lecture,Database App Design,3.00,A,SI 664,No
Winter 2024,46290334,041855,FA 2023,SI,631,001,Regular,Lecture,Agile Softwar Dev,1.50,W,SI 631,No
Winter 2024,46290334,042091,WN 2023,SI,618,101,Regular,Lecture,Data Man & Analysis,3.00,A+,SI 618,No
Winter 2024,46290334,042104,FA 2022,SI,501,002,Regular,Lecture,Contextual Inq,3.00,A,SI 501,No
Winter 2024,46290334,044772,FA 2022,SI,582,005,Regular,Lecture,Intro Interac Design,3.00,A,SI 582,No
Winter 2024,46290334,047640,WN 2023,SI,507,001,Regular,Lecture,Inter Programming,3.00,A,SI 507,No
Winter 2024,46290334,047901,WN 2024,SI,699,003,Regular,Lecture,MSI Mastery Courses,3.00,A,SI 699,No
Winter 2024,46290334,048129,WN 2023,SI,505,001,First 7 Wk,Lecture,Career/Intern Studio,1.00,S,SI 505,No
Winter 2024,46290334,048487,FA 2023,SI,669,001,Regular,Lecture,Dev Mobile Exp,3.00,A+,SI 669,No
Winter 2024,46290334,049601,WN 2023,SI,564,001,Regular,Lecture,SQL & Databases,1.50,A,SI 564,No
Winter 2024,46290334,050159,WN 2023,SI,579,001,Regular,Lecture,Bldg Interactive App,3.00,A,SI 579,No
Winter 2024,47485753,001459,FA 2023,SI,690,460,Regular,Seminar,Intern/Field Exper,1.00,S,SI 690,No
Winter 2024,47485753,001459,WN 2024,SI,690,001,Regular,Seminar,Intern/Field Exper,2.00,S,SI 690,No
Winter 2024,47485753,017281,FA 2022,SI,588,001,Regular,Lecture,Fundamntls Hum Beh,3.00,A,SI 588,No
Winter 2024,47485753,020401,WN 2023,SI,622,002,Regular,Lecture,Usab Eval & Needs,4.00,A,SI 622,No
Winter 2024,47485753,021391,WN 2024,SI,511,151,Regular,Lecture,Special Topics,1.50,A+,SI 511,No
Winter 2024,47485753,021400,WN 2023,SI,520,003,Regular,Laboratory,Graphic Design,3.00,A,SI 520,No
Winter 2024,47485753,022099,WN 2024,SI,658,001,Regular,Lecture,Info Architecture,3.00,A,SI 658,No
Winter 2024,47485753,039178,WN 2023,SI,539,001,Regular,Lecture,Web Design,3.00,A,SI 539,No
Winter 2024,47485753,040667,WN 2023,SI,681,001,Regular,Seminar,Intern/Field Seminar,6.00,S,SI 681,No
Winter 2024,47485753,042104,FA 2022,SI,501,002,Regular,Lecture,Contextual Inq,3.00,A,SI 501,No
Winter 2024,47485753,043863,FA 2023,SI,612,002,Regular,Lecture,Pervasv Interact Des,3.00,A,SI 612,No
Winter 2024,47485753,044772,FA 2022,SI,582,001,Regular,Lecture,Intro Interac Design,3.00,A,SI 582,No
Winter 2024,47485753,045771,FA 2023,SI,684,001,Regular,Seminar,Design ConsHlth Tech,3.00,A-,SI 684,No
Winter 2024,47485753,047246,FA 2022,SI,506,001,Regular,Lecture,Programming I,3.00,A,SI 506,No
Winter 2024,47485753,047901,WN 2024,SI,699,601,Regular,Lecture,MSI Mastery Courses,3.00,A+,SI 699,No
Winter 2024,47485753,048129,WN 2023,SI,505,001,First 7 Wk,Lecture,Career/Intern Studio,1.00,S,SI 505,No
Winter 2024,47485753,048488,FA 2023,SI,559,002,Regular,Lecture,AR/VR Intro,3.00,A,SI 559,No
Winter 2024,47521766,009731,FA 2022,SI,580,001,Regular,Lecture,Records & Archives,3.00,A,SI 580,No
Winter 2024,47521766,020803,WN 2024,SI,643,001,Regular,Lecture,Instructional Skills,3.00,A+,SI 643,No
Winter 2024,47521766,021045,FA 2022,SI,666,001,Regular,Lecture,Org of Inf Resources,3.00,A,SI 666,No
Winter 2024,47521766,038659,FA 2023,SI,519,001,Regular,Seminar,Intel Prop&Info Law,3.00,A+,SI 519,No
Winter 2024,47521766,038948,FA 2023,SI,632,001,Regular,Lecture,Appraisal & Coll Dev,3.00,A,SI 632,No
Winter 2024,47521766,039979,WN 2023,SI,623,001,Regular,Seminar,Res Meth Info Prof,3.00,A+,SI 623,No
Winter 2024,47521766,040667,WN 2023,SI,681,001,Regular,Seminar,Intern/Field Seminar,6.00,S,SI 681,No
Winter 2024,47521766,042104,FA 2022,SI,501,001,Regular,Lecture,Contextual Inq,3.00,A+,SI 501,No
Winter 2024,47521766,047246,FA 2022,SI,506,001,Regular,Lecture,Programming I,3.00,A-,SI 506,No
Winter 2024,47521766,047901,WN 2024,SI,699,028,Regular,Lecture,MSI Mastery Courses,3.00,A-,SI 699,No
Winter 2024,47521766,048280,WN 2023,SI,667,001,Regular,Lecture,Digital Curation,3.00,A,SI 667,No
Winter 2024,47521766,050028,FA 2023,SI,583,001,Regular,Lecture,Info Accountability,3.00,A+,SI 583,No
Winter 2024,47521766,050162,WN 2024,SI,510,001,Regular,Lecture,Information Ethics,3.00,A+,SI 510,No
Winter 2024,47521766,050165,WN 2023,SI,585,001,Regular,Lecture,Scholarly Comm,3.00,A+,SI 585,No
Winter 2024,47521766,051074,WN 2023,SI,626,001,Regular,Lecture,Manage NonProf Lib,3.00,A,SI 626,No
Winter 2024,47593467,001005,FA 2023,URP,610,003,Regular,Seminar,URP Grad Exper Cse,3.00,A,URP 610,Yes
Winter 2024,47593467,001459,WN 2024,SI,690,001,Regular,Seminar,Intern/Field Exper,2.00,S,SI 690,No
Winter 2024,47593467,020401,WN 2023,SI,622,002,Regular,Lecture,Usab Eval & Needs,4.00,A,SI 622,No
Winter 2024,47593467,020803,WN 2023,SI,643,001,Regular,Lecture,Instructional Skills,3.00,A+,SI 643,No
Winter 2024,47593467,021042,FA 2023,SI,647,001,Regular,Lecture,Info Resources&Serv,3.00,B+,SI 647,No
Winter 2024,47593467,039979,WN 2023,SI,623,001,Regular,Seminar,Res Meth Info Prof,3.00,A,SI 623,No
Winter 2024,47593467,040667,WN 2023,SI,681,001,Regular,Seminar,Intern/Field Seminar,6.00,S,SI 681,No
Winter 2024,47593467,042104,FA 2022,SI,501,002,Regular,Lecture,Contextual Inq,3.00,A,SI 501,No
Winter 2024,47593467,044772,FA 2022,SI,582,001,Regular,Lecture,Intro Interac Design,3.00,A,SI 582,No
Winter 2024,47593467,047246,FA 2023,SI,506,001,Regular,Lecture,Programming I,3.00,A-,SI 506,No
Winter 2024,47593467,047901,WN 2024,SI,699,018,Regular,Lecture,MSI Mastery Courses,3.00,A,SI 699,No
Winter 2024,47593467,048129,WN 2023,SI,505,001,First 7 Wk,Lecture,Career/Intern Studio,1.00,S,SI 505,No
Winter 2024,47593467,048831,FA 2022,SI,547,001,Regular,Seminar,Engage w/Communities,3.00,A-,SI 547,No
Winter 2024,47593467,049770,FA 2023,SW,653,001,Regular,Lecture,Skil&Strat Comm Chan,3.00,W,SW 653,Yes
Winter 2024,47593467,050162,WN 2024,SI,510,001,Regular,Lecture,Information Ethics,3.00,A-,SI 510,No
Winter 2024,47593467,050163,FA 2023,SI,633,001,Regular,Lecture,Assesmnt Cultrl Inst,3.00,A,SI 633,No
Winter 2024,47593467,051074,WN 2024,SI,626,001,Regular,Lecture,Manage NonProf Lib,3.00,A,SI 626,No
Winter 2024,47867920,017281,FA 2022,SI,588,002,Regular,Lecture,Fundamntls Hum Beh,3.00,A,SI 588,No
Winter 2024,47867920,020401,WN 2023,SI,622,001,Regular,Lecture,Usab Eval & Needs,4.00,A,SI 622,No
Winter 2024,47867920,021400,FA 2023,SI,520,001,Regular,Lecture,Graphic Design,3.00,B+,SI 520,No
Winter 2024,47867920,022099,WN 2023,SI,658,001,Regular,Lecture,Info Architecture,3.00,A,SI 658,No
Winter 2024,47867920,039178,FA 2022,SI,539,001,Regular,Lecture,Web Design,3.00,B+,SI 539,No
Winter 2024,47867920,040667,WN 2023,SI,681,001,Regular,Seminar,Intern/Field Seminar,3.00,S,SI 681,No
Winter 2024,47867920,042104,FA 2022,SI,501,002,Regular,Lecture,Contextual Inq,3.00,A,SI 501,No
Winter 2024,47867920,043863,WN 2023,SI,612,001,Regular,Lecture,Pervasv Interact Des,3.00,A-,SI 612,No
Winter 2024,47867920,044772,FA 2022,SI,582,002,Regular,Lecture,Intro Interac Design,3.00,A-,SI 582,No
Winter 2024,47867920,047246,FA 2022,SI,506,001,Regular,Lecture,Programming I,3.00,A,SI 506,No
Winter 2024,47867920,048488,FA 2023,SI,559,001,Regular,Lecture,AR/VR Intro,3.00,A-,SI 559,No
Winter 2024,47867920,050159,WN 2023,SI,579,001,Regular,Lecture,Bldg Interactive App,3.00,B+,SI 579,No
Winter 2024,47867920,050164,WN 2023,SI,504,001,Regular,Lecture,"Servers, Shell,&Git",1.50,B+,SI 504,No
Winter 2024,48074963,001459,FA 2023,SI,690,460,Regular,Seminar,Intern/Field Exper,3.00,S,SI 690,No
Winter 2024,48074963,017281,FA 2022,SI,588,001,Regular,Lecture,Fundamntls Hum Beh,3.00,A,SI 588,No
Winter 2024,48074963,020401,WN 2023,SI,622,002,Regular,Lecture,Usab Eval & Needs,4.00,A,SI 622,No
Winter 2024,48074963,021391,WN 2024,SI,511,151,Regular,Lecture,Special Topics,1.50,A+,SI 511,No
Winter 2024,48074963,021400,WN 2023,SI,520,002,Regular,Laboratory,Graphic Design,3.00,A,SI 520,No
Winter 2024,48074963,039178,FA 2022,SI,539,001,Regular,Lecture,Web Design,3.00,A+,SI 539,No
Winter 2024,48074963,040667,WN 2023,SI,681,001,Regular,Seminar,Intern/Field Seminar,6.00,S,SI 681,No
Winter 2024,48074963,042104,FA 2022,SI,501,002,Regular,Lecture,Contextual Inq,3.00,A,SI 501,No
Winter 2024,48074963,043863,WN 2023,SI,612,002,Regular,Lecture,Pervasv Interact Des,3.00,A,SI 612,No
Winter 2024,48074963,044772,FA 2022,SI,582,003,Regular,Lecture,Intro Interac Design,3.00,A,SI 582,No
Winter 2024,48074963,045771,FA 2023,SI,684,001,Regular,Seminar,Design ConsHlth Tech,3.00,A+,SI 684,No
Winter 2024,48074963,046306,FA 2023,SI,616,001,Regular,Lecture,Adv Graphic Design,3.00,A-,SI 616,No
Winter 2024,48074963,047901,WN 2024,SI,699,301,Regular,Lecture,MSI Mastery Courses,3.00,A+,SI 699,No
Winter 2024,48074963,048129,FA 2022,SI,505,001,Scnd 7 Wk,Lecture,Career/Intern Studio,1.00,S,SI 505,No
Winter 2024,48074963,048131,FA 2023,BA,656,001,Regular,Laboratory,LBLE,3.00,A-,BA 656,Yes
Winter 2024,48074963,048488,FA 2023,SI,559,002,Regular,Lecture,AR/VR Intro,3.00,A,SI 559,No
Winter 2024,48161875,017281,FA 2022,SI,588,001,Regular,Lecture,Fundamntls Hum Beh,3.00,A,SI 588,No
Winter 2024,48161875,020401,WN 2023,SI,622,001,Regular,Lecture,Usab Eval & Needs,4.00,A,SI 622,No
Winter 2024,48161875,021400,WN 2023,SI,520,002,Regular,Laboratory,Graphic Design,3.00,A,SI 520,No
Winter 2024,48161875,039178,FA 2022,SI,539,001,Regular,Lecture,Web Design,3.00,A+,SI 539,No
Winter 2024,48161875,040667,WN 2023,SI,681,001,Regular,Seminar,Intern/Field Seminar,6.00,S,SI 681,No
Winter 2024,48161875,042104,FA 2022,SI,501,002,Regular,Lecture,Contextual Inq,3.00,A,SI 501,No
Winter 2024,48161875,043863,FA 2023,SI,612,001,Regular,Lecture,Pervasv Interact Des,3.00,A+,SI 612,No
Winter 2024,48161875,044772,FA 2022,SI,582,002,Regular,Lecture,Intro Interac Design,3.00,A-,SI 582,No
Winter 2024,48161875,045687,WN 2023,SI,538,001,Regular,Seminar,Citizen Inter Design,4.00,A,SI 538,No
Winter 2024,48161875,047901,WN 2024,SI,699,301,Regular,Lecture,MSI Mastery Courses,3.00,A+,SI 699,No
Winter 2024,48161875,048129,FA 2022,SI,505,001,Scnd 7 Wk,Lecture,Career/Intern Studio,1.00,S,SI 505,No
Winter 2024,48161875,048147,WN 2023,BA,657,001,Regular,Laboratory,LBLE,3.00,A,BA 657,Yes
Winter 2024,48161875,048488,FA 2023,SI,559,002,Regular,Lecture,AR/VR Intro,3.00,A,SI 559,No
Winter 2024,48161875,050136,WN 2023,UARTS,560,119,Regular,Laboratory,Grad ArtsEng Proj,2.00,A,UARTS 560,Yes
Winter 2024,48161875,050136,FA 2023,UARTS,560,119,Regular,Laboratory,Grad ArtsEng Proj,2.00,A,UARTS 560,Yes
Winter 2024,48161875,050159,FA 2023,SI,579,001,Regular,Lecture,Bldg Interactive App,3.00,A,SI 579,No
Winter 2024,48289428,009731,FA 2022,SI,580,001,Regular,Lecture,Records & Archives,3.00,A+,SI 580,No
Winter 2024,48289428,020803,WN 2024,SI,643,001,Regular,Lecture,Instructional Skills,3.00,A+,SI 643,No
Winter 2024,48289428,021045,FA 2022,SI,666,001,Regular,Lecture,Org of Inf Resources,3.00,A,SI 666,No
Winter 2024,48289428,022326,WN 2023,SI,581,001,Regular,Lecture,Pres Info Resources,3.00,A,SI 581,No
Winter 2024,48289428,038659,FA 2023,SI,519,001,Regular,Seminar,Intel Prop&Info Law,3.00,A+,SI 519,No
Winter 2024,48289428,038948,FA 2023,SI,632,001,Regular,Lecture,Appraisal & Coll Dev,3.00,A,SI 632,No
Winter 2024,48289428,039979,WN 2023,SI,623,001,Regular,Seminar,Res Meth Info Prof,3.00,A,SI 623,No
Winter 2024,48289428,042104,FA 2022,SI,501,002,Regular,Lecture,Contextual Inq,3.00,A,SI 501,No
Winter 2024,48289428,042324,WN 2023,SI,639,001,Scnd 7 Wk,Lecture,Web Archiving,1.50,A+,SI 639,No
Winter 2024,48289428,047246,FA 2022,SI,506,001,Regular,Lecture,Programming I,3.00,A-,SI 506,No
Winter 2024,48289428,047901,WN 2024,SI,699,028,Regular,Lecture,MSI Mastery Courses,3.00,A+,SI 699,No
Winter 2024,48289428,048280,WN 2023,SI,667,001,Regular,Lecture,Digital Curation,3.00,A,SI 667,No
Winter 2024,48289428,050028,FA 2023,SI,583,001,Regular,Lecture,Info Accountability,3.00,A+,SI 583,No
Winter 2024,48289428,050162,WN 2024,SI,510,001,Regular,Lecture,Information Ethics,3.00,A+,SI 510,No
Winter 2024,48289428,050163,FA 2023,SI,633,001,Regular,Lecture,Assesmnt Cultrl Inst,3.00,A,SI 633,No
Winter 2024,48289428,050165,WN 2024,SI,585,001,Regular,Lecture,Scholarly Comm,3.00,A+,SI 585,No
Winter 2024,48289428,051074,WN 2023,SI,626,001,Regular,Lecture,Manage NonProf Lib,3.00,A,SI 626,No
Winter 2024,48314829,001459,FA 2023,SI,690,460,Regular,Seminar,Intern/Field Exper,1.00,S,SI 690,No
Winter 2024,48314829,003736,FA 2023,ES,605,002,Scnd 7 Wk,Recitation,New Prod Innov Mngmt,2.25,B,ES 605,Yes
Winter 2024,48314829,017075,WN 2024,ELI,534,001,Regular,Lecture,Dis&Oral Argumentn,1.00,S,ELI 534,Yes
Winter 2024,48314829,017281,FA 2022,SI,588,002,Regular,Lecture,Fundamntls Hum Beh,3.00,A,SI 588,No
Winter 2024,48314829,020401,WN 2023,SI,622,002,Regular,Lecture,Usab Eval & Needs,4.00,A,SI 622,No
Winter 2024,48314829,021400,WN 2023,SI,520,002,Regular,Laboratory,Graphic Design,3.00,A-,SI 520,No
Winter 2024,48314829,022099,WN 2023,SI,658,001,Regular,Lecture,Info Architecture,3.00,A,SI 658,No
Winter 2024,48314829,039178,FA 2023,SI,539,101,Regular,Lecture,Web Design,3.00,A,SI 539,No
Winter 2024,48314829,040667,WN 2023,SI,681,001,Regular,Seminar,Intern/Field Seminar,6.00,S,SI 681,No
Winter 2024,48314829,042104,FA 2022,SI,501,002,Regular,Lecture,Contextual Inq,3.00,A,SI 501,No
Winter 2024,48314829,043863,FA 2023,SI,612,001,Regular,Lecture,Pervasv Interact Des,3.00,A+,SI 612,No
Winter 2024,48314829,044772,FA 2022,SI,582,003,Regular,Lecture,Intro Interac Design,3.00,A,SI 582,No
Winter 2024,48314829,045732,WN 2023,SI,554,001,Regular,Lecture,Consumer Hlth Inform,3.00,A,SI 554,No
Winter 2024,48314829,045771,FA 2023,SI,684,001,Regular,Seminar,Design ConsHlth Tech,3.00,A+,SI 684,No
Winter 2024,48314829,047246,FA 2022,SI,506,001,Regular,Lecture,Programming I,3.00,A,SI 506,No
Winter 2024,48314829,047901,WN 2024,SI,699,301,Regular,Lecture,MSI Mastery Courses,3.00,A+,SI 699,No
Winter 2024,48314829,048129,FA 2022,SI,505,001,Scnd 7 Wk,Lecture,Career/Intern Studio,1.00,S,SI 505,No
Winter 2024,48463063,001459,WN 2024,SI,690,001,Regular,Seminar,Intern/Field Exper,2.00,S,SI 690,No
Winter 2024,48463063,017281,FA 2023,SI,588,002,Regular,Lecture,Fundamntls Hum Beh,3.00,A,SI 588,No
Winter 2024,48463063,020401,WN 2023,SI,622,002,Regular,Lecture,Usab Eval & Needs,4.00,A,SI 622,No
Winter 2024,48463063,020934,WN 2023,SI,649,001,Regular,Lecture,Info Visualization,3.00,A,SI 649,No
Winter 2024,48463063,021400,FA 2022,SI,520,002,Regular,Lecture,Graphic Design,3.00,A+,SI 520,No
Winter 2024,48463063,039178,FA 2022,SI,539,001,Regular,Lecture,Web Design,3.00,A+,SI 539,No
Winter 2024,48463063,041626,FA 2023,SI,664,001,Regular,Lecture,Database App Design,3.00,A,SI 664,No
Winter 2024,48463063,041934,FA 2023,SI,608,001,Regular,Lecture,Networks,3.00,A,SI 608,No
Winter 2024,48463063,042091,WN 2023,SI,618,001,Regular,Lecture,Data Man & Analysis,3.00,A+,SI 618,No
Winter 2024,48463063,042104,FA 2022,SI,501,002,Regular,Lecture,Contextual Inq,3.00,A,SI 501,No
Winter 2024,48463063,043863,FA 2023,SI,612,002,Regular,Lecture,Pervasv Interact Des,3.00,A+,SI 612,No
Winter 2024,48463063,044772,FA 2022,SI,582,005,Regular,Lecture,Intro Interac Design,3.00,A+,SI 582,No
Winter 2024,48463063,047640,WN 2023,SI,507,001,Regular,Lecture,Inter Programming,3.00,A,SI 507,No
Winter 2024,48463063,047901,WN 2024,SI,699,003,Regular,Lecture,MSI Mastery Courses,3.00,A,SI 699,No
Winter 2024,48463063,048487,FA 2023,SI,669,001,Regular,Lecture,Dev Mobile Exp,3.00,A+,SI 669,No
Winter 2024,48463063,048887,WN 2023,EECS,403,001,Regular,Lecture,Fnd Data Str Algo,4.00,W,EECS 403,Yes
Winter 2024,48463063,050159,FA 2023,SI,579,001,Regular,Lecture,Bldg Interactive App,3.00,A,SI 579,No
Winter 2024,48604860,001459,FA 2023,SI,690,460,Regular,Seminar,Intern/Field Exper,3.00,S,SI 690,No
Winter 2024,48604860,001753,WN 2023,PUBPOL,700,050,Regular,Ind Study,Directed Res,2.00,A,PUBPOL 700,Yes
Winter 2024,48604860,005600,FA 2023,PUBPOL,586,001,First 7 Wk,Seminar,Performance Mgmt,1.50,A,PUBPOL 586,Yes
Winter 2024,48604860,014093,FA 2022,EAS,639,013,Regular,Seminar,Sem Res Ecol,1.00,A,EAS 639,Yes
Winter 2024,48604860,017281,FA 2023,SI,588,002,Regular,Lecture,Fundamntls Hum Beh,3.00,A-,SI 588,No
Winter 2024,48604860,020401,WN 2023,SI,622,001,Regular,Lecture,Usab Eval & Needs,4.00,A,SI 622,No
Winter 2024,48604860,021400,FA 2023,SI,520,001,Regular,Lecture,Graphic Design,3.00,C+,SI 520,No
Winter 2024,48604860,022326,WN 2023,SI,581,001,Regular,Lecture,Pres Info Resources,3.00,A-,SI 581,No
Winter 2024,48604860,039178,FA 2022,SI,539,001,Regular,Lecture,Web Design,3.00,A-,SI 539,No
Winter 2024,48604860,039543,FA 2022,PUBPOL,750,009,Regular,Lecture,Special Topics,3.00,B+,PUBPOL 750,Yes
Winter 2024,48604860,039979,WN 2023,SI,623,001,Regular,Seminar,Res Meth Info Prof,3.00,A+,SI 623,No
Winter 2024,48604860,040249,FA 2022,PUBPOL,534,001,Regular,Seminar,Ec of Dev Countries,3.00,A-,PUBPOL 534,Yes
Winter 2024,48604860,040667,WN 2023,SI,681,001,Regular,Seminar,Intern/Field Seminar,6.00,S,SI 681,No
Winter 2024,48604860,040898,FA 2023,PUBPOL,683,001,Regular,Lecture,Elect&Camp,3.00,A-,PUBPOL 683,Yes
Winter 2024,48604860,042104,FA 2022,SI,501,002,Regular,Lecture,Contextual Inq,3.00,A-,SI 501,No
Winter 2024,48604860,049601,WN 2023,SI,564,001,Regular,Lecture,SQL & Databases,1.50,A,SI 564,No
Winter 2024,48604860,050164,FA 2022,SI,504,001,Regular,Lecture,"Servers, Shell,&Git",1.50,A,SI 504,No
Winter 2024,48604860,050815,FA 2022,PUBPOL,500,001,First 7 Wk,Seminar,MPP ILE,1.00,S,PUBPOL 500,Yes
Winter 2024,48739358,005175,WN 2024,ENGLISH,578,002,Regular,Seminar,Creative Writing,3.00,A,ENGLISH 578,Yes
Winter 2024,48739358,021042,FA 2022,SI,647,001,Regular,Lecture,Info Resources&Serv,3.00,A+,SI 647,No
Winter 2024,48739358,021045,FA 2022,SI,666,001,Regular,Lecture,Org of Inf Resources,3.00,A+,SI 666,No
Winter 2024,48739358,038659,FA 2023,SI,519,001,Regular,Seminar,Intel Prop&Info Law,3.00,A+,SI 519,No
Winter 2024,48739358,039979,WN 2023,SI,623,001,Regular,Seminar,Res Meth Info Prof,3.00,A+,SI 623,No
Winter 2024,48739358,040667,WN 2023,SI,681,001,Regular,Seminar,Intern/Field Seminar,6.00,S,SI 681,No
Winter 2024,48739358,041626,WN 2024,SI,664,001,Regular,Lecture,Database App Design,3.00,A,SI 664,No
Winter 2024,48739358,042104,FA 2022,SI,501,002,Regular,Lecture,Contextual Inq,3.00,A+,SI 501,No
Winter 2024,48739358,042324,WN 2023,SI,639,001,Scnd 7 Wk,Lecture,Web Archiving,1.50,A+,SI 639,No
Winter 2024,48739358,047246,FA 2022,SI,506,001,Regular,Lecture,Programming I,3.00,A,SI 506,No
Winter 2024,48739358,047901,WN 2024,SI,699,006,Regular,Lecture,MSI Mastery Courses,3.00,A-,SI 699,No
Winter 2024,48739358,048129,WN 2023,SI,505,001,First 7 Wk,Lecture,Career/Intern Studio,1.00,S,SI 505,No
Winter 2024,48739358,048280,WN 2023,SI,667,001,Regular,Lecture,Digital Curation,3.00,A+,SI 667,No
Winter 2024,48739358,049601,WN 2023,SI,564,001,Regular,Lecture,SQL & Databases,1.50,A,SI 564,No
Winter 2024,48739358,050161,FA 2023,SI,676,001,Regular,Lecture,Network Info Servcs,3.00,A,SI 676,No
Winter 2024,48739358,050162,WN 2024,SI,510,001,Regular,Lecture,Information Ethics,3.00,A+,SI 510,No
Winter 2024,48739358,050163,FA 2023,SI,633,001,Regular,Lecture,Assesmnt Cultrl Inst,3.00,A,SI 633,No
Winter 2024,48739358,050164,WN 2023,SI,504,001,Regular,Lecture,"Servers, Shell,&Git",1.50,A-,SI 504,No
Winter 2024,48739358,050165,WN 2023,SI,585,001,Regular,Lecture,Scholarly Comm,3.00,A+,SI 585,No
Winter 2024,49366632,017281,FA 2022,SI,588,001,Regular,Lecture,Fundamntls Hum Beh,3.00,A,SI 588,No
Winter 2024,49366632,020401,WN 2023,SI,622,002,Regular,Lecture,Usab Eval & Needs,4.00,A,SI 622,No
Winter 2024,49366632,021050,FA 2022,SI,691,042,Regular,Ind Study,Independent Study,2.00,A+,SI 691,No
Winter 2024,49366632,021400,WN 2023,SI,520,002,Regular,Laboratory,Graphic Design,3.00,A,SI 520,No
Winter 2024,49366632,022099,WN 2023,SI,658,001,Regular,Lecture,Info Architecture,3.00,A,SI 658,No
Winter 2024,49366632,039081,FA 2023,SI,529,001,Regular,Lecture,Online Communities,3.00,A,SI 529,No
Winter 2024,49366632,039178,FA 2022,SI,539,001,Regular,Lecture,Web Design,3.00,A+,SI 539,No
Winter 2024,49366632,040667,WN 2023,SI,681,001,Regular,Seminar,Intern/Field Seminar,6.00,S,SI 681,No
Winter 2024,49366632,042104,FA 2022,SI,501,002,Regular,Lecture,Contextual Inq,3.00,A,SI 501,No
Winter 2024,49366632,043863,FA 2023,SI,612,001,Regular,Lecture,Pervasv Interact Des,3.00,A+,SI 612,No
Winter 2024,49366632,044772,FA 2022,SI,582,002,Regular,Lecture,Intro Interac Design,3.00,A,SI 582,No
Winter 2024,49366632,045687,FA 2023,SI,538,001,Regular,Seminar,Citizen Inter Design,4.00,A,SI 538,No
Winter 2024,49366632,047901,WN 2024,SI,699,301,Regular,Lecture,MSI Mastery Courses,3.00,A,SI 699,No
Winter 2024,49366632,048129,WN 2023,SI,505,001,First 7 Wk,Lecture,Career/Intern Studio,1.00,S,SI 505,No
Winter 2024,49366632,048514,FA 2023,WELLNESS,512,002,Regular,Recitation,Yoga Performers,1.00,A,WELLNESS 512,Yes
Winter 2024,49366632,050159,WN 2023,SI,579,001,Regular,Lecture,Bldg Interactive App,3.00,A,SI 579,No
Winter 2024,49552748,001459,FA 2023,SI,690,460,Regular,Seminar,Intern/Field Exper,2.00,S,SI 690,No
Winter 2024,49552748,017281,FA 2022,SI,588,002,Regular,Lecture,Fundamntls Hum Beh,3.00,A,SI 588,No
Winter 2024,49552748,020401,WN 2023,SI,622,001,Regular,Lecture,Usab Eval & Needs,4.00,A,SI 622,No
Winter 2024,49552748,020934,WN 2023,SI,649,002,Regular,Lecture,Info Visualization,3.00,A,SI 649,No
Winter 2024,49552748,021400,FA 2022,SI,520,001,Regular,Lecture,Graphic Design,3.00,A,SI 520,No
Winter 2024,49552748,022099,WN 2023,SI,658,001,Regular,Lecture,Info Architecture,3.00,A,SI 658,No
Winter 2024,49552748,039178,WN 2023,SI,539,001,Regular,Lecture,Web Design,3.00,A+,SI 539,No
Winter 2024,49552748,040667,WN 2023,SI,681,001,Regular,Seminar,Intern/Field Seminar,6.00,S,SI 681,No
Winter 2024,49552748,041626,FA 2023,SI,664,001,Regular,Lecture,Database App Design,3.00,A,SI 664,No
Winter 2024,49552748,042104,FA 2022,SI,501,001,Regular,Lecture,Contextual Inq,3.00,A,SI 501,No
Winter 2024,49552748,044772,FA 2022,SI,582,003,Regular,Lecture,Intro Interac Design,3.00,A,SI 582,No
Winter 2024,49552748,045687,FA 2023,SI,538,001,Regular,Seminar,Citizen Inter Design,4.00,A,SI 538,No
Winter 2024,49552748,045771,FA 2023,SI,684,001,Regular,Seminar,Design ConsHlth Tech,3.00,A+,SI 684,No
Winter 2024,49552748,047901,WN 2024,SI,699,201,Regular,Lecture,MSI Mastery Courses,3.00,A-,SI 699,No
Winter 2024,49552748,048488,FA 2023,SI,559,003,Regular,Lecture,AR/VR Intro,3.00,A+,SI 559,No
Winter 2024,49847356,009732,FA 2023,SI,650,001,Regular,Lecture,Informatn Retrieval,3.00,B+,SI 650,No
Winter 2024,49847356,016607,FA 2022,SI,544,001,Regular,Lecture,Intr Stat&Data Analy,3.00,A,SI 544,No
Winter 2024,49847356,039178,FA 2023,SI,539,001,Regular,Lecture,Web Design,3.00,A,SI 539,No
Winter 2024,49847356,040667,WN 2023,SI,681,001,Regular,Seminar,Intern/Field Seminar,6.00,S,SI 681,No
Winter 2024,49847356,041626,FA 2023,SI,664,001,Regular,Lecture,Database App Design,3.00,A,SI 664,No
Winter 2024,49847356,042091,WN 2023,SI,618,001,Regular,Lecture,Data Man & Analysis,3.00,A+,SI 618,No
Winter 2024,49847356,042104,FA 2022,SI,501,001,Regular,Lecture,Contextual Inq,3.00,A,SI 501,No
Winter 2024,49847356,045930,FA 2023,SI,671,001,Regular,Lecture,Data Mining,3.00,B+,SI 671,No
Winter 2024,49847356,047246,FA 2023,SI,506,001,Regular,Lecture,Programming I,3.00,A,SI 506,No
Winter 2024,49847356,047640,FA 2022,SI,507,001,Regular,Lecture,Inter Programming,3.00,A,SI 507,No
Winter 2024,49847356,047901,WN 2024,SI,699,005,Regular,Lecture,MSI Mastery Courses,3.00,A,SI 699,No
Winter 2024,49847356,048268,WN 2023,SI,630,001,Regular,Lecture,NLP Algorithm People,3.00,B+,SI 630,No
Winter 2024,49847356,049601,FA 2022,SI,564,001,Regular,Lecture,SQL & Databases,1.50,A,SI 564,No
Winter 2024,49847356,050164,FA 2022,SI,504,001,Regular,Lecture,"Servers, Shell,&Git",1.50,A,SI 504,No
Winter 2024,49847356,050663,WN 2023,SI,568,001,Regular,Lecture,Intro Appld Data Sci,3.00,A+,SI 568,No
Winter 2024,49847356,050983,WN 2023,SI,602,001,Regular,Lecture,Math for ApplDataSci,3.00,B,SI 602,No
Winter 2024,50952532,013075,WN 2023,EAS,701,888,First 7 Wk,Lecture,Masters Project,1.00,A,EAS 701,Yes
Winter 2024,50952532,013504,WN 2023,EAS,687,001,Regular,Lecture,Mod for LandscpePlan,4.00,A,EAS 687,Yes
Winter 2024,50952532,017281,FA 2022,SI,588,001,Regular,Lecture,Fundamntls Hum Beh,3.00,A,SI 588,No
Winter 2024,50952532,020401,WN 2023,SI,622,002,Regular,Lecture,Usab Eval & Needs,4.00,A,SI 622,No
Winter 2024,50952532,039178,FA 2022,SI,539,001,Regular,Lecture,Web Design,3.00,A,SI 539,No
Winter 2024,50952532,040667,WN 2023,SI,681,001,Regular,Seminar,Intern/Field Seminar,6.00,S,SI 681,No
Winter 2024,50952532,041626,WN 2023,SI,664,001,Regular,Lecture,Database App Design,3.00,A,SI 664,No
Winter 2024,50952532,042104,FA 2022,SI,501,001,Regular,Lecture,Contextual Inq,3.00,A,SI 501,No
Winter 2024,50952532,044772,FA 2022,SI,582,005,Regular,Lecture,Intro Interac Design,3.00,A+,SI 582,No
Winter 2024,50952532,046386,FA 2023,SI,311,150,Regular,Lecture,Spec Topics in Info,3.00,A,SI 311,No
Winter 2024,50952532,047640,FA 2022,SI,507,101,Regular,Lecture,Inter Programming,3.00,A,SI 507,No
Winter 2024,50952532,048487,FA 2023,SI,669,001,Regular,Lecture,Dev Mobile Exp,3.00,A+,SI 669,No
Winter 2024,50952532,048488,FA 2023,SI,559,001,Regular,Lecture,AR/VR Intro,3.00,A+,SI 559,No
Winter 2024,50952532,050159,WN 2023,SI,579,001,Regular,Lecture,Bldg Interactive App,3.00,A-,SI 579,No
Winter 2024,51047006,007395,FA 2023,ARCH,509,007,Regular,Seminar,Experimental Course,3.00,A,ARCH 509,Yes
Winter 2024,51047006,017281,FA 2022,SI,588,002,Regular,Lecture,Fundamntls Hum Beh,3.00,A,SI 588,No
Winter 2024,51047006,020401,WN 2023,SI,622,001,Regular,Lecture,Usab Eval & Needs,4.00,A,SI 622,No
Winter 2024,51047006,021391,WN 2024,SI,511,151,Regular,Lecture,Special Topics,1.50,A+,SI 511,No
Winter 2024,51047006,021400,FA 2022,SI,520,002,Regular,Lecture,Graphic Design,3.00,A,SI 520,No
Winter 2024,51047006,022099,WN 2023,SI,658,001,Regular,Lecture,Info Architecture,3.00,A,SI 658,No
Winter 2024,51047006,039178,FA 2022,SI,539,001,Regular,Lecture,Web Design,3.00,W,SI 539,No
Winter 2024,51047006,040667,WN 2024,SI,681,001,Regular,Seminar,Intern/Field Seminar,4.00,S,SI 681,No
Winter 2024,51047006,041957,FA 2023,ENGR,599,033,Regular,Laboratory,Spec Topics Engr,3.00,W,ENGR 599,Yes
Winter 2024,51047006,044772,FA 2022,SI,582,005,Regular,Lecture,Intro Interac Design,3.00,A,SI 582,No
Winter 2024,51047006,045393,FA 2023,SI,552,001,Regular,Lecture,Accessibility Intro,3.00,B+,SI 552,No
Winter 2024,51047006,045687,WN 2023,SI,538,001,Regular,Seminar,Citizen Inter Design,4.00,A,SI 538,No
Winter 2024,51047006,046306,WN 2023,SI,616,001,Regular,Lecture,Adv Graphic Design,3.00,A-,SI 616,No
Winter 2024,51047006,047796,FA 2024,ARTSADMN,422,001,Regular,Lecture,Writing Abt Your Art,1.00,A,ARTSADMN 422,Yes
Winter 2024,51047006,047849,WN 2024,ARTSADMN,533,001,Regular,Lecture,Media Tech Careers,1.00,A,ARTSADMN 533,Yes
Winter 2024,51047006,047901,WN 2024,SI,699,301,Regular,Lecture,MSI Mastery Courses,3.00,A+,SI 699,No
Winter 2024,51047006,048129,WN 2023,SI,505,001,First 7 Wk,Lecture,Career/Intern Studio,1.00,S,SI 505,No
Winter 2024,51047006,048488,FA 2023,SI,559,002,Regular,Lecture,AR/VR Intro,3.00,A-,SI 559,No
Winter 2024,51047006,049601,WN 2024,SI,564,001,Regular,Lecture,SQL & Databases,1.50,B+,SI 564,No
Winter 2024,51047006,050136,WN 2024,UARTS,560,104,Regular,Laboratory,Grad ArtsEng Proj,2.00,W,UARTS 560,Yes
Winter 2024,51047006,051454,WN 2024,SI,594,001,Regular,Lecture,Auto UX,3.00,A,SI 594,No
Winter 2024,51398363,001459,FA 2023,SI,690,460,Regular,Seminar,Intern/Field Exper,6.00,S,SI 690,No
Winter 2024,51398363,001459,WN 2024,SI,690,001,Regular,Seminar,Intern/Field Exper,3.00,S,SI 690,No
Winter 2024,51398363,012772,WN 2024,SI,548,001,Regular,Seminar,Prin Soft Design,3.00,A,SI 548,No
Winter 2024,51398363,017281,FA 2022,SI,588,001,Regular,Lecture,Fundamntls Hum Beh,3.00,A-,SI 588,No
Winter 2024,51398363,020401,WN 2023,SI,622,002,Regular,Lecture,Usab Eval & Needs,4.00,A,SI 622,No
Winter 2024,51398363,039178,WN 2023,SI,539,001,Regular,Lecture,Web Design,3.00,A,SI 539,No
Winter 2024,51398363,042104,FA 2022,SI,501,002,Regular,Lecture,Contextual Inq,3.00,A,SI 501,No
Winter 2024,51398363,044772,FA 2022,SI,582,003,Regular,Lecture,Intro Interac Design,3.00,A,SI 582,No
Winter 2024,51398363,045393,FA 2023,SI,552,001,Regular,Lecture,Accessibility Intro,3.00,A,SI 552,No
Winter 2024,51398363,045687,WN 2023,SI,538,001,Regular,Seminar,Citizen Inter Design,4.00,A,SI 538,No
Winter 2024,51398363,047246,FA 2022,SI,506,001,Regular,Lecture,Programming I,3.00,A,SI 506,No
Winter 2024,51398363,047901,WN 2024,SI,699,601,Regular,Lecture,MSI Mastery Courses,3.00,A+,SI 699,No
Winter 2024,51398363,048129,WN 2023,SI,505,001,First 7 Wk,Lecture,Career/Intern Studio,1.00,S,SI 505,No
Winter 2024,51398363,048488,FA 2023,SI,559,001,Regular,Lecture,AR/VR Intro,3.00,A,SI 559,No
Winter 2024,51398363,051454,WN 2024,SI,594,001,Regular,Lecture,Auto UX,3.00,A-,SI 594,No
Winter 2024,51596624,017281,FA 2022,SI,588,001,Regular,Lecture,Fundamntls Hum Beh,3.00,A,SI 588,No
Winter 2024,51596624,020401,WN 2023,SI,622,001,Regular,Lecture,Usab Eval & Needs,4.00,A,SI 622,No
Winter 2024,51596624,021391,WN 2024,SI,511,151,Regular,Lecture,Special Topics,1.50,A+,SI 511,No
Winter 2024,51596624,021400,WN 2023,SI,520,003,Regular,Laboratory,Graphic Design,3.00,A,SI 520,No
Winter 2024,51596624,022099,WN 2023,SI,658,001,Regular,Lecture,Info Architecture,3.00,A,SI 658,No
Winter 2024,51596624,038659,FA 2023,SI,519,001,Regular,Seminar,Intel Prop&Info Law,3.00,A+,SI 519,No
Winter 2024,51596624,039081,FA 2023,SI,529,001,Regular,Lecture,Online Communities,3.00,A,SI 529,No
Winter 2024,51596624,039178,WN 2023,SI,539,001,Regular,Lecture,Web Design,3.00,A+,SI 539,No
Winter 2024,51596624,042104,FA 2022,SI,501,002,Regular,Lecture,Contextual Inq,3.00,A,SI 501,No
Winter 2024,51596624,043863,FA 2023,SI,612,001,Regular,Lecture,Pervasv Interact Des,3.00,A,SI 612,No
Winter 2024,51596624,044772,FA 2022,SI,582,004,Regular,Lecture,Intro Interac Design,3.00,A,SI 582,No
Winter 2024,51596624,045393,FA 2023,SI,552,001,Regular,Lecture,Accessibility Intro,3.00,A,SI 552,No
Winter 2024,51596624,047228,FA 2023,ENTR,500,003,Regular,Lecture,Intro to Innovation,3.00,A,ENTR 500,Yes
Winter 2024,51596624,047246,FA 2022,SI,506,001,Regular,Lecture,Programming I,3.00,A,SI 506,No
Winter 2024,51596624,047901,WN 2024,SI,699,501,Regular,Lecture,MSI Mastery Courses,3.00,A,SI 699,No
Winter 2024,51596624,048129,FA 2022,SI,505,001,Scnd 7 Wk,Lecture,Career/Intern Studio,1.00,S,SI 505,No
Winter 2024,51596624,048131,FA 2023,BA,656,001,Regular,Laboratory,LBLE,3.00,A-,BA 656,Yes
Winter 2024,51596624,048514,WN 2024,WELLNESS,512,002,Regular,Recitation,Yoga Performers,1.00,A+,WELLNESS 512,Yes
Winter 2024,51808829,009732,FA 2023,SI,650,001,Regular,Lecture,Informatn Retrieval,3.00,B-,SI 650,No
Winter 2024,51808829,011870,WN 2024,EECS,501,001,Regular,Lecture,Prob&Random Proc,4.00,W,EECS 501,Yes
Winter 2024,51808829,016607,FA 2022,SI,544,001,Regular,Lecture,Intr Stat&Data Analy,3.00,A+,SI 544,No
Winter 2024,51808829,020934,FA 2023,SI,649,001,Regular,Lecture,Info Visualization,3.00,B+,SI 649,No
Winter 2024,51808829,039979,WN 2023,SI,623,001,Regular,Seminar,Res Meth Info Prof,3.00,A,SI 623,No
Winter 2024,51808829,040667,WN 2023,SI,681,001,Regular,Seminar,Intern/Field Seminar,5.00,S,SI 681,No
Winter 2024,51808829,041934,FA 2023,SI,608,001,Regular,Lecture,Networks,3.00,A,SI 608,No
Winter 2024,51808829,042071,FA 2022,SI,563,001,Regular,Lecture,Game Theory,3.00,B+,SI 563,No
Winter 2024,51808829,042091,WN 2023,SI,618,001,Regular,Lecture,Data Man & Analysis,3.00,A+,SI 618,No
Winter 2024,51808829,042104,FA 2022,SI,501,002,Regular,Lecture,Contextual Inq,3.00,A,SI 501,No
Winter 2024,51808829,043396,WN 2024,EECS,402,001,Regular,Lecture,Prog for Sci&Eng,4.00,W,EECS 402,Yes
Winter 2024,51808829,045930,FA 2023,SI,671,001,Regular,Lecture,Data Mining,3.00,B-,SI 671,No
Winter 2024,51808829,047246,FA 2022,SI,506,001,Regular,Lecture,Programming I,3.00,A,SI 506,No
Winter 2024,51808829,047640,WN 2023,SI,507,001,Regular,Lecture,Inter Programming,3.00,A-,SI 507,No
Winter 2024,51808829,047901,WN 2024,SI,699,305,Regular,Lecture,MSI Mastery Courses,3.00,A-,SI 699,No
Winter 2024,51808829,048129,FA 2022,SI,505,001,Scnd 7 Wk,Lecture,Career/Intern Studio,1.00,S,SI 505,No
Winter 2024,51808829,050663,WN 2023,SI,568,001,Regular,Lecture,Intro Appld Data Sci,3.00,B+,SI 568,No
Winter 2024,51808829,050983,WN 2023,SI,602,001,Regular,Lecture,Math for ApplDataSci,3.00,C+,SI 602,No
Winter 2024,52130625,009731,FA 2023,SI,580,001,Regular,Lecture,Records & Archives,3.00,A+,SI 580,No
Winter 2024,52130625,020803,WN 2023,SI,643,001,Regular,Lecture,Instructional Skills,3.00,A+,SI 643,No
Winter 2024,52130625,021042,FA 2022,SI,647,001,Regular,Lecture,Info Resources&Serv,3.00,A+,SI 647,No
Winter 2024,52130625,021045,FA 2023,SI,666,001,Regular,Lecture,Org of Inf Resources,3.00,A+,SI 666,No
Winter 2024,52130625,038948,FA 2023,SI,632,001,Regular,Lecture,Appraisal & Coll Dev,3.00,A+,SI 632,No
Winter 2024,52130625,039979,WN 2023,SI,623,001,Regular,Seminar,Res Meth Info Prof,3.00,A,SI 623,No
Winter 2024,52130625,040667,WN 2023,SI,681,001,Regular,Seminar,Intern/Field Seminar,6.00,S,SI 681,No
Winter 2024,52130625,041834,FA 2023,RACKHAM,700,001,Regular,Lecture,WSU Dual,3.00,A,RACKHAM 700,Yes
Winter 2024,52130625,041834,WN 2024,RACKHAM,700,001,Regular,Lecture,WSU Dual,3.00,A,RACKHAM 700,Yes
Winter 2024,52130625,042104,FA 2022,SI,501,002,Regular,Lecture,Contextual Inq,3.00,A,SI 501,No
Winter 2024,52130625,047246,FA 2022,SI,506,001,Regular,Lecture,Programming I,3.00,A-,SI 506,No
Winter 2024,52130625,047901,WN 2024,SI,699,018,Regular,Lecture,MSI Mastery Courses,3.00,A+,SI 699,No
Winter 2024,52130625,048831,FA 2022,SI,547,001,Regular,Seminar,Engage w/Communities,3.00,A,SI 547,No
Winter 2024,52130625,050162,WN 2024,SI,510,001,Regular,Lecture,Information Ethics,3.00,A+,SI 510,No
Winter 2024,52130625,051074,WN 2023,SI,626,001,Regular,Lecture,Manage NonProf Lib,3.00,A+,SI 626,No
Winter 2024,52544042,017281,FA 2022,SI,588,002,Regular,Lecture,Fundamntls Hum Beh,3.00,A,SI 588,No
Winter 2024,52544042,020401,WN 2023,SI,622,001,Regular,Lecture,Usab Eval & Needs,4.00,A,SI 622,No
Winter 2024,52544042,021391,WN 2024,SI,511,073,Regular,Lecture,Special Topics,3.00,A,SI 511,No
Winter 2024,52544042,021400,FA 2022,SI,520,002,Regular,Lecture,Graphic Design,3.00,A,SI 520,No
Winter 2024,52544042,022099,WN 2023,SI,658,001,Regular,Lecture,Info Architecture,3.00,A+,SI 658,No
Winter 2024,52544042,039178,WN 2023,SI,539,001,Regular,Lecture,Web Design,3.00,A+,SI 539,No
Winter 2024,52544042,040667,WN 2023,SI,681,001,Regular,Seminar,Intern/Field Seminar,6.00,S,SI 681,No
Winter 2024,52544042,042104,FA 2022,SI,501,001,Regular,Lecture,Contextual Inq,3.00,A+,SI 501,No
Winter 2024,52544042,043863,FA 2023,SI,612,002,Regular,Lecture,Pervasv Interact Des,3.00,W,SI 612,No
Winter 2024,52544042,044772,FA 2022,SI,582,003,Regular,Lecture,Intro Interac Design,3.00,A,SI 582,No
Winter 2024,52544042,045771,FA 2023,SI,684,001,Regular,Seminar,Design ConsHlth Tech,3.00,A+,SI 684,No
Winter 2024,52544042,046306,WN 2024,SI,616,001,Regular,Lecture,Adv Graphic Design,3.00,A-,SI 616,No
Winter 2024,52544042,047246,WN 2023,SI,506,001,Regular,Lecture,Programming I,3.00,A,SI 506,No
Winter 2024,52544042,047901,WN 2024,SI,699,601,Regular,Lecture,MSI Mastery Courses,3.00,A+,SI 699,No
Winter 2024,52544042,048129,WN 2023,SI,505,001,First 7 Wk,Lecture,Career/Intern Studio,1.00,S,SI 505,No
Winter 2024,52544042,048488,FA 2023,SI,559,003,Regular,Lecture,AR/VR Intro,3.00,A+,SI 559,No
Winter 2024,52544042,049265,WN 2024,MO,640,001,First 7 Wk,Recitation,Healthy Business,1.50,A,MO 640,Yes
Winter 2024,52629947,001459,FA 2023,SI,690,460,Regular,Seminar,Intern/Field Exper,2.00,S,SI 690,No
Winter 2024,52629947,017281,FA 2022,SI,588,001,Regular,Lecture,Fundamntls Hum Beh,3.00,A,SI 588,No
Winter 2024,52629947,020401,WN 2023,SI,622,002,Regular,Lecture,Usab Eval & Needs,4.00,A,SI 622,No
Winter 2024,52629947,039178,FA 2022,SI,539,001,Regular,Lecture,Web Design,3.00,A,SI 539,No
Winter 2024,52629947,040667,WN 2023,SI,681,001,Regular,Seminar,Intern/Field Seminar,6.00,S,SI 681,No
Winter 2024,52629947,041626,FA 2023,SI,664,001,Regular,Lecture,Database App Design,3.00,A,SI 664,No
Winter 2024,52629947,041855,FA 2023,SI,631,001,Regular,Lecture,Agile Softwar Dev,1.50,A,SI 631,No
Winter 2024,52629947,042104,FA 2022,SI,501,001,Regular,Lecture,Contextual Inq,3.00,A+,SI 501,No
Winter 2024,52629947,043863,WN 2023,SI,612,002,Regular,Lecture,Pervasv Interact Des,3.00,A,SI 612,No
Winter 2024,52629947,044772,FA 2022,SI,582,001,Regular,Lecture,Intro Interac Design,3.00,A,SI 582,No
Winter 2024,52629947,045393,FA 2023,SI,552,001,Regular,Lecture,Accessibility Intro,3.00,A,SI 552,No
Winter 2024,52629947,047640,WN 2023,SI,507,001,Regular,Lecture,Inter Programming,3.00,A,SI 507,No
Winter 2024,52629947,047901,WN 2024,SI,699,003,Regular,Lecture,MSI Mastery Courses,3.00,A-,SI 699,No
Winter 2024,52629947,048129,FA 2022,SI,505,001,Scnd 7 Wk,Lecture,Career/Intern Studio,1.00,S,SI 505,No
Winter 2024,52629947,048487,FA 2023,SI,669,001,Regular,Lecture,Dev Mobile Exp,3.00,A,SI 669,No
Winter 2024,52629947,049601,WN 2024,SI,564,001,Regular,Lecture,SQL & Databases,1.50,A,SI 564,No
Winter 2024,52629947,050159,WN 2023,SI,579,001,Regular,Lecture,Bldg Interactive App,3.00,B+,SI 579,No
Winter 2024,52629947,050164,FA 2022,SI,504,001,Regular,Lecture,"Servers, Shell,&Git",1.50,A+,SI 504,No
Winter 2024,52629947,051454,WN 2024,SI,594,001,Regular,Lecture,Auto UX,3.00,A,SI 594,No
Winter 2024,52897792,017281,FA 2023,SI,588,002,Regular,Lecture,Fundamntls Hum Beh,3.00,A,SI 588,No
Winter 2024,52897792,022099,WN 2024,SI,658,001,Regular,Lecture,Info Architecture,3.00,A,SI 658,No
Winter 2024,52897792,041626,WN 2024,SI,664,001,Regular,Lecture,Database App Design,3.00,A,SI 664,No
Winter 2024,52897792,042104,FA 2023,SI,501,001,Regular,Lecture,Contextual Inq,3.00,A+,SI 501,No
Winter 2024,52897792,043863,FA 2023,SI,612,002,Regular,Lecture,Pervasv Interact Des,3.00,A,SI 612,No
Winter 2024,52897792,045687,FA 2023,SI,538,001,Regular,Seminar,Citizen Inter Design,4.00,A,SI 538,No
Winter 2024,52897792,047901,WN 2024,SI,699,401,Regular,Lecture,MSI Mastery Courses,3.00,A+,SI 699,No
Winter 2024,52897792,048488,FA 2023,SI,559,002,Regular,Lecture,AR/VR Intro,3.00,A,SI 559,No
Winter 2024,52918043,012772,WN 2023,SI,548,001,Regular,Seminar,Prin Soft Design,3.00,A,SI 548,No
Winter 2024,52918043,017281,FA 2022,SI,588,001,Regular,Lecture,Fundamntls Hum Beh,3.00,A,SI 588,No
Winter 2024,52918043,020401,WN 2023,SI,622,002,Regular,Lecture,Usab Eval & Needs,4.00,A,SI 622,No
Winter 2024,52918043,021391,WN 2024,SI,511,151,Regular,Lecture,Special Topics,1.50,A+,SI 511,No
Winter 2024,52918043,021400,FA 2023,SI,520,001,Regular,Lecture,Graphic Design,3.00,A,SI 520,No
Winter 2024,52918043,039081,FA 2023,SI,529,001,Regular,Lecture,Online Communities,3.00,A,SI 529,No
Winter 2024,52918043,039178,WN 2023,SI,539,001,Regular,Lecture,Web Design,3.00,A,SI 539,No
Winter 2024,52918043,040667,WN 2023,SI,681,001,Regular,Seminar,Intern/Field Seminar,3.00,S,SI 681,No
Winter 2024,52918043,042104,FA 2022,SI,501,002,Regular,Lecture,Contextual Inq,3.00,A,SI 501,No
Winter 2024,52918043,043210,FA 2023,SI,534,001,Regular,Lecture,Theories Soc Influen,3.00,A,SI 534,No
Winter 2024,52918043,043863,WN 2023,SI,612,001,Regular,Lecture,Pervasv Interact Des,3.00,A-,SI 612,No
Winter 2024,52918043,044772,FA 2022,SI,582,001,Regular,Lecture,Intro Interac Design,3.00,A-,SI 582,No
Winter 2024,52918043,047246,FA 2022,SI,506,001,Regular,Lecture,Programming I,3.00,A-,SI 506,No
Winter 2024,52918043,047892,FA 2023,SI,605,001,Regular,Laboratory,Interdisc Prob Solv,3.00,A-,SI 605,No
Winter 2024,52918043,047901,WN 2024,SI,699,401,Regular,Lecture,MSI Mastery Courses,3.00,A+,SI 699,No
Winter 2024,52918043,048129,WN 2023,SI,505,001,First 7 Wk,Lecture,Career/Intern Studio,1.00,S,SI 505,No
Winter 2024,52918043,049417,WN 2024,BA,670,001,Regular,Recitation,+Impact Studio,3.00,B,BA 670,Yes
Winter 2024,53080609,001459,FA 2023,SI,690,460,Regular,Seminar,Intern/Field Exper,1.00,S,SI 690,No
Winter 2024,53080609,017281,FA 2022,SI,588,001,Regular,Lecture,Fundamntls Hum Beh,3.00,A+,SI 588,No
Winter 2024,53080609,020401,WN 2023,SI,622,002,Regular,Lecture,Usab Eval & Needs,4.00,A,SI 622,No
Winter 2024,53080609,021400,WN 2023,SI,520,003,Regular,Laboratory,Graphic Design,3.00,A,SI 520,No
Winter 2024,53080609,039081,FA 2023,SI,529,001,Regular,Lecture,Online Communities,3.00,A,SI 529,No
Winter 2024,53080609,039178,FA 2022,SI,539,101,Regular,Lecture,Web Design,3.00,A,SI 539,No
Winter 2024,53080609,040667,WN 2023,SI,681,001,Regular,Seminar,Intern/Field Seminar,6.00,S,SI 681,No
Winter 2024,53080609,042104,FA 2022,SI,501,002,Regular,Lecture,Contextual Inq,3.00,A,SI 501,No
Winter 2024,53080609,043863,FA 2023,SI,612,001,Regular,Lecture,Pervasv Interact Des,3.00,A+,SI 612,No
Winter 2024,53080609,044772,WN 2023,SI,582,001,Regular,Lecture,Intro Interac Design,3.00,A+,SI 582,No
Winter 2024,53080609,047246,FA 2022,SI,506,001,Regular,Lecture,Programming I,3.00,A,SI 506,No
Winter 2024,53080609,047901,WN 2024,SI,699,001,Regular,Lecture,MSI Mastery Courses,3.00,A,SI 699,No
Winter 2024,53080609,048129,FA 2022,SI,505,001,Scnd 7 Wk,Lecture,Career/Intern Studio,1.00,S,SI 505,No
Winter 2024,53080609,048131,FA 2023,BA,656,001,Regular,Laboratory,LBLE,3.00,A-,BA 656,Yes
Winter 2024,53080609,048488,FA 2023,SI,559,002,Regular,Lecture,AR/VR Intro,3.00,A,SI 559,No
Winter 2024,53080609,050136,WN 2023,UARTS,560,119,Regular,Laboratory,Grad ArtsEng Proj,2.00,A+,UARTS 560,Yes
Winter 2024,53080609,050136,FA 2023,UARTS,560,119,Regular,Laboratory,Grad ArtsEng Proj,2.00,A+,UARTS 560,Yes
Winter 2024,53080609,051454,WN 2024,SI,594,001,Regular,Lecture,Auto UX,3.00,A,SI 594,No
Winter 2024,53193575,002865,FA 2022,VOICE,111,002,Regular,Recitation,Performance,1.00,NR,VOICE 111,Yes
Winter 2024,53193575,020339,WN 2023,FIN,580,001,First 7 Wk,Recitation,Corp Fin Derivatives,2.25,W,FIN 580,Yes
Winter 2024,53193575,020401,WN 2023,SI,622,002,Regular,Lecture,Usab Eval & Needs,4.00,A,SI 622,No
Winter 2024,53193575,022099,WN 2023,SI,658,001,Regular,Lecture,Info Architecture,3.00,A,SI 658,No
Winter 2024,53193575,039178,FA 2022,SI,539,001,Regular,Lecture,Web Design,3.00,B+,SI 539,No
Winter 2024,53193575,040667,WN 2023,SI,681,001,Regular,Seminar,Intern/Field Seminar,6.00,S,SI 681,No
Winter 2024,53193575,041626,FA 2022,SI,664,001,Regular,Lecture,Database App Design,3.00,A,SI 664,No
Winter 2024,53193575,043863,WN 2023,SI,612,001,Regular,Lecture,Pervasv Interact Des,3.00,B+,SI 612,No
Winter 2024,53193575,044772,FA 2022,SI,582,002,Regular,Lecture,Intro Interac Design,3.00,B,SI 582,No
Winter 2024,53193575,045732,WN 2023,SI,554,001,Regular,Lecture,Consumer Hlth Inform,3.00,A-,SI 554,No
Winter 2024,53193575,048129,WN 2023,SI,505,001,First 7 Wk,Lecture,Career/Intern Studio,1.00,S,SI 505,No
Winter 2024,53193575,050159,FA 2022,SI,579,001,Regular,Lecture,Bldg Interactive App,3.00,A-,SI 579,No
Winter 2024,53193575,051267,SS 2023,BA,526,002,Regular,Recitation,Spec Top Exper Learn,1.00,P,BA 526,Yes
Winter 2024,53481586,009732,FA 2023,SI,650,001,Regular,Lecture,Informatn Retrieval,3.00,B+,SI 650,No
Winter 2024,53481586,020934,WN 2023,SI,649,002,Regular,Lecture,Info Visualization,3.00,A,SI 649,No
Winter 2024,53481586,039178,FA 2022,SI,539,001,Regular,Lecture,Web Design,3.00,A+,SI 539,No
Winter 2024,53481586,040667,WN 2023,SI,681,001,Regular,Seminar,Intern/Field Seminar,6.00,S,SI 681,No
Winter 2024,53481586,041626,WN 2023,SI,664,001,Regular,Lecture,Database App Design,3.00,A+,SI 664,No
Winter 2024,53481586,042091,FA 2022,SI,618,001,Regular,Lecture,Data Man & Analysis,3.00,A,SI 618,No
Winter 2024,53481586,042104,FA 2022,SI,501,002,Regular,Lecture,Contextual Inq,3.00,A,SI 501,No
Winter 2024,53481586,047246,WN 2024,SI,506,001,Regular,Lecture,Programming I,3.00,A,SI 506,No
Winter 2024,53481586,047640,FA 2022,SI,507,001,Regular,Lecture,Inter Programming,3.00,A,SI 507,No
Winter 2024,53481586,047901,WN 2024,SI,699,205,Regular,Lecture,MSI Mastery Courses,3.00,A,SI 699,No
Winter 2024,53481586,048129,WN 2023,SI,505,001,First 7 Wk,Lecture,Career/Intern Studio,1.00,S,SI 505,No
Winter 2024,53481586,048500,FA 2023,SI,670,001,Regular,Lecture,Appld Machine Learng,3.00,B+,SI 670,No
Winter 2024,53481586,049601,FA 2022,SI,564,001,Regular,Lecture,SQL & Databases,1.50,A,SI 564,No
Winter 2024,53481586,050159,FA 2023,SI,579,001,Regular,Lecture,Bldg Interactive App,3.00,A,SI 579,No
Winter 2024,53481586,050164,FA 2022,SI,504,001,Regular,Lecture,"Servers, Shell,&Git",1.50,A,SI 504,No
Winter 2024,53481586,050663,WN 2023,SI,568,001,Regular,Lecture,Intro Appld Data Sci,3.00,A+,SI 568,No
Winter 2024,53481586,050983,WN 2023,SI,602,001,Regular,Lecture,Math for ApplDataSci,3.00,A,SI 602,No
Winter 2024,54171649,001459,FA 2023,SI,690,460,Regular,Seminar,Intern/Field Exper,3.00,S,SI 690,No
Winter 2024,54171649,001459,WN 2024,SI,690,001,Regular,Seminar,Intern/Field Exper,5.00,S,SI 690,No
Winter 2024,54171649,017281,FA 2022,SI,588,002,Regular,Lecture,Fundamntls Hum Beh,3.00,A,SI 588,No
Winter 2024,54171649,020401,WN 2023,SI,622,001,Regular,Lecture,Usab Eval & Needs,4.00,A,SI 622,No
Winter 2024,54171649,021045,FA 2023,SI,666,001,Regular,Lecture,Org of Inf Resources,3.00,A,SI 666,No
Winter 2024,54171649,021400,FA 2022,SI,520,002,Regular,Lecture,Graphic Design,3.00,A-,SI 520,No
Winter 2024,54171649,022099,WN 2023,SI,658,001,Regular,Lecture,Info Architecture,3.00,A,SI 658,No
Winter 2024,54171649,039081,FA 2023,SI,529,001,Regular,Lecture,Online Communities,3.00,A-,SI 529,No
Winter 2024,54171649,039178,WN 2023,SI,539,001,Regular,Lecture,Web Design,3.00,A,SI 539,No
Winter 2024,54171649,039979,WN 2023,SI,623,001,Regular,Seminar,Res Meth Info Prof,3.00,A+,SI 623,No
Winter 2024,54171649,042104,FA 2022,SI,501,001,Regular,Lecture,Contextual Inq,3.00,A,SI 501,No
Winter 2024,54171649,043210,FA 2023,SI,534,001,Regular,Lecture,Theories Soc Influen,3.00,B+,SI 534,No
Winter 2024,54171649,044772,FA 2022,SI,582,001,Regular,Lecture,Intro Interac Design,3.00,A+,SI 582,No
Winter 2024,54171649,047901,WN 2024,SI,699,501,Regular,Lecture,MSI Mastery Courses,3.00,A,SI 699,No
Winter 2024,54171649,048280,WN 2024,SI,667,001,Regular,Lecture,Digital Curation,3.00,A,SI 667,No
Winter 2024,54671575,017281,FA 2022,SI,588,102,Regular,Lecture,Fundamntls Hum Beh,3.00,A,SI 588,No
Winter 2024,54671575,020401,WN 2023,SI,622,001,Regular,Lecture,Usab Eval & Needs,4.00,A,SI 622,No
Winter 2024,54671575,021400,WN 2023,SI,520,002,Regular,Laboratory,Graphic Design,3.00,A,SI 520,No
Winter 2024,54671575,039178,WN 2023,SI,539,001,Regular,Lecture,Web Design,3.00,A+,SI 539,No
Winter 2024,54671575,040667,WN 2023,SI,681,001,Regular,Seminar,Intern/Field Seminar,6.00,S,SI 681,No
Winter 2024,54671575,041626,FA 2023,SI,664,101,Regular,Lecture,Database App Design,3.00,A,SI 664,No
Winter 2024,54671575,042104,FA 2022,SI,501,001,Regular,Lecture,Contextual Inq,3.00,A,SI 501,No
Winter 2024,54671575,044772,FA 2022,SI,582,004,Regular,Lecture,Intro Interac Design,3.00,A,SI 582,No
Winter 2024,54671575,047246,FA 2022,SI,506,001,Regular,Lecture,Programming I,3.00,A,SI 506,No
Winter 2024,54671575,047640,WN 2024,SI,507,001,Regular,Lecture,Inter Programming,3.00,A,SI 507,No
Winter 2024,54671575,047901,WN 2024,SI,699,003,Regular,Lecture,MSI Mastery Courses,3.00,A,SI 699,No
Winter 2024,54671575,048129,WN 2023,SI,505,001,First 7 Wk,Lecture,Career/Intern Studio,1.00,S,SI 505,No
Winter 2024,54671575,048487,FA 2023,SI,669,001,Regular,Lecture,Dev Mobile Exp,3.00,A,SI 669,No
Winter 2024,54671575,049601,FA 2023,SI,564,001,Regular,Lecture,SQL & Databases,1.50,A,SI 564,No
Winter 2024,54671575,050136,WN 2024,UARTS,560,102,Regular,Laboratory,Grad ArtsEng Proj,1.00,A,UARTS 560,Yes
Winter 2024,54671575,050159,FA 2023,SI,579,001,Regular,Lecture,Bldg Interactive App,3.00,A,SI 579,No
Winter 2024,54671575,050164,FA 2023,SI,504,001,Regular,Lecture,"Servers, Shell,&Git",1.50,A,SI 504,No
Winter 2024,54781643,001459,FA 2023,SI,690,440,Regular,Seminar,Intern/Field Exper,6.00,S,SI 690,No
Winter 2024,54781643,014799,WN 2024,ELI,544,001,Regular,Seminar,Acad & Prof Present,2.00,S,ELI 544,Yes
Winter 2024,54781643,021391,WN 2024,SI,511,151,Regular,Lecture,Special Topics,1.50,A+,SI 511,No
Winter 2024,54781643,021400,FA 2023,SI,520,001,Regular,Lecture,Graphic Design,3.00,A,SI 520,No
Winter 2024,54781643,042104,FA 2023,SI,501,001,Regular,Lecture,Contextual Inq,3.00,A+,SI 501,No
Winter 2024,54781643,045393,FA 2023,SI,552,001,Regular,Lecture,Accessibility Intro,3.00,A+,SI 552,No
Winter 2024,54781643,047304,WN 2024,ENTR,550,001,Regular,Lecture,Interpersonal Skills,3.00,A,ENTR 550,Yes
Winter 2024,54781643,047641,WN 2024,SI,540,001,Regular,Lecture,Privacy in Info Tech,3.00,A,SI 540,No
Winter 2024,54781643,047901,WN 2024,SI,699,601,Regular,Lecture,MSI Mastery Courses,3.00,A+,SI 699,No
Winter 2024,54781643,048488,FA 2023,SI,559,003,Regular,Lecture,AR/VR Intro,3.00,A,SI 559,No
Winter 2024,54790594,001459,WN 2024,SI,690,001,Regular,Seminar,Intern/Field Exper,3.00,S,SI 690,No
Winter 2024,54790594,017281,FA 2023,SI,588,002,Regular,Lecture,Fundamntls Hum Beh,3.00,A,SI 588,No
Winter 2024,54790594,020401,WN 2023,SI,622,001,Regular,Lecture,Usab Eval & Needs,4.00,A,SI 622,No
Winter 2024,54790594,020934,FA 2023,SI,649,001,Regular,Lecture,Info Visualization,3.00,A,SI 649,No
Winter 2024,54790594,021050,WN 2023,SI,691,050,Regular,Ind Study,Independent Study,2.00,A+,SI 691,No
Winter 2024,54790594,021050,FA 2023,SI,691,050,Regular,Ind Study,Independent Study,1.00,A,SI 691,No
Winter 2024,54790594,039178,FA 2022,SI,539,001,Regular,Lecture,Web Design,3.00,A+,SI 539,No
Winter 2024,54790594,040667,WN 2023,SI,681,001,Regular,Seminar,Intern/Field Seminar,6.00,S,SI 681,No
Winter 2024,54790594,041626,FA 2023,SI,664,001,Regular,Lecture,Database App Design,3.00,A+,SI 664,No
Winter 2024,54790594,042091,WN 2024,SI,618,001,Regular,Lecture,Data Man & Analysis,3.00,A+,SI 618,No
Winter 2024,54790594,042104,FA 2022,SI,501,001,Regular,Lecture,Contextual Inq,3.00,A+,SI 501,No
Winter 2024,54790594,044772,FA 2022,SI,582,003,Regular,Lecture,Intro Interac Design,3.00,A+,SI 582,No
Winter 2024,54790594,047246,FA 2022,SI,506,001,Regular,Lecture,Programming I,3.00,A,SI 506,No
Winter 2024,54790594,047640,WN 2023,SI,507,001,Regular,Lecture,Inter Programming,3.00,A,SI 507,No
Winter 2024,54790594,047901,WN 2024,SI,699,003,Regular,Lecture,MSI Mastery Courses,3.00,A,SI 699,No
Winter 2024,54790594,048129,FA 2022,SI,505,001,Scnd 7 Wk,Lecture,Career/Intern Studio,1.00,S,SI 505,No
Winter 2024,54790594,049601,WN 2023,SI,564,001,Regular,Lecture,SQL & Databases,1.50,A,SI 564,No
Winter 2024,54790594,050159,WN 2023,SI,579,001,Regular,Lecture,Bldg Interactive App,3.00,A,SI 579,No
Winter 2024,54790594,050164,FA 2022,SI,504,001,Regular,Lecture,"Servers, Shell,&Git",1.50,A+,SI 504,No
Winter 2024,54939480,017281,FA 2022,SI,588,001,Regular,Lecture,Fundamntls Hum Beh,3.00,A,SI 588,No
Winter 2024,54939480,019903,FA 2023,TO,548,001,Regular,Recitation,Integ Pro Dev,3.00,B,TO 548,Yes
Winter 2024,54939480,020379,FA 2023,IOE,548,001,Regular,Lecture,Int Prod Dev,3.00,B+,IOE 548,Yes
Winter 2024,54939480,020401,WN 2023,SI,622,002,Regular,Lecture,Usab Eval & Needs,4.00,A,SI 622,No
Winter 2024,54939480,021400,WN 2023,SI,520,002,Regular,Laboratory,Graphic Design,3.00,A-,SI 520,No
Winter 2024,54939480,039178,WN 2023,SI,539,001,Regular,Lecture,Web Design,3.00,A,SI 539,No
Winter 2024,54939480,040667,WN 2023,SI,681,001,Regular,Seminar,Intern/Field Seminar,6.00,S,SI 681,No
Winter 2024,54939480,042104,FA 2022,SI,501,002,Regular,Lecture,Contextual Inq,3.00,A-,SI 501,No
Winter 2024,54939480,043863,WN 2023,SI,612,002,Regular,Lecture,Pervasv Interact Des,3.00,A,SI 612,No
Winter 2024,54939480,044772,FA 2022,SI,582,003,Regular,Lecture,Intro Interac Design,3.00,B+,SI 582,No
Winter 2024,54939480,045687,FA 2023,SI,538,001,Regular,Seminar,Citizen Inter Design,4.00,A,SI 538,No
Winter 2024,54939480,047246,FA 2022,SI,506,001,Regular,Lecture,Programming I,3.00,A,SI 506,No
Winter 2024,54939480,047901,WN 2024,SI,699,501,Regular,Lecture,MSI Mastery Courses,3.00,A-,SI 699,No
Winter 2024,54939480,048129,WN 2023,SI,505,001,First 7 Wk,Lecture,Career/Intern Studio,1.00,S,SI 505,No
Winter 2024,54939480,048488,FA 2023,SI,559,001,Regular,Lecture,AR/VR Intro,3.00,A,SI 559,No
Winter 2024,54939480,051454,WN 2024,SI,594,001,Regular,Lecture,Auto UX,3.00,A,SI 594,No
Winter 2024,55005025,017281,FA 2023,SI,588,002,Regular,Lecture,Fundamntls Hum Beh,3.00,A,SI 588,No
Winter 2024,55005025,020401,WN 2023,SI,622,001,Regular,Lecture,Usab Eval & Needs,4.00,A,SI 622,No
Winter 2024,55005025,021400,WN 2023,SI,520,003,Regular,Laboratory,Graphic Design,3.00,A,SI 520,No
Winter 2024,55005025,040667,WN 2023,SI,681,001,Regular,Seminar,Intern/Field Seminar,6.00,S,SI 681,No
Winter 2024,55005025,043863,WN 2023,SI,612,001,Regular,Lecture,Pervasv Interact Des,3.00,A,SI 612,No
Winter 2024,55005025,046306,WN 2024,SI,616,001,Regular,Lecture,Adv Graphic Design,3.00,A-,SI 616,No
Winter 2024,55005025,047901,WN 2024,SI,699,401,Regular,Lecture,MSI Mastery Courses,3.00,A+,SI 699,No
Winter 2024,55005025,048488,FA 2023,SI,559,002,Regular,Lecture,AR/VR Intro,3.00,A,SI 559,No
Winter 2024,55043299,001459,FA 2023,SI,690,460,Regular,Seminar,Intern/Field Exper,3.00,S,SI 690,No
Winter 2024,55043299,001459,WN 2024,SI,690,001,Regular,Seminar,Intern/Field Exper,3.00,S,SI 690,No
Winter 2024,55043299,020934,WN 2024,SI,649,102,Regular,Lecture,Info Visualization,3.00,A-,SI 649,No
Winter 2024,55043299,022099,WN 2024,SI,658,001,Regular,Lecture,Info Architecture,3.00,A,SI 658,No
Winter 2024,55043299,040667,WN 2024,SI,681,001,Regular,Seminar,Intern/Field Seminar,3.00,S,SI 681,No
Winter 2024,55043299,041626,FA 2022,SI,664,001,Regular,Lecture,Database App Design,3.00,A+,SI 664,No
Winter 2024,55043299,041934,FA 2023,SI,608,001,Regular,Lecture,Networks,3.00,A,SI 608,No
Winter 2024,55043299,042091,WN 2023,SI,618,001,Regular,Lecture,Data Man & Analysis,3.00,A+,SI 618,No
Winter 2024,55043299,042104,FA 2022,SI,501,002,Regular,Lecture,Contextual Inq,3.00,A,SI 501,No
Winter 2024,55043299,045930,FA 2023,SI,671,001,Regular,Lecture,Data Mining,3.00,B+,SI 671,No
Winter 2024,55043299,047640,FA 2022,SI,507,001,Regular,Lecture,Inter Programming,3.00,A,SI 507,No
Winter 2024,55043299,047901,FA 2024,SI,699,005,Regular,Lecture,MSI Mastery Courses,3.00,A-,SI 699,No
Winter 2024,55043299,048268,WN 2023,SI,630,001,Regular,Lecture,NLP Algorithm People,3.00,W,SI 630,No
Winter 2024,55043299,048280,WN 2024,SI,667,001,Regular,Lecture,Digital Curation,3.00,W,SI 667,No
Winter 2024,55043299,049087,WN 2024,IOE,561,881,Regular,Lecture,Risk Analysis I,3.00,A,IOE 561,Yes
Winter 2024,55043299,049601,WN 2023,SI,564,001,Regular,Lecture,SQL & Databases,1.50,A,SI 564,No
Winter 2024,55043299,050164,FA 2022,SI,504,001,Regular,Lecture,"Servers, Shell,&Git",1.50,A,SI 504,No
Winter 2024,55043299,050663,WN 2023,SI,568,001,Regular,Lecture,Intro Appld Data Sci,3.00,A,SI 568,No
Winter 2024,55043299,050983,WN 2023,SI,602,001,Regular,Lecture,Math for ApplDataSci,3.00,C,SI 602,No
Winter 2024,55283189,003500,FA 2022,ARCH,583,001,Regular,Lecture,Professnl Pract,3.00,A,ARCH 583,Yes
Winter 2024,55283189,007395,WN 2023,ARCH,509,004,Regular,Seminar,Experimental Course,3.00,B+,ARCH 509,Yes
Winter 2024,55283189,017281,FA 2022,SI,588,002,Regular,Lecture,Fundamntls Hum Beh,3.00,A,SI 588,No
Winter 2024,55283189,020401,WN 2023,SI,622,001,Regular,Lecture,Usab Eval & Needs,4.00,A,SI 622,No
Winter 2024,55283189,021400,WN 2023,SI,520,002,Regular,Laboratory,Graphic Design,3.00,A,SI 520,No
Winter 2024,55283189,040667,WN 2023,SI,681,001,Regular,Seminar,Intern/Field Seminar,6.00,S,SI 681,No
Winter 2024,55283189,041626,WN 2023,SI,664,001,Regular,Lecture,Database App Design,3.00,A,SI 664,No
Winter 2024,55283189,042104,FA 2022,SI,501,002,Regular,Lecture,Contextual Inq,3.00,A,SI 501,No
Winter 2024,55283189,043863,WN 2023,SI,612,001,Regular,Lecture,Pervasv Interact Des,3.00,A-,SI 612,No
Winter 2024,55283189,044772,FA 2022,SI,582,001,Regular,Lecture,Intro Interac Design,3.00,A,SI 582,No
Winter 2024,55283189,046810,WN 2023,ARCH,537,001,Regular,Seminar,Fabrication,3.00,B+,ARCH 537,Yes
Winter 2024,55283189,048129,FA 2022,SI,505,001,Scnd 7 Wk,Lecture,Career/Intern Studio,1.00,S,SI 505,No
Winter 2024,55283189,050136,FA 2022,UARTS,560,116,Regular,Laboratory,Grad ArtsEng Proj,2.00,A+,UARTS 560,Yes
Winter 2024,55283189,050159,FA 2022,SI,579,001,Regular,Lecture,Bldg Interactive App,3.00,A,SI 579,No
Winter 2024,55283189,050164,FA 2022,SI,504,001,Regular,Lecture,"Servers, Shell,&Git",1.50,A,SI 504,No
Winter 2024,55933680,001459,FA 2023,SI,690,460,Regular,Seminar,Intern/Field Exper,1.00,S,SI 690,No
Winter 2024,55933680,017281,FA 2022,SI,588,002,Regular,Lecture,Fundamntls Hum Beh,3.00,A,SI 588,No
Winter 2024,55933680,020401,WN 2023,SI,622,001,Regular,Lecture,Usab Eval & Needs,4.00,A,SI 622,No
Winter 2024,55933680,020934,FA 2023,SI,649,101,Regular,Lecture,Info Visualization,3.00,A,SI 649,No
Winter 2024,55933680,021391,WN 2024,SI,511,151,Regular,Lecture,Special Topics,1.50,A,SI 511,No
Winter 2024,55933680,021400,WN 2023,SI,520,004,Regular,Laboratory,Graphic Design,3.00,A,SI 520,No
Winter 2024,55933680,022099,WN 2023,SI,658,001,Regular,Lecture,Info Architecture,3.00,A,SI 658,No
Winter 2024,55933680,039178,FA 2022,SI,539,001,Regular,Lecture,Web Design,3.00,A+,SI 539,No
Winter 2024,55933680,040667,WN 2023,SI,681,001,Regular,Seminar,Intern/Field Seminar,6.00,S,SI 681,No
Winter 2024,55933680,042071,FA 2023,SI,563,001,Regular,Lecture,Game Theory,3.00,A-,SI 563,No
Winter 2024,55933680,044772,FA 2022,SI,582,002,Regular,Lecture,Intro Interac Design,3.00,A,SI 582,No
Winter 2024,55933680,047246,FA 2022,SI,506,001,Regular,Lecture,Programming I,3.00,A,SI 506,No
Winter 2024,55933680,047304,WN 2023,ENTR,550,002,Regular,Lecture,Interpersonal Skills,3.00,A,ENTR 550,Yes
Winter 2024,55933680,047901,WN 2024,SI,699,001,Regular,Lecture,MSI Mastery Courses,3.00,A,SI 699,No
Winter 2024,55933680,048129,FA 2022,SI,505,001,Scnd 7 Wk,Lecture,Career/Intern Studio,1.00,S,SI 505,No
Winter 2024,55933680,048488,FA 2023,SI,559,003,Regular,Lecture,AR/VR Intro,3.00,A,SI 559,No
Winter 2024,55933680,050164,FA 2022,SI,504,001,Regular,Lecture,"Servers, Shell,&Git",1.50,A+,SI 504,No
Winter 2024,56012309,009732,FA 2023,SI,650,001,Regular,Lecture,Informatn Retrieval,3.00,W,SI 650,No
Winter 2024,56012309,017281,FA 2022,SI,588,001,Regular,Lecture,Fundamntls Hum Beh,3.00,A,SI 588,No
Winter 2024,56012309,020934,FA 2023,SI,649,001,Regular,Lecture,Info Visualization,3.00,A-,SI 649,No
Winter 2024,56012309,040667,WN 2023,SI,681,001,Regular,Seminar,Intern/Field Seminar,6.00,S,SI 681,No
Winter 2024,56012309,042091,WN 2023,SI,618,001,Regular,Lecture,Data Man & Analysis,3.00,A+,SI 618,No
Winter 2024,56012309,042104,FA 2022,SI,501,002,Regular,Lecture,Contextual Inq,3.00,A,SI 501,No
Winter 2024,56012309,042324,WN 2024,SI,639,001,Regular,Lecture,Web Archiving,1.50,A,SI 639,No
Winter 2024,56012309,043210,FA 2023,SI,534,001,Regular,Lecture,Theories Soc Influen,3.00,A,SI 534,No
Winter 2024,56012309,044772,FA 2022,SI,582,003,Regular,Lecture,Intro Interac Design,3.00,A,SI 582,No
Winter 2024,56012309,045930,FA 2023,SI,671,001,Regular,Lecture,Data Mining,3.00,B,SI 671,No
Winter 2024,56012309,047246,FA 2022,SI,506,001,Regular,Lecture,Programming I,3.00,A,SI 506,No
Winter 2024,56012309,047640,WN 2023,SI,507,001,Regular,Lecture,Inter Programming,3.00,A,SI 507,No
Winter 2024,56012309,047901,WN 2024,SI,699,205,Regular,Lecture,MSI Mastery Courses,3.00,A,SI 699,No
Winter 2024,56012309,050164,WN 2023,SI,504,001,Regular,Lecture,"Servers, Shell,&Git",1.50,A-,SI 504,No
Winter 2024,56012309,050663,WN 2023,SI,568,001,Regular,Lecture,Intro Appld Data Sci,3.00,A,SI 568,No
Winter 2024,56012309,050983,WN 2024,SI,602,001,Regular,Lecture,Math for ApplDataSci,3.00,C+,SI 602,No
Winter 2024,56012309,051074,WN 2024,SI,626,001,Regular,Lecture,Manage NonProf Lib,3.00,A,SI 626,No
Winter 2024,56974123,012456,FA 2023,SI,549,001,Regular,Seminar,Trfrm Lrng Tchg Tech,3.00,S,SI 549,No
Winter 2024,56974123,017281,FA 2022,SI,588,001,Regular,Lecture,Fundamntls Hum Beh,3.00,B+,SI 588,No
Winter 2024,56974123,020401,WN 2023,SI,622,002,Regular,Lecture,Usab Eval & Needs,4.00,A,SI 622,No
Winter 2024,56974123,021391,WN 2024,SI,511,151,Regular,Lecture,Special Topics,1.50,A+,SI 511,No
Winter 2024,56974123,039081,WN 2023,SI,529,001,Regular,Lecture,Online Communities,3.00,A,SI 529,No
Winter 2024,56974123,039178,FA 2023,SI,539,001,Regular,Lecture,Web Design,3.00,A+,SI 539,No
Winter 2024,56974123,039979,WN 2024,SI,623,001,Regular,Seminar,Res Meth Info Prof,3.00,A+,SI 623,No
Winter 2024,56974123,040667,WN 2023,SI,681,001,Regular,Seminar,Intern/Field Seminar,6.00,S,SI 681,No
Winter 2024,56974123,042104,FA 2022,SI,501,002,Regular,Lecture,Contextual Inq,3.00,B+,SI 501,No
Winter 2024,56974123,044772,FA 2022,SI,582,001,Regular,Lecture,Intro Interac Design,3.00,A,SI 582,No
Winter 2024,56974123,045393,FA 2023,SI,552,001,Regular,Lecture,Accessibility Intro,3.00,A,SI 552,No
Winter 2024,56974123,047246,WN 2023,SI,506,001,Regular,Lecture,Programming I,3.00,W,SI 506,No
Winter 2024,56974123,047246,FA 2023,SI,506,001,Regular,Lecture,Programming I,3.00,A,SI 506,No
Winter 2024,56974123,047901,WN 2024,SI,699,001,Regular,Lecture,MSI Mastery Courses,3.00,B+,SI 699,No
Winter 2024,56974123,048129,FA 2023,SI,505,002,Scnd 7 Wk,Lecture,Career/Intern Studio,1.00,S,SI 505,No
Winter 2024,56974123,048280,WN 2024,SI,667,001,Regular,Lecture,Digital Curation,3.00,A+,SI 667,No
Winter 2024,56974123,050162,WN 2023,SI,510,001,Regular,Lecture,Information Ethics,3.00,A-,SI 510,No
Winter 2024,57043209,001459,FA 2023,SI,690,460,Regular,Seminar,Intern/Field Exper,4.00,S,SI 690,No
Winter 2024,57043209,016607,FA 2022,SI,544,001,Regular,Lecture,Intr Stat&Data Analy,3.00,A,SI 544,No
Winter 2024,57043209,017281,FA 2022,SI,588,001,Regular,Lecture,Fundamntls Hum Beh,3.00,A,SI 588,No
Winter 2024,57043209,020401,WN 2023,SI,622,001,Regular,Lecture,Usab Eval & Needs,4.00,A,SI 622,No
Winter 2024,57043209,021391,WN 2024,SI,511,151,Regular,Lecture,Special Topics,1.50,A+,SI 511,No
Winter 2024,57043209,021400,WN 2023,SI,520,002,Regular,Laboratory,Graphic Design,3.00,A,SI 520,No
Winter 2024,57043209,039178,WN 2023,SI,539,001,Regular,Lecture,Web Design,3.00,A,SI 539,No
Winter 2024,57043209,040667,WN 2023,SI,681,001,Regular,Seminar,Intern/Field Seminar,3.00,S,SI 681,No
Winter 2024,57043209,042104,FA 2022,SI,501,001,Regular,Lecture,Contextual Inq,3.00,A-,SI 501,No
Winter 2024,57043209,043863,FA 2023,SI,612,002,Regular,Lecture,Pervasv Interact Des,3.00,A,SI 612,No
Winter 2024,57043209,044772,FA 2022,SI,582,001,Regular,Lecture,Intro Interac Design,3.00,A,SI 582,No
Winter 2024,57043209,045771,FA 2023,SI,684,001,Regular,Seminar,Design ConsHlth Tech,3.00,A,SI 684,No
Winter 2024,57043209,047246,FA 2022,SI,506,001,Regular,Lecture,Programming I,3.00,A,SI 506,No
Winter 2024,57043209,047901,WN 2024,SI,699,401,Regular,Lecture,MSI Mastery Courses,3.00,A,SI 699,No
Winter 2024,57043209,048129,WN 2023,SI,505,001,First 7 Wk,Lecture,Career/Intern Studio,1.00,S,SI 505,No
Winter 2024,57043209,048488,FA 2023,SI,559,001,Regular,Lecture,AR/VR Intro,3.00,B,SI 559,No
Winter 2024,57043209,051454,WN 2024,SI,594,001,Regular,Lecture,Auto UX,3.00,A,SI 594,No
Winter 2024,57144864,001459,WN 2024,SI,690,001,Regular,Seminar,Intern/Field Exper,3.00,S,SI 690,No
Winter 2024,57144864,017281,FA 2022,SI,588,001,Regular,Lecture,Fundamntls Hum Beh,3.00,A,SI 588,No
Winter 2024,57144864,019903,FA 2023,TO,548,001,Regular,Recitation,Integ Pro Dev,3.00,A-,TO 548,Yes
Winter 2024,57144864,020379,FA 2023,IOE,548,001,Regular,Lecture,Int Prod Dev,3.00,A,IOE 548,Yes
Winter 2024,57144864,020401,WN 2023,SI,622,002,Regular,Lecture,Usab Eval & Needs,4.00,A,SI 622,No
Winter 2024,57144864,020997,FA 2023,BCOM,561,001,First 7 Wk,Recitation,Mgt Presentatn,1.50,A-,BCOM 561,Yes
Winter 2024,57144864,021400,WN 2023,SI,520,003,Regular,Laboratory,Graphic Design,3.00,B+,SI 520,No
Winter 2024,57144864,039081,FA 2023,SI,529,001,Regular,Lecture,Online Communities,3.00,A,SI 529,No
Winter 2024,57144864,039178,WN 2023,SI,539,001,Regular,Lecture,Web Design,3.00,A,SI 539,No
Winter 2024,57144864,040667,WN 2023,SI,681,001,Regular,Seminar,Intern/Field Seminar,6.00,S,SI 681,No
Winter 2024,57144864,042104,FA 2022,SI,501,002,Regular,Lecture,Contextual Inq,3.00,A,SI 501,No
Winter 2024,57144864,044003,WN 2024,PUBPOL,716,001,Scnd 7 Wk,Seminar,Intro Chinese Policy,1.50,A,PUBPOL 716,Yes
Winter 2024,57144864,044772,FA 2022,SI,582,004,Regular,Lecture,Intro Interac Design,3.00,A,SI 582,No
Winter 2024,57144864,045771,FA 2023,SI,684,001,Regular,Seminar,Design ConsHlth Tech,3.00,A-,SI 684,No
Winter 2024,57144864,047071,FA 2023,PUBHLTH,626,001,Regular,Seminar,Und Imp US Hlth Sys,1.00,S,PUBHLTH 626,Yes
Winter 2024,57144864,047246,FA 2022,SI,506,001,Regular,Lecture,Programming I,3.00,A-,SI 506,No
Winter 2024,57144864,047901,WN 2024,SI,699,201,Regular,Lecture,MSI Mastery Courses,3.00,A+,SI 699,No
Winter 2024,57144864,048488,FA 2023,SI,559,002,Regular,Lecture,AR/VR Intro,3.00,W,SI 559,No
Winter 2024,57152696,009732,FA 2023,SI,650,001,Regular,Lecture,Informatn Retrieval,3.00,C+,SI 650,No
Winter 2024,57152696,016607,FA 2022,SI,544,001,Regular,Lecture,Intr Stat&Data Analy,3.00,A,SI 544,No
Winter 2024,57152696,020934,FA 2023,SI,649,001,Regular,Lecture,Info Visualization,3.00,A,SI 649,No
Winter 2024,57152696,040667,WN 2023,SI,681,001,Regular,Seminar,Intern/Field Seminar,6.00,S,SI 681,No
Winter 2024,57152696,042071,FA 2022,SI,563,001,Regular,Lecture,Game Theory,3.00,A,SI 563,No
Winter 2024,57152696,042091,WN 2023,SI,618,001,Regular,Lecture,Data Man & Analysis,3.00,A+,SI 618,No
Winter 2024,57152696,042104,FA 2022,SI,501,002,Regular,Lecture,Contextual Inq,3.00,A,SI 501,No
Winter 2024,57152696,045930,FA 2023,SI,671,001,Regular,Lecture,Data Mining,3.00,B+,SI 671,No
Winter 2024,57152696,047246,FA 2022,SI,506,001,Regular,Lecture,Programming I,3.00,A,SI 506,No
Winter 2024,57152696,047640,WN 2023,SI,507,001,Regular,Lecture,Inter Programming,3.00,A,SI 507,No
Winter 2024,57152696,047901,WN 2024,SI,699,305,Regular,Lecture,MSI Mastery Courses,3.00,A-,SI 699,No
Winter 2024,57152696,048129,FA 2022,SI,505,001,Scnd 7 Wk,Lecture,Career/Intern Studio,1.00,S,SI 505,No
Winter 2024,57152696,048488,FA 2023,SI,559,001,Regular,Lecture,AR/VR Intro,3.00,A,SI 559,No
Winter 2024,57152696,049601,WN 2023,SI,564,001,Regular,Lecture,SQL & Databases,1.50,A,SI 564,No
Winter 2024,57152696,050164,FA 2022,SI,504,001,Regular,Lecture,"Servers, Shell,&Git",1.50,A,SI 504,No
Winter 2024,57152696,050663,WN 2023,SI,568,001,Regular,Lecture,Intro Appld Data Sci,3.00,A+,SI 568,No
Winter 2024,57152696,050983,WN 2023,SI,602,001,Regular,Lecture,Math for ApplDataSci,3.00,C,SI 602,No
Winter 2024,57330808,009731,FA 2022,SI,580,001,Regular,Lecture,Records & Archives,3.00,A-,SI 580,No
Winter 2024,57330808,020803,WN 2024,SI,643,001,Regular,Lecture,Instructional Skills,3.00,A+,SI 643,No
Winter 2024,57330808,021045,FA 2023,SI,666,001,Regular,Lecture,Org of Inf Resources,3.00,A-,SI 666,No
Winter 2024,57330808,038659,FA 2023,SI,519,001,Regular,Seminar,Intel Prop&Info Law,3.00,A,SI 519,No
Winter 2024,57330808,038948,FA 2023,SI,632,001,Regular,Lecture,Appraisal & Coll Dev,3.00,A,SI 632,No
Winter 2024,57330808,039979,WN 2023,SI,623,001,Regular,Seminar,Res Meth Info Prof,3.00,A,SI 623,No
Winter 2024,57330808,042104,FA 2022,SI,501,001,Regular,Lecture,Contextual Inq,3.00,A,SI 501,No
Winter 2024,57330808,045393,FA 2022,SI,552,001,Regular,Lecture,Accessibility Intro,3.00,B,SI 552,No
Winter 2024,57330808,047246,FA 2022,SI,506,001,Regular,Lecture,Programming I,3.00,W,SI 506,No
Winter 2024,57330808,047246,WN 2023,SI,506,001,Regular,Lecture,Programming I,3.00,C,SI 506,No
Winter 2024,57330808,047901,WN 2024,SI,699,028,Regular,Lecture,MSI Mastery Courses,3.00,A+,SI 699,No
Winter 2024,57330808,048280,WN 2023,SI,667,001,Regular,Lecture,Digital Curation,3.00,A,SI 667,No
Winter 2024,57330808,050028,FA 2023,SI,583,001,Regular,Lecture,Info Accountability,3.00,A-,SI 583,No
Winter 2024,57330808,050162,WN 2024,SI,510,001,Regular,Lecture,Information Ethics,3.00,A+,SI 510,No
Winter 2024,57330808,050163,FA 2023,SI,633,001,Regular,Lecture,Assesmnt Cultrl Inst,3.00,A,SI 633,No
Winter 2024,57330808,050165,WN 2023,SI,585,001,Regular,Lecture,Scholarly Comm,3.00,B+,SI 585,No
Winter 2024,57330808,051074,WN 2024,SI,626,001,Regular,Lecture,Manage NonProf Lib,3.00,A,SI 626,No
Winter 2024,57491625,017281,FA 2022,SI,588,001,Regular,Lecture,Fundamntls Hum Beh,3.00,A,SI 588,No
Winter 2024,57491625,020401,WN 2023,SI,622,001,Regular,Lecture,Usab Eval & Needs,4.00,A,SI 622,No
Winter 2024,57491625,021050,WN 2024,SI,691,075,Regular,Ind Study,Independent Study,3.00,A+,SI 691,No
Winter 2024,57491625,021391,WN 2024,SI,511,151,Regular,Lecture,Special Topics,1.50,A,SI 511,No
Winter 2024,57491625,021400,WN 2023,SI,520,003,Regular,Laboratory,Graphic Design,3.00,A-,SI 520,No
Winter 2024,57491625,039081,FA 2024,SI,529,001,Regular,Lecture,Online Communities,3.00,A,SI 529,No
Winter 2024,57491625,039178,WN 2023,SI,539,001,Regular,Lecture,Web Design,3.00,A-,SI 539,No
Winter 2024,57491625,040667,WN 2024,SI,681,001,Regular,Seminar,Intern/Field Seminar,4.00,S,SI 681,No
Winter 2024,57491625,041985,FA 2023,SI,542,001,Regular,Lecture,Intro Health Infor,3.00,A-,SI 542,No
Winter 2024,57491625,042104,FA 2022,SI,501,002,Regular,Lecture,Contextual Inq,3.00,A,SI 501,No
Winter 2024,57491625,043863,FA 2023,SI,612,001,Regular,Lecture,Pervasv Interact Des,3.00,W,SI 612,No
Winter 2024,57491625,044772,FA 2022,SI,582,003,Regular,Lecture,Intro Interac Design,3.00,A,SI 582,No
Winter 2024,57491625,045771,FA 2023,SI,684,001,Regular,Seminar,Design ConsHlth Tech,3.00,A,SI 684,No
Winter 2024,57491625,046306,FA 2023,SI,616,001,Regular,Lecture,Adv Graphic Design,3.00,A-,SI 616,No
Winter 2024,57491625,047246,FA 2022,SI,506,001,Regular,Lecture,Programming I,3.00,A,SI 506,No
Winter 2024,57491625,047901,WN 2024,SI,699,501,Regular,Lecture,MSI Mastery Courses,3.00,A-,SI 699,No
Winter 2024,57491625,048488,FA 2024,SI,559,003,Regular,Lecture,AR/VR Intro,3.00,A-,SI 559,No
Winter 2024,57491625,050164,FA 2022,SI,504,001,Regular,Lecture,"Servers, Shell,&Git",1.50,A-,SI 504,No
Winter 2024,57639130,001406,FA 2023,IOE,491,020,Regular,Lecture,Spec Top Ind Engr,3.00,A,IOE 491,Yes
Winter 2024,57639130,001459,WN 2024,SI,690,001,Regular,Seminar,Intern/Field Exper,3.00,S,SI 690,No
Winter 2024,57639130,004396,FA 2023,IOE,333,001,Regular,Lecture,Human Factors Ergo,3.00,VI,IOE 333,Yes
Winter 2024,57639130,017281,FA 2022,SI,588,001,Regular,Lecture,Fundamntls Hum Beh,3.00,A,SI 588,No
Winter 2024,57639130,020401,WN 2023,SI,622,002,Regular,Lecture,Usab Eval & Needs,4.00,A,SI 622,No
Winter 2024,57639130,021050,FA 2022,SI,691,117,Regular,Ind Study,Independent Study,2.00,A+,SI 691,No
Winter 2024,57639130,021050,WN 2023,SI,691,117,Regular,Ind Study,Independent Study,1.00,A+,SI 691,No
Winter 2024,57639130,021400,WN 2023,SI,520,004,Regular,Laboratory,Graphic Design,3.00,A-,SI 520,No
Winter 2024,57639130,039081,FA 2023,SI,529,001,Regular,Lecture,Online Communities,3.00,A,SI 529,No
Winter 2024,57639130,039178,WN 2023,SI,539,001,Regular,Lecture,Web Design,3.00,A,SI 539,No
Winter 2024,57639130,040332,FA 2022,SURVMETH,632,001,Regular,Seminar,"Cog,Comm,Survey Meas",3.00,A-,SURVMETH 632,Yes
Winter 2024,57639130,040667,WN 2023,SI,681,001,Regular,Seminar,Intern/Field Seminar,6.00,S,SI 681,No
Winter 2024,57639130,044772,FA 2022,SI,582,002,Regular,Lecture,Intro Interac Design,3.00,A,SI 582,No
Winter 2024,57639130,045732,WN 2023,SI,554,001,Regular,Lecture,Consumer Hlth Inform,3.00,A,SI 554,No
Winter 2024,57639130,045771,FA 2023,SI,684,001,Regular,Seminar,Design ConsHlth Tech,3.00,A+,SI 684,No
Winter 2024,57639130,046386,WN 2024,SI,311,151,Regular,Lecture,Spec Topics in Info,1.50,A+,SI 311,No
Winter 2024,57639130,047246,FA 2022,SI,506,001,Regular,Lecture,Programming I,3.00,A-,SI 506,No
Winter 2024,57639130,047901,WN 2024,SI,699,401,Regular,Lecture,MSI Mastery Courses,3.00,A+,SI 699,No
Winter 2024,57639130,048129,FA 2022,SI,505,001,Scnd 7 Wk,Lecture,Career/Intern Studio,1.00,S,SI 505,No
Winter 2024,57639130,048289,WN 2024,TO,428,002,Regular,Recitation,FinTech Innovations,3.00,B-,TO 428,Yes
Winter 2024,57639130,048514,FA 2023,WELLNESS,512,001,Regular,Recitation,Yoga Performers,1.00,A,WELLNESS 512,Yes
Winter 2024,57639130,050650,WN 2023,EDUC,618,001,Regular,Seminar,XR for Learning,1.00,A,EDUC 618,Yes
Winter 2024,57746676,001459,FA 2023,SI,690,460,Regular,Seminar,Intern/Field Exper,5.00,S,SI 690,No
Winter 2024,57746676,017281,FA 2022,SI,588,002,Regular,Lecture,Fundamntls Hum Beh,3.00,A,SI 588,No
Winter 2024,57746676,020401,WN 2023,SI,622,002,Regular,Lecture,Usab Eval & Needs,4.00,A,SI 622,No
Winter 2024,57746676,022099,WN 2023,SI,658,001,Regular,Lecture,Info Architecture,3.00,A,SI 658,No
Winter 2024,57746676,038659,FA 2023,SI,519,001,Regular,Seminar,Intel Prop&Info Law,3.00,A,SI 519,No
Winter 2024,57746676,039178,FA 2022,SI,539,001,Regular,Lecture,Web Design,3.00,A+,SI 539,No
Winter 2024,57746676,041626,WN 2023,SI,664,001,Regular,Lecture,Database App Design,3.00,A,SI 664,No
Winter 2024,57746676,041855,FA 2023,SI,631,001,Regular,Lecture,Agile Softwar Dev,1.50,A,SI 631,No
Winter 2024,57746676,042104,FA 2022,SI,501,001,Regular,Lecture,Contextual Inq,3.00,A,SI 501,No
Winter 2024,57746676,043863,WN 2023,SI,612,001,Regular,Lecture,Pervasv Interact Des,3.00,A,SI 612,No
Winter 2024,57746676,044772,FA 2022,SI,582,001,Regular,Lecture,Intro Interac Design,3.00,A,SI 582,No
Winter 2024,57746676,047640,FA 2023,SI,507,001,Regular,Lecture,Inter Programming,3.00,A,SI 507,No
Winter 2024,57746676,047901,WN 2024,SI,699,203,Regular,Lecture,MSI Mastery Courses,3.00,A,SI 699,No
Winter 2024,57746676,048129,FA 2022,SI,505,001,Scnd 7 Wk,Lecture,Career/Intern Studio,1.00,S,SI 505,No
Winter 2024,57746676,048487,FA 2023,SI,669,001,Regular,Lecture,Dev Mobile Exp,3.00,A+,SI 669,No
Winter 2024,57746676,049601,FA 2023,SI,564,101,Regular,Lecture,SQL & Databases,1.50,A,SI 564,No
Winter 2024,57746676,050159,WN 2023,SI,579,001,Regular,Lecture,Bldg Interactive App,3.00,A,SI 579,No
Winter 2024,57754225,001459,FA 2022,SI,690,410,Regular,Seminar,Intern/Field Exper,3.00,S,SI 690,No
Winter 2024,57754225,012456,FA 2023,SI,549,001,Regular,Seminar,Trfrm Lrng Tchg Tech,3.00,S,SI 549,No
Winter 2024,57754225,015660,WN 2022,WRITING,993,001,Regular,Seminar,Teaching Writing,1.00,S,WRITING 993,Yes
Winter 2024,57754225,017281,FA 2021,SI,588,002,Regular,Lecture,Fundamntls Hum Beh,3.00,B+,SI 588,No
Winter 2024,57754225,021400,FA 2021,SI,520,001,Regular,Lecture,Graphic Design,3.00,W,SI 520,No
Winter 2024,57754225,021400,WN 2022,SI,520,002,Regular,Lecture,Graphic Design,3.00,I,SI 520,No
Winter 2024,57754225,021400,WN 2023,SI,520,002,Regular,Laboratory,Graphic Design,3.00,A,SI 520,No
Winter 2024,57754225,022099,WN 2022,SI,658,001,Regular,Lecture,Info Architecture,3.00,A+,SI 658,No
Winter 2024,57754225,039081,WN 2022,SI,529,001,Regular,Lecture,Online Communities,3.00,A+,SI 529,No
Winter 2024,57754225,039178,FA 2021,SI,539,001,Regular,Lecture,Web Design,3.00,C+,SI 539,No
Winter 2024,57754225,040667,WN 2022,SI,681,001,Regular,Seminar,Intern/Field Seminar,6.00,S,SI 681,No
Winter 2024,57754225,042104,FA 2021,SI,501,002,Regular,Lecture,Contextual Inq,3.00,A,SI 501,No
Winter 2024,57754225,044005,WN 2024,HBEHED,605,001,Regular,Lecture,LGBTQ Health,3.00,A+,HBEHED 605,Yes
Winter 2024,57754225,044772,FA 2021,SI,582,003,Regular,Lecture,Intro Interac Design,3.00,A+,SI 582,No
Winter 2024,57754225,045393,FA 2022,SI,552,001,Regular,Lecture,Accessibility Intro,3.00,VI,SI 552,No
Winter 2024,57754225,045771,FA 2022,SI,684,001,Regular,Seminar,Design ConsHlth Tech,3.00,A+,SI 684,No
Winter 2024,57754225,048129,WN 2022,SI,505,001,First 7 Wk,Lecture,Career/Intern Studio,1.00,S,SI 505,No
Winter 2024,57754225,049040,WN 2024,SI,698,117,Regular,Seminar,Master's Thesis 2,3.00,A,SI 698,No
Winter 2024,57754225,049365,FA 2023,SI,697,117,Regular,Ind Study,Master's Thesis 1,3.00,S,SI 697,No
Winter 2024,57754225,050162,WN 2023,SI,510,001,Regular,Lecture,Information Ethics,3.00,A+,SI 510,No
Winter 2024,57768806,017281,FA 2022,SI,588,001,Regular,Lecture,Fundamntls Hum Beh,3.00,A,SI 588,No
Winter 2024,57768806,020401,WN 2023,SI,622,001,Regular,Lecture,Usab Eval & Needs,4.00,A,SI 622,No
Winter 2024,57768806,020934,WN 2023,SI,649,002,Regular,Lecture,Info Visualization,3.00,A,SI 649,No
Winter 2024,57768806,021391,WN 2024,SI,511,073,Regular,Lecture,Special Topics,3.00,A,SI 511,No
Winter 2024,57768806,021400,WN 2024,SI,520,002,Regular,Laboratory,Graphic Design,3.00,A,SI 520,No
Winter 2024,57768806,022099,WN 2023,SI,658,001,Regular,Lecture,Info Architecture,3.00,A,SI 658,No
Winter 2024,57768806,039178,FA 2022,SI,539,001,Regular,Lecture,Web Design,3.00,A,SI 539,No
Winter 2024,57768806,040667,WN 2023,SI,681,001,Regular,Seminar,Intern/Field Seminar,6.00,S,SI 681,No
Winter 2024,57768806,042104,FA 2022,SI,501,001,Regular,Lecture,Contextual Inq,3.00,A,SI 501,No
Winter 2024,57768806,044772,FA 2022,SI,582,001,Regular,Lecture,Intro Interac Design,3.00,A,SI 582,No
Winter 2024,57768806,047228,WN 2024,ENTR,500,003,Regular,Lecture,Intro to Innovation,3.00,A,ENTR 500,Yes
Winter 2024,57768806,047901,FA 2024,SI,699,201,Regular,Lecture,MSI Mastery Courses,3.00,A,SI 699,No
Winter 2024,57768806,048488,WN 2024,SI,559,001,Regular,Lecture,AR/VR Intro,3.00,A-,SI 559,No
Winter 2024,57768806,049601,FA 2022,SI,564,001,Regular,Lecture,SQL & Databases,1.50,A,SI 564,No
Winter 2024,57768806,050159,WN 2023,SI,579,001,Regular,Lecture,Bldg Interactive App,3.00,C+,SI 579,No
Winter 2024,57768806,050164,FA 2022,SI,504,001,Regular,Lecture,"Servers, Shell,&Git",1.50,A,SI 504,No
Winter 2024,58162544,001459,WN 2024,SI,690,001,Regular,Seminar,Intern/Field Exper,3.00,S,SI 690,No
Winter 2024,58162544,009731,FA 2022,SI,580,001,Regular,Lecture,Records & Archives,3.00,A+,SI 580,No
Winter 2024,58162544,021045,FA 2022,SI,666,001,Regular,Lecture,Org of Inf Resources,3.00,A,SI 666,No
Winter 2024,58162544,021400,FA 2023,SI,520,001,Regular,Lecture,Graphic Design,3.00,A-,SI 520,No
Winter 2024,58162544,022326,WN 2024,SI,581,001,Regular,Lecture,Pres Info Resources,3.00,A,SI 581,No
Winter 2024,58162544,038948,FA 2023,SI,632,001,Regular,Lecture,Appraisal & Coll Dev,3.00,A,SI 632,No
Winter 2024,58162544,039979,WN 2023,SI,623,001,Regular,Seminar,Res Meth Info Prof,3.00,A-,SI 623,No
Winter 2024,58162544,042104,FA 2022,SI,501,001,Regular,Lecture,Contextual Inq,3.00,A-,SI 501,No
Winter 2024,58162544,046306,WN 2024,SI,616,001,Regular,Lecture,Adv Graphic Design,3.00,B+,SI 616,No
Winter 2024,58162544,047246,FA 2022,SI,506,001,Regular,Lecture,Programming I,3.00,A,SI 506,No
Winter 2024,58162544,047901,WN 2024,SI,699,028,Regular,Lecture,MSI Mastery Courses,3.00,B+,SI 699,No
Winter 2024,58162544,048280,WN 2023,SI,667,001,Regular,Lecture,Digital Curation,3.00,A,SI 667,No
Winter 2024,58162544,050162,WN 2024,SI,510,001,Regular,Lecture,Information Ethics,3.00,A,SI 510,No
Winter 2024,58162544,050163,FA 2023,SI,633,001,Regular,Lecture,Assesmnt Cultrl Inst,3.00,A+,SI 633,No
Winter 2024,58162544,050174,FA 2023,CLARCH,550,001,Regular,Seminar,Topics in CLARCH,3.00,B+,CLARCH 550,Yes
Winter 2024,58162544,051074,WN 2023,SI,626,001,Regular,Lecture,Manage NonProf Lib,3.00,A-,SI 626,No
Winter 2024,58434981,020803,WN 2024,SI,643,001,Regular,Lecture,Instructional Skills,3.00,A,SI 643,No
Winter 2024,58434981,042104,FA 2023,SI,501,002,Regular,Lecture,Contextual Inq,3.00,A,SI 501,No
Winter 2024,58434981,043863,FA 2023,SI,612,001,Regular,Lecture,Pervasv Interact Des,3.00,A,SI 612,No
Winter 2024,58434981,045771,FA 2023,SI,684,001,Regular,Seminar,Design ConsHlth Tech,3.00,A-,SI 684,No
Winter 2024,58434981,046306,FA 2023,SI,616,001,Regular,Lecture,Adv Graphic Design,3.00,A-,SI 616,No
Winter 2024,58434981,047228,WN 2024,ENTR,500,003,Regular,Lecture,Intro to Innovation,3.00,A,ENTR 500,Yes
Winter 2024,58434981,047234,WN 2024,ENTR,510,001,Regular,Lecture,Compensation,3.00,A,ENTR 510,Yes
Winter 2024,58434981,047304,WN 2024,ENTR,550,001,Regular,Lecture,Interpersonal Skills,3.00,A,ENTR 550,Yes
Winter 2024,58434981,047901,WN 2024,SI,699,601,Regular,Lecture,MSI Mastery Courses,3.00,A+,SI 699,No
Winter 2024,58434981,048488,FA 2023,SI,559,003,Regular,Lecture,AR/VR Intro,3.00,A,SI 559,No
Winter 2024,58589124,009081,FA 2023,STATS,504,001,Regular,Lecture,Prac Comm Appl Stat,3.00,W,STATS 504,Yes
Winter 2024,58589124,011875,FA 2023,EECS,564,001,Regular,Lecture,"Estim, Filter&Detect",3.00,A,EECS 564,Yes
Winter 2024,58589124,020934,WN 2023,SI,649,002,Regular,Lecture,Info Visualization,3.00,A-,SI 649,No
Winter 2024,58589124,041934,FA 2023,SI,608,001,Regular,Lecture,Networks,3.00,A-,SI 608,No
Winter 2024,58589124,045930,FA 2023,SI,671,001,Regular,Lecture,Data Mining,3.00,B+,SI 671,No
Winter 2024,58589124,047901,WN 2024,SI,699,205,Regular,Lecture,MSI Mastery Courses,3.00,A,SI 699,No
Winter 2024,58589124,048500,FA 2023,SI,670,001,Regular,Lecture,Appld Machine Learng,3.00,B-,SI 670,No
Winter 2024,58589124,050663,WN 2023,SI,568,001,Regular,Lecture,Intro Appld Data Sci,3.00,A-,SI 568,No
Winter 2024,58589124,050983,WN 2023,SI,602,001,Regular,Lecture,Math for ApplDataSci,3.00,A+,SI 602,No
Winter 2024,58694665,020934,WN 2023,SI,649,001,Regular,Lecture,Info Visualization,3.00,A,SI 649,No
Winter 2024,58694665,040667,WN 2023,SI,681,001,Regular,Seminar,Intern/Field Seminar,6.00,S,SI 681,No
Winter 2024,58694665,041626,WN 2023,SI,664,001,Regular,Lecture,Database App Design,3.00,A,SI 664,No
Winter 2024,58694665,041934,FA 2023,SI,608,001,Regular,Lecture,Networks,3.00,A,SI 608,No
Winter 2024,58694665,042091,FA 2022,SI,618,001,Regular,Lecture,Data Man & Analysis,3.00,A,SI 618,No
Winter 2024,58694665,042104,FA 2022,SI,501,001,Regular,Lecture,Contextual Inq,3.00,A,SI 501,No
Winter 2024,58694665,045930,FA 2023,SI,671,001,Regular,Lecture,Data Mining,3.00,B+,SI 671,No
Winter 2024,58694665,047246,FA 2023,SI,506,001,Regular,Lecture,Programming I,3.00,A,SI 506,No
Winter 2024,58694665,047640,FA 2022,SI,507,001,Regular,Lecture,Inter Programming,3.00,A,SI 507,No
Winter 2024,58694665,047901,WN 2024,SI,699,005,Regular,Lecture,MSI Mastery Courses,3.00,A,SI 699,No
Winter 2024,58694665,048268,WN 2023,SI,630,001,Regular,Lecture,NLP Algorithm People,3.00,A,SI 630,No
Winter 2024,58694665,048500,FA 2023,SI,670,001,Regular,Lecture,Appld Machine Learng,3.00,B+,SI 670,No
Winter 2024,58694665,049601,FA 2023,SI,564,001,Regular,Lecture,SQL & Databases,1.50,A,SI 564,No
Winter 2024,58694665,050164,FA 2022,SI,504,001,Regular,Lecture,"Servers, Shell,&Git",1.50,A,SI 504,No
Winter 2024,58694665,050663,WN 2023,SI,568,001,Regular,Lecture,Intro Appld Data Sci,3.00,A+,SI 568,No
Winter 2024,58694665,050983,WN 2023,SI,602,001,Regular,Lecture,Math for ApplDataSci,3.00,A,SI 602,No
Winter 2024,58841200,017281,FA 2022,SI,588,002,Regular,Lecture,Fundamntls Hum Beh,3.00,A,SI 588,No
Winter 2024,58841200,019903,FA 2023,TO,548,001,Regular,Recitation,Integ Pro Dev,3.00,B,TO 548,Yes
Winter 2024,58841200,020379,FA 2023,IOE,548,001,Regular,Lecture,Int Prod Dev,3.00,A-,IOE 548,Yes
Winter 2024,58841200,020401,WN 2023,SI,622,001,Regular,Lecture,Usab Eval & Needs,4.00,A,SI 622,No
Winter 2024,58841200,021400,FA 2022,SI,520,002,Regular,Lecture,Graphic Design,3.00,A+,SI 520,No
Winter 2024,58841200,022099,WN 2023,SI,658,001,Regular,Lecture,Info Architecture,3.00,A,SI 658,No
Winter 2024,58841200,039178,WN 2023,SI,539,001,Regular,Lecture,Web Design,3.00,A,SI 539,No
Winter 2024,58841200,040667,WN 2023,SI,681,001,Regular,Seminar,Intern/Field Seminar,6.00,S,SI 681,No
Winter 2024,58841200,042104,FA 2022,SI,501,001,Regular,Lecture,Contextual Inq,3.00,A,SI 501,No
Winter 2024,58841200,043863,FA 2023,SI,612,002,Regular,Lecture,Pervasv Interact Des,3.00,A+,SI 612,No
Winter 2024,58841200,044772,WN 2023,SI,582,001,Regular,Lecture,Intro Interac Design,3.00,A+,SI 582,No
Winter 2024,58841200,047246,FA 2022,SI,506,001,Regular,Lecture,Programming I,3.00,A,SI 506,No
Winter 2024,58841200,047901,WN 2024,SI,699,001,Regular,Lecture,MSI Mastery Courses,3.00,A,SI 699,No
Winter 2024,58841200,048421,WN 2024,ENTR,560,001,Regular,Lecture,Proj Mgmt Consulting,3.00,A,ENTR 560,Yes
Winter 2024,58841200,048488,FA 2023,SI,559,003,Regular,Lecture,AR/VR Intro,3.00,A,SI 559,No
Winter 2024,59253647,021400,FA 2022,SI,520,001,Regular,Lecture,Graphic Design,3.00,NR,SI 520,No
Winter 2024,59253647,021400,WN 2023,SI,520,004,Regular,Laboratory,Graphic Design,3.00,C,SI 520,No
Winter 2024,59253647,022326,WN 2023,SI,581,001,Regular,Lecture,Pres Info Resources,3.00,B,SI 581,No
Winter 2024,59253647,042104,FA 2022,SI,501,001,Regular,Lecture,Contextual Inq,3.00,B-,SI 501,No
Winter 2024,59253647,045687,FA 2023,SI,538,001,Regular,Seminar,Citizen Inter Design,4.00,A,SI 538,No
Winter 2024,59253647,045771,FA 2023,SI,684,001,Regular,Seminar,Design ConsHlth Tech,3.00,A+,SI 684,No
Winter 2024,59253647,046306,FA 2023,SI,616,001,Regular,Lecture,Adv Graphic Design,3.00,B,SI 616,No
Winter 2024,59253647,047901,FA 2023,SI,699,001,Regular,Lecture,MSI Mastery Courses,3.00,A+,SI 699,No
Winter 2024,59253647,048831,FA 2022,SI,547,001,Regular,Seminar,Engage w/Communities,3.00,C+,SI 547,No
Winter 2024,59253647,050028,FA 2022,SI,583,001,Regular,Lecture,Info Accountability,3.00,B+,SI 583,No
Winter 2024,59253647,050162,WN 2023,SI,510,001,Regular,Lecture,Information Ethics,3.00,B+,SI 510,No
Winter 2024,59410149,009731,FA 2022,SI,580,001,Regular,Lecture,Records & Archives,3.00,A,SI 580,No
Winter 2024,59410149,021045,FA 2022,SI,666,001,Regular,Lecture,Org of Inf Resources,3.00,A,SI 666,No
Winter 2024,59410149,038659,FA 2023,SI,519,001,Regular,Seminar,Intel Prop&Info Law,3.00,A+,SI 519,No
Winter 2024,59410149,039979,WN 2023,SI,623,001,Regular,Seminar,Res Meth Info Prof,3.00,A+,SI 623,No
Winter 2024,59410149,040667,WN 2023,SI,681,001,Regular,Seminar,Intern/Field Seminar,6.00,S,SI 681,No
Winter 2024,59410149,042104,FA 2022,SI,501,002,Regular,Lecture,Contextual Inq,3.00,A+,SI 501,No
Winter 2024,59410149,045393,WN 2024,SI,552,001,Regular,Lecture,Accessibility Intro,3.00,B+,SI 552,No
Winter 2024,59410149,047246,FA 2022,SI,506,001,Regular,Lecture,Programming I,3.00,A,SI 506,No
Winter 2024,59410149,047901,WN 2024,SI,699,028,Regular,Lecture,MSI Mastery Courses,3.00,A-,SI 699,No
Winter 2024,59410149,048280,WN 2023,SI,667,001,Regular,Lecture,Digital Curation,3.00,A,SI 667,No
Winter 2024,59410149,050028,FA 2023,SI,583,001,Regular,Lecture,Info Accountability,3.00,B+,SI 583,No
Winter 2024,59410149,050162,WN 2024,SI,510,001,Regular,Lecture,Information Ethics,3.00,A+,SI 510,No
Winter 2024,59410149,050163,FA 2023,SI,633,001,Regular,Lecture,Assesmnt Cultrl Inst,3.00,A,SI 633,No
Winter 2024,59410149,050165,WN 2023,SI,585,001,Regular,Lecture,Scholarly Comm,3.00,A,SI 585,No
Winter 2024,59410149,051074,WN 2023,SI,626,001,Regular,Lecture,Manage NonProf Lib,3.00,A,SI 626,No
Winter 2024,60088541,017281,FA 2022,SI,588,002,Regular,Lecture,Fundamntls Hum Beh,3.00,A,SI 588,No
Winter 2024,60088541,020401,WN 2023,SI,622,002,Regular,Lecture,Usab Eval & Needs,4.00,A,SI 622,No
Winter 2024,60088541,039178,WN 2023,SI,539,001,Regular,Lecture,Web Design,3.00,A,SI 539,No
Winter 2024,60088541,041855,FA 2023,SI,631,001,Regular,Lecture,Agile Softwar Dev,1.50,A+,SI 631,No
Winter 2024,60088541,042104,FA 2022,SI,501,001,Regular,Lecture,Contextual Inq,3.00,A,SI 501,No
Winter 2024,60088541,043863,FA 2023,SI,612,002,Regular,Lecture,Pervasv Interact Des,3.00,A+,SI 612,No
Winter 2024,60088541,044772,FA 2022,SI,582,003,Regular,Lecture,Intro Interac Design,3.00,A-,SI 582,No
Winter 2024,60088541,044798,WN 2024,ENTR,599,311,Regular,Lecture,Spec Topics Entr,2.00,A,ENTR 599,Yes
Winter 2024,60088541,044800,WN 2024,ENTR,390,005,Regular,Lecture,Spec Topics Entr,3.00,A,ENTR 390,Yes
Winter 2024,60088541,045393,WN 2024,SI,552,001,Regular,Lecture,Accessibility Intro,3.00,A,SI 552,No
Winter 2024,60088541,045732,WN 2023,SI,554,001,Regular,Lecture,Consumer Hlth Inform,3.00,A,SI 554,No
Winter 2024,60088541,045771,FA 2023,SI,684,001,Regular,Seminar,Design ConsHlth Tech,3.00,A,SI 684,No
Winter 2024,60088541,047246,FA 2022,SI,506,001,Regular,Lecture,Programming I,3.00,B,SI 506,No
Winter 2024,60088541,047901,WN 2024,SI,699,003,Regular,Lecture,MSI Mastery Courses,3.00,A-,SI 699,No
Winter 2024,60088541,048129,WN 2023,SI,505,001,First 7 Wk,Lecture,Career/Intern Studio,1.00,S,SI 505,No
Winter 2024,60088541,048487,FA 2023,SI,669,001,Regular,Lecture,Dev Mobile Exp,3.00,A,SI 669,No
Winter 2024,60088541,050159,WN 2023,SI,579,001,Regular,Lecture,Bldg Interactive App,3.00,B,SI 579,No
Winter 2024,60088541,050164,FA 2022,SI,504,001,Regular,Lecture,"Servers, Shell,&Git",1.50,A-,SI 504,No
Winter 2024,60088541,051454,WN 2024,SI,594,001,Regular,Lecture,Auto UX,3.00,A,SI 594,No
Winter 2024,60223293,017281,FA 2022,SI,588,002,Regular,Lecture,Fundamntls Hum Beh,3.00,A,SI 588,No
Winter 2024,60223293,019903,FA 2023,TO,548,001,Regular,Recitation,Integ Pro Dev,3.00,A-,TO 548,Yes
Winter 2024,60223293,020379,FA 2023,IOE,548,001,Regular,Lecture,Int Prod Dev,3.00,A,IOE 548,Yes
Winter 2024,60223293,020401,WN 2023,SI,622,001,Regular,Lecture,Usab Eval & Needs,4.00,A,SI 622,No
Winter 2024,60223293,021400,FA 2022,SI,520,001,Regular,Lecture,Graphic Design,3.00,A,SI 520,No
Winter 2024,60223293,022099,WN 2023,SI,658,001,Regular,Lecture,Info Architecture,3.00,A,SI 658,No
Winter 2024,60223293,040667,WN 2023,SI,681,001,Regular,Seminar,Intern/Field Seminar,6.00,S,SI 681,No
Winter 2024,60223293,042104,FA 2022,SI,501,001,Regular,Lecture,Contextual Inq,3.00,A+,SI 501,No
Winter 2024,60223293,043863,WN 2023,SI,612,001,Regular,Lecture,Pervasv Interact Des,3.00,A-,SI 612,No
Winter 2024,60223293,044772,FA 2022,SI,582,005,Regular,Lecture,Intro Interac Design,3.00,A+,SI 582,No
Winter 2024,60223293,045771,FA 2023,SI,684,001,Regular,Seminar,Design ConsHlth Tech,3.00,A,SI 684,No
Winter 2024,60223293,046306,WN 2023,SI,616,001,Regular,Lecture,Adv Graphic Design,3.00,A,SI 616,No
Winter 2024,60223293,047304,FA 2023,ENTR,550,001,Regular,Lecture,Interpersonal Skills,3.00,A,ENTR 550,Yes
Winter 2024,60223293,047901,WN 2024,SI,699,201,Regular,Lecture,MSI Mastery Courses,3.00,A-,SI 699,No
Winter 2024,60223293,048488,FA 2023,SI,559,003,Regular,Lecture,AR/VR Intro,3.00,A,SI 559,No
Winter 2024,60862390,001459,FA 2023,SI,690,440,Regular,Seminar,Intern/Field Exper,6.00,S,SI 690,No
Winter 2024,60862390,021391,WN 2024,SI,511,073,Regular,Lecture,Special Topics,3.00,A,SI 511,No
Winter 2024,60862390,021391,WN 2024,SI,511,151,Regular,Lecture,Special Topics,1.50,A+,SI 511,No
Winter 2024,60862390,043863,FA 2023,SI,612,001,Regular,Lecture,Pervasv Interact Des,3.00,A+,SI 612,No
Winter 2024,60862390,044798,WN 2024,ENTR,599,311,Regular,Lecture,Spec Topics Entr,2.00,A,ENTR 599,Yes
Winter 2024,60862390,045393,FA 2023,SI,552,001,Regular,Lecture,Accessibility Intro,3.00,A,SI 552,No
Winter 2024,60862390,045687,FA 2023,SI,538,001,Regular,Seminar,Citizen Inter Design,4.00,A,SI 538,No
Winter 2024,60862390,047901,WN 2024,SI,699,601,Regular,Lecture,MSI Mastery Courses,3.00,A+,SI 699,No
Winter 2024,60862390,048487,FA 2023,SI,669,001,Regular,Lecture,Dev Mobile Exp,3.00,A+,SI 669,No
Winter 2024,60862390,048488,FA 2023,SI,559,003,Regular,Lecture,AR/VR Intro,3.00,A,SI 559,No
Winter 2024,60862390,051454,WN 2024,SI,594,001,Regular,Lecture,Auto UX,3.00,A+,SI 594,No
Winter 2024,61073622,017281,FA 2022,SI,588,001,Regular,Lecture,Fundamntls Hum Beh,3.00,A+,SI 588,No
Winter 2024,61073622,020401,WN 2023,SI,622,002,Regular,Lecture,Usab Eval & Needs,4.00,A,SI 622,No
Winter 2024,61073622,020934,FA 2023,EECS,548,001,Regular,Lecture,Info Visualization,3.00,B,EECS 548,Yes
Winter 2024,61073622,022099,WN 2023,SI,658,001,Regular,Lecture,Info Architecture,3.00,A,SI 658,No
Winter 2024,61073622,039178,WN 2023,SI,539,001,Regular,Lecture,Web Design,3.00,A,SI 539,No
Winter 2024,61073622,040667,WN 2023,SI,681,001,Regular,Seminar,Intern/Field Seminar,6.00,S,SI 681,No
Winter 2024,61073622,042104,FA 2022,SI,501,002,Regular,Lecture,Contextual Inq,3.00,A,SI 501,No
Winter 2024,61073622,043210,FA 2022,SI,534,001,Regular,Lecture,Theories Soc Influen,3.00,A,SI 534,No
Winter 2024,61073622,043863,WN 2023,SI,612,002,Regular,Lecture,Pervasv Interact Des,3.00,A-,SI 612,No
Winter 2024,61073622,044772,FA 2022,SI,582,005,Regular,Lecture,Intro Interac Design,3.00,A+,SI 582,No
Winter 2024,61073622,045393,FA 2023,SI,552,001,Regular,Lecture,Accessibility Intro,3.00,B-,SI 552,No
Winter 2024,61073622,047246,FA 2022,SI,506,001,Regular,Lecture,Programming I,3.00,A,SI 506,No
Winter 2024,61073622,047901,WN 2024,SI,699,301,Regular,Lecture,MSI Mastery Courses,3.00,A+,SI 699,No
Winter 2024,61073622,048488,FA 2023,SI,559,001,Regular,Lecture,AR/VR Intro,3.00,A,SI 559,No
Winter 2024,61073622,050159,FA 2023,SI,579,001,Regular,Lecture,Bldg Interactive App,3.00,A-,SI 579,No
Winter 2024,61073622,051454,WN 2024,SI,594,001,Regular,Lecture,Auto UX,3.00,A,SI 594,No
Winter 2024,61118772,001459,FA 2023,SI,690,460,Regular,Seminar,Intern/Field Exper,2.00,S,SI 690,No
Winter 2024,61118772,017281,FA 2022,SI,588,002,Regular,Lecture,Fundamntls Hum Beh,3.00,A,SI 588,No
Winter 2024,61118772,020401,WN 2023,SI,622,001,Regular,Lecture,Usab Eval & Needs,4.00,A,SI 622,No
Winter 2024,61118772,020934,WN 2023,SI,649,002,Regular,Lecture,Info Visualization,3.00,A,SI 649,No
Winter 2024,61118772,021400,WN 2023,SI,520,002,Regular,Laboratory,Graphic Design,3.00,A,SI 520,No
Winter 2024,61118772,039178,FA 2022,SI,539,001,Regular,Lecture,Web Design,3.00,B+,SI 539,No
Winter 2024,61118772,040667,WN 2023,SI,681,001,Regular,Seminar,Intern/Field Seminar,6.00,S,SI 681,No
Winter 2024,61118772,041626,WN 2023,SI,664,001,Regular,Lecture,Database App Design,3.00,A,SI 664,No
Winter 2024,61118772,042104,FA 2022,SI,501,001,Regular,Lecture,Contextual Inq,3.00,A,SI 501,No
Winter 2024,61118772,044772,FA 2022,SI,582,001,Regular,Lecture,Intro Interac Design,3.00,A,SI 582,No
Winter 2024,61118772,045771,FA 2023,SI,684,001,Regular,Seminar,Design ConsHlth Tech,3.00,A,SI 684,No
Winter 2024,61118772,047304,FA 2023,ENTR,550,001,Regular,Lecture,Interpersonal Skills,3.00,A-,ENTR 550,Yes
Winter 2024,61118772,047640,FA 2022,SI,507,001,Regular,Lecture,Inter Programming,3.00,A,SI 507,No
Winter 2024,61118772,047901,WN 2024,SI,699,201,Regular,Lecture,MSI Mastery Courses,3.00,A-,SI 699,No
Winter 2024,61118772,048488,FA 2023,SI,559,003,Regular,Lecture,AR/VR Intro,3.00,A,SI 559,No
Winter 2024,61488051,009732,FA 2023,SI,650,001,Regular,Lecture,Informatn Retrieval,3.00,W,SI 650,No
Winter 2024,61488051,012198,FA 2023,EECS,595,001,Regular,Lecture,Nat Lang Proc,3.00,A-,EECS 595,Yes
Winter 2024,61488051,013075,WN 2023,EAS,701,432,Regular,Laboratory,Masters Project,2.00,A,EAS 701,Yes
Winter 2024,61488051,016607,FA 2023,SI,544,001,Regular,Lecture,Intr Stat&Data Analy,3.00,A+,SI 544,No
Winter 2024,61488051,020934,FA 2023,SI,649,001,Regular,Lecture,Info Visualization,3.00,A-,SI 649,No
Winter 2024,61488051,041626,WN 2023,SI,664,001,Regular,Lecture,Database App Design,3.00,A,SI 664,No
Winter 2024,61488051,047901,WN 2024,SI,699,205,Regular,Lecture,MSI Mastery Courses,3.00,A,SI 699,No
Winter 2024,61488051,048268,WN 2023,SI,630,001,Regular,Lecture,NLP Algorithm People,3.00,A+,SI 630,No
Winter 2024,61488051,049601,FA 2023,SI,564,001,Regular,Lecture,SQL & Databases,1.50,A,SI 564,No
Winter 2024,61488051,050164,FA 2023,SI,504,001,Regular,Lecture,"Servers, Shell,&Git",1.50,A,SI 504,No
Winter 2024,61488051,050663,WN 2023,SI,568,001,Regular,Lecture,Intro Appld Data Sci,3.00,A+,SI 568,No
Winter 2024,61488051,050983,WN 2023,SI,602,001,Regular,Lecture,Math for ApplDataSci,3.00,A,SI 602,No
Winter 2024,61914612,009731,FA 2022,SI,580,001,Regular,Lecture,Records & Archives,3.00,A,SI 580,No
Winter 2024,61914612,021045,FA 2022,SI,666,001,Regular,Lecture,Org of Inf Resources,3.00,A,SI 666,No
Winter 2024,61914612,022326,WN 2023,SI,581,001,Regular,Lecture,Pres Info Resources,3.00,A-,SI 581,No
Winter 2024,61914612,038659,FA 2023,SI,519,001,Regular,Seminar,Intel Prop&Info Law,3.00,A,SI 519,No
Winter 2024,61914612,038948,FA 2023,SI,632,001,Regular,Lecture,Appraisal & Coll Dev,3.00,A+,SI 632,No
Winter 2024,61914612,039979,WN 2023,SI,623,001,Regular,Seminar,Res Meth Info Prof,3.00,A,SI 623,No
Winter 2024,61914612,040667,WN 2023,SI,681,001,Regular,Seminar,Intern/Field Seminar,6.00,S,SI 681,No
Winter 2024,61914612,042104,FA 2022,SI,501,001,Regular,Lecture,Contextual Inq,3.00,A+,SI 501,No
Winter 2024,61914612,042324,WN 2023,SI,639,001,Scnd 7 Wk,Lecture,Web Archiving,1.50,A+,SI 639,No
Winter 2024,61914612,047246,FA 2022,SI,506,001,Regular,Lecture,Programming I,3.00,A,SI 506,No
Winter 2024,61914612,047901,WN 2024,SI,699,006,Regular,Lecture,MSI Mastery Courses,3.00,A-,SI 699,No
Winter 2024,61914612,048280,WN 2023,SI,667,001,Regular,Lecture,Digital Curation,3.00,A+,SI 667,No
Winter 2024,61914612,049601,WN 2024,SI,564,001,Regular,Lecture,SQL & Databases,1.50,A,SI 564,No
Winter 2024,61914612,050161,FA 2023,SI,676,001,Regular,Lecture,Network Info Servcs,3.00,A,SI 676,No
Winter 2024,61914612,050162,WN 2024,SI,510,001,Regular,Lecture,Information Ethics,3.00,A+,SI 510,No
Winter 2024,61914612,050163,FA 2023,SI,633,001,Regular,Lecture,Assesmnt Cultrl Inst,3.00,A+,SI 633,No
Winter 2024,61914612,050164,WN 2023,SI,504,001,Regular,Lecture,"Servers, Shell,&Git",1.50,A-,SI 504,No
Winter 2024,62188935,001459,FA 2023,SI,690,460,Regular,Seminar,Intern/Field Exper,2.00,S,SI 690,No
Winter 2024,62188935,017281,FA 2023,SI,588,001,Regular,Lecture,Fundamntls Hum Beh,3.00,A,SI 588,No
Winter 2024,62188935,020401,WN 2023,SI,622,001,Regular,Lecture,Usab Eval & Needs,4.00,A,SI 622,No
Winter 2024,62188935,022099,WN 2023,SI,658,001,Regular,Lecture,Info Architecture,3.00,A,SI 658,No
Winter 2024,62188935,039178,FA 2022,SI,539,001,Regular,Lecture,Web Design,3.00,B+,SI 539,No
Winter 2024,62188935,040667,WN 2023,SI,681,001,Regular,Seminar,Intern/Field Seminar,6.00,S,SI 681,No
Winter 2024,62188935,041626,WN 2023,SI,664,001,Regular,Lecture,Database App Design,3.00,A,SI 664,No
Winter 2024,62188935,041957,WN 2023,ENGR,599,220,Regular,Laboratory,Spec Topics Engr,2.00,A,ENGR 599,Yes
Winter 2024,62188935,041957,FA 2023,ENGR,599,220,Regular,Laboratory,Spec Topics Engr,2.00,A,ENGR 599,Yes
Winter 2024,62188935,042104,FA 2022,SI,501,001,Regular,Lecture,Contextual Inq,3.00,A,SI 501,No
Winter 2024,62188935,043863,WN 2023,SI,612,001,Regular,Lecture,Pervasv Interact Des,3.00,A-,SI 612,No
Winter 2024,62188935,044772,FA 2022,SI,582,005,Regular,Lecture,Intro Interac Design,3.00,A+,SI 582,No
Winter 2024,62188935,047246,FA 2022,SI,506,001,Regular,Lecture,Programming I,3.00,A,SI 506,No
Winter 2024,62188935,047640,FA 2023,SI,507,001,Regular,Lecture,Inter Programming,3.00,A,SI 507,No
Winter 2024,62188935,047901,WN 2024,SI,699,003,Regular,Lecture,MSI Mastery Courses,3.00,A,SI 699,No
Winter 2024,62188935,049601,WN 2023,SI,564,001,Regular,Lecture,SQL & Databases,1.50,A-,SI 564,No
Winter 2024,62188935,050159,FA 2023,SI,579,001,Regular,Lecture,Bldg Interactive App,3.00,A,SI 579,No
Winter 2024,62208217,006306,FA 2023,STATS,500,002,Regular,Lecture,Stat Learn I:Regress,3.00,A-,STATS 500,Yes
Winter 2024,62208217,006578,WN 2024,GUITAR,111,002,Regular,Recitation,Intermediate Guitar,2.00,W,GUITAR 111,Yes
Winter 2024,62208217,009732,FA 2022,SI,650,001,Regular,Lecture,Informatn Retrieval,3.00,A+,SI 650,No
Winter 2024,62208217,020934,WN 2023,SI,649,002,Regular,Lecture,Info Visualization,3.00,A-,SI 649,No
Winter 2024,62208217,021629,FA 2023,MKT,608,001,Regular,Recitation,Pricing Analy&Strat,3.00,A-,MKT 608,Yes
Winter 2024,62208217,040667,WN 2023,SI,681,001,Regular,Seminar,Intern/Field Seminar,5.00,S,SI 681,No
Winter 2024,62208217,041626,WN 2023,SI,664,001,Regular,Lecture,Database App Design,3.00,A,SI 664,No
Winter 2024,62208217,042091,FA 2022,SI,618,001,Regular,Lecture,Data Man & Analysis,3.00,A,SI 618,No
Winter 2024,62208217,042104,FA 2022,SI,501,001,Regular,Lecture,Contextual Inq,3.00,A,SI 501,No
Winter 2024,62208217,045930,FA 2023,SI,671,001,Regular,Lecture,Data Mining,3.00,A,SI 671,No
Winter 2024,62208217,047640,FA 2022,SI,507,001,Regular,Lecture,Inter Programming,3.00,A,SI 507,No
Winter 2024,62208217,047901,WN 2024,SI,699,305,Regular,Lecture,MSI Mastery Courses,3.00,A-,SI 699,No
Winter 2024,62208217,048500,FA 2023,SI,670,001,Regular,Lecture,Appld Machine Learng,3.00,B+,SI 670,No
Winter 2024,62208217,049112,WN 2024,PAT,500,001,Regular,Lecture,Intro Elec Mus Prod,3.00,A,PAT 500,Yes
Winter 2024,62208217,049601,WN 2023,SI,564,001,Regular,Lecture,SQL & Databases,1.50,A,SI 564,No
Winter 2024,62208217,050663,WN 2023,SI,568,001,Regular,Lecture,Intro Appld Data Sci,3.00,A+,SI 568,No
Winter 2024,62208217,050983,WN 2023,SI,602,001,Regular,Lecture,Math for ApplDataSci,3.00,A,SI 602,No
Winter 2024,62208217,051183,FA 2023,GUITAR,110,003,Regular,Recitation,Intro to Guitar,2.00,A,GUITAR 110,Yes
Winter 2024,62257111,012772,WN 2024,SI,548,001,Regular,Seminar,Prin Soft Design,3.00,A,SI 548,No
Winter 2024,62257111,017281,FA 2022,SI,588,002,Regular,Lecture,Fundamntls Hum Beh,3.00,A,SI 588,No
Winter 2024,62257111,020401,WN 2024,SI,622,002,Regular,Lecture,Usab Eval & Needs,4.00,A,SI 622,No
Winter 2024,62257111,021391,WN 2024,SI,511,151,Regular,Lecture,Special Topics,1.50,A,SI 511,No
Winter 2024,62257111,021400,FA 2023,SI,520,001,Regular,Lecture,Graphic Design,3.00,A,SI 520,No
Winter 2024,62257111,022099,WN 2024,SI,658,001,Regular,Lecture,Info Architecture,3.00,A,SI 658,No
Winter 2024,62257111,039178,FA 2023,SI,539,001,Regular,Lecture,Web Design,3.00,A,SI 539,No
Winter 2024,62257111,040667,WN 2024,SI,681,001,Regular,Seminar,Intern/Field Seminar,6.00,S,SI 681,No
Winter 2024,62257111,042104,FA 2022,SI,501,002,Regular,Lecture,Contextual Inq,3.00,A,SI 501,No
Winter 2024,62257111,043863,FA 2023,SI,612,002,Regular,Lecture,Pervasv Interact Des,3.00,A+,SI 612,No
Winter 2024,62257111,044772,FA 2022,SI,582,002,Regular,Lecture,Intro Interac Design,3.00,A,SI 582,No
Winter 2024,62257111,045771,FA 2023,SI,684,001,Regular,Seminar,Design ConsHlth Tech,3.00,A,SI 684,No
Winter 2024,62257111,047246,FA 2022,SI,506,001,Regular,Lecture,Programming I,3.00,A,SI 506,No
Winter 2024,62257111,047901,WN 2024,SI,699,601,Regular,Lecture,MSI Mastery Courses,3.00,A+,SI 699,No
Winter 2024,62257111,048129,FA 2022,SI,505,001,Scnd 7 Wk,Lecture,Career/Intern Studio,1.00,S,SI 505,No
Winter 2024,62257111,048131,FA 2023,BA,656,001,Regular,Laboratory,LBLE,3.00,A,BA 656,Yes
Winter 2024,62302118,009732,FA 2022,SI,650,001,Regular,Lecture,Informatn Retrieval,3.00,A,SI 650,No
Winter 2024,62302118,020934,FA 2023,SI,649,001,Regular,Lecture,Info Visualization,3.00,W,SI 649,No
Winter 2024,62302118,039178,WN 2024,SI,539,001,Regular,Lecture,Web Design,3.00,A,SI 539,No
Winter 2024,62302118,040601,WN 2023,BIOINF,545,001,Regular,Lecture,Mol Gen&Epigen Data,3.00,A+,BIOINF 545,Yes
Winter 2024,62302118,041626,FA 2023,SI,664,001,Regular,Lecture,Database App Design,3.00,A,SI 664,No
Winter 2024,62302118,041934,FA 2022,SI,608,001,Regular,Lecture,Networks,3.00,A,SI 608,No
Winter 2024,62302118,042091,FA 2022,SI,618,001,Regular,Lecture,Data Man & Analysis,3.00,A,SI 618,No
Winter 2024,62302118,042104,FA 2022,SI,501,001,Regular,Lecture,Contextual Inq,3.00,A,SI 501,No
Winter 2024,62302118,045930,FA 2023,SI,671,001,Regular,Lecture,Data Mining,3.00,A,SI 671,No
Winter 2024,62302118,047640,WN 2024,SI,507,001,Regular,Lecture,Inter Programming,3.00,A,SI 507,No
Winter 2024,62302118,047901,WN 2024,SI,699,005,Regular,Lecture,MSI Mastery Courses,3.00,A,SI 699,No
Winter 2024,62302118,048876,WN 2023,BIOINF,529,001,Regular,Lecture,BIOINF Cncpt & Alg,3.00,A+,BIOINF 529,Yes
Winter 2024,62302118,049601,FA 2022,SI,564,001,Regular,Lecture,SQL & Databases,1.50,A,SI 564,No
Winter 2024,62302118,050159,WN 2024,SI,579,001,Regular,Lecture,Bldg Interactive App,3.00,A,SI 579,No
Winter 2024,62302118,050164,WN 2024,SI,504,001,Regular,Lecture,"Servers, Shell,&Git",1.50,A,SI 504,No
Winter 2024,62302118,050364,FA 2023,BIOINF,593,001,Regular,Lecture,Mach Lrn Comp Bio,3.00,A+,BIOINF 593,Yes
Winter 2024,62302118,050663,WN 2023,SI,568,001,Regular,Lecture,Intro Appld Data Sci,3.00,A,SI 568,No
Winter 2024,62302118,050983,WN 2023,SI,602,001,Regular,Lecture,Math for ApplDataSci,3.00,A+,SI 602,No
Winter 2024,62321227,017281,FA 2022,SI,588,001,Regular,Lecture,Fundamntls Hum Beh,3.00,A,SI 588,No
Winter 2024,62321227,020401,WN 2023,SI,622,001,Regular,Lecture,Usab Eval & Needs,4.00,A,SI 622,No
Winter 2024,62321227,021391,WN 2024,SI,511,151,Regular,Lecture,Special Topics,1.50,A+,SI 511,No
Winter 2024,62321227,021400,WN 2023,SI,520,004,Regular,Laboratory,Graphic Design,3.00,A,SI 520,No
Winter 2024,62321227,039178,WN 2023,SI,539,001,Regular,Lecture,Web Design,3.00,A+,SI 539,No
Winter 2024,62321227,040667,WN 2023,SI,681,001,Regular,Seminar,Intern/Field Seminar,6.00,S,SI 681,No
Winter 2024,62321227,041855,FA 2023,SI,631,001,Regular,Lecture,Agile Softwar Dev,1.50,A+,SI 631,No
Winter 2024,62321227,042104,FA 2022,SI,501,002,Regular,Lecture,Contextual Inq,3.00,A+,SI 501,No
Winter 2024,62321227,043210,FA 2023,SI,534,001,Regular,Lecture,Theories Soc Influen,3.00,A+,SI 534,No
Winter 2024,62321227,043863,FA 2023,SI,612,002,Regular,Lecture,Pervasv Interact Des,3.00,A+,SI 612,No
Winter 2024,62321227,044772,FA 2022,SI,582,001,Regular,Lecture,Intro Interac Design,3.00,A+,SI 582,No
Winter 2024,62321227,044798,FA 2023,ENTR,599,021,Regular,Lecture,Spec Topics Entr,3.00,A,ENTR 599,Yes
Winter 2024,62321227,046306,FA 2023,SI,616,001,Regular,Lecture,Adv Graphic Design,3.00,A,SI 616,No
Winter 2024,62321227,047228,WN 2024,ENTR,500,002,Regular,Lecture,Intro to Innovation,3.00,A+,ENTR 500,Yes
Winter 2024,62321227,047246,FA 2022,SI,506,001,Regular,Lecture,Programming I,3.00,A,SI 506,No
Winter 2024,62321227,047901,WN 2024,SI,699,601,Regular,Lecture,MSI Mastery Courses,3.00,A+,SI 699,No
Winter 2024,62321227,048129,FA 2022,SI,505,001,Scnd 7 Wk,Lecture,Career/Intern Studio,1.00,S,SI 505,No
Winter 2024,62321227,048421,WN 2024,ENTR,560,002,Regular,Lecture,Proj Mgmt Consulting,3.00,A+,ENTR 560,Yes
Winter 2024,62321227,050650,WN 2023,EDUC,618,001,Regular,Seminar,XR for Learning,1.00,A,EDUC 618,Yes
Winter 2024,63066892,017281,FA 2022,SI,588,002,Regular,Lecture,Fundamntls Hum Beh,3.00,A+,SI 588,No
Winter 2024,63066892,019903,FA 2023,TO,548,001,Regular,Recitation,Integ Pro Dev,3.00,A,TO 548,Yes
Winter 2024,63066892,020379,FA 2023,IOE,548,001,Regular,Lecture,Int Prod Dev,3.00,A,IOE 548,Yes
Winter 2024,63066892,020401,WN 2023,SI,622,002,Regular,Lecture,Usab Eval & Needs,4.00,A,SI 622,No
Winter 2024,63066892,021400,FA 2022,SI,520,002,Regular,Lecture,Graphic Design,3.00,A-,SI 520,No
Winter 2024,63066892,039081,WN 2023,SI,529,001,Regular,Lecture,Online Communities,3.00,A,SI 529,No
Winter 2024,63066892,039178,FA 2022,SI,539,001,Regular,Lecture,Web Design,3.00,A-,SI 539,No
Winter 2024,63066892,042104,FA 2022,SI,501,002,Regular,Lecture,Contextual Inq,3.00,A,SI 501,No
Winter 2024,63066892,043863,WN 2023,SI,612,001,Regular,Lecture,Pervasv Interact Des,3.00,A-,SI 612,No
Winter 2024,63066892,044772,FA 2022,SI,582,003,Regular,Lecture,Intro Interac Design,3.00,A,SI 582,No
Winter 2024,63066892,045687,FA 2023,SI,538,001,Regular,Seminar,Citizen Inter Design,4.00,A,SI 538,No
Winter 2024,63066892,047901,FA 2023,SI,699,001,Regular,Lecture,MSI Mastery Courses,3.00,A,SI 699,No
Winter 2024,63066892,048129,FA 2022,SI,505,001,Scnd 7 Wk,Lecture,Career/Intern Studio,1.00,S,SI 505,No
Winter 2024,63066892,048488,FA 2023,SI,559,001,Regular,Lecture,AR/VR Intro,3.00,A+,SI 559,No
Winter 2024,63066892,049999,WN 2023,EAS,620,001,Regular,Seminar,AR/VR for Sustainab,2.00,A,EAS 620,Yes
Winter 2024,63066892,050136,WN 2023,UARTS,560,119,Regular,Laboratory,Grad ArtsEng Proj,2.00,A-,UARTS 560,Yes
Winter 2024,63066892,050136,FA 2023,UARTS,560,119,Regular,Laboratory,Grad ArtsEng Proj,2.00,A-,UARTS 560,Yes
Winter 2024,63066892,050650,WN 2023,EDUC,618,001,Regular,Seminar,XR for Learning,1.00,A,EDUC 618,Yes
Winter 2024,63066892,051454,WN 2024,SI,594,001,Regular,Lecture,Auto UX,3.00,A+,SI 594,No
Winter 2024,63152964,001459,FA 2023,SI,690,460,Regular,Seminar,Intern/Field Exper,3.00,S,SI 690,No
Winter 2024,63152964,017281,FA 2022,SI,588,002,Regular,Lecture,Fundamntls Hum Beh,3.00,A,SI 588,No
Winter 2024,63152964,020401,WN 2023,SI,622,001,Regular,Lecture,Usab Eval & Needs,4.00,A,SI 622,No
Winter 2024,63152964,021400,FA 2022,SI,520,002,Regular,Lecture,Graphic Design,3.00,A,SI 520,No
Winter 2024,63152964,039178,FA 2022,SI,539,001,Regular,Lecture,Web Design,3.00,A+,SI 539,No
Winter 2024,63152964,040667,WN 2023,SI,681,001,Regular,Seminar,Intern/Field Seminar,5.00,S,SI 681,No
Winter 2024,63152964,042104,FA 2022,SI,501,001,Regular,Lecture,Contextual Inq,3.00,A+,SI 501,No
Winter 2024,63152964,043863,FA 2023,SI,612,001,Regular,Lecture,Pervasv Interact Des,3.00,A,SI 612,No
Winter 2024,63152964,044772,FA 2022,SI,582,003,Regular,Lecture,Intro Interac Design,3.00,A,SI 582,No
Winter 2024,63152964,045687,WN 2023,SI,538,001,Regular,Seminar,Citizen Inter Design,4.00,A,SI 538,No
Winter 2024,63152964,045771,FA 2023,SI,684,001,Regular,Seminar,Design ConsHlth Tech,3.00,A+,SI 684,No
Winter 2024,63152964,046386,FA 2023,SI,311,150,Regular,Lecture,Spec Topics in Info,3.00,A,SI 311,No
Winter 2024,63152964,047901,WN 2024,SI,699,201,Regular,Lecture,MSI Mastery Courses,3.00,A,SI 699,No
Winter 2024,63152964,048129,WN 2023,SI,505,001,First 7 Wk,Lecture,Career/Intern Studio,1.00,S,SI 505,No
Winter 2024,63152964,048488,FA 2023,SI,559,002,Regular,Lecture,AR/VR Intro,3.00,A,SI 559,No
Winter 2024,63152964,050159,WN 2023,SI,579,001,Regular,Lecture,Bldg Interactive App,3.00,A,SI 579,No
Winter 2024,63152964,050164,WN 2023,SI,504,001,Regular,Lecture,"Servers, Shell,&Git",1.50,A,SI 504,No
Winter 2024,63529052,001459,FA 2023,SI,690,440,Regular,Seminar,Intern/Field Exper,6.00,S,SI 690,No
Winter 2024,63529052,001459,FA 2023,SI,690,460,Regular,Seminar,Intern/Field Exper,3.00,S,SI 690,No
Winter 2024,63529052,039081,FA 2023,SI,529,001,Regular,Lecture,Online Communities,3.00,A+,SI 529,No
Winter 2024,63529052,042104,FA 2023,SI,501,001,Regular,Lecture,Contextual Inq,3.00,A,SI 501,No
Winter 2024,63529052,045393,WN 2024,SI,552,001,Regular,Lecture,Accessibility Intro,3.00,A,SI 552,No
Winter 2024,63529052,047901,WN 2024,SI,699,601,Regular,Lecture,MSI Mastery Courses,3.00,A+,SI 699,No
Winter 2024,63529052,048488,FA 2023,SI,559,003,Regular,Lecture,AR/VR Intro,3.00,A-,SI 559,No
Winter 2024,63529052,048877,WN 2024,SI,610,003,Regular,Seminar,Dig Studies Seminar,3.00,A,SI 610,No
Winter 2024,64018543,001459,FA 2023,SI,690,460,Regular,Seminar,Intern/Field Exper,6.00,S,SI 690,No
Winter 2024,64018543,009732,FA 2021,SI,650,001,Regular,Lecture,Informatn Retrieval,3.00,B+,SI 650,No
Winter 2024,64018543,038659,FA 2022,SI,519,001,Regular,Seminar,Intel Prop&Info Law,3.00,A,SI 519,No
Winter 2024,64018543,039979,WN 2022,SI,623,001,Regular,Seminar,Res Meth Info Prof,3.00,A,SI 623,No
Winter 2024,64018543,041985,FA 2023,SI,542,001,Regular,Lecture,Intro Health Infor,3.00,A,SI 542,No
Winter 2024,64018543,042091,FA 2021,SI,618,001,Regular,Lecture,Data Man & Analysis,3.00,A,SI 618,No
Winter 2024,64018543,042104,FA 2021,SI,501,001,Regular,Lecture,Contextual Inq,3.00,A,SI 501,No
Winter 2024,64018543,045930,FA 2022,SI,671,001,Regular,Lecture,Data Mining,3.00,A-,SI 671,No
Winter 2024,64018543,048268,WN 2022,SI,630,001,Regular,Lecture,NLP Algorithm People,3.00,A-,SI 630,No
Winter 2024,64018543,048500,FA 2022,SI,670,001,Regular,Lecture,Appld Machine Learng,3.00,B+,SI 670,No
Winter 2024,64018543,049040,WN 2023,SI,698,079,Regular,Seminar,Master's Thesis 2,3.00,I,SI 698,No
Winter 2024,64018543,049040,FA 2024,SI,698,079,Regular,Ind Study,Master's Thesis 2,3.00,A,SI 698,No
Winter 2024,64018543,049365,FA 2022,SI,697,079,Regular,Ind Study,Master's Thesis 1,3.00,S,SI 697,No
Winter 2024,64018543,049601,FA 2021,SI,564,001,Regular,Lecture,SQL & Databases,1.50,A,SI 564,No
Winter 2024,64018543,050162,WN 2022,SI,510,001,Regular,Lecture,Information Ethics,3.00,A,SI 510,No
Winter 2024,64018543,050164,FA 2021,SI,504,001,Regular,Lecture,"Servers, Shell,&Git",1.50,A,SI 504,No
Winter 2024,64018543,050663,WN 2022,SI,568,001,Regular,Lecture,Intro Appld Data Sci,3.00,A,SI 568,No
Winter 2024,64335011,001459,FA 2023,SI,690,460,Regular,Seminar,Intern/Field Exper,3.00,S,SI 690,No
Winter 2024,64335011,016607,FA 2022,SI,544,001,Regular,Lecture,Intr Stat&Data Analy,3.00,A+,SI 544,No
Winter 2024,64335011,017281,FA 2023,SI,588,001,Regular,Lecture,Fundamntls Hum Beh,3.00,A,SI 588,No
Winter 2024,64335011,020401,WN 2023,SI,622,002,Regular,Lecture,Usab Eval & Needs,4.00,A,SI 622,No
Winter 2024,64335011,039178,FA 2022,SI,539,001,Regular,Lecture,Web Design,3.00,A,SI 539,No
Winter 2024,64335011,040667,WN 2023,SI,681,001,Regular,Seminar,Intern/Field Seminar,3.00,S,SI 681,No
Winter 2024,64335011,041626,WN 2023,SI,664,001,Regular,Lecture,Database App Design,3.00,A,SI 664,No
Winter 2024,64335011,042104,FA 2022,SI,501,002,Regular,Lecture,Contextual Inq,3.00,A,SI 501,No
Winter 2024,64335011,043396,WN 2023,EECS,402,001,Regular,Lecture,Prog for Sci&Eng,4.00,A-,EECS 402,Yes
Winter 2024,64335011,044772,FA 2022,SI,582,005,Regular,Lecture,Intro Interac Design,3.00,A+,SI 582,No
Winter 2024,64335011,047640,FA 2022,SI,507,001,Regular,Lecture,Inter Programming,3.00,A,SI 507,No
Winter 2024,64335011,047901,WN 2024,SI,699,203,Regular,Lecture,MSI Mastery Courses,3.00,A,SI 699,No
Winter 2024,64335011,048129,WN 2023,SI,505,001,First 7 Wk,Lecture,Career/Intern Studio,1.00,S,SI 505,No
Winter 2024,64335011,048487,FA 2023,SI,669,001,Regular,Lecture,Dev Mobile Exp,3.00,A,SI 669,No
Winter 2024,64335011,049601,WN 2024,SI,564,001,Regular,Lecture,SQL & Databases,1.50,A-,SI 564,No
Winter 2024,64335011,050159,WN 2023,SI,579,001,Regular,Lecture,Bldg Interactive App,3.00,A,SI 579,No
Winter 2024,64335011,050164,FA 2022,SI,504,001,Regular,Lecture,"Servers, Shell,&Git",1.50,A,SI 504,No
Winter 2024,64400569,003736,FA 2023,MKT,625,002,Scnd 7 Wk,Recitation,New Prod Innov Mngmt,2.25,B,MKT 625,Yes
Winter 2024,64400569,012456,FA 2023,SI,549,001,Regular,Seminar,Trfrm Lrng Tchg Tech,3.00,I,SI 549,No
Winter 2024,64400569,017281,FA 2022,SI,588,002,Regular,Lecture,Fundamntls Hum Beh,3.00,A,SI 588,No
Winter 2024,64400569,020401,WN 2023,SI,622,002,Regular,Lecture,Usab Eval & Needs,4.00,A,SI 622,No
Winter 2024,64400569,021391,WN 2024,SI,511,151,Regular,Lecture,Special Topics,1.50,B,SI 511,No
Winter 2024,64400569,022099,WN 2023,SI,658,001,Regular,Lecture,Info Architecture,3.00,A,SI 658,No
Winter 2024,64400569,039178,WN 2024,SI,539,001,Regular,Lecture,Web Design,3.00,B,SI 539,No
Winter 2024,64400569,042104,FA 2022,SI,501,002,Regular,Lecture,Contextual Inq,3.00,A,SI 501,No
Winter 2024,64400569,043863,FA 2023,SI,612,002,Regular,Lecture,Pervasv Interact Des,3.00,A+,SI 612,No
Winter 2024,64400569,044772,FA 2022,SI,582,003,Regular,Lecture,Intro Interac Design,3.00,A+,SI 582,No
Winter 2024,64400569,045393,WN 2024,SI,552,001,Regular,Lecture,Accessibility Intro,3.00,A,SI 552,No
Winter 2024,64400569,045687,FA 2023,SI,538,001,Regular,Seminar,Citizen Inter Design,4.00,A,SI 538,No
Winter 2024,64400569,045771,FA 2023,SI,684,001,Regular,Seminar,Design ConsHlth Tech,3.00,W,SI 684,No
Winter 2024,64400569,046306,WN 2023,SI,616,001,Regular,Lecture,Adv Graphic Design,3.00,A-,SI 616,No
Winter 2024,64400569,047228,WN 2023,ENTR,500,003,Regular,Lecture,Intro to Innovation,3.00,A-,ENTR 500,Yes
Winter 2024,64400569,047246,FA 2022,SI,506,001,Regular,Lecture,Programming I,3.00,W,SI 506,No
Winter 2024,64400569,047901,WN 2024,SI,699,501,Regular,Lecture,MSI Mastery Courses,3.00,A-,SI 699,No
Winter 2024,64400569,048129,FA 2022,SI,505,001,Scnd 7 Wk,Lecture,Career/Intern Studio,1.00,S,SI 505,No
Winter 2024,64400569,048421,WN 2024,ENTR,560,002,Regular,Lecture,Proj Mgmt Consulting,3.00,A-,ENTR 560,Yes
Winter 2024,64400569,051454,WN 2024,SI,594,001,Regular,Lecture,Auto UX,3.00,A-,SI 594,No
Winter 2024,64414068,009732,FA 2023,SI,650,001,Regular,Lecture,Informatn Retrieval,3.00,B-,SI 650,No
Winter 2024,64414068,016607,FA 2022,SI,544,001,Regular,Lecture,Intr Stat&Data Analy,3.00,A,SI 544,No
Winter 2024,64414068,020934,WN 2024,SI,649,102,Regular,Lecture,Info Visualization,3.00,B+,SI 649,No
Winter 2024,64414068,022099,WN 2024,SI,658,001,Regular,Lecture,Info Architecture,3.00,A,SI 658,No
Winter 2024,64414068,041626,FA 2023,SI,664,001,Regular,Lecture,Database App Design,3.00,A,SI 664,No
Winter 2024,64414068,041934,FA 2023,SI,608,001,Regular,Lecture,Networks,3.00,A,SI 608,No
Winter 2024,64414068,042091,WN 2023,SI,618,001,Regular,Lecture,Data Man & Analysis,3.00,A+,SI 618,No
Winter 2024,64414068,042104,FA 2022,SI,501,002,Regular,Lecture,Contextual Inq,3.00,A,SI 501,No
Winter 2024,64414068,045930,FA 2023,SI,671,001,Regular,Lecture,Data Mining,3.00,B+,SI 671,No
Winter 2024,64414068,047246,FA 2022,SI,506,001,Regular,Lecture,Programming I,3.00,A,SI 506,No
Winter 2024,64414068,047640,FA 2022,SI,507,001,Regular,Lecture,Inter Programming,3.00,A,SI 507,No
Winter 2024,64414068,047901,WN 2024,SI,699,305,Regular,Lecture,MSI Mastery Courses,3.00,A-,SI 699,No
Winter 2024,64414068,048141,WN 2024,STATS,513,001,Regular,Lecture,Regress&Data Analys,3.00,B+,STATS 513,Yes
Winter 2024,64414068,049601,WN 2023,SI,564,001,Regular,Lecture,SQL & Databases,1.50,A,SI 564,No
Winter 2024,64414068,050164,FA 2022,SI,504,001,Regular,Lecture,"Servers, Shell,&Git",1.50,A+,SI 504,No
Winter 2024,64414068,050663,WN 2023,SI,568,001,Regular,Lecture,Intro Appld Data Sci,3.00,A+,SI 568,No
Winter 2024,64414068,050983,WN 2023,SI,602,001,Regular,Lecture,Math for ApplDataSci,3.00,B,SI 602,No
Winter 2024,64425321,017281,FA 2022,SI,588,002,Regular,Lecture,Fundamntls Hum Beh,3.00,A,SI 588,No
Winter 2024,64425321,020401,WN 2023,SI,622,002,Regular,Lecture,Usab Eval & Needs,4.00,A,SI 622,No
Winter 2024,64425321,021391,WN 2024,SI,511,151,Regular,Lecture,Special Topics,1.50,A+,SI 511,No
Winter 2024,64425321,021400,WN 2023,SI,520,003,Regular,Laboratory,Graphic Design,3.00,A,SI 520,No
Winter 2024,64425321,039178,FA 2022,SI,539,001,Regular,Lecture,Web Design,3.00,A-,SI 539,No
Winter 2024,64425321,040667,WN 2023,SI,681,001,Regular,Seminar,Intern/Field Seminar,6.00,S,SI 681,No
Winter 2024,64425321,041855,FA 2023,SI,631,001,Regular,Lecture,Agile Softwar Dev,1.50,A,SI 631,No
Winter 2024,64425321,042104,FA 2022,SI,501,002,Regular,Lecture,Contextual Inq,3.00,A,SI 501,No
Winter 2024,64425321,043863,WN 2023,SI,612,002,Regular,Lecture,Pervasv Interact Des,3.00,A,SI 612,No
Winter 2024,64425321,044772,FA 2022,SI,582,003,Regular,Lecture,Intro Interac Design,3.00,B+,SI 582,No
Winter 2024,64425321,045687,FA 2023,SI,538,001,Regular,Seminar,Citizen Inter Design,4.00,A,SI 538,No
Winter 2024,64425321,047901,WN 2024,SI,699,301,Regular,Lecture,MSI Mastery Courses,3.00,A+,SI 699,No
Winter 2024,64425321,048129,FA 2022,SI,505,001,Scnd 7 Wk,Lecture,Career/Intern Studio,1.00,S,SI 505,No
Winter 2024,64425321,048421,FA 2023,ENTR,560,001,Regular,Lecture,Proj Mgmt Consulting,3.00,A,ENTR 560,Yes
Winter 2024,64425321,048488,FA 2023,SI,559,002,Regular,Lecture,AR/VR Intro,3.00,A,SI 559,No
Winter 2024,64425321,051454,WN 2024,SI,594,001,Regular,Lecture,Auto UX,3.00,A,SI 594,No
Winter 2024,64732339,014796,FA 2021,ELI,531,001,Regular,Lecture,Lang&Comm I,1.00,S,ELI 531,Yes
Winter 2024,64732339,016607,FA 2021,SI,544,001,Regular,Lecture,Intr Stat&Data Analy,3.00,A+,SI 544,No
Winter 2024,64732339,016655,WN 2022,ELI,538,002,Regular,Lecture,Pron in Context,1.00,S,ELI 538,Yes
Winter 2024,64732339,017281,FA 2021,SI,588,002,Regular,Lecture,Fundamntls Hum Beh,3.00,A+,SI 588,No
Winter 2024,64732339,020401,WN 2024,SI,622,001,Regular,Lecture,Usab Eval & Needs,4.00,A+,SI 622,No
Winter 2024,64732339,020934,WN 2022,SI,649,001,Regular,Lecture,Info Visualization,3.00,A+,SI 649,No
Winter 2024,64732339,021050,WN 2022,SI,691,128,Regular,Ind Study,Independent Study,3.00,A,SI 691,No
Winter 2024,64732339,021400,WN 2024,SI,520,003,Regular,Laboratory,Graphic Design,3.00,A,SI 520,No
Winter 2024,64732339,038618,FA 2022,ELI,522,001,Regular,Lecture,Res Paper Writing,2.00,S,ELI 522,Yes
Winter 2024,64732339,039178,WN 2022,SI,539,001,Regular,Lecture,Web Design,3.00,A,SI 539,No
Winter 2024,64732339,039979,WN 2022,SI,623,001,Regular,Seminar,Res Meth Info Prof,3.00,A+,SI 623,No
Winter 2024,64732339,040667,WN 2022,SI,681,001,Regular,Seminar,Intern/Field Seminar,6.00,S,SI 681,No
Winter 2024,64732339,040779,FA 2022,ENGLISH,580,001,Regular,Seminar,Disability Studies,3.00,A,ENGLISH 580,Yes
Winter 2024,64732339,041044,WN 2022,ELI,510,001,Regular,Lecture,Acad Rdg&Vocab,2.00,S,ELI 510,Yes
Winter 2024,64732339,042091,FA 2022,SI,618,001,Regular,Lecture,Data Man & Analysis,3.00,A,SI 618,No
Winter 2024,64732339,042104,FA 2021,SI,501,001,Regular,Lecture,Contextual Inq,3.00,A+,SI 501,No
Winter 2024,64732339,044772,FA 2021,SI,582,003,Regular,Lecture,Intro Interac Design,3.00,A+,SI 582,No
Winter 2024,64732339,047695,FA 2022,ELI,592,001,Regular,Lecture,Topics in EAP,1.00,S,ELI 592,Yes
Winter 2024,64732339,047901,WN 2024,SI,699,501,Regular,Lecture,MSI Mastery Courses,3.00,A,SI 699,No
Winter 2024,64732339,049040,WN 2023,SI,698,131,Regular,Seminar,Master's Thesis 2,3.00,E,SI 698,No
Winter 2024,64732339,049365,FA 2022,SI,697,131,Regular,Ind Study,Master's Thesis 1,3.00,S,SI 697,No
Winter 2024,64732339,049693,WN 2023,DIGITAL,458,001,Regular,Seminar,Seminar in DS,3.00,W,DIGITAL 458,Yes
Winter 2024,64732339,050136,WN 2022,UARTS,560,116,Regular,Laboratory,Grad ArtsEng Proj,2.00,A,UARTS 560,Yes
Winter 2024,64732339,050136,FA 2022,UARTS,560,116,Regular,Laboratory,Grad ArtsEng Proj,2.00,A,UARTS 560,Yes
Winter 2024,64732339,050164,FA 2021,SI,504,001,Regular,Lecture,"Servers, Shell,&Git",1.50,A+,SI 504,No
Winter 2024,64732339,050705,WN 2023,SI,719,001,Regular,Lecture,Science Tech&Med,3.00,B-,SI 719,No
Winter 2024,65414310,001459,FA 2023,SI,690,460,Regular,Seminar,Intern/Field Exper,3.00,S,SI 690,No
Winter 2024,65414310,009731,FA 2022,SI,580,001,Regular,Lecture,Records & Archives,3.00,A+,SI 580,No
Winter 2024,65414310,020401,WN 2023,SI,622,001,Regular,Lecture,Usab Eval & Needs,4.00,A,SI 622,No
Winter 2024,65414310,021042,FA 2023,SI,647,001,Regular,Lecture,Info Resources&Serv,3.00,A,SI 647,No
Winter 2024,65414310,021045,FA 2022,SI,666,001,Regular,Lecture,Org of Inf Resources,3.00,A,SI 666,No
Winter 2024,65414310,038659,FA 2023,SI,519,001,Regular,Seminar,Intel Prop&Info Law,3.00,A+,SI 519,No
Winter 2024,65414310,040667,WN 2023,SI,681,001,Regular,Seminar,Intern/Field Seminar,6.00,S,SI 681,No
Winter 2024,65414310,041626,WN 2024,SI,664,101,Regular,Lecture,Database App Design,3.00,A,SI 664,No
Winter 2024,65414310,042104,FA 2022,SI,501,002,Regular,Lecture,Contextual Inq,3.00,A+,SI 501,No
Winter 2024,65414310,042324,WN 2023,SI,639,001,Scnd 7 Wk,Lecture,Web Archiving,1.50,A,SI 639,No
Winter 2024,65414310,047246,FA 2022,SI,506,001,Regular,Lecture,Programming I,3.00,A,SI 506,No
Winter 2024,65414310,047901,WN 2024,SI,699,006,Regular,Lecture,MSI Mastery Courses,3.00,A,SI 699,No
Winter 2024,65414310,048280,WN 2023,SI,667,001,Regular,Lecture,Digital Curation,3.00,A+,SI 667,No
Winter 2024,65414310,049601,WN 2023,SI,564,001,Regular,Lecture,SQL & Databases,1.50,A,SI 564,No
Winter 2024,65414310,050161,FA 2023,SI,676,001,Regular,Lecture,Network Info Servcs,3.00,A,SI 676,No
Winter 2024,65414310,050162,WN 2024,SI,510,001,Regular,Lecture,Information Ethics,3.00,A+,SI 510,No
Winter 2024,65414310,050164,WN 2023,SI,504,001,Regular,Lecture,"Servers, Shell,&Git",1.50,A,SI 504,No
Winter 2024,65648174,016607,FA 2022,SI,544,001,Regular,Lecture,Intr Stat&Data Analy,3.00,A+,SI 544,No
Winter 2024,65648174,017271,FA 2022,TO,572,001,First 7 Wk,Recitation,App B Frcst I,1.50,A-,TO 572,Yes
Winter 2024,65648174,017281,FA 2022,SI,588,002,Regular,Lecture,Fundamntls Hum Beh,3.00,A,SI 588,No
Winter 2024,65648174,020934,FA 2023,SI,649,001,Regular,Lecture,Info Visualization,3.00,A-,SI 649,No
Winter 2024,65648174,021629,FA 2023,MKT,608,001,Regular,Recitation,Pricing Analy&Strat,3.00,A,MKT 608,Yes
Winter 2024,65648174,039178,FA 2022,SI,539,001,Regular,Lecture,Web Design,3.00,A,SI 539,No
Winter 2024,65648174,040667,WN 2023,SI,681,001,Regular,Seminar,Intern/Field Seminar,6.00,S,SI 681,No
Winter 2024,65648174,041855,FA 2022,SI,631,001,Regular,Lecture,Agile Softwar Dev,1.50,A,SI 631,No
Winter 2024,65648174,041934,FA 2023,SI,608,001,Regular,Lecture,Networks,3.00,A,SI 608,No
Winter 2024,65648174,042091,WN 2023,SI,618,001,Regular,Lecture,Data Man & Analysis,3.00,A+,SI 618,No
Winter 2024,65648174,045930,FA 2023,SI,671,001,Regular,Lecture,Data Mining,3.00,B-,SI 671,No
Winter 2024,65648174,047640,WN 2023,SI,507,001,Regular,Lecture,Inter Programming,3.00,A,SI 507,No
Winter 2024,65648174,047901,WN 2024,SI,699,305,Regular,Lecture,MSI Mastery Courses,3.00,A,SI 699,No
Winter 2024,65648174,049601,FA 2022,SI,564,001,Regular,Lecture,SQL & Databases,1.50,A,SI 564,No
Winter 2024,65648174,050164,FA 2022,SI,504,001,Regular,Lecture,"Servers, Shell,&Git",1.50,A,SI 504,No
Winter 2024,65648174,050663,WN 2023,SI,568,001,Regular,Lecture,Intro Appld Data Sci,3.00,A+,SI 568,No
Winter 2024,65648174,050983,WN 2023,SI,602,001,Regular,Lecture,Math for ApplDataSci,3.00,B-,SI 602,No
Winter 2024,66104563,007395,WN 2024,ARCH,509,013,Regular,Seminar,Experimental Course,3.00,B+,ARCH 509,Yes
Winter 2024,66104563,017281,FA 2023,SI,588,002,Regular,Lecture,Fundamntls Hum Beh,3.00,A,SI 588,No
Winter 2024,66104563,020401,WN 2024,SI,622,001,Regular,Lecture,Usab Eval & Needs,4.00,A,SI 622,No
Winter 2024,66104563,021391,WN 2024,SI,511,151,Regular,Lecture,Special Topics,1.50,A-,SI 511,No
Winter 2024,66104563,021400,FA 2023,SI,520,001,Regular,Lecture,Graphic Design,3.00,A,SI 520,No
Winter 2024,66104563,022099,WN 2024,SI,658,001,Regular,Lecture,Info Architecture,3.00,A+,SI 658,No
Winter 2024,66104563,039081,WN 2024,SI,529,001,Regular,Lecture,Online Communities,3.00,W,SI 529,No
Winter 2024,66104563,039178,FA 2023,SI,539,001,Regular,Lecture,Web Design,3.00,A,SI 539,No
Winter 2024,66104563,040667,WN 2024,SI,681,001,Regular,Seminar,Intern/Field Seminar,6.00,S,SI 681,No
Winter 2024,66104563,042104,FA 2023,SI,501,002,Regular,Lecture,Contextual Inq,3.00,A+,SI 501,No
Winter 2024,66104563,047901,FA 2024,SI,699,201,Regular,Lecture,MSI Mastery Courses,3.00,A,SI 699,No
Winter 2024,66104563,048488,WN 2024,SI,559,001,Regular,Lecture,AR/VR Intro,3.00,A,SI 559,No
Winter 2024,66210937,017281,FA 2022,SI,588,001,Regular,Lecture,Fundamntls Hum Beh,3.00,A,SI 588,No
Winter 2024,66210937,020401,WN 2023,SI,622,002,Regular,Lecture,Usab Eval & Needs,4.00,A,SI 622,No
Winter 2024,66210937,021400,FA 2023,SI,520,001,Regular,Lecture,Graphic Design,3.00,A,SI 520,No
Winter 2024,66210937,039081,FA 2023,SI,529,001,Regular,Lecture,Online Communities,3.00,A,SI 529,No
Winter 2024,66210937,039178,WN 2023,SI,539,001,Regular,Lecture,Web Design,3.00,A+,SI 539,No
Winter 2024,66210937,040667,WN 2023,SI,681,001,Regular,Seminar,Intern/Field Seminar,6.00,S,SI 681,No
Winter 2024,66210937,042104,FA 2022,SI,501,002,Regular,Lecture,Contextual Inq,3.00,A,SI 501,No
Winter 2024,66210937,043863,FA 2023,SI,612,001,Regular,Lecture,Pervasv Interact Des,3.00,A,SI 612,No
Winter 2024,66210937,044772,FA 2022,SI,582,002,Regular,Lecture,Intro Interac Design,3.00,A-,SI 582,No
Winter 2024,66210937,047246,FA 2022,SI,506,001,Regular,Lecture,Programming I,3.00,A,SI 506,No
Winter 2024,66210937,047901,WN 2024,SI,699,301,Regular,Lecture,MSI Mastery Courses,3.00,A+,SI 699,No
Winter 2024,66210937,048129,FA 2023,SI,505,001,Scnd 7 Wk,Lecture,Career/Intern Studio,1.00,S,SI 505,No
Winter 2024,66210937,048147,WN 2023,BA,657,001,Regular,Laboratory,LBLE,3.00,B,BA 657,Yes
Winter 2024,66210937,048488,FA 2023,SI,559,003,Regular,Lecture,AR/VR Intro,3.00,A+,SI 559,No
Winter 2024,66210937,050136,WN 2023,UARTS,560,102,Regular,Laboratory,Grad ArtsEng Proj,2.00,A-,UARTS 560,Yes
Winter 2024,66210937,050136,FA 2023,UARTS,560,102,Regular,Laboratory,Grad ArtsEng Proj,2.00,A-,UARTS 560,Yes
Winter 2024,66461650,009731,FA 2021,SI,580,001,Regular,Lecture,Records & Archives,3.00,A,SI 580,No
Winter 2024,66461650,021045,FA 2022,SI,666,001,Regular,Lecture,Org of Inf Resources,3.00,B+,SI 666,No
Winter 2024,66461650,021400,WN 2023,SI,520,004,Regular,Laboratory,Graphic Design,3.00,W,SI 520,No
Winter 2024,66461650,021400,WN 2024,SI,520,003,Regular,Laboratory,Graphic Design,3.00,C,SI 520,No
Winter 2024,66461650,022326,WN 2022,SI,581,001,Regular,Lecture,Pres Info Resources,3.00,A-,SI 581,No
Winter 2024,66461650,038659,FA 2023,SI,519,001,Regular,Seminar,Intel Prop&Info Law,3.00,A,SI 519,No
Winter 2024,66461650,039178,WN 2022,SI,539,001,Regular,Lecture,Web Design,3.00,W,SI 539,No
Winter 2024,66461650,039178,FA 2023,SI,539,001,Regular,Lecture,Web Design,3.00,W,SI 539,No
Winter 2024,66461650,040667,WN 2022,SI,681,001,Regular,Seminar,Intern/Field Seminar,3.00,S,SI 681,No
Winter 2024,66461650,041626,WN 2024,SI,664,001,Regular,Lecture,Database App Design,3.00,B-,SI 664,No
Winter 2024,66461650,042104,FA 2021,SI,501,002,Regular,Lecture,Contextual Inq,3.00,W,SI 501,No
Winter 2024,66461650,042104,FA 2022,SI,501,002,Regular,Lecture,Contextual Inq,3.00,A,SI 501,No
Winter 2024,66461650,042324,WN 2024,SI,639,001,Regular,Lecture,Web Archiving,1.50,A,SI 639,No
Winter 2024,66461650,047246,FA 2021,SI,506,001,Regular,Lecture,Programming I,3.00,W,SI 506,No
Winter 2024,66461650,047246,WN 2022,SI,506,101,Regular,Lecture,Programming I,3.00,NR,SI 506,No
Winter 2024,66461650,047246,FA 2022,SI,506,001,Regular,Lecture,Programming I,3.00,B-,SI 506,No
Winter 2024,66461650,047901,WN 2024,SI,699,006,Regular,Lecture,MSI Mastery Courses,3.00,A-,SI 699,No
Winter 2024,66461650,048280,WN 2023,SI,667,001,Regular,Lecture,Digital Curation,3.00,B,SI 667,No
Winter 2024,66461650,049601,WN 2023,SI,564,001,Regular,Lecture,SQL & Databases,1.50,W,SI 564,No
Winter 2024,66461650,049601,FA 2023,SI,564,001,Regular,Lecture,SQL & Databases,1.50,W,SI 564,No
Winter 2024,66461650,049601,WN 2024,SI,564,001,Regular,Lecture,SQL & Databases,1.50,C+,SI 564,No
Winter 2024,66461650,050161,FA 2023,SI,676,001,Regular,Lecture,Network Info Servcs,3.00,A-,SI 676,No
Winter 2024,66461650,050162,WN 2022,SI,510,001,Regular,Lecture,Information Ethics,3.00,IB+,SI 510,No
Winter 2024,66461650,050164,FA 2022,SI,504,001,Regular,Lecture,"Servers, Shell,&Git",1.50,A-,SI 504,No
Winter 2024,66461650,050165,WN 2022,SI,585,001,Regular,Lecture,Scholarly Comm,3.00,A-,SI 585,No
Winter 2024,66461650,051074,WN 2023,SI,626,001,Regular,Lecture,Manage NonProf Lib,3.00,B-,SI 626,No
Winter 2024,66479911,017281,FA 2022,SI,588,002,Regular,Lecture,Fundamntls Hum Beh,3.00,A,SI 588,No
Winter 2024,66479911,020401,WN 2023,SI,622,002,Regular,Lecture,Usab Eval & Needs,4.00,A,SI 622,No
Winter 2024,66479911,021400,WN 2023,SI,520,003,Regular,Laboratory,Graphic Design,3.00,A-,SI 520,No
Winter 2024,66479911,039178,WN 2023,SI,539,001,Regular,Lecture,Web Design,3.00,A+,SI 539,No
Winter 2024,66479911,040667,WN 2023,SI,681,001,Regular,Seminar,Intern/Field Seminar,6.00,S,SI 681,No
Winter 2024,66479911,042104,FA 2022,SI,501,002,Regular,Lecture,Contextual Inq,3.00,A+,SI 501,No
Winter 2024,66479911,043863,FA 2023,SI,612,001,Regular,Lecture,Pervasv Interact Des,3.00,A+,SI 612,No
Winter 2024,66479911,044772,FA 2022,SI,582,005,Regular,Lecture,Intro Interac Design,3.00,A+,SI 582,No
Winter 2024,66479911,045732,WN 2023,SI,554,001,Regular,Lecture,Consumer Hlth Inform,3.00,A,SI 554,No
Winter 2024,66479911,045771,FA 2023,SI,684,001,Regular,Seminar,Design ConsHlth Tech,3.00,A+,SI 684,No
Winter 2024,66479911,046306,FA 2023,SI,616,001,Regular,Lecture,Adv Graphic Design,3.00,A,SI 616,No
Winter 2024,66479911,047246,FA 2022,SI,506,001,Regular,Lecture,Programming I,3.00,A,SI 506,No
Winter 2024,66479911,047901,WN 2024,SI,699,501,Regular,Lecture,MSI Mastery Courses,3.00,A,SI 699,No
Winter 2024,66479911,048129,WN 2023,SI,505,001,First 7 Wk,Lecture,Career/Intern Studio,1.00,S,SI 505,No
Winter 2024,66479911,048421,WN 2024,ENTR,560,002,Regular,Lecture,Proj Mgmt Consulting,3.00,A,ENTR 560,Yes
Winter 2024,66479911,048488,FA 2023,SI,559,001,Regular,Lecture,AR/VR Intro,3.00,A,SI 559,No
Winter 2024,66479911,051454,WN 2024,SI,594,001,Regular,Lecture,Auto UX,3.00,A+,SI 594,No
Winter 2024,66612671,001459,FA 2023,SI,690,460,Regular,Seminar,Intern/Field Exper,1.00,S,SI 690,No
Winter 2024,66612671,001459,WN 2024,SI,690,001,Regular,Seminar,Intern/Field Exper,2.00,S,SI 690,No
Winter 2024,66612671,017281,FA 2022,SI,588,002,Regular,Lecture,Fundamntls Hum Beh,3.00,A+,SI 588,No
Winter 2024,66612671,021050,FA 2023,SI,691,033,Regular,Ind Study,Independent Study,3.00,A+,SI 691,No
Winter 2024,66612671,022099,WN 2023,SI,658,001,Regular,Lecture,Info Architecture,3.00,A,SI 658,No
Winter 2024,66612671,039178,FA 2022,SI,539,001,Regular,Lecture,Web Design,3.00,A,SI 539,No
Winter 2024,66612671,040667,WN 2023,SI,681,001,Regular,Seminar,Intern/Field Seminar,6.00,S,SI 681,No
Winter 2024,66612671,041626,WN 2023,SI,664,001,Regular,Lecture,Database App Design,3.00,A+,SI 664,No
Winter 2024,66612671,042071,FA 2023,SI,563,001,Regular,Lecture,Game Theory,3.00,A-,SI 563,No
Winter 2024,66612671,044772,FA 2022,SI,582,001,Regular,Lecture,Intro Interac Design,3.00,A+,SI 582,No
Winter 2024,66612671,047246,FA 2022,SI,506,001,Regular,Lecture,Programming I,3.00,A,SI 506,No
Winter 2024,66612671,047640,WN 2023,SI,507,001,Regular,Lecture,Inter Programming,3.00,A,SI 507,No
Winter 2024,66612671,047901,WN 2024,SI,699,003,Regular,Lecture,MSI Mastery Courses,3.00,A,SI 699,No
Winter 2024,66612671,048487,FA 2023,SI,669,001,Regular,Lecture,Dev Mobile Exp,3.00,A+,SI 669,No
Winter 2024,66612671,049601,WN 2023,SI,564,001,Regular,Lecture,SQL & Databases,1.50,A,SI 564,No
Winter 2024,66612671,050031,WN 2024,SW,596,337,Regular,Ind Study,Ind Stds Social Work,3.00,A,SW 596,Yes
Winter 2024,66612671,050159,WN 2023,SI,579,001,Regular,Lecture,Bldg Interactive App,3.00,A,SI 579,No
Winter 2024,66612671,050164,FA 2022,SI,504,001,Regular,Lecture,"Servers, Shell,&Git",1.50,A+,SI 504,No
Winter 2024,66777838,009732,FA 2022,SI,650,001,Regular,Lecture,Informatn Retrieval,3.00,A,SI 650,No
Winter 2024,66777838,020934,WN 2023,SI,649,002,Regular,Lecture,Info Visualization,3.00,C-,SI 649,No
Winter 2024,66777838,040667,WN 2023,SI,681,001,Regular,Seminar,Intern/Field Seminar,6.00,S,SI 681,No
Winter 2024,66777838,041626,WN 2023,SI,664,001,Regular,Lecture,Database App Design,3.00,A,SI 664,No
Winter 2024,66777838,042071,FA 2023,SI,563,001,Regular,Lecture,Game Theory,3.00,B,SI 563,No
Winter 2024,66777838,042091,FA 2022,SI,618,001,Regular,Lecture,Data Man & Analysis,3.00,A,SI 618,No
Winter 2024,66777838,042104,FA 2022,SI,501,001,Regular,Lecture,Contextual Inq,3.00,A-,SI 501,No
Winter 2024,66777838,045930,FA 2023,SI,671,101,Regular,Lecture,Data Mining,3.00,B-,SI 671,No
Winter 2024,66777838,047246,WN 2024,SI,506,001,Regular,Lecture,Programming I,3.00,C-,SI 506,No
Winter 2024,66777838,047640,FA 2022,SI,507,001,Regular,Lecture,Inter Programming,3.00,A,SI 507,No
Winter 2024,66777838,047901,WN 2024,SI,699,205,Regular,Lecture,MSI Mastery Courses,3.00,A,SI 699,No
Winter 2024,66777838,048500,FA 2023,SI,670,001,Regular,Lecture,Appld Machine Learng,3.00,C+,SI 670,No
Winter 2024,66777838,049601,WN 2023,SI,564,001,Regular,Lecture,SQL & Databases,1.50,A-,SI 564,No
Winter 2024,66777838,050164,FA 2022,SI,504,001,Regular,Lecture,"Servers, Shell,&Git",1.50,A,SI 504,No
Winter 2024,66777838,050663,WN 2023,SI,568,001,Regular,Lecture,Intro Appld Data Sci,3.00,B+,SI 568,No
Winter 2024,66777838,050983,WN 2023,SI,602,001,Regular,Lecture,Math for ApplDataSci,3.00,B,SI 602,No
Winter 2024,66796761,020934,WN 2023,SI,649,001,Regular,Lecture,Info Visualization,3.00,A-,SI 649,No
Winter 2024,66796761,021033,WN 2024,SI,652,001,Regular,Lecture,Incentive&Strategic,3.00,B+,SI 652,No
Winter 2024,66796761,041626,FA 2022,SI,664,001,Regular,Lecture,Database App Design,3.00,A,SI 664,No
Winter 2024,66796761,042071,FA 2023,SI,563,001,Regular,Lecture,Game Theory,3.00,A-,SI 563,No
Winter 2024,66796761,042091,FA 2022,SI,618,001,Regular,Lecture,Data Man & Analysis,3.00,A,SI 618,No
Winter 2024,66796761,042104,FA 2022,SI,501,001,Regular,Lecture,Contextual Inq,3.00,A,SI 501,No
Winter 2024,66796761,043366,WN 2024,SI,617,001,Regular,Lecture,Choice Architecture,3.00,B+,SI 617,No
Winter 2024,66796761,045930,FA 2023,SI,671,001,Regular,Lecture,Data Mining,3.00,A,SI 671,No
Winter 2024,66796761,047640,FA 2022,SI,507,001,Regular,Lecture,Inter Programming,3.00,A,SI 507,No
Winter 2024,66796761,047641,WN 2024,SI,540,001,Regular,Lecture,Privacy in Info Tech,3.00,A,SI 540,No
Winter 2024,66796761,047901,WN 2024,SI,699,205,Regular,Lecture,MSI Mastery Courses,3.00,A+,SI 699,No
Winter 2024,66796761,048129,FA 2022,SI,505,001,Scnd 7 Wk,Lecture,Career/Intern Studio,1.00,S,SI 505,No
Winter 2024,66796761,048268,WN 2023,SI,630,001,Regular,Lecture,NLP Algorithm People,3.00,A,SI 630,No
Winter 2024,66796761,048500,FA 2023,SI,670,001,Regular,Lecture,Appld Machine Learng,3.00,A,SI 670,No
Winter 2024,66796761,049601,WN 2023,SI,564,001,Regular,Lecture,SQL & Databases,1.50,A,SI 564,No
Winter 2024,66796761,050164,FA 2022,SI,504,001,Regular,Lecture,"Servers, Shell,&Git",1.50,A+,SI 504,No
Winter 2024,66796761,050663,WN 2023,SI,568,001,Regular,Lecture,Intro Appld Data Sci,3.00,A,SI 568,No
Winter 2024,66796761,050983,WN 2023,SI,602,001,Regular,Lecture,Math for ApplDataSci,3.00,A+,SI 602,No
Winter 2024,67777695,016607,FA 2022,SI,544,001,Regular,Lecture,Intr Stat&Data Analy,3.00,A+,SI 544,No
Winter 2024,67777695,017281,FA 2022,SI,588,001,Regular,Lecture,Fundamntls Hum Beh,3.00,A,SI 588,No
Winter 2024,67777695,020401,WN 2023,SI,622,001,Regular,Lecture,Usab Eval & Needs,4.00,A,SI 622,No
Winter 2024,67777695,021400,WN 2023,SI,520,002,Regular,Laboratory,Graphic Design,3.00,A,SI 520,No
Winter 2024,67777695,039178,FA 2022,SI,539,001,Regular,Lecture,Web Design,3.00,A,SI 539,No
Winter 2024,67777695,040667,WN 2023,SI,681,001,Regular,Seminar,Intern/Field Seminar,6.00,S,SI 681,No
Winter 2024,67777695,041957,WN 2023,ENGR,599,123,Regular,Lecture,Spec Topics Engr,2.00,A,ENGR 599,Yes
Winter 2024,67777695,041957,FA 2023,ENGR,599,123,Regular,Lecture,Spec Topics Engr,2.00,A,ENGR 599,Yes
Winter 2024,67777695,044772,FA 2023,SI,582,004,Regular,Lecture,Intro Interac Design,3.00,A,SI 582,No
Winter 2024,67777695,045687,WN 2023,SI,538,001,Regular,Seminar,Citizen Inter Design,4.00,A,SI 538,No
Winter 2024,67777695,046306,FA 2023,SI,616,001,Regular,Lecture,Adv Graphic Design,3.00,A,SI 616,No
Winter 2024,67777695,047640,FA 2022,SI,507,001,Regular,Lecture,Inter Programming,3.00,A,SI 507,No
Winter 2024,67777695,047901,WN 2024,SI,699,301,Regular,Lecture,MSI Mastery Courses,3.00,A+,SI 699,No
Winter 2024,67777695,048147,WN 2023,BA,657,001,Regular,Laboratory,LBLE,3.00,A-,BA 657,Yes
Winter 2024,67777695,048488,FA 2023,SI,559,002,Regular,Lecture,AR/VR Intro,3.00,A,SI 559,No
Winter 2024,67777695,050159,FA 2023,SI,579,001,Regular,Lecture,Bldg Interactive App,3.00,A,SI 579,No
Winter 2024,67989589,017281,FA 2023,SI,588,002,Regular,Lecture,Fundamntls Hum Beh,3.00,A,SI 588,No
Winter 2024,67989589,019324,FA 2024,POLSCI,688,001,Scnd 7 Wk,Seminar,Selected Topic,1.50,A,POLSCI 688,Yes
Winter 2024,67989589,020401,WN 2024,SI,622,002,Regular,Lecture,Usab Eval & Needs,4.00,A,SI 622,No
Winter 2024,67989589,022099,WN 2024,SI,658,001,Regular,Lecture,Info Architecture,3.00,A-,SI 658,No
Winter 2024,67989589,039178,WN 2024,SI,539,001,Regular,Lecture,Web Design,3.00,A,SI 539,No
Winter 2024,67989589,040667,WN 2024,SI,681,001,Regular,Seminar,Intern/Field Seminar,6.00,S,SI 681,No
Winter 2024,67989589,040779,WN 2024,ENGLISH,580,001,Regular,Seminar,Disability Studies,2.00,A,ENGLISH 580,Yes
Winter 2024,67989589,042104,FA 2023,SI,501,002,Regular,Lecture,Contextual Inq,3.00,A,SI 501,No
Winter 2024,67989589,044772,FA 2023,SI,582,002,Regular,Lecture,Intro Interac Design,3.00,A+,SI 582,No
Winter 2024,67989589,045687,FA 2024,SI,538,001,Regular,Seminar,Citizen Inter Design,4.00,A,SI 538,No
Winter 2024,67989589,047246,FA 2023,SI,506,001,Regular,Lecture,Programming I,3.00,A,SI 506,No
Winter 2024,67989589,047892,FA 2024,SI,605,002,Regular,Laboratory,Interdisc Prob Solv,3.00,B,SI 605,No
Winter 2024,67989589,047901,FA 2024,SI,699,001,Regular,Lecture,MSI Mastery Courses,3.00,A-,SI 699,No
Winter 2024,67989589,048129,FA 2024,SI,505,001,Scnd 7 Wk,Lecture,Career/Intern Studio,1.00,S,SI 505,No
Winter 2024,67989589,048488,FA 2023,SI,559,002,Regular,Lecture,AR/VR Intro,3.00,A,SI 559,No
Winter 2024,67989589,049417,WN 2024,BA,670,001,Regular,Recitation,+Impact Studio,3.00,A-,BA 670,Yes
Winter 2024,68674241,001459,WN 2024,SI,690,001,Regular,Seminar,Intern/Field Exper,3.00,S,SI 690,No
Winter 2024,68674241,014791,FA 2022,ELI,512,001,Regular,Lecture,Spk&Wrt Gram,1.00,S,ELI 512,Yes
Winter 2024,68674241,017281,FA 2022,SI,588,002,Regular,Lecture,Fundamntls Hum Beh,3.00,A,SI 588,No
Winter 2024,68674241,020401,WN 2023,SI,622,002,Regular,Lecture,Usab Eval & Needs,4.00,A,SI 622,No
Winter 2024,68674241,021391,WN 2024,SI,511,151,Regular,Lecture,Special Topics,1.50,A,SI 511,No
Winter 2024,68674241,021400,FA 2023,SI,520,001,Regular,Lecture,Graphic Design,3.00,A-,SI 520,No
Winter 2024,68674241,022099,WN 2023,SI,658,001,Regular,Lecture,Info Architecture,3.00,A,SI 658,No
Winter 2024,68674241,039178,WN 2023,SI,539,001,Regular,Lecture,Web Design,3.00,W,SI 539,No
Winter 2024,68674241,039178,FA 2023,SI,539,001,Regular,Lecture,Web Design,3.00,B+,SI 539,No
Winter 2024,68674241,040667,WN 2024,SI,681,001,Regular,Seminar,Intern/Field Seminar,5.00,S,SI 681,No
Winter 2024,68674241,041855,FA 2024,SI,631,001,Regular,Lecture,Agile Softwar Dev,1.50,B,SI 631,No
Winter 2024,68674241,042104,FA 2022,SI,501,002,Regular,Lecture,Contextual Inq,3.00,A,SI 501,No
Winter 2024,68674241,044772,FA 2022,SI,582,002,Regular,Lecture,Intro Interac Design,3.00,A-,SI 582,No
Winter 2024,68674241,045771,FA 2023,SI,684,001,Regular,Seminar,Design ConsHlth Tech,3.00,A+,SI 684,No
Winter 2024,68674241,046386,FA 2022,SI,311,150,Regular,Lecture,Spec Topics in Info,3.00,A,SI 311,No
Winter 2024,68674241,046386,WN 2023,SI,311,158,Regular,Lecture,Spec Topics in Info,3.00,A+,SI 311,No
Winter 2024,68674241,047246,FA 2022,SI,506,001,Regular,Lecture,Programming I,3.00,A,SI 506,No
Winter 2024,68674241,047901,FA 2024,SI,699,201,Regular,Lecture,MSI Mastery Courses,3.00,A,SI 699,No
Winter 2024,68674241,048129,FA 2022,SI,505,001,Scnd 7 Wk,Lecture,Career/Intern Studio,1.00,S,SI 505,No
Winter 2024,68674241,049601,WN 2024,SI,564,001,Regular,Lecture,SQL & Databases,1.50,E,SI 564,No
Winter 2024,68674241,051454,WN 2024,SI,594,001,Regular,Lecture,Auto UX,3.00,A,SI 594,No
Winter 2024,68876816,001459,FA 2023,SI,690,460,Regular,Seminar,Intern/Field Exper,3.00,S,SI 690,No
Winter 2024,68876816,017281,FA 2023,SI,588,002,Regular,Lecture,Fundamntls Hum Beh,3.00,A,SI 588,No
Winter 2024,68876816,017530,FA 2023,TO,616,001,Regular,Recitation,Project Mngmt,1.50,B,TO 616,Yes
Winter 2024,68876816,020401,WN 2023,SI,622,002,Regular,Lecture,Usab Eval & Needs,4.00,A,SI 622,No
Winter 2024,68876816,021400,FA 2022,SI,520,002,Regular,Lecture,Graphic Design,3.00,B-,SI 520,No
Winter 2024,68876816,022099,WN 2023,SI,658,001,Regular,Lecture,Info Architecture,3.00,A,SI 658,No
Winter 2024,68876816,039081,WN 2023,SI,529,001,Regular,Lecture,Online Communities,3.00,B+,SI 529,No
Winter 2024,68876816,040667,WN 2023,SI,681,001,Regular,Seminar,Intern/Field Seminar,6.00,S,SI 681,No
Winter 2024,68876816,041336,FA 2023,STRATEGY,675,001,Scnd 7 Wk,Recitation,Bus Model Innovation,2.25,A,STRATEGY 675,Yes
Winter 2024,68876816,042104,FA 2022,SI,501,001,Regular,Lecture,Contextual Inq,3.00,A,SI 501,No
Winter 2024,68876816,043490,FA 2023,BE,608,001,Scnd 7 Wk,Recitation,Health Care Markets,1.50,B,BE 608,Yes
Winter 2024,68876816,044772,FA 2022,SI,582,005,Regular,Lecture,Intro Interac Design,3.00,A,SI 582,No
Winter 2024,68876816,045687,WN 2023,SI,538,001,Regular,Seminar,Citizen Inter Design,4.00,A,SI 538,No
Winter 2024,68876816,047843,FA 2023,ARTSADMN,522,001,Regular,Lecture,Writing Abt Your Art,1.00,A,ARTSADMN 522,Yes
Winter 2024,68876816,047849,WN 2024,ARTSADMN,533,001,Regular,Lecture,Media Tech Careers,1.00,A,ARTSADMN 533,Yes
Winter 2024,68876816,047901,WN 2024,SI,699,501,Regular,Lecture,MSI Mastery Courses,3.00,A-,SI 699,No
Winter 2024,68876816,048129,FA 2023,SI,505,001,Scnd 7 Wk,Lecture,Career/Intern Studio,1.00,S,SI 505,No
Winter 2024,68876816,049266,FA 2023,ES,620,001,Scnd 7 Wk,Recitation,Healthcare Startups,2.25,B,ES 620,Yes
Winter 2024,68876816,051304,FA 2023,NEUROSCI,515,001,Regular,Lecture,Neurosci Meditation,1.00,W,NEUROSCI 515,Yes
Winter 2024,68911667,016655,WN 2024,ELI,538,001,Regular,Lecture,Pron in Context,1.00,S,ELI 538,Yes
Winter 2024,68911667,017075,WN 2024,ELI,534,001,Regular,Lecture,Dis&Oral Argumentn,1.00,S,ELI 534,Yes
Winter 2024,68911667,017281,FA 2023,SI,588,002,Regular,Lecture,Fundamntls Hum Beh,3.00,A,SI 588,No
Winter 2024,68911667,020401,WN 2023,SI,622,001,Regular,Lecture,Usab Eval & Needs,4.00,A,SI 622,No
Winter 2024,68911667,021391,WN 2024,SI,511,151,Regular,Lecture,Special Topics,1.50,A+,SI 511,No
Winter 2024,68911667,022099,WN 2023,SI,658,001,Regular,Lecture,Info Architecture,3.00,A,SI 658,No
Winter 2024,68911667,039178,FA 2022,SI,539,001,Regular,Lecture,Web Design,3.00,A,SI 539,No
Winter 2024,68911667,040667,WN 2023,SI,681,001,Regular,Seminar,Intern/Field Seminar,6.00,S,SI 681,No
Winter 2024,68911667,040667,WN 2024,SI,681,001,Regular,Seminar,Intern/Field Seminar,2.00,S,SI 681,No
Winter 2024,68911667,042104,FA 2022,SI,501,002,Regular,Lecture,Contextual Inq,3.00,A+,SI 501,No
Winter 2024,68911667,044772,FA 2022,SI,582,002,Regular,Lecture,Intro Interac Design,3.00,A,SI 582,No
Winter 2024,68911667,045393,FA 2023,SI,552,001,Regular,Lecture,Accessibility Intro,3.00,A,SI 552,No
Winter 2024,68911667,046962,WN 2024,ELI,560,001,Regular,Lecture,Undrstnd US Soc&Inst,2.00,S,ELI 560,Yes
Winter 2024,68911667,047246,FA 2022,SI,506,001,Regular,Lecture,Programming I,3.00,A,SI 506,No
Winter 2024,68911667,047901,FA 2024,SI,699,201,Regular,Lecture,MSI Mastery Courses,3.00,A,SI 699,No
Winter 2024,68911667,048129,FA 2022,SI,505,001,Scnd 7 Wk,Lecture,Career/Intern Studio,1.00,S,SI 505,No
Winter 2024,68911667,048488,FA 2023,SI,559,001,Regular,Lecture,AR/VR Intro,3.00,A,SI 559,No
Winter 2024,68911667,048514,WN 2024,WELLNESS,512,002,Regular,Recitation,Yoga Performers,1.00,A+,WELLNESS 512,Yes
Winter 2024,68911667,050136,WN 2023,UARTS,560,116,Regular,Laboratory,Grad ArtsEng Proj,2.00,A+,UARTS 560,Yes
Winter 2024,68911667,050136,FA 2023,UARTS,560,116,Regular,Laboratory,Grad ArtsEng Proj,2.00,A+,UARTS 560,Yes
Winter 2024,68911667,050159,WN 2023,SI,579,001,Regular,Lecture,Bldg Interactive App,3.00,A,SI 579,No
Winter 2024,68911667,050164,WN 2023,SI,504,001,Regular,Lecture,"Servers, Shell,&Git",1.50,A,SI 504,No
Winter 2024,68911667,051454,WN 2024,SI,594,001,Regular,Lecture,Auto UX,3.00,A+,SI 594,No
Winter 2024,69555818,017281,FA 2022,SI,588,002,Regular,Lecture,Fundamntls Hum Beh,3.00,A,SI 588,No
Winter 2024,69555818,020401,WN 2023,SI,622,002,Regular,Lecture,Usab Eval & Needs,4.00,A,SI 622,No
Winter 2024,69555818,021391,WN 2024,SI,511,151,Regular,Lecture,Special Topics,1.50,A+,SI 511,No
Winter 2024,69555818,022099,WN 2023,SI,658,001,Regular,Lecture,Info Architecture,3.00,A,SI 658,No
Winter 2024,69555818,040667,WN 2023,SI,681,001,Regular,Seminar,Intern/Field Seminar,6.00,S,SI 681,No
Winter 2024,69555818,041855,FA 2023,SI,631,001,Regular,Lecture,Agile Softwar Dev,1.50,A+,SI 631,No
Winter 2024,69555818,042104,FA 2022,SI,501,001,Regular,Lecture,Contextual Inq,3.00,A,SI 501,No
Winter 2024,69555818,043863,FA 2023,SI,612,002,Regular,Lecture,Pervasv Interact Des,3.00,A+,SI 612,No
Winter 2024,69555818,044772,FA 2022,SI,582,005,Regular,Lecture,Intro Interac Design,3.00,A+,SI 582,No
Winter 2024,69555818,047640,FA 2022,SI,507,001,Regular,Lecture,Inter Programming,3.00,A,SI 507,No
Winter 2024,69555818,047901,WN 2024,SI,699,003,Regular,Lecture,MSI Mastery Courses,3.00,A,SI 699,No
Winter 2024,69555818,048129,WN 2023,SI,505,001,First 7 Wk,Lecture,Career/Intern Studio,1.00,S,SI 505,No
Winter 2024,69555818,048487,FA 2023,SI,669,001,Regular,Lecture,Dev Mobile Exp,3.00,A+,SI 669,No
Winter 2024,69555818,048488,FA 2023,SI,559,002,Regular,Lecture,AR/VR Intro,3.00,A,SI 559,No
Winter 2024,69555818,050159,WN 2023,SI,579,001,Regular,Lecture,Bldg Interactive App,3.00,A,SI 579,No
Winter 2024,69555818,050650,WN 2023,EDUC,618,001,Regular,Seminar,XR for Learning,1.00,A,EDUC 618,Yes
Winter 2024,69555818,051454,WN 2024,SI,594,001,Regular,Lecture,Auto UX,3.00,A,SI 594,No
Winter 2024,69769570,009732,FA 2022,SI,650,001,Regular,Lecture,Informatn Retrieval,3.00,B+,SI 650,No
Winter 2024,69769570,017281,FA 2023,SI,588,002,Regular,Lecture,Fundamntls Hum Beh,3.00,A,SI 588,No
Winter 2024,69769570,020401,WN 2023,SI,622,002,Regular,Lecture,Usab Eval & Needs,4.00,A,SI 622,No
Winter 2024,69769570,020934,WN 2023,SI,649,001,Regular,Lecture,Info Visualization,3.00,A-,SI 649,No
Winter 2024,69769570,039178,WN 2023,SI,539,001,Regular,Lecture,Web Design,3.00,A,SI 539,No
Winter 2024,69769570,041626,FA 2023,SI,664,001,Regular,Lecture,Database App Design,3.00,A,SI 664,No
Winter 2024,69769570,041855,FA 2023,SI,631,001,Regular,Lecture,Agile Softwar Dev,1.50,A+,SI 631,No
Winter 2024,69769570,042091,FA 2022,SI,618,001,Regular,Lecture,Data Man & Analysis,3.00,A-,SI 618,No
Winter 2024,69769570,042104,FA 2022,SI,501,001,Regular,Lecture,Contextual Inq,3.00,A,SI 501,No
Winter 2024,69769570,044772,FA 2022,SI,582,005,Regular,Lecture,Intro Interac Design,3.00,A+,SI 582,No
Winter 2024,69769570,045930,FA 2023,SI,671,001,Regular,Lecture,Data Mining,3.00,A-,SI 671,No
Winter 2024,69769570,047640,FA 2022,SI,507,001,Regular,Lecture,Inter Programming,3.00,A,SI 507,No
Winter 2024,69769570,047901,WN 2024,SI,699,003,Regular,Lecture,MSI Mastery Courses,3.00,A,SI 699,No
Winter 2024,69769570,048487,FA 2023,SI,669,001,Regular,Lecture,Dev Mobile Exp,3.00,A+,SI 669,No
Winter 2024,69769570,049601,FA 2022,SI,564,001,Regular,Lecture,SQL & Databases,1.50,A,SI 564,No
Winter 2024,69769570,050159,WN 2023,SI,579,001,Regular,Lecture,Bldg Interactive App,3.00,B,SI 579,No
Winter 2024,69769570,050663,WN 2023,SI,568,001,Regular,Lecture,Intro Appld Data Sci,3.00,A-,SI 568,No
Winter 2024,69974426,006590,FA 2024,COMP,515,004,Regular,Laboratory,Intro Electrn Mus,2.00,A,COMP 515,Yes
Winter 2024,69974426,016607,FA 2023,SI,544,001,Regular,Lecture,Intr Stat&Data Analy,3.00,A+,SI 544,No
Winter 2024,69974426,020401,WN 2024,SI,622,001,Regular,Lecture,Usab Eval & Needs,4.00,A+,SI 622,No
Winter 2024,69974426,021400,FA 2024,SI,520,001,Regular,Lecture,Graphic Design,3.00,A,SI 520,No
Winter 2024,69974426,039178,FA 2023,SI,539,001,Regular,Lecture,Web Design,3.00,A+,SI 539,No
Winter 2024,69974426,040667,WN 2024,SI,681,001,Regular,Seminar,Intern/Field Seminar,6.00,S,SI 681,No
Winter 2024,69974426,041626,WN 2024,SI,664,001,Regular,Lecture,Database App Design,3.00,A,SI 664,No
Winter 2024,69974426,041855,FA 2023,SI,631,001,Regular,Lecture,Agile Softwar Dev,1.50,A+,SI 631,No
Winter 2024,69974426,042005,FA 2023,STS,571,001,Regular,Seminar,Interdisc Sem,1.00,S,STS 571,Yes
Winter 2024,69974426,044772,FA 2023,SI,582,002,Regular,Lecture,Intro Interac Design,3.00,A+,SI 582,No
Winter 2024,69974426,044798,FA 2023,ENTR,599,030,Scnd 7 Wk,Seminar,Spec Topics Entr,1.00,A,ENTR 599,Yes
Winter 2024,69974426,044798,WN 2024,ENTR,599,032,Regular,Lecture,Spec Topics Entr,3.00,A,ENTR 599,Yes
Winter 2024,69974426,045393,FA 2024,SI,552,002,Regular,Lecture,Accessibility Intro,3.00,A,SI 552,No
Winter 2024,69974426,045771,FA 2024,SI,684,001,Regular,Seminar,Design ConsHlth Tech,3.00,A+,SI 684,No
Winter 2024,69974426,047901,FA 2024,SI,699,201,Regular,Lecture,MSI Mastery Courses,3.00,A,SI 699,No
Winter 2024,69974426,048129,FA 2024,SI,505,002,Scnd 7 Wk,Lecture,Career/Intern Studio,1.00,S,SI 505,No
Winter 2024,69974426,050159,WN 2024,SI,579,001,Regular,Lecture,Bldg Interactive App,3.00,A,SI 579,No
Winter 2024,69974426,050164,FA 2023,SI,504,001,Regular,Lecture,"Servers, Shell,&Git",1.50,A,SI 504,No
Winter 2024,70145618,017281,FA 2022,SI,588,002,Regular,Lecture,Fundamntls Hum Beh,3.00,A+,SI 588,No
Winter 2024,70145618,020401,WN 2023,SI,622,001,Regular,Lecture,Usab Eval & Needs,4.00,A,SI 622,No
Winter 2024,70145618,020997,FA 2023,BCOM,561,001,First 7 Wk,Recitation,Mgt Presentatn,1.50,A-,BCOM 561,Yes
Winter 2024,70145618,021400,WN 2023,SI,520,002,Regular,Laboratory,Graphic Design,3.00,A,SI 520,No
Winter 2024,70145618,022099,WN 2023,SI,658,001,Regular,Lecture,Info Architecture,3.00,A,SI 658,No
Winter 2024,70145618,039178,FA 2022,SI,539,001,Regular,Lecture,Web Design,3.00,A+,SI 539,No
Winter 2024,70145618,040667,WN 2023,SI,681,001,Regular,Seminar,Intern/Field Seminar,6.00,S,SI 681,No
Winter 2024,70145618,042104,FA 2022,SI,501,002,Regular,Lecture,Contextual Inq,3.00,A,SI 501,No
Winter 2024,70145618,043863,FA 2023,SI,612,001,Regular,Lecture,Pervasv Interact Des,3.00,A+,SI 612,No
Winter 2024,70145618,044772,FA 2022,SI,582,001,Regular,Lecture,Intro Interac Design,3.00,A+,SI 582,No
Winter 2024,70145618,045393,FA 2023,SI,552,001,Regular,Lecture,Accessibility Intro,3.00,A,SI 552,No
Winter 2024,70145618,045687,WN 2023,SI,538,001,Regular,Seminar,Citizen Inter Design,4.00,A,SI 538,No
Winter 2024,70145618,047901,WN 2024,SI,699,301,Regular,Lecture,MSI Mastery Courses,3.00,A+,SI 699,No
Winter 2024,70145618,048129,FA 2022,SI,505,001,Scnd 7 Wk,Lecture,Career/Intern Studio,1.00,S,SI 505,No
Winter 2024,70145618,048488,FA 2023,SI,559,003,Regular,Lecture,AR/VR Intro,3.00,A+,SI 559,No
Winter 2024,70145618,051454,WN 2024,SI,594,001,Regular,Lecture,Auto UX,3.00,A,SI 594,No
Winter 2024,70218006,020803,WN 2023,SI,643,001,Regular,Lecture,Instructional Skills,3.00,A+,SI 643,No
Winter 2024,70218006,021042,FA 2022,SI,647,001,Regular,Lecture,Info Resources&Serv,3.00,A+,SI 647,No
Winter 2024,70218006,021045,FA 2022,SI,666,001,Regular,Lecture,Org of Inf Resources,3.00,A,SI 666,No
Winter 2024,70218006,022326,WN 2024,SI,581,001,Regular,Lecture,Pres Info Resources,3.00,A,SI 581,No
Winter 2024,70218006,038659,FA 2023,SI,519,001,Regular,Seminar,Intel Prop&Info Law,3.00,A+,SI 519,No
Winter 2024,70218006,038948,FA 2023,SI,632,001,Regular,Lecture,Appraisal & Coll Dev,3.00,A+,SI 632,No
Winter 2024,70218006,039979,WN 2023,SI,623,001,Regular,Seminar,Res Meth Info Prof,3.00,A+,SI 623,No
Winter 2024,70218006,040667,WN 2023,SI,681,001,Regular,Seminar,Intern/Field Seminar,3.00,S,SI 681,No
Winter 2024,70218006,042104,FA 2022,SI,501,002,Regular,Lecture,Contextual Inq,3.00,A+,SI 501,No
Winter 2024,70218006,047246,FA 2022,SI,506,001,Regular,Lecture,Programming I,3.00,A,SI 506,No
Winter 2024,70218006,047901,WN 2024,SI,699,028,Regular,Lecture,MSI Mastery Courses,3.00,A,SI 699,No
Winter 2024,70218006,048280,WN 2023,SI,667,001,Regular,Lecture,Digital Curation,3.00,A,SI 667,No
Winter 2024,70218006,048831,FA 2023,SI,547,001,Regular,Seminar,Engage w/Communities,3.00,A,SI 547,No
Winter 2024,70218006,050162,WN 2024,SI,510,001,Regular,Lecture,Information Ethics,3.00,A+,SI 510,No
Winter 2024,70218006,050163,FA 2023,SI,633,001,Regular,Lecture,Assesmnt Cultrl Inst,3.00,A,SI 633,No
Winter 2024,70218006,050165,WN 2023,SI,585,001,Regular,Lecture,Scholarly Comm,3.00,A+,SI 585,No
Winter 2024,70713044,017281,FA 2022,SI,588,001,Regular,Lecture,Fundamntls Hum Beh,3.00,A,SI 588,No
Winter 2024,70713044,020401,WN 2023,SI,622,002,Regular,Lecture,Usab Eval & Needs,4.00,A,SI 622,No
Winter 2024,70713044,021400,WN 2023,SI,520,002,Regular,Laboratory,Graphic Design,3.00,A-,SI 520,No
Winter 2024,70713044,039178,WN 2023,SI,539,001,Regular,Lecture,Web Design,3.00,A+,SI 539,No
Winter 2024,70713044,040667,WN 2023,SI,681,001,Regular,Seminar,Intern/Field Seminar,6.00,S,SI 681,No
Winter 2024,70713044,042104,FA 2022,SI,501,002,Regular,Lecture,Contextual Inq,3.00,A,SI 501,No
Winter 2024,70713044,043863,FA 2023,SI,612,001,Regular,Lecture,Pervasv Interact Des,3.00,A+,SI 612,No
Winter 2024,70713044,044772,FA 2022,SI,582,001,Regular,Lecture,Intro Interac Design,3.00,A,SI 582,No
Winter 2024,70713044,045771,FA 2023,SI,684,001,Regular,Seminar,Design ConsHlth Tech,3.00,A+,SI 684,No
Winter 2024,70713044,046306,FA 2023,SI,616,001,Regular,Lecture,Adv Graphic Design,3.00,A-,SI 616,No
Winter 2024,70713044,047246,FA 2022,SI,506,001,Regular,Lecture,Programming I,3.00,A,SI 506,No
Winter 2024,70713044,047901,WN 2024,SI,699,001,Regular,Lecture,MSI Mastery Courses,3.00,A,SI 699,No
Winter 2024,70713044,048129,FA 2022,SI,505,001,Scnd 7 Wk,Lecture,Career/Intern Studio,1.00,S,SI 505,No
Winter 2024,70713044,048147,WN 2023,BA,657,001,Regular,Laboratory,LBLE,3.00,A-,BA 657,Yes
Winter 2024,70713044,050159,FA 2023,SI,579,001,Regular,Lecture,Bldg Interactive App,3.00,A,SI 579,No
Winter 2024,70713044,050164,FA 2022,SI,504,001,Regular,Lecture,"Servers, Shell,&Git",1.50,A,SI 504,No
Winter 2024,71886204,009731,FA 2022,SI,580,001,Regular,Lecture,Records & Archives,3.00,A+,SI 580,No
Winter 2024,71886204,010333,FA 2023,ANTHRARC,683,002,Regular,Seminar,Topics Archaeology,3.00,B+,ANTHRARC 683,Yes
Winter 2024,71886204,021042,FA 2023,SI,647,001,Regular,Lecture,Info Resources&Serv,3.00,A,SI 647,No
Winter 2024,71886204,021045,FA 2022,SI,666,001,Regular,Lecture,Org of Inf Resources,3.00,A,SI 666,No
Winter 2024,71886204,022326,WN 2023,SI,581,001,Regular,Lecture,Pres Info Resources,3.00,A,SI 581,No
Winter 2024,71886204,038659,FA 2023,SI,519,001,Regular,Seminar,Intel Prop&Info Law,3.00,A+,SI 519,No
Winter 2024,71886204,038948,FA 2023,SI,632,001,Regular,Lecture,Appraisal & Coll Dev,3.00,A,SI 632,No
Winter 2024,71886204,039979,WN 2024,SI,623,001,Regular,Seminar,Res Meth Info Prof,3.00,A+,SI 623,No
Winter 2024,71886204,042104,FA 2022,SI,501,002,Regular,Lecture,Contextual Inq,3.00,A+,SI 501,No
Winter 2024,71886204,044772,WN 2023,SI,582,001,Regular,Lecture,Intro Interac Design,3.00,A,SI 582,No
Winter 2024,71886204,045393,WN 2024,SI,552,001,Regular,Lecture,Accessibility Intro,3.00,A,SI 552,No
Winter 2024,71886204,047246,WN 2023,SI,506,001,Regular,Lecture,Programming I,3.00,C-,SI 506,No
Winter 2024,71886204,047901,WN 2024,SI,699,028,Regular,Lecture,MSI Mastery Courses,3.00,B+,SI 699,No
Winter 2024,71886204,050028,FA 2022,SI,583,001,Regular,Lecture,Info Accountability,3.00,A,SI 583,No
Winter 2024,71886204,050162,WN 2024,SI,510,001,Regular,Lecture,Information Ethics,3.00,A-,SI 510,No
Winter 2024,71886204,050165,WN 2023,SI,585,001,Regular,Lecture,Scholarly Comm,3.00,A,SI 585,No
Winter 2024,72302073,009731,FA 2022,SI,580,001,Regular,Lecture,Records & Archives,3.00,A+,SI 580,No
Winter 2024,72302073,020803,WN 2024,SI,643,001,Regular,Lecture,Instructional Skills,3.00,A+,SI 643,No
Winter 2024,72302073,021042,FA 2023,SI,647,001,Regular,Lecture,Info Resources&Serv,3.00,B+,SI 647,No
Winter 2024,72302073,021045,FA 2022,SI,666,001,Regular,Lecture,Org of Inf Resources,3.00,A+,SI 666,No
Winter 2024,72302073,038948,FA 2023,SI,632,001,Regular,Lecture,Appraisal & Coll Dev,3.00,A,SI 632,No
Winter 2024,72302073,039979,WN 2023,SI,623,001,Regular,Seminar,Res Meth Info Prof,3.00,A,SI 623,No
Winter 2024,72302073,040667,WN 2023,SI,681,001,Regular,Seminar,Intern/Field Seminar,6.00,S,SI 681,No
Winter 2024,72302073,042104,FA 2022,SI,501,001,Regular,Lecture,Contextual Inq,3.00,A,SI 501,No
Winter 2024,72302073,047246,WN 2023,SI,506,001,Regular,Lecture,Programming I,3.00,A,SI 506,No
Winter 2024,72302073,047901,WN 2024,SI,699,028,Regular,Lecture,MSI Mastery Courses,3.00,A,SI 699,No
Winter 2024,72302073,048280,WN 2023,SI,667,001,Regular,Lecture,Digital Curation,3.00,A,SI 667,No
Winter 2024,72302073,048831,FA 2022,SI,547,001,Regular,Seminar,Engage w/Communities,3.00,A,SI 547,No
Winter 2024,72302073,050028,FA 2023,SI,583,001,Regular,Lecture,Info Accountability,3.00,A-,SI 583,No
Winter 2024,72302073,050162,WN 2023,SI,510,001,Regular,Lecture,Information Ethics,3.00,A-,SI 510,No
Winter 2024,72302073,051074,WN 2024,SI,626,001,Regular,Lecture,Manage NonProf Lib,3.00,A,SI 626,No
Winter 2024,72422702,001459,FA 2023,SI,690,440,Regular,Seminar,Intern/Field Exper,5.00,S,SI 690,No
Winter 2024,72422702,012772,WN 2024,EDUC,626,001,Regular,Seminar,Prin Soft Design,3.00,A,EDUC 626,Yes
Winter 2024,72422702,021400,FA 2023,SI,520,001,Regular,Lecture,Graphic Design,3.00,W,SI 520,No
Winter 2024,72422702,021400,WN 2024,SI,520,002,Regular,Laboratory,Graphic Design,3.00,C-,SI 520,No
Winter 2024,72422702,039081,FA 2023,SI,529,001,Regular,Lecture,Online Communities,3.00,A-,SI 529,No
Winter 2024,72422702,042104,FA 2023,SI,501,001,Regular,Lecture,Contextual Inq,3.00,B,SI 501,No
Winter 2024,72422702,042890,WN 2024,ENTR,409,001,First 7 Wk,Lecture,Intr Venture Capital,1.00,B+,ENTR 409,Yes
Winter 2024,72422702,045393,WN 2024,SI,552,001,Regular,Lecture,Accessibility Intro,3.00,A,SI 552,No
Winter 2024,72422702,047901,WN 2024,SI,699,401,Regular,Lecture,MSI Mastery Courses,3.00,A,SI 699,No
Winter 2024,72422702,048421,WN 2024,ENTR,560,001,Regular,Lecture,Proj Mgmt Consulting,3.00,B-,ENTR 560,Yes
Winter 2024,72422702,048488,WN 2024,SI,559,001,Regular,Lecture,AR/VR Intro,3.00,C-,SI 559,No
Winter 2024,72471683,001459,WN 2024,SI,690,001,Regular,Seminar,Intern/Field Exper,3.00,S,SI 690,No
Winter 2024,72471683,017281,FA 2022,SI,588,002,Regular,Lecture,Fundamntls Hum Beh,3.00,A,SI 588,No
Winter 2024,72471683,020401,WN 2023,SI,622,002,Regular,Lecture,Usab Eval & Needs,4.00,A,SI 622,No
Winter 2024,72471683,021391,WN 2024,SI,511,151,Regular,Lecture,Special Topics,1.50,A,SI 511,No
Winter 2024,72471683,039178,WN 2023,SI,539,001,Regular,Lecture,Web Design,3.00,A,SI 539,No
Winter 2024,72471683,040667,WN 2023,SI,681,001,Regular,Seminar,Intern/Field Seminar,6.00,S,SI 681,No
Winter 2024,72471683,042104,FA 2022,SI,501,002,Regular,Lecture,Contextual Inq,3.00,A,SI 501,No
Winter 2024,72471683,043863,FA 2023,SI,612,001,Regular,Lecture,Pervasv Interact Des,3.00,A+,SI 612,No
Winter 2024,72471683,044772,FA 2022,SI,582,002,Regular,Lecture,Intro Interac Design,3.00,A,SI 582,No
Winter 2024,72471683,046386,FA 2022,SI,311,150,Regular,Lecture,Spec Topics in Info,3.00,A,SI 311,No
Winter 2024,72471683,047640,FA 2023,SI,507,001,Regular,Lecture,Inter Programming,3.00,A,SI 507,No
Winter 2024,72471683,047901,WN 2024,SI,699,003,Regular,Lecture,MSI Mastery Courses,3.00,A,SI 699,No
Winter 2024,72471683,048129,FA 2022,SI,505,001,Scnd 7 Wk,Lecture,Career/Intern Studio,1.00,S,SI 505,No
Winter 2024,72471683,048487,FA 2023,SI,669,001,Regular,Lecture,Dev Mobile Exp,3.00,A,SI 669,No
Winter 2024,72471683,048488,FA 2023,SI,559,002,Regular,Lecture,AR/VR Intro,3.00,A,SI 559,No
Winter 2024,72471683,050159,WN 2023,SI,579,001,Regular,Lecture,Bldg Interactive App,3.00,A,SI 579,No
Winter 2024,72774772,009732,FA 2023,SI,650,001,Regular,Lecture,Informatn Retrieval,3.00,B+,SI 650,No
Winter 2024,72774772,020934,WN 2023,SI,649,002,Regular,Lecture,Info Visualization,3.00,A-,SI 649,No
Winter 2024,72774772,039178,FA 2022,SI,539,001,Regular,Lecture,Web Design,3.00,A+,SI 539,No
Winter 2024,72774772,040667,WN 2023,SI,681,001,Regular,Seminar,Intern/Field Seminar,6.00,S,SI 681,No
Winter 2024,72774772,041626,WN 2023,SI,664,001,Regular,Lecture,Database App Design,3.00,A,SI 664,No
Winter 2024,72774772,042091,FA 2022,SI,618,001,Regular,Lecture,Data Man & Analysis,3.00,A,SI 618,No
Winter 2024,72774772,042104,FA 2022,SI,501,002,Regular,Lecture,Contextual Inq,3.00,A,SI 501,No
Winter 2024,72774772,045930,FA 2023,SI,671,001,Regular,Lecture,Data Mining,3.00,B+,SI 671,No
Winter 2024,72774772,047640,FA 2022,SI,507,001,Regular,Lecture,Inter Programming,3.00,A,SI 507,No
Winter 2024,72774772,047901,WN 2024,SI,699,205,Regular,Lecture,MSI Mastery Courses,3.00,A+,SI 699,No
Winter 2024,72774772,048500,FA 2023,SI,670,001,Regular,Lecture,Appld Machine Learng,3.00,B,SI 670,No
Winter 2024,72774772,049601,FA 2022,SI,564,001,Regular,Lecture,SQL & Databases,1.50,A,SI 564,No
Winter 2024,72774772,050159,WN 2023,SI,579,001,Regular,Lecture,Bldg Interactive App,3.00,A,SI 579,No
Winter 2024,72774772,050164,FA 2022,SI,504,001,Regular,Lecture,"Servers, Shell,&Git",1.50,A-,SI 504,No
Winter 2024,72774772,050663,WN 2023,SI,568,001,Regular,Lecture,Intro Appld Data Sci,3.00,A,SI 568,No
Winter 2024,72774772,050983,WN 2023,SI,602,001,Regular,Lecture,Math for ApplDataSci,3.00,A,SI 602,No
Winter 2024,72821415,001459,WN 2024,SI,690,001,Regular,Seminar,Intern/Field Exper,4.00,S,SI 690,No
Winter 2024,72821415,016607,FA 2023,SI,544,001,Regular,Lecture,Intr Stat&Data Analy,3.00,A+,SI 544,No
Winter 2024,72821415,017281,FA 2022,SI,588,002,Regular,Lecture,Fundamntls Hum Beh,3.00,A,SI 588,No
Winter 2024,72821415,020401,WN 2023,SI,622,001,Regular,Lecture,Usab Eval & Needs,4.00,A,SI 622,No
Winter 2024,72821415,020934,WN 2024,SI,649,002,Regular,Lecture,Info Visualization,3.00,A+,SI 649,No
Winter 2024,72821415,039178,WN 2023,SI,539,001,Regular,Lecture,Web Design,3.00,A+,SI 539,No
Winter 2024,72821415,041626,FA 2023,SI,664,001,Regular,Lecture,Database App Design,3.00,A,SI 664,No
Winter 2024,72821415,042104,FA 2022,SI,501,001,Regular,Lecture,Contextual Inq,3.00,A+,SI 501,No
Winter 2024,72821415,044772,FA 2022,SI,582,003,Regular,Lecture,Intro Interac Design,3.00,A+,SI 582,No
Winter 2024,72821415,047246,FA 2022,SI,506,001,Regular,Lecture,Programming I,3.00,A,SI 506,No
Winter 2024,72821415,047640,WN 2023,SI,507,001,Regular,Lecture,Inter Programming,3.00,A,SI 507,No
Winter 2024,72821415,047901,WN 2024,SI,699,003,Regular,Lecture,MSI Mastery Courses,3.00,A,SI 699,No
Winter 2024,72821415,048129,WN 2023,SI,505,001,First 7 Wk,Lecture,Career/Intern Studio,1.00,S,SI 505,No
Winter 2024,72821415,048268,WN 2024,SI,630,001,Regular,Lecture,NLP Algorithm People,3.00,A,SI 630,No
Winter 2024,72821415,048487,FA 2023,SI,669,001,Regular,Lecture,Dev Mobile Exp,3.00,A+,SI 669,No
Winter 2024,72821415,050159,WN 2023,SI,579,001,Regular,Lecture,Bldg Interactive App,3.00,A,SI 579,No
Winter 2024,72821415,050164,WN 2023,SI,504,001,Regular,Lecture,"Servers, Shell,&Git",1.50,A+,SI 504,No
Winter 2024,73735865,001459,FA 2023,SI,690,460,Regular,Seminar,Intern/Field Exper,3.00,S,SI 690,No
Winter 2024,73735865,001459,WN 2024,SI,690,001,Regular,Seminar,Intern/Field Exper,6.00,S,SI 690,No
Winter 2024,73735865,016607,FA 2022,SI,544,001,Regular,Lecture,Intr Stat&Data Analy,3.00,A,SI 544,No
Winter 2024,73735865,017281,FA 2023,SI,588,002,Regular,Lecture,Fundamntls Hum Beh,3.00,A,SI 588,No
Winter 2024,73735865,017540,WN 2024,TO,566,001,First 7 Wk,Recitation,Dat Mine Regr Analys,1.50,B,TO 566,Yes
Winter 2024,73735865,020401,WN 2023,SI,622,001,Regular,Lecture,Usab Eval & Needs,4.00,A,SI 622,No
Winter 2024,73735865,022099,WN 2024,SI,658,001,Regular,Lecture,Info Architecture,3.00,A+,SI 658,No
Winter 2024,73735865,039178,WN 2023,SI,539,001,Regular,Lecture,Web Design,3.00,B,SI 539,No
Winter 2024,73735865,041626,FA 2023,SI,664,001,Regular,Lecture,Database App Design,3.00,A,SI 664,No
Winter 2024,73735865,042104,FA 2022,SI,501,001,Regular,Lecture,Contextual Inq,3.00,A,SI 501,No
Winter 2024,73735865,044772,FA 2022,SI,582,005,Regular,Lecture,Intro Interac Design,3.00,A,SI 582,No
Winter 2024,73735865,047246,FA 2022,SI,506,001,Regular,Lecture,Programming I,3.00,A,SI 506,No
Winter 2024,73735865,047901,WN 2024,SI,699,003,Regular,Lecture,MSI Mastery Courses,3.00,A-,SI 699,No
Winter 2024,73735865,048421,WN 2024,ENTR,560,002,Regular,Lecture,Proj Mgmt Consulting,3.00,A,ENTR 560,Yes
Winter 2024,73735865,050159,WN 2023,SI,579,001,Regular,Lecture,Bldg Interactive App,3.00,W,SI 579,No
Winter 2024,73735865,050159,FA 2023,SI,579,001,Regular,Lecture,Bldg Interactive App,3.00,A,SI 579,No
Winter 2024,73735865,050164,WN 2023,SI,504,001,Regular,Lecture,"Servers, Shell,&Git",1.50,I,SI 504,No
Winter 2024,73735865,050164,FA 2023,SI,504,001,Regular,Lecture,"Servers, Shell,&Git",1.50,A,SI 504,No
Winter 2024,73757463,017281,FA 2023,SI,588,001,Regular,Lecture,Fundamntls Hum Beh,3.00,A,SI 588,No
Winter 2024,73757463,020401,WN 2023,SI,622,002,Regular,Lecture,Usab Eval & Needs,4.00,A,SI 622,No
Winter 2024,73757463,020934,WN 2023,SI,649,002,Regular,Lecture,Info Visualization,3.00,A-,SI 649,No
Winter 2024,73757463,021400,WN 2023,SI,520,004,Regular,Laboratory,Graphic Design,3.00,A,SI 520,No
Winter 2024,73757463,039081,FA 2023,SI,529,001,Regular,Lecture,Online Communities,3.00,A-,SI 529,No
Winter 2024,73757463,039178,FA 2022,SI,539,001,Regular,Lecture,Web Design,3.00,A+,SI 539,No
Winter 2024,73757463,041626,FA 2022,SI,664,001,Regular,Lecture,Database App Design,3.00,A,SI 664,No
Winter 2024,73757463,042071,FA 2023,SI,563,001,Regular,Lecture,Game Theory,3.00,A-,SI 563,No
Winter 2024,73757463,042104,FA 2022,SI,501,002,Regular,Lecture,Contextual Inq,3.00,A,SI 501,No
Winter 2024,73757463,044772,FA 2022,SI,582,002,Regular,Lecture,Intro Interac Design,3.00,A+,SI 582,No
Winter 2024,73757463,045393,FA 2023,SI,552,001,Regular,Lecture,Accessibility Intro,3.00,A-,SI 552,No
Winter 2024,73757463,045687,FA 2023,SI,538,001,Regular,Seminar,Citizen Inter Design,4.00,A,SI 538,No
Winter 2024,73757463,047901,WN 2024,SI,699,001,Regular,Lecture,MSI Mastery Courses,3.00,A+,SI 699,No
Winter 2024,73757463,048129,FA 2022,SI,505,001,Scnd 7 Wk,Lecture,Career/Intern Studio,1.00,S,SI 505,No
Winter 2024,73757463,048486,WN 2024,SI,659,001,Regular,Lecture,AR/VR Advanced,3.00,A,SI 659,No
Winter 2024,73757463,050159,WN 2023,SI,579,001,Regular,Lecture,Bldg Interactive App,3.00,A,SI 579,No
Winter 2024,73834983,012772,WN 2024,SI,548,001,Regular,Seminar,Prin Soft Design,3.00,A,SI 548,No
Winter 2024,73834983,017281,FA 2023,SI,588,001,Regular,Lecture,Fundamntls Hum Beh,3.00,A-,SI 588,No
Winter 2024,73834983,020401,WN 2023,SI,622,002,Regular,Lecture,Usab Eval & Needs,4.00,A,SI 622,No
Winter 2024,73834983,021391,WN 2024,SI,511,073,Regular,Lecture,Special Topics,3.00,A,SI 511,No
Winter 2024,73834983,021391,WN 2024,SI,511,151,Regular,Lecture,Special Topics,1.50,A+,SI 511,No
Winter 2024,73834983,021400,FA 2022,SI,520,002,Regular,Lecture,Graphic Design,3.00,W,SI 520,No
Winter 2024,73834983,021400,FA 2023,SI,520,001,Regular,Lecture,Graphic Design,3.00,B+,SI 520,No
Winter 2024,73834983,022099,WN 2023,SI,658,001,Regular,Lecture,Info Architecture,3.00,A,SI 658,No
Winter 2024,73834983,039178,WN 2023,SI,539,001,Regular,Lecture,Web Design,3.00,B,SI 539,No
Winter 2024,73834983,042104,FA 2022,SI,501,002,Regular,Lecture,Contextual Inq,3.00,A+,SI 501,No
Winter 2024,73834983,043210,FA 2023,SI,534,001,Regular,Lecture,Theories Soc Influen,3.00,A-,SI 534,No
Winter 2024,73834983,043863,FA 2023,SI,612,002,Regular,Lecture,Pervasv Interact Des,3.00,A-,SI 612,No
Winter 2024,73834983,044772,FA 2022,SI,582,002,Regular,Lecture,Intro Interac Design,3.00,A,SI 582,No
Winter 2024,73834983,046306,WN 2024,SI,616,001,Regular,Lecture,Adv Graphic Design,3.00,B+,SI 616,No
Winter 2024,73834983,047246,FA 2022,SI,506,001,Regular,Lecture,Programming I,3.00,W,SI 506,No
Winter 2024,73834983,047246,WN 2023,SI,506,001,Regular,Lecture,Programming I,3.00,B+,SI 506,No
Winter 2024,73834983,047901,WN 2024,SI,699,401,Regular,Lecture,MSI Mastery Courses,3.00,A+,SI 699,No
Winter 2024,73834983,048129,WN 2023,SI,505,001,First 7 Wk,Lecture,Career/Intern Studio,1.00,S,SI 505,No
Winter 2024,73834983,049776,SS 2023,SW,663,001,Regular,Lecture,Fundr & Grant Writng,3.00,A,SW 663,Yes
Winter 2024,73834983,049834,SP 2023,SI,591,101,Regular,Lecture,Humanitarian Innov,3.00,A-,SI 591,No
Winter 2024,74957450,001459,FA 2022,SI,690,410,Regular,Seminar,Intern/Field Exper,2.00,S,SI 690,No
Winter 2024,74957450,016607,FA 2021,SI,544,001,Regular,Lecture,Intr Stat&Data Analy,3.00,A,SI 544,No
Winter 2024,74957450,017537,WN 2024,MO,615,001,Regular,Recitation,Lead w/out Authority,3.00,W,MO 615,Yes
Winter 2024,74957450,020934,WN 2022,SI,649,001,Regular,Lecture,Info Visualization,3.00,B-,SI 649,No
Winter 2024,74957450,040667,WN 2022,SI,681,001,Regular,Seminar,Intern/Field Seminar,6.00,S,SI 681,No
Winter 2024,74957450,041626,FA 2023,SI,664,001,Regular,Lecture,Database App Design,3.00,A,SI 664,No
Winter 2024,74957450,041934,FA 2023,SI,608,001,Regular,Lecture,Networks,3.00,B,SI 608,No
Winter 2024,74957450,042091,WN 2022,SI,618,001,Regular,Lecture,Data Man & Analysis,3.00,C-,SI 618,No
Winter 2024,74957450,042104,FA 2021,SI,501,001,Regular,Lecture,Contextual Inq,3.00,B+,SI 501,No
Winter 2024,74957450,044798,WN 2024,ENTR,599,344,Regular,Lecture,Spec Topics Entr,3.00,A,ENTR 599,Yes
Winter 2024,74957450,045930,FA 2022,SI,671,001,Regular,Lecture,Data Mining,3.00,I,SI 671,No
Winter 2024,74957450,045930,FA 2023,SI,671,001,Regular,Lecture,Data Mining,3.00,B-,SI 671,No
Winter 2024,74957450,047228,FA 2022,ENTR,500,002,Regular,Lecture,Intro to Innovation,3.00,D-,ENTR 500,Yes
Winter 2024,74957450,047228,WN 2023,ENTR,500,002,Regular,Lecture,Intro to Innovation,3.00,NR,ENTR 500,Yes
Winter 2024,74957450,047228,FA 2023,ENTR,500,002,Regular,Lecture,Intro to Innovation,3.00,A,ENTR 500,Yes
Winter 2024,74957450,047246,FA 2021,SI,506,001,Regular,Lecture,Programming I,3.00,A,SI 506,No
Winter 2024,74957450,047304,WN 2023,ENTR,550,001,Regular,Lecture,Interpersonal Skills,3.00,B+,ENTR 550,Yes
Winter 2024,74957450,047640,WN 2022,SI,507,001,Regular,Lecture,Inter Programming,3.00,B,SI 507,No
Winter 2024,74957450,047641,WN 2024,SI,540,001,Regular,Lecture,Privacy in Info Tech,3.00,A,SI 540,No
Winter 2024,74957450,047870,WN 2024,URP,535,001,Regular,Seminar,Intro to Urbn Inform,3.00,W,URP 535,Yes
Winter 2024,74957450,047901,WN 2023,SI,699,205,Regular,Lecture,MSI Mastery Courses,3.00,NR,SI 699,No
Winter 2024,74957450,047901,WN 2024,SI,699,005,Regular,Lecture,MSI Mastery Courses,3.00,A,SI 699,No
Winter 2024,74957450,048129,WN 2023,SI,505,001,First 7 Wk,Lecture,Career/Intern Studio,1.00,S,SI 505,No
Winter 2024,74957450,048268,WN 2023,SI,630,001,Regular,Lecture,NLP Algorithm People,3.00,NR,SI 630,No
Winter 2024,74957450,048421,FA 2023,ENTR,560,002,Regular,Lecture,Proj Mgmt Consulting,3.00,A-,ENTR 560,Yes
Winter 2024,74957450,048500,FA 2022,SI,670,001,Regular,Lecture,Appld Machine Learng,3.00,E,SI 670,No
Winter 2024,74957450,048870,FA 2023,STATS,507,001,Regular,Lecture,Data Sci in Python,3.00,NR,STATS 507,Yes
Winter 2024,74957450,049601,FA 2021,SI,564,001,Regular,Lecture,SQL & Databases,1.50,A,SI 564,No
Winter 2024,74957450,050164,FA 2021,SI,504,001,Regular,Lecture,"Servers, Shell,&Git",1.50,A-,SI 504,No
Winter 2024,74957450,050663,WN 2022,SI,568,001,Regular,Lecture,Intro Appld Data Sci,3.00,C,SI 568,No
Winter 2024,74959836,020401,WN 2023,SI,622,002,Regular,Lecture,Usab Eval & Needs,4.00,A,SI 622,No
Winter 2024,74959836,022099,WN 2023,SI,658,001,Regular,Lecture,Info Architecture,3.00,A,SI 658,No
Winter 2024,74959836,039178,WN 2023,SI,539,001,Regular,Lecture,Web Design,3.00,A,SI 539,No
Winter 2024,74959836,040667,WN 2023,SI,681,001,Regular,Seminar,Intern/Field Seminar,6.00,S,SI 681,No
Winter 2024,74959836,041855,FA 2023,SI,631,001,Regular,Lecture,Agile Softwar Dev,1.50,A,SI 631,No
Winter 2024,74959836,042104,FA 2022,SI,501,001,Regular,Lecture,Contextual Inq,3.00,A,SI 501,No
Winter 2024,74959836,044772,FA 2022,SI,582,005,Regular,Lecture,Intro Interac Design,3.00,A+,SI 582,No
Winter 2024,74959836,044798,FA 2023,ENTR,599,021,Regular,Lecture,Spec Topics Entr,3.00,A,ENTR 599,Yes
Winter 2024,74959836,045393,FA 2023,SI,552,001,Regular,Lecture,Accessibility Intro,3.00,A,SI 552,No
Winter 2024,74959836,045687,WN 2023,SI,538,001,Regular,Seminar,Citizen Inter Design,4.00,A,SI 538,No
Winter 2024,74959836,046306,FA 2022,SI,616,001,Regular,Lecture,Adv Graphic Design,3.00,A-,SI 616,No
Winter 2024,74959836,047246,FA 2022,SI,506,001,Regular,Lecture,Programming I,3.00,A,SI 506,No
Winter 2024,74959836,047901,WN 2024,SI,699,401,Regular,Lecture,MSI Mastery Courses,3.00,A+,SI 699,No
Winter 2024,74959836,048129,WN 2023,SI,505,001,First 7 Wk,Lecture,Career/Intern Studio,1.00,S,SI 505,No
Winter 2024,74959836,048421,FA 2023,ENTR,560,001,Regular,Lecture,Proj Mgmt Consulting,3.00,A,ENTR 560,Yes
Winter 2024,74959836,048488,FA 2023,SI,559,001,Regular,Lecture,AR/VR Intro,3.00,A,SI 559,No
Winter 2024,75418976,017281,FA 2022,SI,588,002,Regular,Lecture,Fundamntls Hum Beh,3.00,A,SI 588,No
Winter 2024,75418976,017533,FA 2023,MO,512,005,Scnd 7 Wk,Recitation,Bargain&Infl Skills,2.25,B,MO 512,Yes
Winter 2024,75418976,020401,WN 2023,SI,622,002,Regular,Lecture,Usab Eval & Needs,4.00,A,SI 622,No
Winter 2024,75418976,020934,WN 2023,SI,649,001,Regular,Lecture,Info Visualization,3.00,A-,SI 649,No
Winter 2024,75418976,021391,WN 2024,SI,511,151,Regular,Lecture,Special Topics,1.50,A,SI 511,No
Winter 2024,75418976,040667,WN 2023,SI,681,001,Regular,Seminar,Intern/Field Seminar,6.00,S,SI 681,No
Winter 2024,75418976,042104,FA 2022,SI,501,002,Regular,Lecture,Contextual Inq,3.00,A,SI 501,No
Winter 2024,75418976,043863,FA 2023,SI,612,001,Regular,Lecture,Pervasv Interact Des,3.00,A,SI 612,No
Winter 2024,75418976,044772,FA 2022,SI,582,002,Regular,Lecture,Intro Interac Design,3.00,A,SI 582,No
Winter 2024,75418976,045771,FA 2023,SI,684,001,Regular,Seminar,Design ConsHlth Tech,3.00,A+,SI 684,No
Winter 2024,75418976,046306,FA 2022,SI,616,001,Regular,Lecture,Adv Graphic Design,3.00,A,SI 616,No
Winter 2024,75418976,047901,FA 2023,SI,699,001,Regular,Lecture,MSI Mastery Courses,3.00,A,SI 699,No
Winter 2024,75418976,048129,FA 2022,SI,505,001,Scnd 7 Wk,Lecture,Career/Intern Studio,1.00,S,SI 505,No
Winter 2024,75418976,048147,WN 2023,BA,657,001,Regular,Laboratory,LBLE,3.00,A,BA 657,Yes
Winter 2024,75418976,050136,WN 2023,UARTS,560,116,Regular,Laboratory,Grad ArtsEng Proj,2.00,A,UARTS 560,Yes
Winter 2024,75418976,050136,FA 2023,UARTS,560,116,Regular,Laboratory,Grad ArtsEng Proj,2.00,A,UARTS 560,Yes
Winter 2024,75418976,050159,FA 2023,SI,579,001,Regular,Lecture,Bldg Interactive App,3.00,B+,SI 579,No
Winter 2024,76031127,017281,FA 2022,SI,588,001,Regular,Lecture,Fundamntls Hum Beh,3.00,A,SI 588,No
Winter 2024,76031127,019903,FA 2023,TO,548,001,Regular,Recitation,Integ Pro Dev,3.00,A-,TO 548,Yes
Winter 2024,76031127,020379,FA 2023,IOE,548,001,Regular,Lecture,Int Prod Dev,3.00,A,IOE 548,Yes
Winter 2024,76031127,020401,WN 2023,SI,622,002,Regular,Lecture,Usab Eval & Needs,4.00,A,SI 622,No
Winter 2024,76031127,022099,WN 2023,SI,658,001,Regular,Lecture,Info Architecture,3.00,A,SI 658,No
Winter 2024,76031127,039178,FA 2022,SI,539,001,Regular,Lecture,Web Design,3.00,A,SI 539,No
Winter 2024,76031127,040667,WN 2023,SI,681,001,Regular,Seminar,Intern/Field Seminar,6.00,S,SI 681,No
Winter 2024,76031127,042104,FA 2022,SI,501,002,Regular,Lecture,Contextual Inq,3.00,A,SI 501,No
Winter 2024,76031127,043863,WN 2023,SI,612,002,Regular,Lecture,Pervasv Interact Des,3.00,A,SI 612,No
Winter 2024,76031127,044772,FA 2022,SI,582,002,Regular,Lecture,Intro Interac Design,3.00,A,SI 582,No
Winter 2024,76031127,047892,WN 2024,SI,605,002,Regular,Laboratory,Interdisc Prob Solv,3.00,A,SI 605,No
Winter 2024,76031127,047901,WN 2024,SI,699,203,Regular,Lecture,MSI Mastery Courses,3.00,A,SI 699,No
Winter 2024,76031127,048487,FA 2023,SI,669,001,Regular,Lecture,Dev Mobile Exp,3.00,A+,SI 669,No
Winter 2024,76031127,048488,FA 2023,SI,559,003,Regular,Lecture,AR/VR Intro,3.00,A,SI 559,No
Winter 2024,76031127,049417,WN 2023,BA,670,001,Regular,Recitation,+Impact Studio,3.00,A,BA 670,Yes
Winter 2024,76259359,001459,FA 2023,SI,690,440,Regular,Seminar,Intern/Field Exper,6.00,S,SI 690,No
Winter 2024,76259359,021391,WN 2024,SI,511,073,Regular,Lecture,Special Topics,3.00,A,SI 511,No
Winter 2024,76259359,039081,FA 2023,SI,529,001,Regular,Lecture,Online Communities,3.00,A,SI 529,No
Winter 2024,76259359,042104,FA 2023,SI,501,001,Regular,Lecture,Contextual Inq,3.00,A,SI 501,No
Winter 2024,76259359,043863,FA 2023,SI,612,002,Regular,Lecture,Pervasv Interact Des,3.00,A+,SI 612,No
Winter 2024,76259359,045393,FA 2023,SI,552,001,Regular,Lecture,Accessibility Intro,3.00,A+,SI 552,No
Winter 2024,76259359,047641,WN 2024,SI,540,001,Regular,Lecture,Privacy in Info Tech,3.00,A,SI 540,No
Winter 2024,76259359,047901,WN 2024,SI,699,601,Regular,Lecture,MSI Mastery Courses,3.00,A+,SI 699,No
Winter 2024,76259359,048421,WN 2024,ENTR,560,001,Regular,Lecture,Proj Mgmt Consulting,3.00,A,ENTR 560,Yes
Winter 2024,76288408,009731,FA 2022,SI,580,001,Regular,Lecture,Records & Archives,3.00,A,SI 580,No
Winter 2024,76288408,020803,WN 2024,SI,643,001,Regular,Lecture,Instructional Skills,3.00,A+,SI 643,No
Winter 2024,76288408,021042,FA 2023,SI,647,001,Regular,Lecture,Info Resources&Serv,3.00,A,SI 647,No
Winter 2024,76288408,021045,FA 2022,SI,666,001,Regular,Lecture,Org of Inf Resources,3.00,A,SI 666,No
Winter 2024,76288408,038948,FA 2023,SI,632,001,Regular,Lecture,Appraisal & Coll Dev,3.00,A,SI 632,No
Winter 2024,76288408,039979,WN 2023,SI,623,001,Regular,Seminar,Res Meth Info Prof,3.00,A+,SI 623,No
Winter 2024,76288408,040667,WN 2023,SI,681,001,Regular,Seminar,Intern/Field Seminar,3.00,S,SI 681,No
Winter 2024,76288408,042104,FA 2022,SI,501,001,Regular,Lecture,Contextual Inq,3.00,A+,SI 501,No
Winter 2024,76288408,047246,FA 2022,SI,506,001,Regular,Lecture,Programming I,3.00,A-,SI 506,No
Winter 2024,76288408,047901,WN 2024,SI,699,028,Regular,Lecture,MSI Mastery Courses,3.00,A,SI 699,No
Winter 2024,76288408,048280,WN 2023,SI,667,001,Regular,Lecture,Digital Curation,3.00,B-,SI 667,No
Winter 2024,76288408,050028,FA 2023,SI,583,001,Regular,Lecture,Info Accountability,3.00,A,SI 583,No
Winter 2024,76288408,050162,WN 2023,SI,510,001,Regular,Lecture,Information Ethics,3.00,A+,SI 510,No
Winter 2024,76288408,050163,FA 2023,SI,633,001,Regular,Lecture,Assesmnt Cultrl Inst,3.00,A,SI 633,No
Winter 2024,76288408,050165,WN 2023,SI,585,001,Regular,Lecture,Scholarly Comm,3.00,A,SI 585,No
Winter 2024,76288408,051074,WN 2024,SI,626,001,Regular,Lecture,Manage NonProf Lib,3.00,B+,SI 626,No
Winter 2024,76452394,001459,FA 2023,SI,690,460,Regular,Seminar,Intern/Field Exper,2.00,S,SI 690,No
Winter 2024,76452394,017281,FA 2022,SI,588,002,Regular,Lecture,Fundamntls Hum Beh,3.00,A,SI 588,No
Winter 2024,76452394,020401,WN 2023,SI,622,002,Regular,Lecture,Usab Eval & Needs,4.00,A,SI 622,No
Winter 2024,76452394,021391,WN 2024,SI,511,151,Regular,Lecture,Special Topics,1.50,A+,SI 511,No
Winter 2024,76452394,022099,WN 2023,SI,658,001,Regular,Lecture,Info Architecture,3.00,A+,SI 658,No
Winter 2024,76452394,039178,WN 2023,SI,539,001,Regular,Lecture,Web Design,3.00,A+,SI 539,No
Winter 2024,76452394,040667,WN 2023,SI,681,001,Regular,Seminar,Intern/Field Seminar,6.00,S,SI 681,No
Winter 2024,76452394,042104,FA 2022,SI,501,002,Regular,Lecture,Contextual Inq,3.00,A+,SI 501,No
Winter 2024,76452394,043210,FA 2023,SI,534,001,Regular,Lecture,Theories Soc Influen,3.00,A+,SI 534,No
Winter 2024,76452394,043863,WN 2023,SI,612,002,Regular,Lecture,Pervasv Interact Des,3.00,A,SI 612,No
Winter 2024,76452394,044772,FA 2022,SI,582,005,Regular,Lecture,Intro Interac Design,3.00,A,SI 582,No
Winter 2024,76452394,045393,FA 2023,SI,552,001,Regular,Lecture,Accessibility Intro,3.00,A+,SI 552,No
Winter 2024,76452394,045687,FA 2023,SI,538,001,Regular,Seminar,Citizen Inter Design,4.00,A,SI 538,No
Winter 2024,76452394,046306,FA 2023,SI,616,001,Regular,Lecture,Adv Graphic Design,3.00,A,SI 616,No
Winter 2024,76452394,047246,FA 2022,SI,506,001,Regular,Lecture,Programming I,3.00,A,SI 506,No
Winter 2024,76452394,047901,WN 2024,SI,699,001,Regular,Lecture,MSI Mastery Courses,3.00,A+,SI 699,No
Winter 2024,76527438,005504,FA 2024,HISTORY,642,001,Regular,Recitation,PreMod European Hist,3.00,B+,HISTORY 642,Yes
Winter 2024,76527438,009731,FA 2022,SI,580,001,Regular,Lecture,Records & Archives,3.00,A,SI 580,No
Winter 2024,76527438,021045,FA 2024,SI,666,001,Regular,Lecture,Org of Inf Resources,3.00,A,SI 666,No
Winter 2024,76527438,022326,WN 2024,SI,581,001,Regular,Lecture,Pres Info Resources,3.00,B+,SI 581,No
Winter 2024,76527438,038948,FA 2023,SI,632,001,Regular,Lecture,Appraisal & Coll Dev,3.00,A,SI 632,No
Winter 2024,76527438,039979,WN 2023,SI,623,001,Regular,Seminar,Res Meth Info Prof,3.00,A-,SI 623,No
Winter 2024,76527438,040667,WN 2023,SI,681,001,Regular,Seminar,Intern/Field Seminar,3.00,S,SI 681,No
Winter 2024,76527438,042104,FA 2022,SI,501,001,Regular,Lecture,Contextual Inq,3.00,A,SI 501,No
Winter 2024,76527438,045393,FA 2024,SI,552,002,Regular,Lecture,Accessibility Intro,3.00,A-,SI 552,No
Winter 2024,76527438,047246,FA 2022,SI,506,001,Regular,Lecture,Programming I,3.00,A,SI 506,No
Winter 2024,76527438,047901,WN 2024,SI,699,028,Regular,Lecture,MSI Mastery Courses,3.00,B,SI 699,No
Winter 2024,76527438,048280,WN 2023,SI,667,001,Regular,Lecture,Digital Curation,3.00,A,SI 667,No
Winter 2024,76527438,050028,FA 2023,SI,583,001,Regular,Lecture,Info Accountability,3.00,A-,SI 583,No
Winter 2024,76527438,050162,WN 2024,SI,510,001,Regular,Lecture,Information Ethics,3.00,A,SI 510,No
Winter 2024,76527438,050163,FA 2023,SI,633,001,Regular,Lecture,Assesmnt Cultrl Inst,3.00,A,SI 633,No
Winter 2024,76527438,050165,WN 2023,SI,585,001,Regular,Lecture,Scholarly Comm,3.00,A,SI 585,No
Winter 2024,76653762,016607,FA 2021,SI,544,001,Regular,Lecture,Intr Stat&Data Analy,3.00,A+,SI 544,No
Winter 2024,76653762,017005,WN 2024,STRATEGY,503,001,First 7 Wk,Recitation,Compet Glob Bus Env,1.50,A,STRATEGY 503,Yes
Winter 2024,76653762,017860,WN 2024,STRATEGY,669,002,First 7 Wk,Recitation,Advanced Strategy,2.25,A,STRATEGY 669,Yes
Winter 2024,76653762,019169,WN 2024,MKT,603,002,Scnd 7 Wk,Recitation,Strategic Brand Mgt,2.25,A,MKT 603,Yes
Winter 2024,76653762,020343,FA 2021,BL,509,003,Scnd 7 Wk,Recitation,Intellect Prop Law,2.25,A-,BL 509,Yes
Winter 2024,76653762,020401,WN 2022,SI,622,001,Regular,Lecture,Usab Eval & Needs,4.00,A,SI 622,No
Winter 2024,76653762,039979,WN 2022,SI,623,001,Regular,Seminar,Res Meth Info Prof,3.00,A,SI 623,No
Winter 2024,76653762,040667,WN 2022,SI,681,001,Regular,Seminar,Intern/Field Seminar,6.00,S,SI 681,No
Winter 2024,76653762,042104,FA 2021,SI,501,002,Regular,Lecture,Contextual Inq,3.00,A,SI 501,No
Winter 2024,76653762,044772,WN 2022,SI,582,001,Regular,Lecture,Intro Interac Design,3.00,A+,SI 582,No
Winter 2024,76653762,047246,FA 2021,SI,506,001,Regular,Lecture,Programming I,3.00,A,SI 506,No
Winter 2024,76653762,048147,WN 2022,BA,657,001,Regular,Laboratory,LBLE,3.00,A,BA 657,Yes
Winter 2024,76653762,049040,WN 2024,SI,698,091,Regular,Seminar,Master's Thesis 2,3.00,A-,SI 698,No
Winter 2024,76653762,049070,WN 2024,TO,638,001,Regular,Recitation,FinTech Innovations,3.00,A-,TO 638,Yes
Winter 2024,76653762,049365,WN 2024,SI,697,091,Regular,Seminar,Master's Thesis 1,3.00,S,SI 697,No
Winter 2024,76653762,051469,WN 2024,TO,538,001,First 7 Wk,Recitation,Generative AI,1.50,A-,TO 538,Yes
Winter 2024,76787011,017281,FA 2022,SI,588,002,Regular,Lecture,Fundamntls Hum Beh,3.00,A-,SI 588,No
Winter 2024,76787011,019903,FA 2023,TO,548,001,Regular,Recitation,Integ Pro Dev,3.00,A,TO 548,Yes
Winter 2024,76787011,020379,FA 2023,IOE,548,001,Regular,Lecture,Int Prod Dev,3.00,A,IOE 548,Yes
Winter 2024,76787011,020401,WN 2023,SI,622,001,Regular,Lecture,Usab Eval & Needs,4.00,A,SI 622,No
Winter 2024,76787011,020803,WN 2024,SI,643,001,Regular,Lecture,Instructional Skills,3.00,A-,SI 643,No
Winter 2024,76787011,022099,WN 2023,SI,658,001,Regular,Lecture,Info Architecture,3.00,A,SI 658,No
Winter 2024,76787011,039081,WN 2024,SI,529,001,Regular,Lecture,Online Communities,3.00,B+,SI 529,No
Winter 2024,76787011,039178,WN 2023,SI,539,001,Regular,Lecture,Web Design,3.00,A,SI 539,No
Winter 2024,76787011,042104,FA 2022,SI,501,001,Regular,Lecture,Contextual Inq,3.00,A,SI 501,No
Winter 2024,76787011,044772,FA 2022,SI,582,002,Regular,Lecture,Intro Interac Design,3.00,A,SI 582,No
Winter 2024,76787011,045393,FA 2023,SI,552,001,Regular,Lecture,Accessibility Intro,3.00,C+,SI 552,No
Winter 2024,76787011,047246,FA 2022,SI,506,001,Regular,Lecture,Programming I,3.00,B+,SI 506,No
Winter 2024,76787011,047901,WN 2024,SI,699,501,Regular,Lecture,MSI Mastery Courses,3.00,A-,SI 699,No
Winter 2024,76787011,048831,FA 2023,SI,547,001,Regular,Seminar,Engage w/Communities,3.00,A-,SI 547,No
Winter 2024,76787011,049834,WN 2024,SI,591,001,Regular,Lecture,Humanitarian Innov,3.00,A,SI 591,No
Winter 2024,76787011,050162,WN 2023,SI,510,001,Regular,Lecture,Information Ethics,3.00,A,SI 510,No
Winter 2024,77210558,017281,FA 2023,SI,588,002,Regular,Lecture,Fundamntls Hum Beh,3.00,A,SI 588,No
Winter 2024,77210558,020934,WN 2024,SI,649,001,Regular,Lecture,Info Visualization,3.00,A,SI 649,No
Winter 2024,77210558,021391,FA 2024,SI,511,155,Regular,Lecture,Special Topics,3.00,A,SI 511,No
Winter 2024,77210558,039178,FA 2023,SI,539,001,Regular,Lecture,Web Design,3.00,A,SI 539,No
Winter 2024,77210558,040667,WN 2024,SI,681,001,Regular,Seminar,Intern/Field Seminar,6.00,S,SI 681,No
Winter 2024,77210558,041626,WN 2024,SI,664,001,Regular,Lecture,Database App Design,3.00,A,SI 664,No
Winter 2024,77210558,041934,FA 2024,SI,608,001,Regular,Lecture,Networks,3.00,A,SI 608,No
Winter 2024,77210558,042071,FA 2023,SI,563,001,Regular,Lecture,Game Theory,3.00,B-,SI 563,No
Winter 2024,77210558,042091,WN 2024,SI,618,001,Regular,Lecture,Data Man & Analysis,3.00,A,SI 618,No
Winter 2024,77210558,042104,FA 2023,SI,501,002,Regular,Lecture,Contextual Inq,3.00,A+,SI 501,No
Winter 2024,77210558,044798,FA 2024,ENTR,599,050,Regular,Lecture,Spec Topics Entr,2.00,A+,ENTR 599,Yes
Winter 2024,77210558,045930,FA 2024,SI,671,001,Regular,Lecture,Data Mining,3.00,B,SI 671,No
Winter 2024,77210558,047640,FA 2023,SI,507,001,Regular,Lecture,Inter Programming,3.00,A,SI 507,No
Winter 2024,77210558,047901,FA 2024,SI,699,005,Regular,Lecture,MSI Mastery Courses,3.00,A-,SI 699,No
Winter 2024,77210558,050663,WN 2024,SI,568,001,Regular,Lecture,Intro Appld Data Sci,1.50,A-,SI 568,No
Winter 2024,77210558,050983,WN 2024,SI,602,001,Regular,Lecture,Math for ApplDataSci,3.00,B+,SI 602,No
Winter 2024,77297827,017281,FA 2022,SI,588,001,Regular,Lecture,Fundamntls Hum Beh,3.00,A-,SI 588,No
Winter 2024,77297827,020401,WN 2023,SI,622,001,Regular,Lecture,Usab Eval & Needs,4.00,A,SI 622,No
Winter 2024,77297827,021391,WN 2024,SI,511,073,Regular,Lecture,Special Topics,3.00,A,SI 511,No
Winter 2024,77297827,021400,WN 2023,SI,520,002,Regular,Laboratory,Graphic Design,3.00,B,SI 520,No
Winter 2024,77297827,022099,WN 2023,SI,658,001,Regular,Lecture,Info Architecture,3.00,A,SI 658,No
Winter 2024,77297827,039081,WN 2024,SI,529,001,Regular,Lecture,Online Communities,3.00,A,SI 529,No
Winter 2024,77297827,039178,WN 2023,SI,539,001,Regular,Lecture,Web Design,3.00,B+,SI 539,No
Winter 2024,77297827,042104,FA 2022,SI,501,001,Regular,Lecture,Contextual Inq,3.00,A+,SI 501,No
Winter 2024,77297827,043210,FA 2023,SI,534,001,Regular,Lecture,Theories Soc Influen,3.00,B,SI 534,No
Winter 2024,77297827,043863,FA 2023,SI,612,002,Regular,Lecture,Pervasv Interact Des,3.00,A+,SI 612,No
Winter 2024,77297827,044772,FA 2022,SI,582,001,Regular,Lecture,Intro Interac Design,3.00,A,SI 582,No
Winter 2024,77297827,045393,FA 2023,SI,552,001,Regular,Lecture,Accessibility Intro,3.00,A,SI 552,No
Winter 2024,77297827,046306,FA 2023,SI,616,001,Regular,Lecture,Adv Graphic Design,3.00,B+,SI 616,No
Winter 2024,77297827,047246,FA 2022,SI,506,001,Regular,Lecture,Programming I,3.00,B+,SI 506,No
Winter 2024,77297827,047901,WN 2024,SI,699,501,Regular,Lecture,MSI Mastery Courses,3.00,A+,SI 699,No
Winter 2024,77297827,050162,WN 2024,SI,510,001,Regular,Lecture,Information Ethics,3.00,A+,SI 510,No
Winter 2024,78179552,009731,FA 2023,SI,580,001,Regular,Lecture,Records & Archives,3.00,A+,SI 580,No
Winter 2024,78179552,021045,FA 2022,SI,666,001,Regular,Lecture,Org of Inf Resources,3.00,A+,SI 666,No
Winter 2024,78179552,039178,FA 2022,SI,539,001,Regular,Lecture,Web Design,3.00,A+,SI 539,No
Winter 2024,78179552,039979,WN 2023,SI,623,001,Regular,Seminar,Res Meth Info Prof,3.00,A+,SI 623,No
Winter 2024,78179552,040667,WN 2023,SI,681,001,Regular,Seminar,Intern/Field Seminar,6.00,S,SI 681,No
Winter 2024,78179552,041626,WN 2024,SI,664,001,Regular,Lecture,Database App Design,3.00,A,SI 664,No
Winter 2024,78179552,042324,WN 2023,SI,639,001,Scnd 7 Wk,Lecture,Web Archiving,1.50,A+,SI 639,No
Winter 2024,78179552,047246,FA 2022,SI,506,001,Regular,Lecture,Programming I,3.00,A,SI 506,No
Winter 2024,78179552,047901,WN 2024,SI,699,006,Regular,Lecture,MSI Mastery Courses,3.00,A,SI 699,No
Winter 2024,78179552,048280,WN 2023,SI,667,001,Regular,Lecture,Digital Curation,3.00,A,SI 667,No
Winter 2024,78179552,049601,FA 2023,SI,564,001,Regular,Lecture,SQL & Databases,1.50,A,SI 564,No
Winter 2024,78179552,050161,FA 2023,SI,676,001,Regular,Lecture,Network Info Servcs,3.00,A+,SI 676,No
Winter 2024,78179552,050162,WN 2024,SI,510,001,Regular,Lecture,Information Ethics,3.00,A+,SI 510,No
Winter 2024,78179552,050163,FA 2023,SI,633,001,Regular,Lecture,Assesmnt Cultrl Inst,3.00,A+,SI 633,No
Winter 2024,78179552,050164,WN 2022,SI,504,001,Regular,Lecture,"Servers, Shell,&Git",1.50,A,SI 504,No
Winter 2024,78181708,017281,FA 2024,SI,588,001,Regular,Lecture,UX Foundations,3.00,A,SI 588,No
Winter 2024,78181708,020401,WN 2024,SI,622,001,Regular,Lecture,Usab Eval & Needs,4.00,A,SI 622,No
Winter 2024,78181708,021400,FA 2023,SI,520,001,Regular,Lecture,Graphic Design,3.00,A,SI 520,No
Winter 2024,78181708,039178,FA 2023,SI,539,001,Regular,Lecture,Web Design,3.00,A+,SI 539,No
Winter 2024,78181708,040667,WN 2024,SI,681,001,Regular,Seminar,Intern/Field Seminar,6.00,S,SI 681,No
Winter 2024,78181708,041626,FA 2023,SI,664,001,Regular,Lecture,Database App Design,3.00,A,SI 664,No
Winter 2024,78181708,041855,FA 2024,SI,631,001,Regular,Lecture,Agile Softwar Dev,1.50,A,SI 631,No
Winter 2024,78181708,042104,FA 2023,SI,501,001,Regular,Lecture,Contextual Inq,3.00,A,SI 501,No
Winter 2024,78181708,043863,FA 2024,SI,612,002,Regular,Lecture,Pervasv Interact Des,3.00,A,SI 612,No
Winter 2024,78181708,044772,FA 2023,SI,582,004,Regular,Lecture,Intro Interac Design,3.00,A,SI 582,No
Winter 2024,78181708,046306,WN 2024,SI,616,001,Regular,Lecture,Adv Graphic Design,3.00,A-,SI 616,No
Winter 2024,78181708,047640,WN 2024,SI,507,001,Regular,Lecture,Inter Programming,3.00,A,SI 507,No
Winter 2024,78181708,047901,FA 2024,SI,699,201,Regular,Lecture,MSI Mastery Courses,3.00,A,SI 699,No
Winter 2024,78181708,048486,WN 2024,SI,659,001,Regular,Lecture,AR/VR Advanced,3.00,A+,SI 659,No
Winter 2024,78181708,049601,FA 2024,SI,564,001,Regular,Lecture,SQL & Databases,1.50,A,SI 564,No
Winter 2024,78181708,050159,FA 2023,SI,579,001,Regular,Lecture,Bldg Interactive App,3.00,A,SI 579,No
Winter 2024,78325332,001459,WN 2024,SI,690,001,Regular,Seminar,Intern/Field Exper,2.00,S,SI 690,No
Winter 2024,78325332,005600,FA 2023,PUBPOL,586,002,First 7 Wk,Seminar,Performance Mgmt,1.50,A,PUBPOL 586,Yes
Winter 2024,78325332,008187,WN 2023,PUBPOL,556,001,Regular,Lecture,Macroeconomics,3.00,A,PUBPOL 556,Yes
Winter 2024,78325332,020479,FA 2023,PUBPOL,580,003,Regular,Lecture,Values&Ethics,3.00,A,PUBPOL 580,Yes
Winter 2024,78325332,020934,WN 2023,SI,649,001,Regular,Lecture,Info Visualization,3.00,A-,SI 649,No
Winter 2024,78325332,039543,WN 2024,PUBPOL,750,004,First 7 Wk,Lecture,Special Topics,1.50,A,PUBPOL 750,Yes
Winter 2024,78325332,040667,WN 2023,SI,681,001,Regular,Seminar,Intern/Field Seminar,6.00,S,SI 681,No
Winter 2024,78325332,041934,FA 2023,SI,608,001,Regular,Lecture,Networks,3.00,A+,SI 608,No
Winter 2024,78325332,042091,WN 2023,SI,618,001,Regular,Lecture,Data Man & Analysis,3.00,A+,SI 618,No
Winter 2024,78325332,045930,FA 2023,SI,671,001,Regular,Lecture,Data Mining,3.00,B+,SI 671,No
Winter 2024,78325332,047901,WN 2024,SI,699,005,Regular,Lecture,MSI Mastery Courses,3.00,A,SI 699,No
Winter 2024,78325332,050159,WN 2024,SI,579,001,Regular,Lecture,Bldg Interactive App,3.00,A,SI 579,No
Winter 2024,78325332,050663,WN 2023,SI,568,001,Regular,Lecture,Intro Appld Data Sci,3.00,A,SI 568,No
Winter 2024,78325332,050983,WN 2023,SI,602,001,Regular,Lecture,Math for ApplDataSci,3.00,B,SI 602,No
Winter 2024,78547794,001459,FA 2024,SI,690,510,Regular,Seminar,Intern/Field Exper,1.00,S,SI 690,No
Winter 2024,78547794,020803,WN 2024,SI,643,001,Regular,Lecture,Instructional Skills,3.00,A+,SI 643,No
Winter 2024,78547794,020934,WN 2023,SI,649,002,Regular,Lecture,Info Visualization,3.00,A,SI 649,No
Winter 2024,78547794,021391,FA 2024,SI,511,697,Regular,Lecture,Special Topics,2.00,A,SI 511,No
Winter 2024,78547794,039543,WN 2024,PUBPOL,750,008,Regular,Lecture,Special Topics,3.00,A,PUBPOL 750,Yes
Winter 2024,78547794,040667,WN 2023,SI,681,001,Regular,Seminar,Intern/Field Seminar,6.00,S,SI 681,No
Winter 2024,78547794,040667,WN 2024,SI,681,001,Regular,Seminar,Intern/Field Seminar,2.00,S,SI 681,No
Winter 2024,78547794,041736,WN 2023,PUBPOL,650,001,Regular,Lecture,Intr to Science&Tech,3.00,A-,PUBPOL 650,Yes
Winter 2024,78547794,041934,FA 2022,SI,608,001,Regular,Lecture,Networks,3.00,A-,SI 608,No
Winter 2024,78547794,042091,FA 2022,SI,618,001,Regular,Lecture,Data Man & Analysis,3.00,B,SI 618,No
Winter 2024,78547794,042104,FA 2022,SI,501,002,Regular,Lecture,Contextual Inq,3.00,A+,SI 501,No
Winter 2024,78547794,042925,FA 2022,ENTR,407,001,Regular,Seminar,Entrepreneurship Hr,1.00,P,ENTR 407,Yes
Winter 2024,78547794,043241,FA 2022,SI,657,001,Regular,Lecture,Info Tech and Inter,3.00,A,SI 657,No
Winter 2024,78547794,044289,FA 2023,PUBPOL,510,004,Regular,Recitation,Politics of Pub Pol,3.00,B,PUBPOL 510,Yes
Winter 2024,78547794,044798,WN 2023,ENTR,599,032,Regular,Lecture,Spec Topics Entr,3.00,A,ENTR 599,Yes
Winter 2024,78547794,044798,FA 2023,ENTR,599,030,Scnd 7 Wk,Seminar,Spec Topics Entr,1.00,A-,ENTR 599,Yes
Winter 2024,78547794,044798,FA 2023,ENTR,599,033,Regular,Lecture,Spec Topics Entr,3.00,A-,ENTR 599,Yes
Winter 2024,78547794,045687,FA 2024,SI,538,001,Regular,Seminar,Citizen Inter Design,4.00,A+,SI 538,No
Winter 2024,78547794,048129,FA 2022,SI,505,001,Scnd 7 Wk,Lecture,Career/Intern Studio,1.00,S,SI 505,No
Winter 2024,78547794,049040,WN 2024,SI,698,072,Regular,Seminar,Master's Thesis 2,3.00,A,SI 698,No
Winter 2024,78547794,049365,FA 2023,SI,697,072,Regular,Ind Study,Master's Thesis 1,3.00,S,SI 697,No
Winter 2024,80310666,008487,FA 2023,HISTORY,592,001,Regular,Lecture,Asian Topics,3.00,A,HISTORY 592,Yes
Winter 2024,80310666,009731,FA 2022,SI,580,001,Regular,Lecture,Records & Archives,3.00,A,SI 580,No
Winter 2024,80310666,021042,FA 2023,SI,647,001,Regular,Lecture,Info Resources&Serv,3.00,A-,SI 647,No
Winter 2024,80310666,021045,FA 2022,SI,666,001,Regular,Lecture,Org of Inf Resources,3.00,A,SI 666,No
Winter 2024,80310666,038659,FA 2023,SI,519,001,Regular,Seminar,Intel Prop&Info Law,3.00,A+,SI 519,No
Winter 2024,80310666,038948,FA 2023,SI,632,001,Regular,Lecture,Appraisal & Coll Dev,3.00,A,SI 632,No
Winter 2024,80310666,039979,WN 2023,SI,623,001,Regular,Seminar,Res Meth Info Prof,3.00,A+,SI 623,No
Winter 2024,80310666,040667,WN 2023,SI,681,001,Regular,Seminar,Intern/Field Seminar,6.00,S,SI 681,No
Winter 2024,80310666,042104,FA 2022,SI,501,002,Regular,Lecture,Contextual Inq,3.00,A,SI 501,No
Winter 2024,80310666,045393,WN 2024,SI,552,001,Regular,Lecture,Accessibility Intro,3.00,A,SI 552,No
Winter 2024,80310666,047246,FA 2022,SI,506,001,Regular,Lecture,Programming I,3.00,A-,SI 506,No
Winter 2024,80310666,047901,WN 2024,SI,699,028,Regular,Lecture,MSI Mastery Courses,3.00,A-,SI 699,No
Winter 2024,80310666,048280,WN 2023,SI,667,001,Regular,Lecture,Digital Curation,3.00,A,SI 667,No
Winter 2024,80310666,050162,WN 2024,SI,510,001,Regular,Lecture,Information Ethics,3.00,A+,SI 510,No
Winter 2024,80310666,050165,WN 2023,SI,585,001,Regular,Lecture,Scholarly Comm,3.00,A,SI 585,No
Winter 2024,80819026,009732,FA 2022,SI,650,001,Regular,Lecture,Informatn Retrieval,3.00,A-,SI 650,No
Winter 2024,80819026,038659,FA 2023,SI,519,001,Regular,Seminar,Intel Prop&Info Law,3.00,W,SI 519,No
Winter 2024,80819026,040667,WN 2023,SI,681,001,Regular,Seminar,Intern/Field Seminar,6.00,S,SI 681,No
Winter 2024,80819026,041626,WN 2023,SI,664,001,Regular,Lecture,Database App Design,3.00,A,SI 664,No
Winter 2024,80819026,041934,FA 2023,SI,608,001,Regular,Lecture,Networks,3.00,B,SI 608,No
Winter 2024,80819026,042071,FA 2022,SI,563,001,Regular,Lecture,Game Theory,3.00,A,SI 563,No
Winter 2024,80819026,042091,FA 2022,SI,618,001,Regular,Lecture,Data Man & Analysis,3.00,A,SI 618,No
Winter 2024,80819026,042104,FA 2022,SI,501,001,Regular,Lecture,Contextual Inq,3.00,A-,SI 501,No
Winter 2024,80819026,043366,WN 2024,SI,617,001,Regular,Lecture,Choice Architecture,3.00,B+,SI 617,No
Winter 2024,80819026,045930,FA 2023,SI,671,001,Regular,Lecture,Data Mining,3.00,B+,SI 671,No
Winter 2024,80819026,047901,WN 2024,SI,699,205,Regular,Lecture,MSI Mastery Courses,3.00,A,SI 699,No
Winter 2024,80819026,048268,WN 2023,SI,630,001,Regular,Lecture,NLP Algorithm People,3.00,A,SI 630,No
Winter 2024,80819026,048500,FA 2023,SI,670,001,Regular,Lecture,Appld Machine Learng,3.00,C,SI 670,No
Winter 2024,80819026,049601,FA 2022,SI,564,001,Regular,Lecture,SQL & Databases,1.50,A,SI 564,No
Winter 2024,80819026,050164,FA 2022,SI,504,001,Regular,Lecture,"Servers, Shell,&Git",1.50,A,SI 504,No
Winter 2024,80819026,050663,WN 2023,SI,568,001,Regular,Lecture,Intro Appld Data Sci,3.00,A,SI 568,No
Winter 2024,80819026,050983,WN 2023,SI,602,001,Regular,Lecture,Math for ApplDataSci,3.00,B-,SI 602,No
Winter 2024,82729556,001459,FA 2023,SI,690,460,Regular,Seminar,Intern/Field Exper,3.00,S,SI 690,No
Winter 2024,82729556,017281,FA 2022,SI,588,001,Regular,Lecture,Fundamntls Hum Beh,3.00,A,SI 588,No
Winter 2024,82729556,020401,WN 2023,SI,622,002,Regular,Lecture,Usab Eval & Needs,4.00,A,SI 622,No
Winter 2024,82729556,021400,WN 2023,SI,520,002,Regular,Laboratory,Graphic Design,3.00,A,SI 520,No
Winter 2024,82729556,022099,WN 2023,SI,658,001,Regular,Lecture,Info Architecture,3.00,A,SI 658,No
Winter 2024,82729556,038659,FA 2023,SI,519,001,Regular,Seminar,Intel Prop&Info Law,3.00,A+,SI 519,No
Winter 2024,82729556,039178,WN 2023,SI,539,001,Regular,Lecture,Web Design,3.00,B,SI 539,No
Winter 2024,82729556,040667,WN 2023,SI,681,001,Regular,Seminar,Intern/Field Seminar,6.00,S,SI 681,No
Winter 2024,82729556,042104,FA 2022,SI,501,001,Regular,Lecture,Contextual Inq,3.00,A,SI 501,No
Winter 2024,82729556,044772,FA 2022,SI,582,003,Regular,Lecture,Intro Interac Design,3.00,A+,SI 582,No
Winter 2024,82729556,045393,FA 2023,SI,552,001,Regular,Lecture,Accessibility Intro,3.00,A,SI 552,No
Winter 2024,82729556,047233,FA 2023,ENTR,520,001,Regular,Lecture,Innov Bus Models,3.00,A,ENTR 520,Yes
Winter 2024,82729556,047246,FA 2022,SI,506,001,Regular,Lecture,Programming I,3.00,A,SI 506,No
Winter 2024,82729556,047901,WN 2024,SI,699,301,Regular,Lecture,MSI Mastery Courses,3.00,A+,SI 699,No
Winter 2024,82729556,048129,FA 2022,SI,505,001,Scnd 7 Wk,Lecture,Career/Intern Studio,1.00,S,SI 505,No
Winter 2024,82729556,048421,FA 2023,ENTR,560,001,Regular,Lecture,Proj Mgmt Consulting,3.00,A,ENTR 560,Yes
Winter 2024,82835710,009731,FA 2022,SI,580,001,Regular,Lecture,Records & Archives,3.00,A,SI 580,No
Winter 2024,82835710,021045,FA 2022,SI,666,001,Regular,Lecture,Org of Inf Resources,3.00,A,SI 666,No
Winter 2024,82835710,022326,WN 2023,SI,581,001,Regular,Lecture,Pres Info Resources,3.00,A,SI 581,No
Winter 2024,82835710,038948,FA 2023,SI,632,001,Regular,Lecture,Appraisal & Coll Dev,3.00,A,SI 632,No
Winter 2024,82835710,039178,FA 2023,SI,539,001,Regular,Lecture,Web Design,3.00,A,SI 539,No
Winter 2024,82835710,039979,WN 2023,SI,623,001,Regular,Seminar,Res Meth Info Prof,3.00,A+,SI 623,No
Winter 2024,82835710,040667,WN 2023,SI,681,001,Regular,Seminar,Intern/Field Seminar,4.00,S,SI 681,No
Winter 2024,82835710,041626,WN 2024,SI,664,001,Regular,Lecture,Database App Design,3.00,A,SI 664,No
Winter 2024,82835710,042104,FA 2022,SI,501,002,Regular,Lecture,Contextual Inq,3.00,A+,SI 501,No
Winter 2024,82835710,046369,WN 2024,TO,640,001,First 7 Wk,Recitation,Big Data Mgmt Tools,2.25,A-,TO 640,Yes
Winter 2024,82835710,047246,FA 2022,SI,506,001,Regular,Lecture,Programming I,3.00,A,SI 506,No
Winter 2024,82835710,047901,WN 2024,SI,699,006,Regular,Lecture,MSI Mastery Courses,3.00,A,SI 699,No
Winter 2024,82835710,048280,WN 2023,SI,667,001,Regular,Lecture,Digital Curation,3.00,A,SI 667,No
Winter 2024,82835710,049601,WN 2023,SI,564,001,Regular,Lecture,SQL & Databases,1.50,B+,SI 564,No
Winter 2024,82835710,050161,FA 2023,SI,676,001,Regular,Lecture,Network Info Servcs,3.00,A,SI 676,No
Winter 2024,82835710,050162,WN 2024,SI,510,001,Regular,Lecture,Information Ethics,3.00,A+,SI 510,No
Winter 2024,82835710,050163,FA 2023,SI,633,001,Regular,Lecture,Assesmnt Cultrl Inst,3.00,A,SI 633,No
Winter 2024,82835710,050164,WN 2023,SI,504,001,Regular,Lecture,"Servers, Shell,&Git",1.50,C,SI 504,No
Winter 2024,82886540,012772,WN 2024,EDUC,626,001,Regular,Seminar,Prin Soft Design,3.00,A,EDUC 626,Yes
Winter 2024,82886540,017281,FA 2022,SI,588,001,Regular,Lecture,Fundamntls Hum Beh,3.00,A,SI 588,No
Winter 2024,82886540,020401,WN 2023,SI,622,001,Regular,Lecture,Usab Eval & Needs,4.00,A,SI 622,No
Winter 2024,82886540,020934,WN 2024,SI,649,101,Regular,Lecture,Info Visualization,3.00,A,SI 649,No
Winter 2024,82886540,021391,WN 2024,SI,511,151,Regular,Lecture,Special Topics,1.50,A+,SI 511,No
Winter 2024,82886540,021400,WN 2023,SI,520,002,Regular,Laboratory,Graphic Design,3.00,A,SI 520,No
Winter 2024,82886540,039178,WN 2023,SI,539,001,Regular,Lecture,Web Design,3.00,A+,SI 539,No
Winter 2024,82886540,042104,FA 2022,SI,501,002,Regular,Lecture,Contextual Inq,3.00,A,SI 501,No
Winter 2024,82886540,043863,FA 2023,SI,612,001,Regular,Lecture,Pervasv Interact Des,3.00,A+,SI 612,No
Winter 2024,82886540,044772,FA 2022,SI,582,004,Regular,Lecture,Intro Interac Design,3.00,A,SI 582,No
Winter 2024,82886540,045687,FA 2023,SI,538,001,Regular,Seminar,Citizen Inter Design,4.00,A,SI 538,No
Winter 2024,82886540,046306,FA 2023,SI,616,001,Regular,Lecture,Adv Graphic Design,3.00,A,SI 616,No
Winter 2024,82886540,047246,FA 2022,SI,506,001,Regular,Lecture,Programming I,3.00,A,SI 506,No
Winter 2024,82886540,047640,WN 2023,SI,507,001,Regular,Lecture,Inter Programming,3.00,A,SI 507,No
Winter 2024,82886540,047901,WN 2024,SI,699,001,Regular,Lecture,MSI Mastery Courses,3.00,A+,SI 699,No
Winter 2024,82886540,049601,FA 2023,SI,564,001,Regular,Lecture,SQL & Databases,1.50,A,SI 564,No
Winter 2024,82886540,050136,WN 2024,UARTS,560,102,Regular,Laboratory,Grad ArtsEng Proj,1.00,A,UARTS 560,Yes
Winter 2024,82886540,050164,FA 2023,SI,504,001,Regular,Lecture,"Servers, Shell,&Git",1.50,A,SI 504,No
Winter 2024,83103873,001459,WN 2024,SI,690,001,Regular,Seminar,Intern/Field Exper,4.00,S,SI 690,No
Winter 2024,83103873,017281,FA 2022,SI,588,001,Regular,Lecture,Fundamntls Hum Beh,3.00,C,SI 588,No
Winter 2024,83103873,020401,WN 2023,SI,622,002,Regular,Lecture,Usab Eval & Needs,4.00,A,SI 622,No
Winter 2024,83103873,021400,WN 2023,SI,520,003,Regular,Laboratory,Graphic Design,3.00,B-,SI 520,No
Winter 2024,83103873,039081,FA 2023,SI,529,001,Regular,Lecture,Online Communities,3.00,A-,SI 529,No
Winter 2024,83103873,039178,WN 2023,SI,539,001,Regular,Lecture,Web Design,3.00,C,SI 539,No
Winter 2024,83103873,042104,FA 2022,SI,501,002,Regular,Lecture,Contextual Inq,3.00,A,SI 501,No
Winter 2024,83103873,043863,FA 2023,SI,612,001,Regular,Lecture,Pervasv Interact Des,3.00,B-,SI 612,No
Winter 2024,83103873,044772,FA 2022,SI,582,004,Regular,Lecture,Intro Interac Design,3.00,B,SI 582,No
Winter 2024,83103873,044799,WN 2023,ENTR,490,012,Regular,Lecture,Spec Topics Entr,3.00,B-,ENTR 490,Yes
Winter 2024,83103873,045393,FA 2023,SI,552,001,Regular,Lecture,Accessibility Intro,3.00,C,SI 552,No
Winter 2024,83103873,045732,WN 2024,SI,554,001,Regular,Lecture,Consumer Hlth Inform,3.00,B+,SI 554,No
Winter 2024,83103873,047228,FA 2023,ENTR,500,002,Regular,Lecture,Intro to Innovation,3.00,A-,ENTR 500,Yes
Winter 2024,83103873,047246,FA 2022,SI,506,001,Regular,Lecture,Programming I,3.00,W,SI 506,No
Winter 2024,83103873,047246,FA 2023,SI,506,001,Regular,Lecture,Programming I,3.00,B-,SI 506,No
Winter 2024,83103873,047901,WN 2024,SI,699,201,Regular,Lecture,MSI Mastery Courses,3.00,A+,SI 699,No
Winter 2024,83103873,048129,WN 2023,SI,505,001,First 7 Wk,Lecture,Career/Intern Studio,1.00,S,SI 505,No
Winter 2024,83103873,048421,WN 2024,ENTR,560,002,Regular,Lecture,Proj Mgmt Consulting,3.00,B,ENTR 560,Yes
Winter 2024,83103873,048831,FA 2022,SI,547,001,Regular,Seminar,Engage w/Communities,3.00,B-,SI 547,No
Winter 2024,83103873,049417,WN 2024,BA,670,001,Regular,Recitation,+Impact Studio,3.00,B-,BA 670,Yes
Winter 2024,83429049,016607,FA 2022,SI,544,001,Regular,Lecture,Intr Stat&Data Analy,3.00,A+,SI 544,No
Winter 2024,83429049,020803,WN 2024,SI,643,001,Regular,Lecture,Instructional Skills,3.00,A,SI 643,No
Winter 2024,83429049,020934,FA 2022,SI,649,001,Regular,Lecture,Info Visualization,3.00,A-,SI 649,No
Winter 2024,83429049,039178,FA 2023,SI,539,001,Regular,Lecture,Web Design,3.00,A,SI 539,No
Winter 2024,83429049,040667,WN 2023,SI,681,001,Regular,Seminar,Intern/Field Seminar,5.00,S,SI 681,No
Winter 2024,83429049,041626,FA 2023,SI,664,001,Regular,Lecture,Database App Design,3.00,A,SI 664,No
Winter 2024,83429049,041855,FA 2023,SI,631,001,Regular,Lecture,Agile Softwar Dev,1.50,A+,SI 631,No
Winter 2024,83429049,041934,FA 2023,SI,608,001,Regular,Lecture,Networks,3.00,A-,SI 608,No
Winter 2024,83429049,042091,WN 2023,SI,618,001,Regular,Lecture,Data Man & Analysis,3.00,A+,SI 618,No
Winter 2024,83429049,042104,FA 2022,SI,501,002,Regular,Lecture,Contextual Inq,3.00,W,SI 501,No
Winter 2024,83429049,045930,FA 2023,SI,671,001,Regular,Lecture,Data Mining,3.00,B+,SI 671,No
Winter 2024,83429049,047073,WN 2023,TO,628,001,Scnd 7 Wk,Recitation,Big Data Analytics,2.25,A-,TO 628,Yes
Winter 2024,83429049,047640,FA 2022,SI,507,001,Regular,Lecture,Inter Programming,3.00,A,SI 507,No
Winter 2024,83429049,047901,WN 2024,SI,699,305,Regular,Lecture,MSI Mastery Courses,3.00,A-,SI 699,No
Winter 2024,83429049,048129,WN 2023,SI,505,001,First 7 Wk,Lecture,Career/Intern Studio,1.00,S,SI 505,No
Winter 2024,83429049,049601,WN 2023,SI,564,001,Regular,Lecture,SQL & Databases,1.50,A,SI 564,No
Winter 2024,83429049,050164,FA 2022,SI,504,001,Regular,Lecture,"Servers, Shell,&Git",1.50,A,SI 504,No
Winter 2024,83429049,050663,WN 2023,SI,568,001,Regular,Lecture,Intro Appld Data Sci,3.00,A,SI 568,No
Winter 2024,83429049,050983,WN 2023,SI,602,001,Regular,Lecture,Math for ApplDataSci,3.00,B,SI 602,No
Winter 2024,83657083,016607,FA 2022,SI,544,001,Regular,Lecture,Intr Stat&Data Analy,3.00,A+,SI 544,No
Winter 2024,83657083,017540,WN 2024,TO,566,001,First 7 Wk,Recitation,Dat Mine Regr Analys,1.50,A,TO 566,Yes
Winter 2024,83657083,020934,FA 2023,SI,649,001,Regular,Lecture,Info Visualization,3.00,A,SI 649,No
Winter 2024,83657083,040667,WN 2023,SI,681,001,Regular,Seminar,Intern/Field Seminar,6.00,S,SI 681,No
Winter 2024,83657083,041626,FA 2023,SI,664,001,Regular,Lecture,Database App Design,3.00,A,SI 664,No
Winter 2024,83657083,041934,FA 2023,SI,608,001,Regular,Lecture,Networks,3.00,A+,SI 608,No
Winter 2024,83657083,042091,WN 2023,SI,618,001,Regular,Lecture,Data Man & Analysis,3.00,A+,SI 618,No
Winter 2024,83657083,042104,FA 2022,SI,501,002,Regular,Lecture,Contextual Inq,3.00,A+,SI 501,No
Winter 2024,83657083,043396,WN 2024,EECS,402,001,Regular,Lecture,Prog for Sci&Eng,4.00,VI,EECS 402,Yes
Winter 2024,83657083,045930,FA 2023,SI,671,001,Regular,Lecture,Data Mining,3.00,B+,SI 671,No
Winter 2024,83657083,047246,FA 2022,SI,506,001,Regular,Lecture,Programming I,3.00,A,SI 506,No
Winter 2024,83657083,047640,WN 2023,SI,507,001,Regular,Lecture,Inter Programming,3.00,A,SI 507,No
Winter 2024,83657083,047901,WN 2024,SI,699,205,Regular,Lecture,MSI Mastery Courses,3.00,A+,SI 699,No
Winter 2024,83657083,048129,FA 2022,SI,505,001,Scnd 7 Wk,Lecture,Career/Intern Studio,1.00,S,SI 505,No
Winter 2024,83657083,049601,WN 2023,SI,564,001,Regular,Lecture,SQL & Databases,1.50,A,SI 564,No
Winter 2024,83657083,050162,WN 2024,SI,510,001,Regular,Lecture,Information Ethics,3.00,A+,SI 510,No
Winter 2024,83657083,050164,FA 2022,SI,504,001,Regular,Lecture,"Servers, Shell,&Git",1.50,A,SI 504,No
Winter 2024,83657083,050663,WN 2023,SI,568,001,Regular,Lecture,Intro Appld Data Sci,3.00,A+,SI 568,No
Winter 2024,83657083,050983,WN 2023,SI,602,001,Regular,Lecture,Math for ApplDataSci,3.00,W,SI 602,No
Winter 2024,83657083,050983,WN 2024,SI,602,001,Regular,Lecture,Math for ApplDataSci,3.00,B+,SI 602,No
Winter 2024,84375194,014799,WN 2024,ELI,544,001,Regular,Seminar,Acad & Prof Present,2.00,S,ELI 544,Yes
Winter 2024,84375194,040667,WN 2024,SI,681,001,Regular,Seminar,Intern/Field Seminar,5.00,S,SI 681,No
Winter 2024,84375194,043863,FA 2023,SI,612,001,Regular,Lecture,Pervasv Interact Des,3.00,A,SI 612,No
Winter 2024,84375194,044798,WN 2024,ENTR,599,344,Regular,Lecture,Spec Topics Entr,3.00,A,ENTR 599,Yes
Winter 2024,84375194,047901,WN 2024,SI,699,203,Regular,Lecture,MSI Mastery Courses,3.00,A,SI 699,No
Winter 2024,84375194,048487,FA 2023,SI,669,001,Regular,Lecture,Dev Mobile Exp,3.00,A-,SI 669,No
Winter 2024,84375194,048831,FA 2023,SI,547,001,Regular,Seminar,Engage w/Communities,3.00,A,SI 547,No
Winter 2024,84375194,049834,WN 2024,SI,591,001,Regular,Lecture,Humanitarian Innov,3.00,A,SI 591,No
Winter 2024,84375194,050159,FA 2023,SI,579,001,Regular,Lecture,Bldg Interactive App,3.00,B,SI 579,No
Winter 2024,84375194,050164,FA 2023,SI,504,001,Regular,Lecture,"Servers, Shell,&Git",1.50,B,SI 504,No
Winter 2024,84375194,050956,WN 2024,ELI,535,002,Regular,Seminar,Prof Comm Quant Flds,1.00,S,ELI 535,Yes
Winter 2024,84859391,001459,FA 2023,SI,690,460,Regular,Seminar,Intern/Field Exper,4.00,S,SI 690,No
Winter 2024,84859391,009876,WN 2024,SURVMETH,630,001,Regular,Seminar,Quest Design & Eval,3.00,A,SURVMETH 630,Yes
Winter 2024,84859391,014796,FA 2022,ELI,531,002,Regular,Lecture,Lang&Comm I,1.00,S,ELI 531,Yes
Winter 2024,84859391,017281,FA 2022,SI,588,002,Regular,Lecture,Fundamntls Hum Beh,3.00,A,SI 588,No
Winter 2024,84859391,020401,WN 2023,SI,622,002,Regular,Lecture,Usab Eval & Needs,4.00,A,SI 622,No
Winter 2024,84859391,021050,FA 2023,SI,691,003,Regular,Ind Study,Independent Study,3.00,A,SI 691,No
Winter 2024,84859391,021400,FA 2022,SI,520,001,Regular,Lecture,Graphic Design,3.00,A,SI 520,No
Winter 2024,84859391,022099,WN 2024,SI,658,001,Regular,Lecture,Info Architecture,3.00,A,SI 658,No
Winter 2024,84859391,039081,FA 2023,SI,529,001,Regular,Lecture,Online Communities,3.00,A,SI 529,No
Winter 2024,84859391,039178,FA 2023,SI,539,001,Regular,Lecture,Web Design,3.00,A+,SI 539,No
Winter 2024,84859391,042104,FA 2022,SI,501,002,Regular,Lecture,Contextual Inq,3.00,A,SI 501,No
Winter 2024,84859391,044772,FA 2022,SI,582,003,Regular,Lecture,Intro Interac Design,3.00,A,SI 582,No
Winter 2024,84859391,045687,WN 2023,SI,538,001,Regular,Seminar,Citizen Inter Design,4.00,A,SI 538,No
Winter 2024,84859391,045732,WN 2023,SI,554,001,Regular,Lecture,Consumer Hlth Inform,3.00,A,SI 554,No
Winter 2024,84859391,045771,FA 2023,SI,684,001,Regular,Seminar,Design ConsHlth Tech,3.00,A+,SI 684,No
Winter 2024,84859391,047901,WN 2024,SI,699,501,Regular,Lecture,MSI Mastery Courses,3.00,A,SI 699,No
Winter 2024,85661360,001459,FA 2024,SI,690,510,Regular,Seminar,Intern/Field Exper,1.00,S,SI 690,No
Winter 2024,85661360,003736,FA 2023,ES,605,002,Scnd 7 Wk,Recitation,New Prod Innov Mngmt,2.25,A-,ES 605,Yes
Winter 2024,85661360,006578,WN 2023,GUITAR,111,003,Regular,Recitation,Intro Guitar,2.00,A+,GUITAR 111,Yes
Winter 2024,85661360,006578,FA 2023,GUITAR,111,005,Regular,Recitation,Intermediate Guitar,1.00,A,GUITAR 111,Yes
Winter 2024,85661360,006579,WN 2024,GUITAR,112,002,Regular,Recitation,Advanced Guitar,2.00,A,GUITAR 112,Yes
Winter 2024,85661360,017281,FA 2022,SI,588,002,Regular,Lecture,Fundamntls Hum Beh,3.00,B,SI 588,No
Winter 2024,85661360,020401,WN 2023,SI,622,002,Regular,Lecture,Usab Eval & Needs,4.00,A,SI 622,No
Winter 2024,85661360,021400,FA 2022,SI,520,002,Regular,Lecture,Graphic Design,3.00,A-,SI 520,No
Winter 2024,85661360,022099,WN 2023,SI,658,001,Regular,Lecture,Info Architecture,3.00,A,SI 658,No
Winter 2024,85661360,039178,FA 2023,SI,539,101,Regular,Lecture,Web Design,3.00,B+,SI 539,No
Winter 2024,85661360,040667,WN 2023,SI,681,001,Regular,Seminar,Intern/Field Seminar,5.00,S,SI 681,No
Winter 2024,85661360,040667,WN 2024,SI,681,001,Regular,Seminar,Intern/Field Seminar,1.00,S,SI 681,No
Winter 2024,85661360,042104,FA 2022,SI,501,002,Regular,Lecture,Contextual Inq,3.00,A-,SI 501,No
Winter 2024,85661360,044601,FA 2023,COMP,233,001,Regular,Recitation,Special Topics Comp,3.00,A,COMP 233,Yes
Winter 2024,85661360,044772,FA 2022,SI,582,005,Regular,Lecture,Intro Interac Design,3.00,A,SI 582,No
Winter 2024,85661360,044798,WN 2023,ENTR,599,021,Regular,Lecture,Spec Topics Entr,3.00,A,ENTR 599,Yes
Winter 2024,85661360,045687,WN 2023,SI,538,001,Regular,Seminar,Citizen Inter Design,4.00,A,SI 538,No
Winter 2024,85661360,046306,WN 2024,SI,616,001,Regular,Lecture,Adv Graphic Design,3.00,B-,SI 616,No
Winter 2024,85661360,047304,WN 2024,ENTR,550,002,Regular,Lecture,Interpersonal Skills,3.00,A-,ENTR 550,Yes
Winter 2024,85661360,047901,FA 2024,SI,699,201,Regular,Lecture,MSI Mastery Courses,3.00,A,SI 699,No
Winter 2024,85661360,048129,WN 2023,SI,505,001,First 7 Wk,Lecture,Career/Intern Studio,1.00,S,SI 505,No
Winter 2024,85661360,048147,WN 2024,BA,657,001,Regular,Laboratory,LBLE,3.00,A-,BA 657,Yes
Winter 2024,85661360,049112,FA 2023,PAT,500,003,Regular,Lecture,Intro Elec Mus Prod,3.00,B,PAT 500,Yes
Winter 2024,85661360,051268,WN 2024,PAT,504,001,Regular,Lecture,Creative Coding,3.00,A-,PAT 504,Yes
Winter 2024,85840261,001459,FA 2023,SI,690,460,Regular,Seminar,Intern/Field Exper,3.00,S,SI 690,No
Winter 2024,85840261,009732,FA 2023,SI,650,001,Regular,Lecture,Informatn Retrieval,3.00,A,SI 650,No
Winter 2024,85840261,016607,FA 2022,SI,544,001,Regular,Lecture,Intr Stat&Data Analy,3.00,A+,SI 544,No
Winter 2024,85840261,017281,FA 2022,SI,588,001,Regular,Lecture,Fundamntls Hum Beh,3.00,A,SI 588,No
Winter 2024,85840261,040667,WN 2023,SI,681,001,Regular,Seminar,Intern/Field Seminar,6.00,S,SI 681,No
Winter 2024,85840261,041934,FA 2023,SI,608,001,Regular,Lecture,Networks,3.00,A+,SI 608,No
Winter 2024,85840261,042091,WN 2023,SI,618,001,Regular,Lecture,Data Man & Analysis,3.00,A+,SI 618,No
Winter 2024,85840261,042104,FA 2022,SI,501,002,Regular,Lecture,Contextual Inq,3.00,A,SI 501,No
Winter 2024,85840261,045930,FA 2023,SI,671,101,Regular,Lecture,Data Mining,3.00,B,SI 671,No
Winter 2024,85840261,047233,FA 2023,ENTR,520,001,Regular,Lecture,Innov Bus Models,3.00,A,ENTR 520,Yes
Winter 2024,85840261,047246,FA 2022,SI,506,001,Regular,Lecture,Programming I,3.00,A,SI 506,No
Winter 2024,85840261,047640,WN 2023,SI,507,001,Regular,Lecture,Inter Programming,3.00,A,SI 507,No
Winter 2024,85840261,047901,WN 2024,SI,699,005,Regular,Lecture,MSI Mastery Courses,3.00,A,SI 699,No
Winter 2024,85840261,050164,FA 2022,SI,504,001,Regular,Lecture,"Servers, Shell,&Git",1.50,A,SI 504,No
Winter 2024,85840261,050663,WN 2023,SI,568,001,Regular,Lecture,Intro Appld Data Sci,3.00,A+,SI 568,No
Winter 2024,85840261,050983,WN 2023,SI,602,001,Regular,Lecture,Math for ApplDataSci,3.00,W,SI 602,No
Winter 2024,85840261,050983,WN 2024,SI,602,001,Regular,Lecture,Math for ApplDataSci,3.00,A-,SI 602,No
Winter 2024,86642310,001459,WN 2024,SI,690,001,Regular,Seminar,Intern/Field Exper,6.00,S,SI 690,No
Winter 2024,86642310,017281,FA 2022,SI,588,002,Regular,Lecture,Fundamntls Hum Beh,3.00,A,SI 588,No
Winter 2024,86642310,020401,WN 2023,SI,622,001,Regular,Lecture,Usab Eval & Needs,4.00,A,SI 622,No
Winter 2024,86642310,021400,FA 2023,SI,520,001,Regular,Lecture,Graphic Design,3.00,A,SI 520,No
Winter 2024,86642310,022099,WN 2023,SI,658,001,Regular,Lecture,Info Architecture,3.00,A,SI 658,No
Winter 2024,86642310,039081,WN 2023,SI,529,001,Regular,Lecture,Online Communities,3.00,A,SI 529,No
Winter 2024,86642310,039178,FA 2022,SI,539,001,Regular,Lecture,Web Design,3.00,A-,SI 539,No
Winter 2024,86642310,042104,FA 2022,SI,501,002,Regular,Lecture,Contextual Inq,3.00,A-,SI 501,No
Winter 2024,86642310,044772,FA 2022,SI,582,003,Regular,Lecture,Intro Interac Design,3.00,A,SI 582,No
Winter 2024,86642310,047246,FA 2022,SI,506,001,Regular,Lecture,Programming I,3.00,A,SI 506,No
Winter 2024,86642310,047901,WN 2024,SI,699,401,Regular,Lecture,MSI Mastery Courses,3.00,A+,SI 699,No
Winter 2024,86642310,048129,WN 2023,SI,505,001,First 7 Wk,Lecture,Career/Intern Studio,1.00,S,SI 505,No
Winter 2024,86642310,050159,WN 2023,SI,579,001,Regular,Lecture,Bldg Interactive App,3.00,W,SI 579,No
Winter 2024,86642310,050164,WN 2023,SI,504,001,Regular,Lecture,"Servers, Shell,&Git",1.50,A-,SI 504,No
Winter 2024,87396169,001459,WN 2024,SI,690,001,Regular,Seminar,Intern/Field Exper,1.00,S,SI 690,No
Winter 2024,87396169,003736,FA 2023,MKT,625,002,Scnd 7 Wk,Recitation,New Prod Innov Mngmt,2.25,A-,MKT 625,Yes
Winter 2024,87396169,017281,FA 2022,SI,588,001,Regular,Lecture,Fundamntls Hum Beh,3.00,A,SI 588,No
Winter 2024,87396169,020401,WN 2023,SI,622,001,Regular,Lecture,Usab Eval & Needs,4.00,A,SI 622,No
Winter 2024,87396169,021391,WN 2024,SI,511,151,Regular,Lecture,Special Topics,1.50,A,SI 511,No
Winter 2024,87396169,042925,FA 2023,ENTR,407,001,Regular,Seminar,Entrepreneurship Hr,1.00,P,ENTR 407,Yes
Winter 2024,87396169,043210,FA 2022,SI,534,001,Regular,Lecture,Theories Soc Influen,3.00,A-,SI 534,No
Winter 2024,87396169,044772,FA 2022,SI,582,002,Regular,Lecture,Intro Interac Design,3.00,A,SI 582,No
Winter 2024,87396169,044798,FA 2023,ENTR,599,417,Regular,Lecture,Spec Topics Entr,1.00,A,ENTR 599,Yes
Winter 2024,87396169,044799,WN 2024,ENTR,490,030,Scnd 7 Wk,Lecture,Spec Topics Entr,1.00,A,ENTR 490,Yes
Winter 2024,87396169,045393,FA 2023,SI,552,001,Regular,Lecture,Accessibility Intro,3.00,A,SI 552,No
Winter 2024,87396169,045687,WN 2023,SI,538,001,Regular,Seminar,Citizen Inter Design,4.00,A,SI 538,No
Winter 2024,87396169,047233,FA 2023,ENTR,520,001,Regular,Lecture,Innov Bus Models,3.00,A,ENTR 520,Yes
Winter 2024,87396169,047234,WN 2024,ENTR,510,001,Regular,Lecture,Compensation,3.00,A,ENTR 510,Yes
Winter 2024,87396169,047892,WN 2023,SI,605,002,Regular,Laboratory,Interdisc Prob Solv,3.00,A,SI 605,No
Winter 2024,87396169,047901,WN 2024,SI,699,501,Regular,Lecture,MSI Mastery Courses,3.00,A,SI 699,No
Winter 2024,87396169,048129,FA 2023,SI,505,002,Scnd 7 Wk,Lecture,Career/Intern Studio,1.00,S,SI 505,No
Winter 2024,87396169,048488,FA 2023,SI,559,002,Regular,Lecture,AR/VR Intro,3.00,A,SI 559,No
Winter 2024,87396169,048831,FA 2022,SI,547,001,Regular,Seminar,Engage w/Communities,3.00,B+,SI 547,No
Winter 2024,87396169,050162,WN 2023,SI,510,001,Regular,Lecture,Information Ethics,3.00,A,SI 510,No
Winter 2024,87396169,051454,WN 2024,SI,594,001,Regular,Lecture,Auto UX,3.00,A,SI 594,No
Winter 2024,88383448,017281,FA 2022,SI,588,001,Regular,Lecture,Fundamntls Hum Beh,3.00,A,SI 588,No
Winter 2024,88383448,020401,WN 2023,SI,622,002,Regular,Lecture,Usab Eval & Needs,4.00,A,SI 622,No
Winter 2024,88383448,020934,FA 2023,SI,649,001,Regular,Lecture,Info Visualization,3.00,B,SI 649,No
Winter 2024,88383448,021391,WN 2024,SI,511,073,Regular,Lecture,Special Topics,3.00,A-,SI 511,No
Winter 2024,88383448,021400,FA 2022,SI,520,001,Regular,Lecture,Graphic Design,3.00,A,SI 520,No
Winter 2024,88383448,022099,WN 2024,SI,658,001,Regular,Lecture,Info Architecture,3.00,A,SI 658,No
Winter 2024,88383448,040667,WN 2023,SI,681,001,Regular,Seminar,Intern/Field Seminar,6.00,S,SI 681,No
Winter 2024,88383448,042104,FA 2022,SI,501,002,Regular,Lecture,Contextual Inq,3.00,A,SI 501,No
Winter 2024,88383448,043863,WN 2023,SI,612,001,Regular,Lecture,Pervasv Interact Des,3.00,A-,SI 612,No
Winter 2024,88383448,044772,FA 2022,SI,582,003,Regular,Lecture,Intro Interac Design,3.00,A,SI 582,No
Winter 2024,88383448,045393,FA 2023,SI,552,001,Regular,Lecture,Accessibility Intro,3.00,A,SI 552,No
Winter 2024,88383448,046306,WN 2023,SI,616,001,Regular,Lecture,Adv Graphic Design,3.00,A,SI 616,No
Winter 2024,88383448,047901,WN 2024,SI,699,301,Regular,Lecture,MSI Mastery Courses,3.00,A-,SI 699,No
Winter 2024,88383448,048488,FA 2023,SI,559,003,Regular,Lecture,AR/VR Intro,3.00,A-,SI 559,No
Winter 2024,88383448,050159,FA 2023,SI,579,001,Regular,Lecture,Bldg Interactive App,3.00,A,SI 579,No
Winter 2024,88594006,001459,FA 2024,SI,690,510,Regular,Seminar,Intern/Field Exper,3.00,S,SI 690,No
Winter 2024,88594006,017281,FA 2023,SI,588,002,Regular,Lecture,Fundamntls Hum Beh,3.00,A,SI 588,No
Winter 2024,88594006,020401,WN 2023,SI,622,002,Regular,Lecture,Usab Eval & Needs,4.00,A,SI 622,No
Winter 2024,88594006,021391,FA 2024,SI,511,155,Regular,Lecture,Special Topics,3.00,A,SI 511,No
Winter 2024,88594006,021400,WN 2023,SI,520,003,Regular,Laboratory,Graphic Design,3.00,A-,SI 520,No
Winter 2024,88594006,022099,WN 2024,SI,658,001,Regular,Lecture,Info Architecture,3.00,A,SI 658,No
Winter 2024,88594006,039178,WN 2023,SI,539,001,Regular,Lecture,Web Design,3.00,A,SI 539,No
Winter 2024,88594006,040667,WN 2024,SI,681,001,Regular,Seminar,Intern/Field Seminar,6.00,S,SI 681,No
Winter 2024,88594006,044772,FA 2023,SI,582,005,Regular,Lecture,Intro Interac Design,3.00,A+,SI 582,No
Winter 2024,88594006,045393,WN 2024,SI,552,001,Regular,Lecture,Accessibility Intro,3.00,A,SI 552,No
Winter 2024,88594006,045732,WN 2024,SI,554,001,Regular,Lecture,Consumer Hlth Inform,3.00,A,SI 554,No
Winter 2024,88594006,046306,WN 2024,SI,616,001,Regular,Lecture,Adv Graphic Design,3.00,C,SI 616,No
Winter 2024,88594006,047246,FA 2023,SI,506,001,Regular,Lecture,Programming I,3.00,A,SI 506,No
Winter 2024,88594006,047901,FA 2024,SI,699,201,Regular,Lecture,MSI Mastery Courses,3.00,A,SI 699,No
Winter 2024,88594006,048129,FA 2023,SI,505,001,Scnd 7 Wk,Lecture,Career/Intern Studio,1.00,S,SI 505,No
Winter 2024,88594006,049601,WN 2024,SI,564,001,Regular,Lecture,SQL & Databases,1.50,A,SI 564,No
Winter 2024,88594006,050164,FA 2023,SI,504,001,Regular,Lecture,"Servers, Shell,&Git",1.50,A,SI 504,No
Winter 2024,88696531,016607,FA 2022,SI,544,001,Regular,Lecture,Intr Stat&Data Analy,3.00,A,SI 544,No
Winter 2024,88696531,017281,FA 2023,SI,588,002,Regular,Lecture,Fundamntls Hum Beh,3.00,A,SI 588,No
Winter 2024,88696531,020401,WN 2024,SI,622,001,Regular,Lecture,Usab Eval & Needs,4.00,A+,SI 622,No
Winter 2024,88696531,021391,WN 2024,SI,511,151,Regular,Lecture,Special Topics,1.50,A,SI 511,No
Winter 2024,88696531,021400,FA 2023,SI,520,001,Regular,Lecture,Graphic Design,3.00,B,SI 520,No
Winter 2024,88696531,022099,WN 2024,SI,658,001,Regular,Lecture,Info Architecture,3.00,A,SI 658,No
Winter 2024,88696531,039081,WN 2024,SI,529,001,Regular,Lecture,Online Communities,3.00,A,SI 529,No
Winter 2024,88696531,039178,WN 2023,SI,539,001,Regular,Lecture,Web Design,3.00,A,SI 539,No
Winter 2024,88696531,040667,WN 2023,SI,681,001,Regular,Seminar,Intern/Field Seminar,6.00,S,SI 681,No
Winter 2024,88696531,040667,WN 2024,SI,681,001,Regular,Seminar,Intern/Field Seminar,1.00,S,SI 681,No
Winter 2024,88696531,042091,WN 2023,SI,618,001,Regular,Lecture,Data Man & Analysis,3.00,A+,SI 618,No
Winter 2024,88696531,042104,FA 2022,SI,501,002,Regular,Lecture,Contextual Inq,3.00,A,SI 501,No
Winter 2024,88696531,044772,FA 2023,SI,582,003,Regular,Lecture,Intro Interac Design,3.00,A+,SI 582,No
Winter 2024,88696531,047246,FA 2022,SI,506,001,Regular,Lecture,Programming I,3.00,A,SI 506,No
Winter 2024,88696531,047640,WN 2023,SI,507,001,Regular,Lecture,Inter Programming,3.00,A,SI 507,No
Winter 2024,88696531,047901,FA 2024,SI,699,201,Regular,Lecture,MSI Mastery Courses,3.00,A,SI 699,No
Winter 2024,88696531,049601,FA 2023,SI,564,001,Regular,Lecture,SQL & Databases,1.50,W,SI 564,No
Winter 2024,88696531,050164,FA 2022,SI,504,001,Regular,Lecture,"Servers, Shell,&Git",1.50,B+,SI 504,No
Winter 2024,88696531,050663,WN 2023,SI,568,001,Regular,Lecture,Intro Appld Data Sci,3.00,A,SI 568,No
Winter 2024,88696531,050983,WN 2023,SI,602,001,Regular,Lecture,Math for ApplDataSci,3.00,C,SI 602,No
Winter 2024,88847456,001459,FA 2023,SI,690,460,Regular,Seminar,Intern/Field Exper,2.00,S,SI 690,No
Winter 2024,88847456,012456,FA 2023,SI,549,001,Regular,Seminar,Trfrm Lrng Tchg Tech,3.00,S,SI 549,No
Winter 2024,88847456,017281,FA 2022,SI,588,002,Regular,Lecture,Fundamntls Hum Beh,3.00,A,SI 588,No
Winter 2024,88847456,020401,WN 2023,SI,622,002,Regular,Lecture,Usab Eval & Needs,4.00,A,SI 622,No
Winter 2024,88847456,021400,FA 2022,SI,520,001,Regular,Lecture,Graphic Design,3.00,A-,SI 520,No
Winter 2024,88847456,039081,FA 2023,SI,529,001,Regular,Lecture,Online Communities,3.00,A,SI 529,No
Winter 2024,88847456,039178,FA 2023,SI,539,001,Regular,Lecture,Web Design,3.00,A,SI 539,No
Winter 2024,88847456,039979,WN 2023,SI,623,001,Regular,Seminar,Res Meth Info Prof,3.00,A,SI 623,No
Winter 2024,88847456,040667,WN 2023,SI,681,001,Regular,Seminar,Intern/Field Seminar,6.00,S,SI 681,No
Winter 2024,88847456,042104,FA 2022,SI,501,002,Regular,Lecture,Contextual Inq,3.00,A,SI 501,No
Winter 2024,88847456,044772,FA 2022,SI,582,003,Regular,Lecture,Intro Interac Design,3.00,A,SI 582,No
Winter 2024,88847456,045393,WN 2024,SI,552,001,Regular,Lecture,Accessibility Intro,3.00,A,SI 552,No
Winter 2024,88847456,045771,FA 2023,SI,684,001,Regular,Seminar,Design ConsHlth Tech,3.00,A+,SI 684,No
Winter 2024,88847456,046386,FA 2022,SI,311,150,Regular,Lecture,Spec Topics in Info,3.00,A,SI 311,No
Winter 2024,88847456,046386,WN 2023,SI,311,158,Regular,Lecture,Spec Topics in Info,3.00,A+,SI 311,No
Winter 2024,88847456,047901,WN 2024,SI,699,301,Regular,Lecture,MSI Mastery Courses,3.00,A+,SI 699,No
Winter 2024,89391965,001459,WN 2024,SI,690,001,Regular,Seminar,Intern/Field Exper,6.00,S,SI 690,No
Winter 2024,89391965,005425,WN 2024,HISTORY,216,002,Regular,Discussion,World War I,4.00,S,HISTORY 216,Yes
Winter 2024,89391965,007154,FA 2022,MILSCI,301,001,Regular,Discussion,Lead Small Org I,2.00,A+,MILSCI 301,Yes
Winter 2024,89391965,007155,WN 2023,MILSCI,302,001,Regular,Lecture,Lead Small Org II,2.00,A+,MILSCI 302,Yes
Winter 2024,89391965,007157,FA 2023,MILSCI,401,001,Regular,Discussion,Ldrshp & Mgt,2.00,A,MILSCI 401,Yes
Winter 2024,89391965,007158,WN 2024,MILSCI,402,001,Regular,Lecture,Mil Prof&Ethics,2.00,A+,MILSCI 402,Yes
Winter 2024,89391965,016607,FA 2022,SI,544,001,Regular,Lecture,Intr Stat&Data Analy,3.00,A,SI 544,No
Winter 2024,89391965,021042,FA 2023,SI,647,001,Regular,Lecture,Info Resources&Serv,3.00,A,SI 647,No
Winter 2024,89391965,021045,FA 2023,SI,666,001,Regular,Lecture,Org of Inf Resources,3.00,A+,SI 666,No
Winter 2024,89391965,039979,WN 2023,SI,623,001,Regular,Seminar,Res Meth Info Prof,3.00,A+,SI 623,No
Winter 2024,89391965,040898,FA 2022,PUBPOL,683,001,Regular,Lecture,Elect&Camp,3.00,A-,PUBPOL 683,Yes
Winter 2024,89391965,042104,FA 2022,SI,501,001,Regular,Lecture,Contextual Inq,3.00,A,SI 501,No
Winter 2024,89391965,045428,WN 2024,SI,661,001,Regular,Seminar,Mgmt in Health Info,3.00,A,SI 661,No
Winter 2024,89391965,047246,FA 2022,SI,506,001,Regular,Lecture,Programming I,3.00,A,SI 506,No
Winter 2024,89391965,047901,WN 2024,SI,699,028,Regular,Lecture,MSI Mastery Courses,3.00,A,SI 699,No
Winter 2024,89391965,048280,WN 2023,SI,667,001,Regular,Lecture,Digital Curation,3.00,A+,SI 667,No
Winter 2024,89391965,050028,FA 2023,SI,583,001,Regular,Lecture,Info Accountability,3.00,A,SI 583,No
Winter 2024,89391965,050162,WN 2023,SI,510,001,Regular,Lecture,Information Ethics,3.00,A,SI 510,No
Winter 2024,89391965,050164,FA 2022,SI,504,001,Regular,Lecture,"Servers, Shell,&Git",1.50,A,SI 504,No
Winter 2024,89391965,050687,FA 2023,PUBPOL,582,002,Regular,Seminar,Leading Organizations,3.00,A,PUBPOL 582,Yes
Winter 2024,89391965,051074,WN 2023,SI,626,001,Regular,Lecture,Manage NonProf Lib,3.00,A-,SI 626,No
Winter 2024,90139027,001688,FA 2022,GERMAN,232,004,Regular,Recitation,Second-Year,4.00,A,GERMAN 232,Yes
Winter 2024,90139027,005504,WN 2024,HISTORY,642,001,Regular,Recitation,PreMod European Hist,3.00,A,HISTORY 642,Yes
Winter 2024,90139027,009731,FA 2022,SI,580,001,Regular,Lecture,Records & Archives,3.00,A+,SI 580,No
Winter 2024,90139027,013254,FA 2022,MUSICOL,503,001,Regular,Seminar,Mus Bibliogr,3.00,A,MUSICOL 503,Yes
Winter 2024,90139027,020803,WN 2024,SI,643,001,Regular,Lecture,Instructional Skills,3.00,A+,SI 643,No
Winter 2024,90139027,021045,FA 2023,SI,666,001,Regular,Lecture,Org of Inf Resources,3.00,A-,SI 666,No
Winter 2024,90139027,022326,WN 2023,SI,581,001,Regular,Lecture,Pres Info Resources,3.00,A-,SI 581,No
Winter 2024,90139027,039979,WN 2023,SI,623,001,Regular,Seminar,Res Meth Info Prof,3.00,A,SI 623,No
Winter 2024,90139027,042104,FA 2022,SI,501,002,Regular,Lecture,Contextual Inq,3.00,A,SI 501,No
Winter 2024,90139027,043443,FA 2023,HISTORY,610,001,Regular,Recitation,Grd Colloq Wrld&Glob,3.00,A,HISTORY 610,Yes
Winter 2024,90139027,047246,FA 2022,SI,506,001,Regular,Lecture,Programming I,3.00,A-,SI 506,No
Winter 2024,90139027,047901,WN 2024,SI,699,028,Regular,Lecture,MSI Mastery Courses,3.00,B+,SI 699,No
Winter 2024,90139027,050028,FA 2023,SI,583,001,Regular,Lecture,Info Accountability,3.00,A,SI 583,No
Winter 2024,90139027,050162,WN 2023,SI,510,001,Regular,Lecture,Information Ethics,3.00,A,SI 510,No
Winter 2024,90139027,050163,FA 2023,SI,633,001,Regular,Lecture,Assesmnt Cultrl Inst,3.00,A,SI 633,No
Winter 2024,90139027,050165,WN 2023,SI,585,001,Regular,Lecture,Scholarly Comm,3.00,A,SI 585,No
Winter 2024,90139027,051074,WN 2024,SI,626,001,Regular,Lecture,Manage NonProf Lib,3.00,A,SI 626,No
Winter 2024,90148216,020803,WN 2023,SI,643,001,Regular,Lecture,Instructional Skills,3.00,A+,SI 643,No
Winter 2024,90148216,021042,FA 2022,SI,647,001,Regular,Lecture,Info Resources&Serv,3.00,A+,SI 647,No
Winter 2024,90148216,021045,FA 2022,SI,666,001,Regular,Lecture,Org of Inf Resources,3.00,A,SI 666,No
Winter 2024,90148216,038659,FA 2023,SI,519,001,Regular,Seminar,Intel Prop&Info Law,3.00,A,SI 519,No
Winter 2024,90148216,038948,FA 2023,SI,632,001,Regular,Lecture,Appraisal & Coll Dev,3.00,A+,SI 632,No
Winter 2024,90148216,039979,WN 2023,SI,623,001,Regular,Seminar,Res Meth Info Prof,3.00,A+,SI 623,No
Winter 2024,90148216,040667,WN 2023,SI,681,001,Regular,Seminar,Intern/Field Seminar,6.00,S,SI 681,No
Winter 2024,90148216,042104,FA 2022,SI,501,002,Regular,Lecture,Contextual Inq,3.00,A,SI 501,No
Winter 2024,90148216,047246,FA 2022,SI,506,001,Regular,Lecture,Programming I,3.00,A,SI 506,No
Winter 2024,90148216,047901,WN 2024,SI,699,028,Regular,Lecture,MSI Mastery Courses,3.00,A,SI 699,No
Winter 2024,90148216,048280,WN 2023,SI,667,001,Regular,Lecture,Digital Curation,3.00,A,SI 667,No
Winter 2024,90148216,050162,WN 2024,SI,510,001,Regular,Lecture,Information Ethics,3.00,A+,SI 510,No
Winter 2024,90148216,050163,FA 2023,SI,633,001,Regular,Lecture,Assesmnt Cultrl Inst,3.00,A,SI 633,No
Winter 2024,90148216,050165,WN 2024,SI,585,001,Regular,Lecture,Scholarly Comm,3.00,A+,SI 585,No
Winter 2024,90148216,051074,WN 2023,SI,626,001,Regular,Lecture,Manage NonProf Lib,3.00,A,SI 626,No
Winter 2024,90246112,002987,WN 2024,MUSED,501,001,Regular,Seminar,Psych Mus Tch & Lrng,3.00,W,MUSED 501,Yes
Winter 2024,90246112,038659,FA 2024,SI,519,001,Regular,Seminar,Intel Prop&Info Law,3.00,A+,SI 519,No
Winter 2024,90246112,039081,FA 2023,SI,529,001,Regular,Lecture,Online Communities,3.00,A-,SI 529,No
Winter 2024,90246112,040779,FA 2024,ENGLISH,580,001,Regular,Seminar,Disability Studies,3.00,A,ENGLISH 580,Yes
Winter 2024,90246112,042104,FA 2023,SI,501,002,Regular,Lecture,Contextual Inq,3.00,A,SI 501,No
Winter 2024,90246112,043366,WN 2024,SI,617,001,Regular,Lecture,Choice Architecture,3.00,A-,SI 617,No
Winter 2024,90246112,043863,WN 2024,SI,612,002,Regular,Lecture,Pervasv Interact Des,3.00,A-,SI 612,No
Winter 2024,90246112,045393,FA 2024,SI,552,002,Regular,Lecture,Accessibility Intro,3.00,B-,SI 552,No
Winter 2024,90246112,045771,FA 2023,SI,684,001,Regular,Seminar,Design ConsHlth Tech,3.00,A,SI 684,No
Winter 2024,90246112,047901,WN 2024,SI,699,601,Regular,Lecture,MSI Mastery Courses,3.00,A+,SI 699,No
Winter 2024,90246112,050164,FA 2023,SI,504,001,Regular,Lecture,"Servers, Shell,&Git",1.50,D,SI 504,No
Winter 2024,90246112,050252,FA 2023,DIGITAL,601,001,Regular,Seminar,Topics Dig Stds,3.00,A,DIGITAL 601,Yes
Winter 2024,91128295,017281,FA 2022,SI,588,002,Regular,Lecture,Fundamntls Hum Beh,3.00,A+,SI 588,No
Winter 2024,91128295,020401,WN 2023,SI,622,001,Regular,Lecture,Usab Eval & Needs,4.00,A,SI 622,No
Winter 2024,91128295,020934,WN 2023,SI,649,001,Regular,Lecture,Info Visualization,3.00,A-,SI 649,No
Winter 2024,91128295,021391,WN 2024,SI,511,073,Regular,Lecture,Special Topics,3.00,A,SI 511,No
Winter 2024,91128295,021400,FA 2022,SI,520,001,Regular,Lecture,Graphic Design,3.00,A,SI 520,No
Winter 2024,91128295,040667,WN 2023,SI,681,001,Regular,Seminar,Intern/Field Seminar,6.00,S,SI 681,No
Winter 2024,91128295,042104,FA 2022,SI,501,001,Regular,Lecture,Contextual Inq,3.00,A,SI 501,No
Winter 2024,91128295,044772,FA 2022,SI,582,005,Regular,Lecture,Intro Interac Design,3.00,A+,SI 582,No
Winter 2024,91128295,045687,FA 2023,SI,538,001,Regular,Seminar,Citizen Inter Design,4.00,A,SI 538,No
Winter 2024,91128295,045771,FA 2023,SI,684,001,Regular,Seminar,Design ConsHlth Tech,3.00,A,SI 684,No
Winter 2024,91128295,046306,WN 2023,SI,616,001,Regular,Lecture,Adv Graphic Design,3.00,A-,SI 616,No
Winter 2024,91128295,047228,FA 2023,ENTR,500,002,Regular,Lecture,Intro to Innovation,3.00,A,ENTR 500,Yes
Winter 2024,91128295,047901,WN 2024,SI,699,201,Regular,Lecture,MSI Mastery Courses,3.00,A,SI 699,No
Winter 2024,91128295,048129,WN 2023,SI,505,001,First 7 Wk,Lecture,Career/Intern Studio,1.00,S,SI 505,No
Winter 2024,91128295,048488,FA 2023,SI,559,003,Regular,Lecture,AR/VR Intro,3.00,A-,SI 559,No
Winter 2024,92327110,003670,WN 2023,ACC,471,001,Regular,Recitation,Accounting Principle,3.00,A+,ACC 471,Yes
Winter 2024,92327110,006306,FA 2023,STATS,500,002,Regular,Lecture,Stat Learn I:Regress,3.00,A,STATS 500,Yes
Winter 2024,92327110,009732,FA 2022,SI,650,001,Regular,Lecture,Informatn Retrieval,3.00,A,SI 650,No
Winter 2024,92327110,020934,WN 2023,SI,649,002,Regular,Lecture,Info Visualization,3.00,A-,SI 649,No
Winter 2024,92327110,040667,WN 2023,SI,681,001,Regular,Seminar,Intern/Field Seminar,6.00,S,SI 681,No
Winter 2024,92327110,041626,WN 2023,SI,664,001,Regular,Lecture,Database App Design,3.00,A,SI 664,No
Winter 2024,92327110,042071,FA 2023,SI,563,001,Regular,Lecture,Game Theory,3.00,A,SI 563,No
Winter 2024,92327110,042091,FA 2022,SI,618,001,Regular,Lecture,Data Man & Analysis,3.00,A+,SI 618,No
Winter 2024,92327110,042104,FA 2022,SI,501,001,Regular,Lecture,Contextual Inq,3.00,A,SI 501,No
Winter 2024,92327110,045930,FA 2023,SI,671,001,Regular,Lecture,Data Mining,3.00,A,SI 671,No
Winter 2024,92327110,047640,FA 2022,SI,507,001,Regular,Lecture,Inter Programming,3.00,A,SI 507,No
Winter 2024,92327110,047901,WN 2024,SI,699,205,Regular,Lecture,MSI Mastery Courses,3.00,A,SI 699,No
Winter 2024,92327110,048500,FA 2023,SI,670,001,Regular,Lecture,Appld Machine Learng,3.00,A-,SI 670,No
Winter 2024,92327110,049601,FA 2023,SI,564,001,Regular,Lecture,SQL & Databases,1.50,A,SI 564,No
Winter 2024,92327110,050663,WN 2023,SI,568,001,Regular,Lecture,Intro Appld Data Sci,3.00,A+,SI 568,No
Winter 2024,92327110,050983,WN 2023,SI,602,001,Regular,Lecture,Math for ApplDataSci,3.00,A,SI 602,No
Winter 2024,93092806,009732,FA 2023,SI,650,001,Regular,Lecture,Informatn Retrieval,3.00,C,SI 650,No
Winter 2024,93092806,016607,FA 2022,SI,544,001,Regular,Lecture,Intr Stat&Data Analy,3.00,A,SI 544,No
Winter 2024,93092806,020934,WN 2023,SI,649,001,Regular,Lecture,Info Visualization,3.00,A-,SI 649,No
Winter 2024,93092806,040667,WN 2023,SI,681,001,Regular,Seminar,Intern/Field Seminar,5.00,S,SI 681,No
Winter 2024,93092806,041626,FA 2022,SI,664,001,Regular,Lecture,Database App Design,3.00,A,SI 664,No
Winter 2024,93092806,042091,WN 2023,SI,618,001,Regular,Lecture,Data Man & Analysis,3.00,A+,SI 618,No
Winter 2024,93092806,042104,FA 2022,SI,501,002,Regular,Lecture,Contextual Inq,3.00,A,SI 501,No
Winter 2024,93092806,043396,FA 2023,EECS,402,001,Regular,Lecture,Prog for Sci&Eng,4.00,A+,EECS 402,Yes
Winter 2024,93092806,047640,FA 2022,SI,507,001,Regular,Lecture,Inter Programming,3.00,A,SI 507,No
Winter 2024,93092806,047901,WN 2024,SI,699,005,Regular,Lecture,MSI Mastery Courses,3.00,A,SI 699,No
Winter 2024,93092806,048488,FA 2023,SI,559,001,Regular,Lecture,AR/VR Intro,3.00,A-,SI 559,No
Winter 2024,93092806,048500,FA 2023,SI,670,001,Regular,Lecture,Appld Machine Learng,3.00,B-,SI 670,No
Winter 2024,93092806,048514,FA 2023,WELLNESS,512,001,Regular,Recitation,Yoga Performers,1.00,A,WELLNESS 512,Yes
Winter 2024,93092806,048887,WN 2024,EECS,403,001,Regular,Lecture,Fnd Data Str Algo,4.00,A-,EECS 403,Yes
Winter 2024,93092806,049601,WN 2023,SI,564,001,Regular,Lecture,SQL & Databases,1.50,A,SI 564,No
Winter 2024,93092806,050164,FA 2022,SI,504,001,Regular,Lecture,"Servers, Shell,&Git",1.50,A,SI 504,No
Winter 2024,93092806,050663,WN 2023,SI,568,001,Regular,Lecture,Intro Appld Data Sci,3.00,A+,SI 568,No
Winter 2024,93092806,050983,WN 2023,SI,602,001,Regular,Lecture,Math for ApplDataSci,3.00,C+,SI 602,No
Winter 2024,93593267,009732,FA 2023,SI,650,001,Regular,Lecture,Informatn Retrieval,3.00,A,SI 650,No
Winter 2024,93593267,020803,WN 2024,SI,643,001,Regular,Lecture,Instructional Skills,3.00,A+,SI 643,No
Winter 2024,93593267,040667,WN 2023,SI,681,001,Regular,Seminar,Intern/Field Seminar,6.00,S,SI 681,No
Winter 2024,93593267,041934,FA 2023,SI,608,001,Regular,Lecture,Networks,3.00,A+,SI 608,No
Winter 2024,93593267,042091,WN 2023,SI,618,001,Regular,Lecture,Data Man & Analysis,3.00,A+,SI 618,No
Winter 2024,93593267,042104,FA 2022,SI,501,001,Regular,Lecture,Contextual Inq,3.00,A,SI 501,No
Winter 2024,93593267,044772,FA 2022,SI,582,005,Regular,Lecture,Intro Interac Design,3.00,A+,SI 582,No
Winter 2024,93593267,047246,FA 2022,SI,506,001,Regular,Lecture,Programming I,3.00,A,SI 506,No
Winter 2024,93593267,047640,WN 2023,SI,507,001,Regular,Lecture,Inter Programming,3.00,A,SI 507,No
Winter 2024,93593267,047901,WN 2024,SI,699,305,Regular,Lecture,MSI Mastery Courses,3.00,A,SI 699,No
Winter 2024,93593267,048268,WN 2024,SI,630,001,Regular,Lecture,NLP Algorithm People,3.00,A+,SI 630,No
Winter 2024,93593267,048500,FA 2023,SI,670,001,Regular,Lecture,Appld Machine Learng,3.00,A-,SI 670,No
Winter 2024,93593267,049601,WN 2023,SI,564,001,Regular,Lecture,SQL & Databases,1.50,A,SI 564,No
Winter 2024,93593267,050164,FA 2022,SI,504,001,Regular,Lecture,"Servers, Shell,&Git",1.50,A,SI 504,No
Winter 2024,93593267,050663,WN 2023,SI,568,001,Regular,Lecture,Intro Appld Data Sci,3.00,A+,SI 568,No
Winter 2024,93593267,050983,WN 2023,SI,602,001,Regular,Lecture,Math for ApplDataSci,3.00,A,SI 602,No
Winter 2024,94129899,009732,FA 2023,SI,650,001,Regular,Lecture,Informatn Retrieval,3.00,W,SI 650,No
Winter 2024,94129899,016607,FA 2022,SI,544,001,Regular,Lecture,Intr Stat&Data Analy,3.00,A+,SI 544,No
Winter 2024,94129899,020934,WN 2023,SI,649,001,Regular,Lecture,Info Visualization,3.00,B+,SI 649,No
Winter 2024,94129899,040667,WN 2023,SI,681,001,Regular,Seminar,Intern/Field Seminar,6.00,S,SI 681,No
Winter 2024,94129899,041626,WN 2023,SI,664,001,Regular,Lecture,Database App Design,3.00,A,SI 664,No
Winter 2024,94129899,041934,FA 2023,SI,608,001,Regular,Lecture,Networks,3.00,A,SI 608,No
Winter 2024,94129899,042091,WN 2023,SI,618,001,Regular,Lecture,Data Man & Analysis,3.00,A,SI 618,No
Winter 2024,94129899,042104,FA 2022,SI,501,002,Regular,Lecture,Contextual Inq,3.00,A,SI 501,No
Winter 2024,94129899,045930,FA 2023,SI,671,001,Regular,Lecture,Data Mining,3.00,A-,SI 671,No
Winter 2024,94129899,047640,FA 2022,SI,507,001,Regular,Lecture,Inter Programming,3.00,A,SI 507,No
Winter 2024,94129899,047901,WN 2024,SI,699,005,Regular,Lecture,MSI Mastery Courses,3.00,A,SI 699,No
Winter 2024,94129899,048141,WN 2024,STATS,513,001,Regular,Lecture,Regress&Data Analys,3.00,A-,STATS 513,Yes
Winter 2024,94129899,049601,FA 2022,SI,564,001,Regular,Lecture,SQL & Databases,1.50,A,SI 564,No
Winter 2024,94129899,050164,FA 2022,SI,504,001,Regular,Lecture,"Servers, Shell,&Git",1.50,A,SI 504,No
Winter 2024,94129899,050447,FA 2023,SI,624,001,Regular,Lecture,Health Data Analysis,3.00,B+,SI 624,No
Winter 2024,94129899,050663,WN 2023,SI,568,001,Regular,Lecture,Intro Appld Data Sci,3.00,A,SI 568,No
Winter 2024,94129899,050983,WN 2023,SI,602,001,Regular,Lecture,Math for ApplDataSci,3.00,B+,SI 602,No
Winter 2024,94565879,001459,FA 2023,SI,690,460,Regular,Seminar,Intern/Field Exper,1.00,S,SI 690,No
Winter 2024,94565879,001459,WN 2024,SI,690,001,Regular,Seminar,Intern/Field Exper,1.00,S,SI 690,No
Winter 2024,94565879,016607,FA 2023,SI,544,101,Regular,Lecture,Intr Stat&Data Analy,3.00,A+,SI 544,No
Winter 2024,94565879,020934,FA 2023,SI,649,001,Regular,Lecture,Info Visualization,3.00,B+,SI 649,No
Winter 2024,94565879,040667,WN 2023,SI,681,001,Regular,Seminar,Intern/Field Seminar,6.00,S,SI 681,No
Winter 2024,94565879,041985,FA 2023,SI,542,001,Regular,Lecture,Intro Health Infor,3.00,A,SI 542,No
Winter 2024,94565879,045930,FA 2022,SI,671,001,Regular,Lecture,Data Mining,3.00,A-,SI 671,No
Winter 2024,94565879,047901,WN 2024,SI,699,005,Regular,Lecture,MSI Mastery Courses,3.00,A,SI 699,No
Winter 2024,94565879,048268,WN 2023,SI,630,001,Regular,Lecture,NLP Algorithm People,3.00,C-,SI 630,No
Winter 2024,94565879,048320,WN 2023,EAS,567,001,Regular,Lecture,Soc Vulnrblt&Adapt,3.00,A,EAS 567,Yes
Winter 2024,94565879,050164,FA 2023,SI,504,001,Regular,Lecture,"Servers, Shell,&Git",1.50,A,SI 504,No
Winter 2024,94565879,050663,WN 2023,SI,568,001,Regular,Lecture,Intro Appld Data Sci,3.00,A+,SI 568,No
Winter 2024,94565879,050983,WN 2023,SI,602,001,Regular,Lecture,Math for ApplDataSci,3.00,A-,SI 602,No
Winter 2024,94575710,009732,FA 2023,SI,650,001,Regular,Lecture,Informatn Retrieval,3.00,W,SI 650,No
Winter 2024,94575710,020934,WN 2023,SI,649,001,Regular,Lecture,Info Visualization,3.00,A-,SI 649,No
Winter 2024,94575710,021400,FA 2022,SI,520,002,Regular,Lecture,Graphic Design,3.00,A-,SI 520,No
Winter 2024,94575710,039178,FA 2022,SI,539,001,Regular,Lecture,Web Design,3.00,A,SI 539,No
Winter 2024,94575710,040667,WN 2023,SI,681,001,Regular,Seminar,Intern/Field Seminar,4.00,S,SI 681,No
Winter 2024,94575710,041626,FA 2023,SI,664,001,Regular,Lecture,Database App Design,3.00,A,SI 664,No
Winter 2024,94575710,042091,WN 2023,SI,618,001,Regular,Lecture,Data Man & Analysis,3.00,A+,SI 618,No
Winter 2024,94575710,042104,FA 2022,SI,501,002,Regular,Lecture,Contextual Inq,3.00,A-,SI 501,No
Winter 2024,94575710,043210,FA 2022,SI,534,001,Regular,Lecture,Theories Soc Influen,3.00,A+,SI 534,No
Winter 2024,94575710,045930,FA 2023,SI,671,001,Regular,Lecture,Data Mining,3.00,B+,SI 671,No
Winter 2024,94575710,047640,FA 2022,SI,507,001,Regular,Lecture,Inter Programming,3.00,A,SI 507,No
Winter 2024,94575710,047901,WN 2024,SI,699,005,Regular,Lecture,MSI Mastery Courses,3.00,A+,SI 699,No
Winter 2024,94575710,048129,FA 2022,SI,505,001,Scnd 7 Wk,Lecture,Career/Intern Studio,1.00,S,SI 505,No
Winter 2024,94575710,048147,WN 2023,BA,657,001,Regular,Laboratory,LBLE,3.00,A,BA 657,Yes
Winter 2024,94575710,048268,WN 2024,SI,630,001,Regular,Lecture,NLP Algorithm People,3.00,B+,SI 630,No
Winter 2024,94575710,048500,FA 2023,SI,670,001,Regular,Lecture,Appld Machine Learng,3.00,C+,SI 670,No
Winter 2024,94575710,049601,WN 2023,SI,564,001,Regular,Lecture,SQL & Databases,1.50,A,SI 564,No
Winter 2024,94575710,050164,WN 2023,SI,504,001,Regular,Lecture,"Servers, Shell,&Git",1.50,A,SI 504,No
Winter 2024,94575710,050663,WN 2023,SI,568,001,Regular,Lecture,Intro Appld Data Sci,3.00,A,SI 568,No
Winter 2024,94575710,050983,WN 2024,SI,602,001,Regular,Lecture,Math for ApplDataSci,3.00,A,SI 602,No
Winter 2024,94693011,017281,FA 2023,SI,588,001,Regular,Lecture,Fundamntls Hum Beh,3.00,A,SI 588,No
Winter 2024,94693011,018673,FA 2023,PAT,551,001,Regular,Lecture,Int Media Des I,3.00,B,PAT 551,Yes
Winter 2024,94693011,020401,WN 2023,SI,622,002,Regular,Lecture,Usab Eval & Needs,4.00,A,SI 622,No
Winter 2024,94693011,021400,FA 2022,SI,520,002,Regular,Lecture,Graphic Design,3.00,A,SI 520,No
Winter 2024,94693011,022099,WN 2023,SI,658,001,Regular,Lecture,Info Architecture,3.00,A,SI 658,No
Winter 2024,94693011,039178,FA 2023,SI,539,001,Regular,Lecture,Web Design,3.00,A,SI 539,No
Winter 2024,94693011,040667,WN 2023,SI,681,001,Regular,Seminar,Intern/Field Seminar,3.00,S,SI 681,No
Winter 2024,94693011,042104,FA 2022,SI,501,002,Regular,Lecture,Contextual Inq,3.00,A,SI 501,No
Winter 2024,94693011,043863,WN 2023,SI,612,002,Regular,Lecture,Pervasv Interact Des,3.00,A,SI 612,No
Winter 2024,94693011,044772,FA 2022,SI,582,001,Regular,Lecture,Intro Interac Design,3.00,A+,SI 582,No
Winter 2024,94693011,045205,FA 2023,URP,520,001,Regular,Lecture,Intro to GIS,3.00,A,URP 520,Yes
Winter 2024,94693011,046306,WN 2023,SI,616,001,Regular,Lecture,Adv Graphic Design,3.00,A-,SI 616,No
Winter 2024,94693011,047228,WN 2024,ENTR,500,002,Regular,Lecture,Intro to Innovation,3.00,A+,ENTR 500,Yes
Winter 2024,94693011,047246,FA 2022,SI,506,001,Regular,Lecture,Programming I,3.00,A,SI 506,No
Winter 2024,94693011,047641,WN 2024,SI,540,001,Regular,Lecture,Privacy in Info Tech,3.00,A,SI 540,No
Winter 2024,94693011,047901,WN 2024,SI,699,601,Regular,Lecture,MSI Mastery Courses,3.00,A+,SI 699,No
Winter 2024,94693011,048129,WN 2023,SI,505,001,First 7 Wk,Lecture,Career/Intern Studio,1.00,S,SI 505,No
Winter 2024,95732889,020803,WN 2022,SI,643,001,Regular,Lecture,Instructional Skills,3.00,A,SI 643,No
Winter 2024,95732889,021042,FA 2021,SI,647,001,Regular,Lecture,Info Resources&Serv,3.00,A,SI 647,No
Winter 2024,95732889,022326,WN 2022,SI,581,001,Regular,Lecture,Pres Info Resources,3.00,A,SI 581,No
Winter 2024,95732889,038659,FA 2023,SI,519,001,Regular,Seminar,Intel Prop&Info Law,3.00,A+,SI 519,No
Winter 2024,95732889,038948,FA 2023,SI,632,001,Regular,Lecture,Appraisal & Coll Dev,3.00,A+,SI 632,No
Winter 2024,95732889,039979,WN 2022,SI,623,001,Regular,Seminar,Res Meth Info Prof,3.00,A+,SI 623,No
Winter 2024,95732889,040667,WN 2022,SI,681,001,Regular,Seminar,Intern/Field Seminar,6.00,S,SI 681,No
Winter 2024,95732889,041935,WN 2022,SI,530,001,Regular,Lecture,Prin in Management,3.00,A,SI 530,No
Winter 2024,95732889,042104,FA 2021,SI,501,002,Regular,Lecture,Contextual Inq,3.00,A,SI 501,No
Winter 2024,95732889,045687,FA 2023,SI,538,001,Regular,Seminar,Citizen Inter Design,4.00,A,SI 538,No
Winter 2024,95732889,047246,FA 2021,SI,506,001,Regular,Lecture,Programming I,3.00,B,SI 506,No
Winter 2024,95732889,047901,WN 2024,SI,699,018,Regular,Lecture,MSI Mastery Courses,3.00,A-,SI 699,No
Winter 2024,95732889,048831,FA 2021,SI,547,001,Regular,Seminar,Engage w/Communities,3.00,A,SI 547,No
Winter 2024,95732889,050162,WN 2024,SI,510,001,Regular,Lecture,Information Ethics,3.00,A+,SI 510,No
Winter 2024,95732889,050163,FA 2023,SI,633,001,Regular,Lecture,Assesmnt Cultrl Inst,3.00,A+,SI 633,No
Winter 2024,95732889,050165,WN 2024,SI,585,001,Regular,Lecture,Scholarly Comm,3.00,A+,SI 585,No
Winter 2024,95732889,051074,WN 2024,SI,626,001,Regular,Lecture,Manage NonProf Lib,3.00,A,SI 626,No
Winter 2024,95774379,001459,FA 2023,SI,690,460,Regular,Seminar,Intern/Field Exper,3.00,S,SI 690,No
Winter 2024,95774379,017281,FA 2022,SI,588,002,Regular,Lecture,Fundamntls Hum Beh,3.00,A,SI 588,No
Winter 2024,95774379,020401,WN 2023,SI,622,001,Regular,Lecture,Usab Eval & Needs,4.00,A,SI 622,No
Winter 2024,95774379,021400,WN 2023,SI,520,002,Regular,Laboratory,Graphic Design,3.00,A-,SI 520,No
Winter 2024,95774379,022099,WN 2023,SI,658,001,Regular,Lecture,Info Architecture,3.00,A,SI 658,No
Winter 2024,95774379,039081,WN 2024,SI,529,001,Regular,Lecture,Online Communities,3.00,A+,SI 529,No
Winter 2024,95774379,039178,WN 2023,SI,539,001,Regular,Lecture,Web Design,3.00,A,SI 539,No
Winter 2024,95774379,040667,WN 2023,SI,681,001,Regular,Seminar,Intern/Field Seminar,6.00,S,SI 681,No
Winter 2024,95774379,042104,FA 2022,SI,501,002,Regular,Lecture,Contextual Inq,3.00,A,SI 501,No
Winter 2024,95774379,043210,FA 2023,SI,534,001,Regular,Lecture,Theories Soc Influen,3.00,A+,SI 534,No
Winter 2024,95774379,044772,FA 2022,SI,582,004,Regular,Lecture,Intro Interac Design,3.00,A,SI 582,No
Winter 2024,95774379,045393,FA 2023,SI,552,001,Regular,Lecture,Accessibility Intro,3.00,A+,SI 552,No
Winter 2024,95774379,047246,FA 2022,SI,506,001,Regular,Lecture,Programming I,3.00,A,SI 506,No
Winter 2024,95774379,047901,WN 2024,SI,699,501,Regular,Lecture,MSI Mastery Courses,3.00,A+,SI 699,No
Winter 2024,95774379,048129,WN 2023,SI,505,001,First 7 Wk,Lecture,Career/Intern Studio,1.00,S,SI 505,No
Winter 2024,95774379,048488,FA 2023,SI,559,001,Regular,Lecture,AR/VR Intro,3.00,A,SI 559,No
Winter 2024,95868260,001459,FA 2023,SI,690,460,Regular,Seminar,Intern/Field Exper,2.00,S,SI 690,No
Winter 2024,95868260,001459,WN 2024,SI,690,001,Regular,Seminar,Intern/Field Exper,1.00,S,SI 690,No
Winter 2024,95868260,017281,FA 2022,SI,588,002,Regular,Lecture,Fundamntls Hum Beh,3.00,A,SI 588,No
Winter 2024,95868260,020401,WN 2023,SI,622,001,Regular,Lecture,Usab Eval & Needs,4.00,A,SI 622,No
Winter 2024,95868260,021400,WN 2023,SI,520,002,Regular,Laboratory,Graphic Design,3.00,A-,SI 520,No
Winter 2024,95868260,039178,WN 2023,SI,539,001,Regular,Lecture,Web Design,3.00,A,SI 539,No
Winter 2024,95868260,040667,WN 2023,SI,681,001,Regular,Seminar,Intern/Field Seminar,6.00,S,SI 681,No
Winter 2024,95868260,041957,WN 2023,ENGR,599,220,Regular,Laboratory,Spec Topics Engr,2.00,A,ENGR 599,Yes
Winter 2024,95868260,041957,FA 2023,ENGR,599,220,Regular,Laboratory,Spec Topics Engr,3.00,A,ENGR 599,Yes
Winter 2024,95868260,041957,WN 2024,ENGR,599,220,Regular,Laboratory,Spec Topics Engr,1.00,A,ENGR 599,Yes
Winter 2024,95868260,042071,FA 2023,SI,563,001,Regular,Lecture,Game Theory,3.00,B+,SI 563,No
Winter 2024,95868260,042104,FA 2022,SI,501,001,Regular,Lecture,Contextual Inq,3.00,A-,SI 501,No
Winter 2024,95868260,044772,FA 2022,SI,582,002,Regular,Lecture,Intro Interac Design,3.00,A,SI 582,No
Winter 2024,95868260,045771,FA 2023,SI,684,001,Regular,Seminar,Design ConsHlth Tech,3.00,A+,SI 684,No
Winter 2024,95868260,046386,WN 2023,SI,311,158,Regular,Lecture,Spec Topics in Info,3.00,W,SI 311,No
Winter 2024,95868260,047246,FA 2022,SI,506,001,Regular,Lecture,Programming I,3.00,D,SI 506,No
Winter 2024,95868260,047901,WN 2024,SI,699,001,Regular,Lecture,MSI Mastery Courses,3.00,A,SI 699,No
Winter 2024,95868260,048129,FA 2022,SI,505,001,Scnd 7 Wk,Lecture,Career/Intern Studio,1.00,S,SI 505,No
Winter 2024,95868260,048488,FA 2023,SI,559,003,Regular,Lecture,AR/VR Intro,3.00,A,SI 559,No
Winter 2024,95868260,049601,WN 2023,SI,564,001,Regular,Lecture,SQL & Databases,1.50,A,SI 564,No
Winter 2024,95946491,017281,FA 2022,SI,588,002,Regular,Lecture,Fundamntls Hum Beh,3.00,A+,SI 588,No
Winter 2024,95946491,020401,WN 2023,SI,622,001,Regular,Lecture,Usab Eval & Needs,4.00,A,SI 622,No
Winter 2024,95946491,021400,FA 2022,SI,520,001,Regular,Lecture,Graphic Design,3.00,A,SI 520,No
Winter 2024,95946491,022099,WN 2023,SI,658,001,Regular,Lecture,Info Architecture,3.00,A,SI 658,No
Winter 2024,95946491,039178,WN 2023,SI,539,001,Regular,Lecture,Web Design,3.00,A+,SI 539,No
Winter 2024,95946491,040667,WN 2023,SI,681,001,Regular,Seminar,Intern/Field Seminar,6.00,S,SI 681,No
Winter 2024,95946491,041855,FA 2023,SI,631,001,Regular,Lecture,Agile Softwar Dev,1.50,A+,SI 631,No
Winter 2024,95946491,042104,FA 2022,SI,501,001,Regular,Lecture,Contextual Inq,3.00,A,SI 501,No
Winter 2024,95946491,044772,FA 2022,SI,582,002,Regular,Lecture,Intro Interac Design,3.00,A,SI 582,No
Winter 2024,95946491,044798,WN 2023,ENTR,599,032,Regular,Lecture,Spec Topics Entr,3.00,A,ENTR 599,Yes
Winter 2024,95946491,044798,FA 2023,ENTR,599,033,Regular,Lecture,Spec Topics Entr,3.00,A,ENTR 599,Yes
Winter 2024,95946491,045687,FA 2023,SI,538,001,Regular,Seminar,Citizen Inter Design,4.00,A,SI 538,No
Winter 2024,95946491,045771,FA 2023,SI,684,001,Regular,Seminar,Design ConsHlth Tech,3.00,A+,SI 684,No
Winter 2024,95946491,047246,WN 2023,SI,506,001,Regular,Lecture,Programming I,3.00,A,SI 506,No
Winter 2024,95946491,047901,WN 2024,SI,699,301,Regular,Lecture,MSI Mastery Courses,3.00,A+,SI 699,No
Winter 2024,95946491,048488,FA 2023,SI,559,002,Regular,Lecture,AR/VR Intro,3.00,A,SI 559,No
Winter 2024,95990119,009732,FA 2023,SI,650,001,Regular,Lecture,Informatn Retrieval,3.00,A+,SI 650,No
Winter 2024,95990119,016607,FA 2022,SI,544,001,Regular,Lecture,Intr Stat&Data Analy,3.00,A,SI 544,No
Winter 2024,95990119,020934,FA 2023,SI,649,001,Regular,Lecture,Info Visualization,3.00,A,SI 649,No
Winter 2024,95990119,040667,WN 2023,SI,681,001,Regular,Seminar,Intern/Field Seminar,6.00,S,SI 681,No
Winter 2024,95990119,041336,FA 2023,STRATEGY,675,001,Scnd 7 Wk,Recitation,Bus Model Innovation,2.25,W,STRATEGY 675,Yes
Winter 2024,95990119,042091,WN 2023,SI,618,001,Regular,Lecture,Data Man & Analysis,3.00,A+,SI 618,No
Winter 2024,95990119,042104,FA 2022,SI,501,002,Regular,Lecture,Contextual Inq,3.00,A,SI 501,No
Winter 2024,95990119,043490,FA 2023,BE,608,001,Scnd 7 Wk,Recitation,Health Care Markets,1.50,W,BE 608,Yes
Winter 2024,95990119,045930,FA 2023,SI,671,001,Regular,Lecture,Data Mining,3.00,A-,SI 671,No
Winter 2024,95990119,047173,WN 2024,LHS,610,001,Regular,Lecture,Expl Data Anlys Hlth,3.00,A+,LHS 610,Yes
Winter 2024,95990119,047246,FA 2022,SI,506,001,Regular,Lecture,Programming I,3.00,A,SI 506,No
Winter 2024,95990119,047640,WN 2023,SI,507,001,Regular,Lecture,Inter Programming,3.00,A,SI 507,No
Winter 2024,95990119,047901,WN 2024,SI,699,305,Regular,Lecture,MSI Mastery Courses,3.00,A,SI 699,No
Winter 2024,95990119,048500,FA 2023,SI,670,001,Regular,Lecture,Appld Machine Learng,3.00,B,SI 670,No
Winter 2024,95990119,049601,WN 2023,SI,564,001,Regular,Lecture,SQL & Databases,1.50,A,SI 564,No
Winter 2024,95990119,050164,FA 2022,SI,504,001,Regular,Lecture,"Servers, Shell,&Git",1.50,A,SI 504,No
Winter 2024,95990119,050663,WN 2023,SI,568,001,Regular,Lecture,Intro Appld Data Sci,3.00,A+,SI 568,No
Winter 2024,95990119,050983,WN 2024,SI,602,001,Regular,Lecture,Math for ApplDataSci,3.00,A-,SI 602,No
Winter 2024,96064250,017281,FA 2023,SI,588,001,Regular,Lecture,Fundamntls Hum Beh,3.00,A,SI 588,No
Winter 2024,96064250,020401,WN 2024,SI,622,002,Regular,Lecture,Usab Eval & Needs,4.00,B+,SI 622,No
Winter 2024,96064250,020934,WN 2023,SI,649,002,Regular,Lecture,Info Visualization,3.00,A-,SI 649,No
Winter 2024,96064250,021391,WN 2024,SI,511,151,Regular,Lecture,Special Topics,1.50,A,SI 511,No
Winter 2024,96064250,039178,FA 2022,SI,539,001,Regular,Lecture,Web Design,3.00,A,SI 539,No
Winter 2024,96064250,040667,WN 2023,SI,681,001,Regular,Seminar,Intern/Field Seminar,6.00,S,SI 681,No
Winter 2024,96064250,041626,FA 2022,SI,664,001,Regular,Lecture,Database App Design,3.00,A,SI 664,No
Winter 2024,96064250,041855,FA 2023,SI,631,001,Regular,Lecture,Agile Softwar Dev,1.50,A,SI 631,No
Winter 2024,96064250,042104,FA 2023,SI,501,001,Regular,Lecture,Contextual Inq,3.00,A+,SI 501,No
Winter 2024,96064250,044772,FA 2022,SI,582,003,Regular,Lecture,Intro Interac Design,3.00,B+,SI 582,No
Winter 2024,96064250,047901,WN 2024,SI,699,203,Regular,Lecture,MSI Mastery Courses,3.00,A,SI 699,No
Winter 2024,96064250,048129,FA 2022,SI,505,001,Scnd 7 Wk,Lecture,Career/Intern Studio,1.00,S,SI 505,No
Winter 2024,96064250,048268,WN 2023,SI,630,001,Regular,Lecture,NLP Algorithm People,3.00,A+,SI 630,No
Winter 2024,96064250,048487,FA 2023,SI,669,001,Regular,Lecture,Dev Mobile Exp,3.00,A+,SI 669,No
Winter 2024,96064250,048488,FA 2023,SI,559,002,Regular,Lecture,AR/VR Intro,3.00,A,SI 559,No
Winter 2024,96064250,049601,WN 2023,SI,564,001,Regular,Lecture,SQL & Databases,1.50,A,SI 564,No
Winter 2024,96064250,050159,FA 2022,SI,579,001,Regular,Lecture,Bldg Interactive App,3.00,W,SI 579,No
Winter 2024,96064250,050159,WN 2023,SI,579,001,Regular,Lecture,Bldg Interactive App,3.00,A,SI 579,No
Winter 2024,96995184,001459,WN 2024,SI,690,001,Regular,Seminar,Intern/Field Exper,1.00,S,SI 690,No
Winter 2024,96995184,017281,FA 2022,SI,588,002,Regular,Lecture,Fundamntls Hum Beh,3.00,A,SI 588,No
Winter 2024,96995184,020401,WN 2023,SI,622,002,Regular,Lecture,Usab Eval & Needs,4.00,A,SI 622,No
Winter 2024,96995184,021050,WN 2023,SI,691,072,Regular,Ind Study,Independent Study,2.00,A,SI 691,No
Winter 2024,96995184,021050,FA 2023,SI,691,079,Regular,Ind Study,Independent Study,1.00,A,SI 691,No
Winter 2024,96995184,021400,FA 2022,SI,520,002,Regular,Lecture,Graphic Design,3.00,A-,SI 520,No
Winter 2024,96995184,022099,WN 2023,SI,658,001,Regular,Lecture,Info Architecture,3.00,A+,SI 658,No
Winter 2024,96995184,039178,WN 2023,SI,539,001,Regular,Lecture,Web Design,3.00,A,SI 539,No
Winter 2024,96995184,040667,WN 2023,SI,681,001,Regular,Seminar,Intern/Field Seminar,6.00,S,SI 681,No
Winter 2024,96995184,041855,FA 2023,SI,631,001,Regular,Lecture,Agile Softwar Dev,1.50,A+,SI 631,No
Winter 2024,96995184,042104,FA 2022,SI,501,002,Regular,Lecture,Contextual Inq,3.00,A,SI 501,No
Winter 2024,96995184,044772,FA 2022,SI,582,001,Regular,Lecture,Intro Interac Design,3.00,A,SI 582,No
Winter 2024,96995184,045393,FA 2023,SI,552,001,Regular,Lecture,Accessibility Intro,3.00,A,SI 552,No
Winter 2024,96995184,045687,FA 2023,SI,538,001,Regular,Seminar,Citizen Inter Design,4.00,A,SI 538,No
Winter 2024,96995184,047901,WN 2024,SI,699,401,Regular,Lecture,MSI Mastery Courses,3.00,A+,SI 699,No
Winter 2024,96995184,048129,FA 2022,SI,505,001,Scnd 7 Wk,Lecture,Career/Intern Studio,1.00,S,SI 505,No
Winter 2024,96995184,048488,FA 2023,SI,559,003,Regular,Lecture,AR/VR Intro,3.00,A,SI 559,No
Winter 2024,96995184,050164,FA 2022,SI,504,001,Regular,Lecture,"Servers, Shell,&Git",1.50,A,SI 504,No
Winter 2024,97190679,001459,FA 2018,SI,690,089,Regular,Ind Study,Intern/Field Exper,2.00,S,SI 690,No
Winter 2024,97190679,001899,FA 2018,PSYCH,808,009,Regular,Seminar,Special Seminar,3.00,A,PSYCH 808,Yes
Winter 2024,97190679,006103,FA 2018,PSYCH,682,001,Regular,Seminar,Adv Soc Psych,3.00,B,PSYCH 682,Yes
Winter 2024,97190679,017281,FA 2017,SI,588,001,Regular,Lecture,Fundamntls Hum Beh,3.00,B+,SI 588,No
Winter 2024,97190679,020401,WN 2018,SI,622,001,Regular,Lecture,Usab Eval & Needs,4.00,A,SI 622,No
Winter 2024,97190679,021400,WN 2018,SI,520,001,Regular,Lecture,Graphic Design,3.00,C,SI 520,No
Winter 2024,97190679,022099,WN 2018,SI,658,001,Regular,Lecture,Info Architecture,3.00,A+,SI 658,No
Winter 2024,97190679,039178,FA 2018,SI,539,001,Regular,Lecture,Des of Comp Websites,3.00,W,SI 539,No
Winter 2024,97190679,039178,WN 2019,SI,539,001,Regular,Lecture,Des of Comp Websites,3.00,W,SI 539,No
Winter 2024,97190679,039178,FA 2019,SI,539,001,Regular,Lecture,Des of Comp Websites,3.00,B,SI 539,No
Winter 2024,97190679,041855,WN 2019,SI,631,001,Regular,Lecture,Agile Softwar Dev,1.50,C,SI 631,No
Winter 2024,97190679,042071,FA 2017,SI,563,001,Regular,Lecture,Game Theory,3.00,A-,SI 563,No
Winter 2024,97190679,042104,FA 2017,SI,501,001,Regular,Lecture,Contextual Inq,3.00,B+,SI 501,No
Winter 2024,97190679,043366,WN 2024,SI,617,001,Regular,Lecture,Choice Architecture,3.00,B+,SI 617,No
Winter 2024,97190679,044772,FA 2017,SI,582,002,Regular,Lecture,Intro Interac Design,3.00,ID,SI 582,No
Winter 2024,97190679,047246,FA 2018,SI,506,001,Regular,Lecture,Programming I,3.00,A,SI 506,No
Winter 2024,97190679,047901,WN 2019,SI,699,001,Regular,Lecture,MSI Mastery Courses,3.00,A,SI 699,No
Winter 2024,97190679,048269,WN 2019,SI,660,001,Regular,Lecture,Exp Soc Comp Systems,3.00,C-,SI 660,No
Winter 2024,97190679,050164,WN 2024,SI,504,001,Regular,Lecture,"Servers, Shell,&Git",1.50,B+,SI 504,No
Winter 2024,97549979,017281,FA 2022,SI,588,002,Regular,Lecture,Fundamntls Hum Beh,3.00,A,SI 588,No
Winter 2024,97549979,020401,WN 2023,SI,622,001,Regular,Lecture,Usab Eval & Needs,4.00,A,SI 622,No
Winter 2024,97549979,021400,FA 2022,SI,520,002,Regular,Lecture,Graphic Design,3.00,B+,SI 520,No
Winter 2024,97549979,022099,WN 2023,SI,658,001,Regular,Lecture,Info Architecture,3.00,A,SI 658,No
Winter 2024,97549979,039178,WN 2023,SI,539,001,Regular,Lecture,Web Design,3.00,A+,SI 539,No
Winter 2024,97549979,040667,WN 2023,SI,681,001,Regular,Seminar,Intern/Field Seminar,6.00,S,SI 681,No
Winter 2024,97549979,042104,FA 2022,SI,501,002,Regular,Lecture,Contextual Inq,3.00,A,SI 501,No
Winter 2024,97549979,044772,FA 2022,SI,582,005,Regular,Lecture,Intro Interac Design,3.00,A+,SI 582,No
Winter 2024,97549979,045771,FA 2023,SI,684,001,Regular,Seminar,Design ConsHlth Tech,3.00,A,SI 684,No
Winter 2024,97549979,046306,FA 2023,SI,616,001,Regular,Lecture,Adv Graphic Design,3.00,A-,SI 616,No
Winter 2024,97549979,047228,FA 2023,ENTR,500,002,Regular,Lecture,Intro to Innovation,3.00,A,ENTR 500,Yes
Winter 2024,97549979,047304,WN 2023,ENTR,550,001,Regular,Lecture,Interpersonal Skills,3.00,A-,ENTR 550,Yes
Winter 2024,97549979,047901,WN 2024,SI,699,501,Regular,Lecture,MSI Mastery Courses,3.00,A,SI 699,No
Winter 2024,97549979,048421,FA 2023,ENTR,560,002,Regular,Lecture,Proj Mgmt Consulting,3.00,A,ENTR 560,Yes
Winter 2024,97549979,051454,WN 2024,SI,594,001,Regular,Lecture,Auto UX,3.00,A,SI 594,No
Winter 2024,98048161,001459,FA 2023,SI,690,460,Regular,Seminar,Intern/Field Exper,3.00,S,SI 690,No
Winter 2024,98048161,005175,WN 2024,ENGLISH,578,002,Regular,Seminar,Creative Writing,3.00,A-,ENGLISH 578,Yes
Winter 2024,98048161,017281,FA 2023,SI,588,002,Regular,Lecture,Fundamntls Hum Beh,3.00,A,SI 588,No
Winter 2024,98048161,020401,WN 2023,SI,622,001,Regular,Lecture,Usab Eval & Needs,4.00,A,SI 622,No
Winter 2024,98048161,021045,FA 2023,SI,666,001,Regular,Lecture,Org of Inf Resources,3.00,A+,SI 666,No
Winter 2024,98048161,021400,FA 2022,SI,520,001,Regular,Lecture,Graphic Design,3.00,A-,SI 520,No
Winter 2024,98048161,022099,WN 2023,SI,658,001,Regular,Lecture,Info Architecture,3.00,A,SI 658,No
Winter 2024,98048161,039178,WN 2023,SI,539,001,Regular,Lecture,Web Design,3.00,A,SI 539,No
Winter 2024,98048161,040667,WN 2023,SI,681,001,Regular,Seminar,Intern/Field Seminar,6.00,S,SI 681,No
Winter 2024,98048161,042104,FA 2022,SI,501,002,Regular,Lecture,Contextual Inq,3.00,A,SI 501,No
Winter 2024,98048161,043863,FA 2023,SI,612,002,Regular,Lecture,Pervasv Interact Des,3.00,A,SI 612,No
Winter 2024,98048161,044772,FA 2022,SI,582,002,Regular,Lecture,Intro Interac Design,3.00,A,SI 582,No
Winter 2024,98048161,047246,FA 2022,SI,506,001,Regular,Lecture,Programming I,3.00,A,SI 506,No
Winter 2024,98048161,047901,WN 2024,SI,699,301,Regular,Lecture,MSI Mastery Courses,3.00,A+,SI 699,No
Winter 2024,98048161,048129,WN 2023,SI,505,001,First 7 Wk,Lecture,Career/Intern Studio,1.00,S,SI 505,No
Winter 2024,98048161,048280,WN 2024,SI,667,001,Regular,Lecture,Digital Curation,3.00,A+,SI 667,No
Winter 2024,98299856,014793,FA 2023,ELI,521,003,Regular,Lecture,Acad Writg I,2.00,S,ELI 521,Yes
Winter 2024,98299856,017281,FA 2022,SI,588,001,Regular,Lecture,Fundamntls Hum Beh,3.00,A,SI 588,No
Winter 2024,98299856,020401,WN 2023,SI,622,001,Regular,Lecture,Usab Eval & Needs,4.00,A,SI 622,No
Winter 2024,98299856,021391,WN 2024,SI,511,073,Regular,Lecture,Special Topics,3.00,A,SI 511,No
Winter 2024,98299856,021391,WN 2024,SI,511,151,Regular,Lecture,Special Topics,1.50,A+,SI 511,No
Winter 2024,98299856,021400,WN 2023,SI,520,002,Regular,Laboratory,Graphic Design,3.00,A,SI 520,No
Winter 2024,98299856,039081,WN 2023,SI,529,001,Regular,Lecture,Online Communities,3.00,A,SI 529,No
Winter 2024,98299856,039178,FA 2023,SI,539,101,Regular,Lecture,Web Design,3.00,A,SI 539,No
Winter 2024,98299856,039979,WN 2023,SI,623,001,Regular,Seminar,Res Meth Info Prof,3.00,A,SI 623,No
Winter 2024,98299856,042104,FA 2022,SI,501,002,Regular,Lecture,Contextual Inq,3.00,A+,SI 501,No
Winter 2024,98299856,043863,WN 2024,SI,612,002,Regular,Lecture,Pervasv Interact Des,3.00,A,SI 612,No
Winter 2024,98299856,044772,FA 2022,SI,582,005,Regular,Lecture,Intro Interac Design,3.00,A+,SI 582,No
Winter 2024,98299856,045393,FA 2023,SI,552,001,Regular,Lecture,Accessibility Intro,3.00,A-,SI 552,No
Winter 2024,98299856,047246,FA 2022,SI,506,001,Regular,Lecture,Programming I,3.00,A,SI 506,No
Winter 2024,98299856,047901,FA 2024,SI,699,001,Regular,Lecture,MSI Mastery Courses,3.00,A-,SI 699,No
Winter 2024,98299856,048488,FA 2023,SI,559,003,Regular,Lecture,AR/VR Intro,3.00,A-,SI 559,No
Winter 2024,98299856,050164,FA 2023,SI,504,001,Regular,Lecture,"Servers, Shell,&Git",1.50,A-,SI 504,No
Winter 2024,98378404,009731,FA 2023,SI,580,001,Regular,Lecture,Records & Archives,3.00,A+,SI 580,No
Winter 2024,98378404,020803,WN 2023,SI,643,001,Regular,Lecture,Instructional Skills,3.00,A+,SI 643,No
Winter 2024,98378404,021042,FA 2022,SI,647,001,Regular,Lecture,Info Resources&Serv,3.00,A-,SI 647,No
Winter 2024,98378404,022326,WN 2023,SI,581,001,Regular,Lecture,Pres Info Resources,3.00,A-,SI 581,No
Winter 2024,98378404,038659,FA 2023,SI,519,001,Regular,Seminar,Intel Prop&Info Law,3.00,A+,SI 519,No
Winter 2024,98378404,038948,FA 2023,SI,632,001,Regular,Lecture,Appraisal & Coll Dev,3.00,A,SI 632,No
Winter 2024,98378404,039979,WN 2023,SI,623,001,Regular,Seminar,Res Meth Info Prof,3.00,A,SI 623,No
Winter 2024,98378404,040667,WN 2023,SI,681,001,Regular,Seminar,Intern/Field Seminar,5.00,S,SI 681,No
Winter 2024,98378404,042104,FA 2022,SI,501,002,Regular,Lecture,Contextual Inq,3.00,A,SI 501,No
Winter 2024,98378404,047246,FA 2022,SI,506,001,Regular,Lecture,Programming I,3.00,W,SI 506,No
Winter 2024,98378404,047246,FA 2023,SI,506,001,Regular,Lecture,Programming I,3.00,B-,SI 506,No
Winter 2024,98378404,047901,WN 2024,SI,699,018,Regular,Lecture,MSI Mastery Courses,3.00,A+,SI 699,No
Winter 2024,98378404,048831,FA 2022,SI,547,001,Regular,Seminar,Engage w/Communities,3.00,A,SI 547,No
Winter 2024,98378404,050162,WN 2024,SI,510,001,Regular,Lecture,Information Ethics,3.00,A,SI 510,No
Winter 2024,98378404,050163,FA 2023,SI,633,001,Regular,Lecture,Assesmnt Cultrl Inst,3.00,A,SI 633,No
Winter 2024,98378404,050165,WN 2024,SI,585,001,Regular,Lecture,Scholarly Comm,3.00,A,SI 585,No
Winter 2024,98378404,051074,WN 2023,SI,626,001,Regular,Lecture,Manage NonProf Lib,3.00,A,SI 626,No
Winter 2024,98567406,009732,FA 2022,SI,650,001,Regular,Lecture,Informatn Retrieval,3.00,B,SI 650,No
Winter 2024,98567406,017281,FA 2022,SI,588,001,Regular,Lecture,Fundamntls Hum Beh,3.00,A,SI 588,No
Winter 2024,98567406,021629,FA 2023,MKT,608,001,Regular,Recitation,Pricing Analy&Strat,3.00,A-,MKT 608,Yes
Winter 2024,98567406,041626,WN 2023,SI,664,001,Regular,Lecture,Database App Design,3.00,A,SI 664,No
Winter 2024,98567406,042091,FA 2022,SI,618,001,Regular,Lecture,Data Man & Analysis,3.00,A-,SI 618,No
Winter 2024,98567406,042104,FA 2022,SI,501,001,Regular,Lecture,Contextual Inq,3.00,A-,SI 501,No
Winter 2024,98567406,045930,FA 2023,SI,671,001,Regular,Lecture,Data Mining,3.00,B+,SI 671,No
Winter 2024,98567406,047640,FA 2022,SI,507,001,Regular,Lecture,Inter Programming,3.00,A,SI 507,No
Winter 2024,98567406,047901,WN 2024,SI,699,205,Regular,Lecture,MSI Mastery Courses,3.00,A,SI 699,No
Winter 2024,98567406,048141,WN 2023,STATS,513,001,Regular,Lecture,Regress&Data Analys,3.00,A,STATS 513,Yes
Winter 2024,98567406,048268,WN 2023,SI,630,001,Regular,Lecture,NLP Algorithm People,3.00,A+,SI 630,No
Winter 2024,98567406,048488,FA 2023,SI,559,001,Regular,Lecture,AR/VR Intro,3.00,A,SI 559,No
Winter 2024,98567406,048500,FA 2023,SI,670,001,Regular,Lecture,Appld Machine Learng,3.00,B-,SI 670,No
Winter 2024,98567406,049601,FA 2022,SI,564,001,Regular,Lecture,SQL & Databases,1.50,A,SI 564,No
Winter 2024,98567406,050164,FA 2023,SI,504,001,Regular,Lecture,"Servers, Shell,&Git",1.50,A,SI 504,No
Winter 2024,98567406,050663,WN 2023,SI,568,001,Regular,Lecture,Intro Appld Data Sci,3.00,A,SI 568,No
Winter 2024,98567406,050983,WN 2023,SI,602,001,Regular,Lecture,Math for ApplDataSci,3.00,A,SI 602,No
Winter 2024,98813333,016607,FA 2023,SI,544,001,Regular,Lecture,Intr Stat&Data Analy,3.00,A+,SI 544,No
Winter 2024,98813333,017281,FA 2022,SI,588,002,Regular,Lecture,Fundamntls Hum Beh,3.00,A-,SI 588,No
Winter 2024,98813333,020401,WN 2023,SI,622,002,Regular,Lecture,Usab Eval & Needs,4.00,A,SI 622,No
Winter 2024,98813333,021391,WN 2024,SI,511,151,Regular,Lecture,Special Topics,1.50,A,SI 511,No
Winter 2024,98813333,021400,WN 2023,SI,520,004,Regular,Laboratory,Graphic Design,3.00,B,SI 520,No
Winter 2024,98813333,039081,FA 2023,SI,529,001,Regular,Lecture,Online Communities,3.00,A,SI 529,No
Winter 2024,98813333,039178,WN 2023,SI,539,001,Regular,Lecture,Web Design,3.00,A+,SI 539,No
Winter 2024,98813333,040667,WN 2023,SI,681,001,Regular,Seminar,Intern/Field Seminar,6.00,S,SI 681,No
Winter 2024,98813333,041736,WN 2023,PUBPOL,650,001,Regular,Lecture,Intr to Science&Tech,3.00,W,PUBPOL 650,Yes
Winter 2024,98813333,042104,FA 2022,SI,501,001,Regular,Lecture,Contextual Inq,3.00,A,SI 501,No
Winter 2024,98813333,043863,FA 2023,SI,612,002,Regular,Lecture,Pervasv Interact Des,3.00,A,SI 612,No
Winter 2024,98813333,044772,FA 2022,SI,582,005,Regular,Lecture,Intro Interac Design,3.00,A,SI 582,No
Winter 2024,98813333,047246,FA 2022,SI,506,001,Regular,Lecture,Programming I,3.00,A,SI 506,No
Winter 2024,98813333,047901,WN 2024,SI,699,201,Regular,Lecture,MSI Mastery Courses,3.00,A,SI 699,No
Winter 2024,98813333,048129,WN 2023,SI,505,001,First 7 Wk,Lecture,Career/Intern Studio,1.00,S,SI 505,No
Winter 2024,98813333,048514,FA 2023,WELLNESS,512,002,Regular,Recitation,Yoga Performers,1.00,A,WELLNESS 512,Yes
Winter 2024,98813333,048877,FA 2023,SI,610,001,Regular,Seminar,Dig Studies Seminar,3.00,A,SI 610,No
Winter 2024,98813333,049601,WN 2024,SI,564,001,Regular,Lecture,SQL & Databases,1.50,A-,SI 564,No
Winter 2024,98813333,049834,WN 2024,SI,591,001,Regular,Lecture,Humanitarian Innov,3.00,A,SI 591,No
Winter 2024,98816740,016607,FA 2024,SI,544,001,Regular,Lecture,Intr Stat&Data Analy,3.00,B+,SI 544,No
Winter 2024,98816740,021400,FA 2023,SI,520,001,Regular,Lecture,Graphic Design,3.00,C,SI 520,No
Winter 2024,98816740,040667,WN 2024,SI,681,001,Regular,Seminar,Intern/Field Seminar,2.00,S,SI 681,No
Winter 2024,98816740,042104,FA 2023,SI,501,002,Regular,Lecture,Contextual Inq,3.00,A,SI 501,No
Winter 2024,98816740,045771,FA 2023,SI,684,001,Regular,Seminar,Design ConsHlth Tech,3.00,A,SI 684,No
Winter 2024,98816740,047246,FA 2023,SI,506,001,Regular,Lecture,Programming I,3.00,C,SI 506,No
Winter 2024,98816740,047901,WN 2024,SI,699,301,Regular,Lecture,MSI Mastery Courses,3.00,A+,SI 699,No
Winter 2024,98816740,049417,WN 2024,BA,670,001,Regular,Recitation,+Impact Studio,3.00,B,BA 670,Yes