CompletionTermDesc,Emplid,Crse ID,Term Descrshort,Subject,Catalog Nbr,Class Section,Session Descrshort,Crse Component Descrshort,Crse Descr,Unt Earned - Credits,Crse Grade Off - Grade Earned,Course Code,Outside UMSI
Winter 2023,00496232,017281,FA 2021,SI,588,002,Regular,Lecture,Fundamntls Hum Beh,3.00,W,SI 588,No
Winter 2023,00496232,017281,FA 2022,SI,588,001,Regular,Lecture,Fundamntls Hum Beh,3.00,A-,SI 588,No
Winter 2023,00496232,020401,WN 2022,SI,622,003,Regular,Lecture,Usab Eval & Needs,4.00,A,SI 622,No
Winter 2023,00496232,021400,WN 2022,SI,520,002,Regular,Lecture,Graphic Design,3.00,A-,SI 520,No
Winter 2023,00496232,022099,WN 2023,SI,658,001,Regular,Lecture,Info Architecture,3.00,A,SI 658,No
Winter 2023,00496232,039178,FA 2021,SI,539,001,Regular,Lecture,Web Design,3.00,A-,SI 539,No
Winter 2023,00496232,040667,WN 2023,SI,681,001,Regular,Seminar,Intern/Field Seminar,4.00,S,SI 681,No
Winter 2023,00496232,042104,FA 2021,SI,501,002,Regular,Lecture,Contextual Inq,3.00,A,SI 501,No
Winter 2023,00496232,043863,WN 2022,SI,612,001,Regular,Lecture,Pervasv Interact Des,3.00,A-,SI 612,No
Winter 2023,00496232,044772,FA 2021,SI,582,003,Regular,Lecture,Intro Interac Design,3.00,A+,SI 582,No
Winter 2023,00496232,044825,FA 2023,EPID,530,003,Regular,Lecture,Public Health Comm,1.00,A,EPID 530,Yes
Winter 2023,00496232,045393,FA 2022,SI,552,001,Regular,Lecture,Accessibility Intro,3.00,B+,SI 552,No
Winter 2023,00496232,046306,FA 2022,SI,616,001,Regular,Lecture,Adv Graphic Design,3.00,A-,SI 616,No
Winter 2023,00496232,047228,WN 2022,ENTR,500,001,Regular,Lecture,Intro to Innovation,3.00,A,ENTR 500,Yes
Winter 2023,00496232,047234,WN 2023,ENTR,510,001,Regular,Lecture,Compensation,3.00,S,ENTR 510,Yes
Winter 2023,00496232,047901,WN 2023,SI,699,201,Regular,Lecture,MSI Mastery Courses,3.00,B+,SI 699,No
Winter 2023,00496232,048488,FA 2021,SI,559,001,Regular,Lecture,AR/VR Intro,3.00,A-,SI 559,No
Winter 2023,00496232,050510,FA 2022,EECS,593,001,Regular,Lecture,HCI,3.00,A-,EECS 593,Yes
Winter 2023,01034862,001459,FA 2022,SI,690,410,Regular,Seminar,Intern/Field Exper,3.00,S,SI 690,No
Winter 2023,01034862,017281,FA 2021,SI,588,002,Regular,Lecture,Fundamntls Hum Beh,3.00,A,SI 588,No
Winter 2023,01034862,020401,WN 2022,SI,622,001,Regular,Lecture,Usab Eval & Needs,4.00,A,SI 622,No
Winter 2023,01034862,021400,FA 2022,SI,520,001,Regular,Lecture,Graphic Design,3.00,B-,SI 520,No
Winter 2023,01034862,022099,WN 2022,SI,658,001,Regular,Lecture,Info Architecture,3.00,A+,SI 658,No
Winter 2023,01034862,039178,WN 2022,SI,539,001,Regular,Lecture,Web Design,3.00,B-,SI 539,No
Winter 2023,01034862,039979,WN 2023,SI,623,001,Regular,Seminar,Res Meth Info Prof,3.00,A,SI 623,No
Winter 2023,01034862,040405,FA 2022,SURVMETH,600,001,Regular,Seminar,Fund Surv Data Sci,3.00,A-,SURVMETH 600,Yes
Winter 2023,01034862,040667,WN 2022,SI,681,001,Regular,Seminar,Intern/Field Seminar,6.00,S,SI 681,No
Winter 2023,01034862,042104,FA 2021,SI,501,001,Regular,Lecture,Contextual Inq,3.00,A,SI 501,No
Winter 2023,01034862,044772,FA 2021,SI,582,004,Regular,Lecture,Intro Interac Design,3.00,A-,SI 582,No
Winter 2023,01034862,047246,FA 2021,SI,506,001,Regular,Lecture,Programming I,3.00,A,SI 506,No
Winter 2023,01034862,047901,WN 2023,SI,699,401,Regular,Lecture,MSI Mastery Courses,3.00,A,SI 699,No
Winter 2023,01034862,048129,WN 2022,SI,505,001,First 7 Wk,Lecture,Career/Intern Studio,1.00,S,SI 505,No
Winter 2023,01034862,049417,WN 2022,BA,670,001,Regular,Recitation,+Impact Studio,3.00,A,BA 670,Yes
Winter 2023,01034862,049779,FA 2022,SW,670,001,Regular,Lecture,Qual Method SJ Inq,3.00,A,SW 670,Yes
Winter 2023,01071228,017281,FA 2021,SI,588,002,Regular,Lecture,Fundamntls Hum Beh,3.00,A,SI 588,No
Winter 2023,01071228,020401,WN 2022,SI,622,003,Regular,Lecture,Usab Eval & Needs,4.00,A,SI 622,No
Winter 2023,01071228,021400,FA 2021,SI,520,002,Regular,Lecture,Graphic Design,3.00,A-,SI 520,No
Winter 2023,01071228,022099,WN 2023,SI,658,001,Regular,Lecture,Info Architecture,3.00,A,SI 658,No
Winter 2023,01071228,039178,WN 2022,SI,539,001,Regular,Lecture,Web Design,3.00,A-,SI 539,No
Winter 2023,01071228,040667,WN 2022,SI,681,001,Regular,Seminar,Intern/Field Seminar,6.00,S,SI 681,No
Winter 2023,01071228,041855,FA 2022,SI,631,001,Regular,Lecture,Agile Softwar Dev,1.50,A,SI 631,No
Winter 2023,01071228,041935,WN 2022,SI,530,001,Regular,Lecture,Prin in Management,3.00,A,SI 530,No
Winter 2023,01071228,042104,FA 2022,SI,501,001,Regular,Lecture,Contextual Inq,3.00,A,SI 501,No
Winter 2023,01071228,043863,FA 2022,SI,612,002,Regular,Lecture,Pervasv Interact Des,3.00,A,SI 612,No
Winter 2023,01071228,044772,FA 2021,SI,582,001,Regular,Lecture,Intro Interac Design,3.00,A,SI 582,No
Winter 2023,01071228,045771,FA 2022,SI,684,001,Regular,Seminar,Design ConsHlth Tech,3.00,A,SI 684,No
Winter 2023,01071228,046306,FA 2022,SI,616,001,Regular,Lecture,Adv Graphic Design,3.00,A-,SI 616,No
Winter 2023,01071228,047246,FA 2021,SI,506,001,Regular,Lecture,Programming I,3.00,A,SI 506,No
Winter 2023,01071228,047901,WN 2023,SI,699,401,Regular,Lecture,MSI Mastery Courses,3.00,A,SI 699,No
Winter 2023,01071228,048129,WN 2022,SI,505,001,First 7 Wk,Lecture,Career/Intern Studio,1.00,S,SI 505,No
Winter 2023,01304159,001393,WN 2023,EECS,598,008,Regular,Lecture,Special Topics,4.00,A-,EECS 598,Yes
Winter 2023,01304159,001459,WN 2023,SI,690,001,Regular,Seminar,Intern/Field Exper,3.00,S,SI 690,No
Winter 2023,01304159,016141,FA 2022,EECS,587,001,Regular,Lecture,Parallel Computing,4.00,A-,EECS 587,Yes
Winter 2023,01304159,016142,FA 2022,EECS,566,001,Regular,Lecture,Discrete Event Syst,3.00,A,EECS 566,Yes
Winter 2023,01304159,017276,FA 2022,EECS,571,001,Regular,Lecture,Pr R T Comp,4.00,B+,EECS 571,Yes
Winter 2023,01304159,017281,FA 2021,SI,588,001,Regular,Lecture,Fundamntls Hum Beh,3.00,A,SI 588,No
Winter 2023,01304159,020401,WN 2022,SI,622,001,Regular,Lecture,Usab Eval & Needs,4.00,A,SI 622,No
Winter 2023,01304159,021400,FA 2021,SI,520,002,Regular,Lecture,Graphic Design,3.00,A,SI 520,No
Winter 2023,01304159,039178,FA 2021,SI,539,001,Regular,Lecture,Web Design,3.00,A,SI 539,No
Winter 2023,01304159,040667,WN 2022,SI,681,001,Regular,Seminar,Intern/Field Seminar,3.00,S,SI 681,No
Winter 2023,01304159,041626,WN 2022,SI,664,001,Regular,Lecture,Database App Design,3.00,A,SI 664,No
Winter 2023,01304159,042104,FA 2021,SI,501,001,Regular,Lecture,Contextual Inq,3.00,A,SI 501,No
Winter 2023,01304159,042324,WN 2022,SI,639,001,Scnd 7 Wk,Lecture,Web Archiving,1.50,A-,SI 639,No
Winter 2023,01304159,043602,WN 2023,EECS,568,001,Regular,Lecture,Mobile Robotics,4.00,B+,EECS 568,Yes
Winter 2023,01304159,044772,FA 2021,SI,582,004,Regular,Lecture,Intro Interac Design,3.00,A,SI 582,No
Winter 2023,01304159,045917,FA 2022,EECS,473,001,Regular,Lecture,Adv Embedded Sys,4.00,A-,EECS 473,Yes
Winter 2023,01304159,047901,WN 2023,SI,699,003,Regular,Lecture,MSI Mastery Courses,3.00,A,SI 699,No
Winter 2023,01304159,048268,WN 2022,SI,630,001,Regular,Lecture,NLP Algorithm People,3.00,A+,SI 630,No
Winter 2023,01304159,048486,WN 2022,SI,659,001,Regular,Lecture,AR/VR Advanced,3.00,A+,SI 659,No
Winter 2023,01304159,050136,WN 2022,UARTS,560,104,Regular,Laboratory,Grad ArtsEng Proj,2.00,A,UARTS 560,Yes
Winter 2023,01304159,050136,FA 2022,UARTS,560,104,Regular,Laboratory,Grad ArtsEng Proj,2.00,A,UARTS 560,Yes
Winter 2023,01304159,050159,FA 2021,SI,579,001,Regular,Lecture,Bldg Interactive App,3.00,A+,SI 579,No
Winter 2023,01546057,017281,FA 2021,SI,588,002,Regular,Lecture,Fundamntls Hum Beh,3.00,A+,SI 588,No
Winter 2023,01546057,017533,WN 2023,MO,512,002,First 7 Wk,Recitation,Bargain&Infl Skills,2.25,A,MO 512,Yes
Winter 2023,01546057,020401,WN 2022,SI,622,001,Regular,Lecture,Usab Eval & Needs,4.00,A+,SI 622,No
Winter 2023,01546057,021400,WN 2022,SI,520,001,Regular,Lecture,Graphic Design,3.00,B+,SI 520,No
Winter 2023,01546057,022099,WN 2023,SI,658,001,Regular,Lecture,Info Architecture,3.00,A,SI 658,No
Winter 2023,01546057,039178,WN 2022,SI,539,001,Regular,Lecture,Web Design,3.00,A,SI 539,No
Winter 2023,01546057,040667,WN 2022,SI,681,001,Regular,Seminar,Intern/Field Seminar,6.00,S,SI 681,No
Winter 2023,01546057,042104,FA 2021,SI,501,001,Regular,Lecture,Contextual Inq,3.00,A,SI 501,No
Winter 2023,01546057,043863,FA 2022,SI,612,001,Regular,Lecture,Pervasv Interact Des,3.00,A,SI 612,No
Winter 2023,01546057,044772,FA 2021,SI,582,001,Regular,Lecture,Intro Interac Design,3.00,A+,SI 582,No
Winter 2023,01546057,045393,FA 2022,SI,552,001,Regular,Lecture,Accessibility Intro,3.00,A,SI 552,No
Winter 2023,01546057,047246,FA 2021,SI,506,001,Regular,Lecture,Programming I,3.00,A,SI 506,No
Winter 2023,01546057,047304,WN 2023,ENTR,550,002,Regular,Lecture,Interpersonal Skills,3.00,A,ENTR 550,Yes
Winter 2023,01546057,047901,FA 2022,SI,699,001,Regular,Lecture,MSI Mastery Courses,3.00,A,SI 699,No
Winter 2023,01546057,048421,WN 2022,ENTR,560,001,Regular,Lecture,Proj Mgmt Consulting,3.00,A+,ENTR 560,Yes
Winter 2023,01546057,048488,FA 2022,SI,559,001,Regular,Lecture,AR/VR Intro,3.00,A,SI 559,No
Winter 2023,01546057,050650,WN 2023,EDUC,618,001,Regular,Seminar,XR for Learning,1.00,A,EDUC 618,Yes
Winter 2023,02059126,009732,FA 2022,SI,650,001,Regular,Lecture,Informatn Retrieval,3.00,A+,SI 650,No
Winter 2023,02059126,021629,FA 2022,MKT,608,002,Regular,Recitation,Pricing Analy&Strat,3.00,A-,MKT 608,Yes
Winter 2023,02059126,040667,WN 2022,SI,681,001,Regular,Seminar,Intern/Field Seminar,6.00,S,SI 681,No
Winter 2023,02059126,041626,FA 2021,SI,664,001,Regular,Lecture,Database App Design,3.00,A,SI 664,No
Winter 2023,02059126,042091,FA 2021,SI,618,001,Regular,Lecture,Data Man & Analysis,3.00,A,SI 618,No
Winter 2023,02059126,042104,FA 2021,SI,501,001,Regular,Lecture,Contextual Inq,3.00,A,SI 501,No
Winter 2023,02059126,045930,FA 2022,SI,671,001,Regular,Lecture,Data Mining,3.00,A-,SI 671,No
Winter 2023,02059126,047640,FA 2021,SI,507,001,Regular,Lecture,Inter Programming,3.00,A,SI 507,No
Winter 2023,02059126,047901,WN 2023,SI,699,305,Regular,Lecture,MSI Mastery Courses,3.00,A,SI 699,No
Winter 2023,02059126,048129,WN 2023,SI,505,001,First 7 Wk,Lecture,Career/Intern Studio,1.00,S,SI 505,No
Winter 2023,02059126,048268,WN 2022,SI,630,001,Regular,Lecture,NLP Algorithm People,3.00,A-,SI 630,No
Winter 2023,02059126,048500,FA 2022,SI,670,001,Regular,Lecture,Appld Machine Learng,3.00,A-,SI 670,No
Winter 2023,02059126,048514,WN 2023,WELLNESS,512,002,Regular,Recitation,Yoga Performers,1.00,A,WELLNESS 512,Yes
Winter 2023,02059126,048539,WN 2023,EECS,409,001,Regular,Seminar,Data Science Sem,1.00,S,EECS 409,Yes
Winter 2023,02059126,049601,FA 2022,SI,564,001,Regular,Lecture,SQL & Databases,1.50,A+,SI 564,No
Winter 2023,02059126,050159,WN 2022,SI,579,001,Regular,Lecture,Bldg Interactive App,3.00,A-,SI 579,No
Winter 2023,02059126,050164,FA 2021,SI,504,001,Regular,Lecture,"Servers, Shell,&Git",1.50,A-,SI 504,No
Winter 2023,02059126,050663,WN 2022,SI,568,001,Regular,Lecture,Intro Appld Data Sci,3.00,A,SI 568,No
Winter 2023,02180888,009732,FA 2022,SI,650,001,Regular,Lecture,Informatn Retrieval,3.00,A,SI 650,No
Winter 2023,02180888,017281,FA 2021,SI,588,002,Regular,Lecture,Fundamntls Hum Beh,3.00,A,SI 588,No
Winter 2023,02180888,020934,FA 2022,SI,649,001,Regular,Lecture,Info Visualization,3.00,A-,SI 649,No
Winter 2023,02180888,039178,FA 2021,SI,539,001,Regular,Lecture,Web Design,3.00,A,SI 539,No
Winter 2023,02180888,040667,WN 2022,SI,681,001,Regular,Seminar,Intern/Field Seminar,6.00,S,SI 681,No
Winter 2023,02180888,041626,FA 2021,SI,664,001,Regular,Lecture,Database App Design,3.00,A,SI 664,No
Winter 2023,02180888,042091,WN 2022,SI,618,001,Regular,Lecture,Data Man & Analysis,3.00,A,SI 618,No
Winter 2023,02180888,042104,FA 2022,SI,501,001,Regular,Lecture,Contextual Inq,3.00,A,SI 501,No
Winter 2023,02180888,045930,FA 2022,SI,671,001,Regular,Lecture,Data Mining,3.00,A-,SI 671,No
Winter 2023,02180888,047246,WN 2023,SI,506,001,Regular,Lecture,Programming I,3.00,A-,SI 506,No
Winter 2023,02180888,047640,FA 2021,SI,507,001,Regular,Lecture,Inter Programming,3.00,A,SI 507,No
Winter 2023,02180888,047901,WN 2023,SI,699,005,Regular,Lecture,MSI Mastery Courses,3.00,A+,SI 699,No
Winter 2023,02180888,049601,WN 2022,SI,564,001,Regular,Lecture,SQL & Databases,1.50,A,SI 564,No
Winter 2023,02180888,050159,FA 2021,SI,579,001,Regular,Lecture,Bldg Interactive App,3.00,A+,SI 579,No
Winter 2023,02180888,050164,WN 2022,SI,504,001,Regular,Lecture,"Servers, Shell,&Git",1.50,A,SI 504,No
Winter 2023,02180888,050663,WN 2022,SI,568,001,Regular,Lecture,Intro Appld Data Sci,3.00,A,SI 568,No
Winter 2023,02591080,001459,FA 2022,SI,690,410,Regular,Seminar,Intern/Field Exper,6.00,S,SI 690,No
Winter 2023,02591080,009732,FA 2021,SI,650,001,Regular,Lecture,Informatn Retrieval,3.00,A+,SI 650,No
Winter 2023,02591080,020371,WN 2022,EECS,494,002,Regular,Lecture,Comp Game Design,4.00,A,EECS 494,Yes
Winter 2023,02591080,039178,FA 2021,SI,539,001,Regular,Lecture,Web Design,3.00,A,SI 539,No
Winter 2023,02591080,041626,FA 2021,SI,664,001,Regular,Lecture,Database App Design,3.00,A,SI 664,No
Winter 2023,02591080,041934,FA 2022,SI,608,001,Regular,Lecture,Networks,3.00,A,SI 608,No
Winter 2023,02591080,042091,FA 2021,SI,618,001,Regular,Lecture,Data Man & Analysis,3.00,A+,SI 618,No
Winter 2023,02591080,042104,FA 2021,SI,501,001,Regular,Lecture,Contextual Inq,3.00,A,SI 501,No
Winter 2023,02591080,045930,FA 2022,SI,671,001,Regular,Lecture,Data Mining,3.00,A-,SI 671,No
Winter 2023,02591080,047901,WN 2023,SI,699,005,Regular,Lecture,MSI Mastery Courses,3.00,A+,SI 699,No
Winter 2023,02591080,048129,WN 2023,SI,505,001,First 7 Wk,Lecture,Career/Intern Studio,1.00,S,SI 505,No
Winter 2023,02591080,048268,WN 2022,SI,630,001,Regular,Lecture,NLP Algorithm People,3.00,A+,SI 630,No
Winter 2023,02591080,048500,FA 2022,SI,670,001,Regular,Lecture,Appld Machine Learng,3.00,A-,SI 670,No
Winter 2023,02591080,049601,FA 2022,SI,564,001,Regular,Lecture,SQL & Databases,1.50,A,SI 564,No
Winter 2023,02591080,050159,WN 2022,SI,579,001,Regular,Lecture,Bldg Interactive App,3.00,A+,SI 579,No
Winter 2023,02591080,050663,WN 2022,SI,568,001,Regular,Lecture,Intro Appld Data Sci,3.00,A,SI 568,No
Winter 2023,03088137,001459,FA 2022,SI,690,390,Regular,Seminar,Intern/Field Exper,6.00,S,SI 690,No
Winter 2023,03088137,009732,FA 2022,SI,650,001,Regular,Lecture,Informatn Retrieval,3.00,B,SI 650,No
Winter 2023,03088137,022099,WN 2023,SI,658,001,Regular,Lecture,Info Architecture,3.00,A,SI 658,No
Winter 2023,03088137,039368,WN 2023,SI,627,001,Regular,Lecture,Managing IT,3.00,A,SI 627,No
Winter 2023,03088137,042104,FA 2022,SI,501,001,Regular,Lecture,Contextual Inq,3.00,A,SI 501,No
Winter 2023,03088137,045930,FA 2022,SI,671,001,Regular,Lecture,Data Mining,3.00,B+,SI 671,No
Winter 2023,03088137,047901,WN 2023,SI,699,205,Regular,Lecture,MSI Mastery Courses,3.00,A,SI 699,No
Winter 2023,03088137,048500,FA 2022,SI,670,001,Regular,Lecture,Appld Machine Learng,3.00,A-,SI 670,No
Winter 2023,03088137,049601,WN 2023,SI,564,001,Regular,Lecture,SQL & Databases,1.50,A,SI 564,No
Winter 2023,03476616,001634,FA 2022,ENGLISH,464,001,Regular,Recitation,Stdy Indi Authors,3.00,A,ENGLISH 464,Yes
Winter 2023,03476616,009731,FA 2021,SI,580,001,Regular,Lecture,Records & Archives,3.00,A+,SI 580,No
Winter 2023,03476616,021042,FA 2022,SI,647,001,Regular,Lecture,Info Resources&Serv,3.00,A+,SI 647,No
Winter 2023,03476616,021045,FA 2021,SI,666,001,Regular,Lecture,Org of Inf Resources,3.00,A,SI 666,No
Winter 2023,03476616,022326,WN 2022,SI,581,001,Regular,Lecture,Pres Info Resources,3.00,A+,SI 581,No
Winter 2023,03476616,038630,WN 2023,HISTORY,472,001,Regular,Seminar,Asian History Topics,3.00,A+,HISTORY 472,Yes
Winter 2023,03476616,038948,FA 2022,SI,632,001,Regular,Lecture,Appraisal & Coll Dev,3.00,A,SI 632,No
Winter 2023,03476616,039979,WN 2022,SI,623,001,Regular,Seminar,Res Meth Info Prof,3.00,A+,SI 623,No
Winter 2023,03476616,040667,WN 2022,SI,681,001,Regular,Seminar,Intern/Field Seminar,6.00,S,SI 681,No
Winter 2023,03476616,042104,FA 2022,SI,501,002,Regular,Lecture,Contextual Inq,3.00,A+,SI 501,No
Winter 2023,03476616,042954,WN 2023,MUSEUMS,401,001,Regular,Seminar,Issues in Museums,3.00,A,MUSEUMS 401,Yes
Winter 2023,03476616,047246,FA 2021,SI,506,001,Regular,Lecture,Programming I,3.00,A,SI 506,No
Winter 2023,03476616,047901,WN 2023,SI,699,028,Regular,Lecture,MSI Mastery Courses,3.00,A+,SI 699,No
Winter 2023,03476616,048280,WN 2022,SI,667,001,Regular,Lecture,Digital Curation,3.00,A,SI 667,No
Winter 2023,03476616,050162,WN 2022,SI,510,001,Regular,Lecture,Information Ethics,3.00,A+,SI 510,No
Winter 2023,03476616,050163,FA 2022,SI,633,001,Regular,Lecture,Assesmnt Cultrl Inst,3.00,A,SI 633,No
Winter 2023,03548176,017281,FA 2021,SI,588,001,Regular,Lecture,Fundamntls Hum Beh,3.00,A,SI 588,No
Winter 2023,03548176,017525,WN 2023,BL,510,001,First 7 Wk,Recitation,Negot&Disp Res,2.25,A,BL 510,Yes
Winter 2023,03548176,017858,WN 2023,ES,569,001,Scnd 7 Wk,Recitation,Leading High Growth,1.50,A-,ES 569,Yes
Winter 2023,03548176,018623,WN 2023,SOC,575,001,Regular,Seminar,Health & Health Care,3.00,A,SOC 575,Yes
Winter 2023,03548176,021050,WN 2022,SI,691,114,Regular,Ind Study,Independent Study,2.00,A,SI 691,No
Winter 2023,03548176,040667,WN 2022,SI,681,001,Regular,Seminar,Intern/Field Seminar,6.00,S,SI 681,No
Winter 2023,03548176,041985,FA 2021,SI,542,001,Regular,Lecture,Intro Health Infor,3.00,A+,SI 542,No
Winter 2023,03548176,042104,FA 2021,SI,501,001,Regular,Lecture,Contextual Inq,3.00,A+,SI 501,No
Winter 2023,03548176,043210,FA 2022,SI,534,001,Regular,Lecture,Theories Soc Influen,3.00,A+,SI 534,No
Winter 2023,03548176,043241,FA 2022,SI,657,001,Regular,Lecture,Info Tech and Inter,3.00,A,SI 657,No
Winter 2023,03548176,045732,WN 2022,SI,554,001,Regular,Lecture,Consumer Hlth Inform,3.00,A,SI 554,No
Winter 2023,03548176,047641,WN 2022,SI,540,001,Regular,Lecture,Privacy in Info Tech,3.00,A,SI 540,No
Winter 2023,03548176,048488,FA 2021,SI,559,002,Regular,Lecture,AR/VR Intro,3.00,A+,SI 559,No
Winter 2023,03548176,049040,WN 2023,SI,698,003,Regular,Seminar,Master's Thesis 2,3.00,A,SI 698,No
Winter 2023,03548176,049365,FA 2022,SI,697,003,Regular,Ind Study,Master's Thesis 1,3.00,S,SI 697,No
Winter 2023,03548176,050162,WN 2022,SI,510,001,Regular,Lecture,Information Ethics,3.00,A+,SI 510,No
Winter 2023,03548176,050659,WN 2023,BE,708,802,First 7 Wk,Recitation,Health Care Markets,1.50,B,BE 708,Yes
Winter 2023,03548176,050705,WN 2022,SI,719,001,Regular,Lecture,Science Tech&Med,3.00,A,SI 719,No
Winter 2023,03548176,050846,FA 2022,SI,512,001,Regular,Lecture,Change The Internet,3.00,A,SI 512,No
Winter 2023,03846505,005040,WN 2023,ECON,102,200,Regular,Lecture,Principle Econ II,4.00,A-,ECON 102,Yes
Winter 2023,03846505,009732,FA 2021,SI,650,001,Regular,Lecture,Informatn Retrieval,3.00,A+,SI 650,No
Winter 2023,03846505,020371,WN 2022,EECS,494,002,Regular,Lecture,Comp Game Design,4.00,A+,EECS 494,Yes
Winter 2023,03846505,021033,WN 2023,SI,652,001,Regular,Lecture,Incentive&Strategic,3.00,B-,SI 652,No
Winter 2023,03846505,039178,WN 2022,SI,539,001,Regular,Lecture,Web Design,3.00,A,SI 539,No
Winter 2023,03846505,040667,WN 2022,SI,681,001,Regular,Seminar,Intern/Field Seminar,6.00,S,SI 681,No
Winter 2023,03846505,041626,FA 2021,SI,664,001,Regular,Lecture,Database App Design,3.00,A,SI 664,No
Winter 2023,03846505,042071,FA 2021,SI,563,001,Regular,Lecture,Game Theory,3.00,A,SI 563,No
Winter 2023,03846505,042091,FA 2021,SI,618,001,Regular,Lecture,Data Man & Analysis,3.00,A,SI 618,No
Winter 2023,03846505,042104,FA 2021,SI,501,002,Regular,Lecture,Contextual Inq,3.00,A,SI 501,No
Winter 2023,03846505,045930,FA 2022,SI,671,001,Regular,Lecture,Data Mining,3.00,A-,SI 671,No
Winter 2023,03846505,047901,WN 2023,SI,699,005,Regular,Lecture,MSI Mastery Courses,3.00,A+,SI 699,No
Winter 2023,03846505,048268,WN 2022,SI,630,001,Regular,Lecture,NLP Algorithm People,3.00,A,SI 630,No
Winter 2023,03846505,048500,FA 2022,SI,670,001,Regular,Lecture,Appld Machine Learng,3.00,A-,SI 670,No
Winter 2023,03846505,049601,FA 2021,SI,564,001,Regular,Lecture,SQL & Databases,1.50,A,SI 564,No
Winter 2023,03846505,050159,FA 2022,SI,579,001,Regular,Lecture,Bldg Interactive App,3.00,A,SI 579,No
Winter 2023,03846505,050663,WN 2022,SI,568,001,Regular,Lecture,Intro Appld Data Sci,3.00,A,SI 568,No
Winter 2023,04192676,017281,FA 2021,SI,588,001,Regular,Lecture,Fundamntls Hum Beh,3.00,A+,SI 588,No
Winter 2023,04192676,019903,FA 2022,TO,548,001,Regular,Recitation,Integ Pro Dev,3.00,A,TO 548,Yes
Winter 2023,04192676,020379,FA 2022,IOE,548,001,Regular,Lecture,Int Prod Dev,3.00,A,IOE 548,Yes
Winter 2023,04192676,020401,WN 2022,SI,622,003,Regular,Lecture,Usab Eval & Needs,4.00,A,SI 622,No
Winter 2023,04192676,021400,WN 2022,SI,520,001,Regular,Lecture,Graphic Design,3.00,A-,SI 520,No
Winter 2023,04192676,039178,FA 2021,SI,539,001,Regular,Lecture,Web Design,3.00,A,SI 539,No
Winter 2023,04192676,041626,WN 2022,SI,664,001,Regular,Lecture,Database App Design,3.00,A,SI 664,No
Winter 2023,04192676,041855,FA 2022,SI,631,001,Regular,Lecture,Agile Softwar Dev,1.50,A,SI 631,No
Winter 2023,04192676,042104,FA 2021,SI,501,001,Regular,Lecture,Contextual Inq,3.00,A,SI 501,No
Winter 2023,04192676,042324,WN 2022,SI,639,001,Scnd 7 Wk,Lecture,Web Archiving,1.50,A+,SI 639,No
Winter 2023,04192676,043863,WN 2022,SI,612,001,Regular,Lecture,Pervasv Interact Des,3.00,A+,SI 612,No
Winter 2023,04192676,044772,FA 2021,SI,582,002,Regular,Lecture,Intro Interac Design,3.00,A,SI 582,No
Winter 2023,04192676,045393,FA 2022,SI,552,001,Regular,Lecture,Accessibility Intro,3.00,A-,SI 552,No
Winter 2023,04192676,047901,WN 2023,SI,699,003,Regular,Lecture,MSI Mastery Courses,3.00,A,SI 699,No
Winter 2023,04192676,049038,WN 2022,SI,688,001,Regular,Lecture,AppProjS S -GIEP/CID,6.00,S,SI 688,No
Winter 2023,04192676,050159,FA 2022,SI,579,001,Regular,Lecture,Bldg Interactive App,3.00,A-,SI 579,No
Winter 2023,04539435,017281,FA 2022,SI,588,002,Regular,Lecture,Fundamntls Hum Beh,3.00,A,SI 588,No
Winter 2023,04539435,017533,FA 2022,MO,512,005,Scnd 7 Wk,Recitation,Bargain&Infl Skills,2.25,B,MO 512,Yes
Winter 2023,04539435,020401,FA 2021,SI,622,001,Regular,Lecture,Usab Eval & Needs,4.00,A+,SI 622,No
Winter 2023,04539435,021400,WN 2022,SI,520,001,Regular,Lecture,Graphic Design,3.00,A-,SI 520,No
Winter 2023,04539435,022099,WN 2022,SI,658,001,Regular,Lecture,Info Architecture,3.00,A+,SI 658,No
Winter 2023,04539435,039178,WN 2022,SI,539,001,Regular,Lecture,Web Design,3.00,B,SI 539,No
Winter 2023,04539435,040667,WN 2022,SI,681,001,Regular,Seminar,Intern/Field Seminar,6.00,S,SI 681,No
Winter 2023,04539435,041985,FA 2022,SI,542,001,Regular,Lecture,Intro Health Infor,3.00,A-,SI 542,No
Winter 2023,04539435,042104,FA 2021,SI,501,001,Regular,Lecture,Contextual Inq,3.00,A,SI 501,No
Winter 2023,04539435,043863,WN 2022,SI,612,001,Regular,Lecture,Pervasv Interact Des,3.00,A,SI 612,No
Winter 2023,04539435,044772,FA 2021,SI,582,001,Regular,Lecture,Intro Interac Design,3.00,A+,SI 582,No
Winter 2023,04539435,046306,FA 2022,SI,616,001,Regular,Lecture,Adv Graphic Design,3.00,A-,SI 616,No
Winter 2023,04539435,047246,FA 2021,SI,506,001,Regular,Lecture,Programming I,3.00,A,SI 506,No
Winter 2023,04539435,047901,WN 2023,SI,699,201,Regular,Lecture,MSI Mastery Courses,3.00,A-,SI 699,No
Winter 2023,04539435,049417,WN 2022,BA,670,001,Regular,Recitation,+Impact Studio,3.00,B,BA 670,Yes
Winter 2023,04613339,001459,FA 2022,SI,690,390,Regular,Seminar,Intern/Field Exper,6.00,S,SI 690,No
Winter 2023,04613339,009731,FA 2022,SI,580,001,Regular,Lecture,Records & Archives,3.00,A,SI 580,No
Winter 2023,04613339,012772,WN 2023,SI,548,001,Regular,Seminar,Prin Soft Design,3.00,A,SI 548,No
Winter 2023,04613339,042071,FA 2022,SI,563,001,Regular,Lecture,Game Theory,3.00,A,SI 563,No
Winter 2023,04613339,042104,FA 2022,SI,501,001,Regular,Lecture,Contextual Inq,3.00,A+,SI 501,No
Winter 2023,04613339,043863,FA 2022,SI,612,002,Regular,Lecture,Pervasv Interact Des,3.00,A,SI 612,No
Winter 2023,04613339,045687,WN 2023,SI,538,001,Regular,Seminar,Citizen Inter Design,4.00,A,SI 538,No
Winter 2023,04613339,045719,FA 2022,ENS,556,001,Regular,Laboratory,Womens Glee Club,1.00,A+,ENS 556,Yes
Winter 2023,04613339,045719,WN 2023,ENS,556,001,Regular,Laboratory,Womens Glee Club,1.00,A+,ENS 556,Yes
Winter 2023,04613339,047901,WN 2023,SI,699,301,Regular,Lecture,MSI Mastery Courses,3.00,A+,SI 699,No
Winter 2023,05310379,009732,FA 2022,SI,650,001,Regular,Lecture,Informatn Retrieval,3.00,B+,SI 650,No
Winter 2023,05310379,010424,WN 2023,POLSCI,603,001,Regular,Seminar,Mod Pol Thot,3.00,A,POLSCI 603,Yes
Winter 2023,05310379,016607,FA 2021,SI,544,001,Regular,Lecture,Intr Stat&Data Analy,3.00,A,SI 544,No
Winter 2023,05310379,020934,FA 2022,SI,649,001,Regular,Lecture,Info Visualization,3.00,C+,SI 649,No
Winter 2023,05310379,040667,WN 2022,SI,681,001,Regular,Seminar,Intern/Field Seminar,6.00,S,SI 681,No
Winter 2023,05310379,042071,FA 2021,SI,563,101,Regular,Lecture,Game Theory,3.00,A-,SI 563,No
Winter 2023,05310379,042091,WN 2022,SI,618,001,Regular,Lecture,Data Man & Analysis,3.00,A-,SI 618,No
Winter 2023,05310379,042104,FA 2021,SI,501,002,Regular,Lecture,Contextual Inq,3.00,A,SI 501,No
Winter 2023,05310379,045930,FA 2022,SI,671,001,Regular,Lecture,Data Mining,3.00,B,SI 671,No
Winter 2023,05310379,047246,FA 2021,SI,506,001,Regular,Lecture,Programming I,3.00,A,SI 506,No
Winter 2023,05310379,047640,WN 2022,SI,507,001,Regular,Lecture,Inter Programming,3.00,A,SI 507,No
Winter 2023,05310379,047901,WN 2023,SI,699,205,Regular,Lecture,MSI Mastery Courses,3.00,A,SI 699,No
Winter 2023,05310379,048500,FA 2022,SI,670,001,Regular,Lecture,Appld Machine Learng,3.00,B+,SI 670,No
Winter 2023,05310379,049601,WN 2022,SI,564,001,Regular,Lecture,SQL & Databases,1.50,A,SI 564,No
Winter 2023,05310379,050164,FA 2021,SI,504,001,Regular,Lecture,"Servers, Shell,&Git",1.50,A,SI 504,No
Winter 2023,05310379,050663,WN 2022,SI,568,001,Regular,Lecture,Intro Appld Data Sci,3.00,B+,SI 568,No
Winter 2023,05310379,050983,WN 2023,SI,602,001,Regular,Lecture,Math for ApplDataSci,3.00,A-,SI 602,No
Winter 2023,06099533,009731,FA 2021,SI,580,001,Regular,Lecture,Records & Archives,3.00,A+,SI 580,No
Winter 2023,06099533,021045,FA 2021,SI,666,001,Regular,Lecture,Org of Inf Resources,3.00,A,SI 666,No
Winter 2023,06099533,038659,FA 2022,SI,519,001,Regular,Seminar,Intel Prop&Info Law,3.00,A,SI 519,No
Winter 2023,06099533,039178,WN 2023,SI,539,001,Regular,Lecture,Web Design,3.00,A+,SI 539,No
Winter 2023,06099533,039979,WN 2022,SI,623,001,Regular,Seminar,Res Meth Info Prof,3.00,A,SI 623,No
Winter 2023,06099533,040667,WN 2022,SI,681,001,Regular,Seminar,Intern/Field Seminar,6.00,S,SI 681,No
Winter 2023,06099533,042104,FA 2021,SI,501,001,Regular,Lecture,Contextual Inq,3.00,A,SI 501,No
Winter 2023,06099533,042324,WN 2023,SI,639,001,Scnd 7 Wk,Lecture,Web Archiving,1.50,A,SI 639,No
Winter 2023,06099533,047246,FA 2021,SI,506,001,Regular,Lecture,Programming I,3.00,A-,SI 506,No
Winter 2023,06099533,047640,FA 2022,SI,507,001,Regular,Lecture,Inter Programming,3.00,A,SI 507,No
Winter 2023,06099533,047901,WN 2023,SI,699,006,Regular,Lecture,MSI Mastery Courses,3.00,A,SI 699,No
Winter 2023,06099533,048280,WN 2022,SI,667,001,Regular,Lecture,Digital Curation,3.00,A,SI 667,No
Winter 2023,06099533,049601,WN 2022,SI,564,001,Regular,Lecture,SQL & Databases,1.50,A,SI 564,No
Winter 2023,06099533,050161,FA 2022,SI,676,001,Regular,Lecture,Network Info Servcs,3.00,A,SI 676,No
Winter 2023,06099533,050162,WN 2023,SI,510,001,Regular,Lecture,Information Ethics,3.00,A+,SI 510,No
Winter 2023,06099533,050163,FA 2022,SI,633,001,Regular,Lecture,Assesmnt Cultrl Inst,3.00,A,SI 633,No
Winter 2023,06099533,050164,WN 2022,SI,504,001,Regular,Lecture,"Servers, Shell,&Git",1.50,A,SI 504,No
Winter 2023,06099533,050165,WN 2022,SI,585,001,Regular,Lecture,Scholarly Comm,3.00,A,SI 585,No
Winter 2023,06454564,001459,FA 2022,SI,690,410,Regular,Seminar,Intern/Field Exper,1.00,S,SI 690,No
Winter 2023,06454564,001459,WN 2023,SI,690,001,Regular,Seminar,Intern/Field Exper,2.00,S,SI 690,No
Winter 2023,06454564,003073,FA 2022,NURS,697,299,Regular,Ind Study,Independent Study,3.00,A,NURS 697,Yes
Winter 2023,06454564,017281,FA 2021,SI,588,001,Regular,Lecture,Fundamntls Hum Beh,3.00,A,SI 588,No
Winter 2023,06454564,020401,WN 2022,SI,622,003,Regular,Lecture,Usab Eval & Needs,4.00,A,SI 622,No
Winter 2023,06454564,021400,WN 2022,SI,520,002,Regular,Lecture,Graphic Design,3.00,A-,SI 520,No
Winter 2023,06454564,039178,WN 2022,SI,539,001,Regular,Lecture,Web Design,3.00,A,SI 539,No
Winter 2023,06454564,040667,WN 2022,SI,681,001,Regular,Seminar,Intern/Field Seminar,6.00,S,SI 681,No
Winter 2023,06454564,042104,FA 2021,SI,501,001,Regular,Lecture,Contextual Inq,3.00,A-,SI 501,No
Winter 2023,06454564,043863,WN 2022,SI,612,001,Regular,Lecture,Pervasv Interact Des,3.00,A,SI 612,No
Winter 2023,06454564,044772,FA 2021,SI,582,002,Regular,Lecture,Intro Interac Design,3.00,A,SI 582,No
Winter 2023,06454564,046306,FA 2022,SI,616,001,Regular,Lecture,Adv Graphic Design,3.00,A,SI 616,No
Winter 2023,06454564,047246,FA 2021,SI,506,001,Regular,Lecture,Programming I,3.00,A,SI 506,No
Winter 2023,06454564,047901,WN 2023,SI,699,301,Regular,Lecture,MSI Mastery Courses,3.00,A+,SI 699,No
Winter 2023,06454564,048129,WN 2022,SI,505,001,First 7 Wk,Lecture,Career/Intern Studio,1.00,S,SI 505,No
Winter 2023,06454564,048488,FA 2022,SI,559,001,Regular,Lecture,AR/VR Intro,3.00,A,SI 559,No
Winter 2023,06454564,050164,WN 2022,SI,504,001,Regular,Lecture,"Servers, Shell,&Git",1.50,A,SI 504,No
Winter 2023,06623562,001459,FA 2022,SI,690,410,Regular,Seminar,Intern/Field Exper,3.00,S,SI 690,No
Winter 2023,06623562,017281,FA 2020,SI,588,002,Regular,Lecture,Fundamntls Hum Beh,3.00,A,SI 588,No
Winter 2023,06623562,020401,WN 2022,SI,622,001,Regular,Lecture,Usab Eval & Needs,4.00,A,SI 622,No
Winter 2023,06623562,021400,FA 2021,SI,520,001,Regular,Lecture,Graphic Design,3.00,B-,SI 520,No
Winter 2023,06623562,022099,WN 2023,SI,658,001,Regular,Lecture,Info Architecture,3.00,A,SI 658,No
Winter 2023,06623562,039081,WN 2022,SI,529,001,Regular,Lecture,Online Communities,3.00,A,SI 529,No
Winter 2023,06623562,039178,FA 2021,SI,539,001,Regular,Lecture,Web Design,3.00,B-,SI 539,No
Winter 2023,06623562,041376,FA 2022,BA,612,001,Scnd 7 Wk,Recitation,Bus Strat Base Pyrmd,2.25,B,BA 612,Yes
Winter 2023,06623562,042104,FA 2020,SI,501,001,Regular,Lecture,Contextual Inq,3.00,A+,SI 501,No
Winter 2023,06623562,043863,WN 2023,SI,612,001,Regular,Lecture,Pervasv Interact Des,3.00,B+,SI 612,No
Winter 2023,06623562,044772,WN 2021,SI,582,001,Regular,Lecture,Intro Interac Design,3.00,A,SI 582,No
Winter 2023,06623562,047246,WN 2021,SI,506,001,Regular,Lecture,Programming I,3.00,B+,SI 506,No
Winter 2023,06623562,047901,FA 2022,SI,699,201,Regular,Lecture,MSI Mastery Courses,3.00,A+,SI 699,No
Winter 2023,06623562,049038,WN 2021,SI,688,001,Regular,Lecture,GIEP-Glbl Intern Exp,6.00,S,SI 688,No
Winter 2023,06623562,050162,WN 2023,SI,510,001,Regular,Lecture,Information Ethics,3.00,B+,SI 510,No
Winter 2023,07020878,001459,FA 2022,SI,690,390,Regular,Seminar,Intern/Field Exper,2.00,W,SI 690,No
Winter 2023,07020878,001459,FA 2022,SI,690,410,Regular,Seminar,Intern/Field Exper,2.00,S,SI 690,No
Winter 2023,07020878,009731,FA 2021,SI,580,001,Regular,Lecture,Records & Archives,3.00,A+,SI 580,No
Winter 2023,07020878,020803,WN 2022,SI,643,001,Regular,Lecture,Instructional Skills,3.00,A,SI 643,No
Winter 2023,07020878,021045,FA 2021,SI,666,001,Regular,Lecture,Org of Inf Resources,3.00,W,SI 666,No
Winter 2023,07020878,021045,FA 2022,SI,666,001,Regular,Lecture,Org of Inf Resources,3.00,A,SI 666,No
Winter 2023,07020878,022326,WN 2023,SI,581,001,Regular,Lecture,Pres Info Resources,3.00,A,SI 581,No
Winter 2023,07020878,038948,FA 2022,SI,632,001,Regular,Lecture,Appraisal & Coll Dev,3.00,A,SI 632,No
Winter 2023,07020878,039979,WN 2022,SI,623,001,Regular,Seminar,Res Meth Info Prof,3.00,A,SI 623,No
Winter 2023,07020878,040667,WN 2022,SI,681,001,Regular,Seminar,Intern/Field Seminar,4.00,S,SI 681,No
Winter 2023,07020878,041935,WN 2022,SI,530,001,Regular,Lecture,Prin in Management,3.00,A,SI 530,No
Winter 2023,07020878,042104,FA 2021,SI,501,001,Regular,Lecture,Contextual Inq,3.00,A,SI 501,No
Winter 2023,07020878,047246,FA 2021,SI,506,001,Regular,Lecture,Programming I,3.00,W,SI 506,No
Winter 2023,07020878,047246,FA 2022,SI,506,001,Regular,Lecture,Programming I,3.00,C+,SI 506,No
Winter 2023,07020878,047901,WN 2023,SI,699,028,Regular,Lecture,MSI Mastery Courses,3.00,A,SI 699,No
Winter 2023,07020878,048280,WN 2023,SI,667,001,Regular,Lecture,Digital Curation,3.00,A,SI 667,No
Winter 2023,07020878,050162,WN 2022,SI,510,001,Regular,Lecture,Information Ethics,3.00,A,SI 510,No
Winter 2023,07020878,050163,FA 2022,SI,633,001,Regular,Lecture,Assesmnt Cultrl Inst,3.00,A,SI 633,No
Winter 2023,07020878,051074,WN 2023,SI,626,001,Regular,Lecture,Manage NonProf Lib,3.00,A-,SI 626,No
Winter 2023,07623548,020401,WN 2022,SI,622,003,Regular,Lecture,Usab Eval & Needs,4.00,A,SI 622,No
Winter 2023,07623548,020934,WN 2023,SI,649,002,Regular,Lecture,Info Visualization,3.00,A,SI 649,No
Winter 2023,07623548,022099,WN 2023,SI,658,001,Regular,Lecture,Info Architecture,3.00,A,SI 658,No
Winter 2023,07623548,039178,FA 2021,SI,539,001,Regular,Lecture,Web Design,3.00,A,SI 539,No
Winter 2023,07623548,040667,WN 2022,SI,681,001,Regular,Seminar,Intern/Field Seminar,6.00,S,SI 681,No
Winter 2023,07623548,041626,WN 2022,SI,664,001,Regular,Lecture,Database App Design,3.00,A,SI 664,No
Winter 2023,07623548,041855,FA 2022,SI,631,001,Regular,Lecture,Agile Softwar Dev,1.50,A,SI 631,No
Winter 2023,07623548,042091,FA 2022,SI,618,001,Regular,Lecture,Data Man & Analysis,3.00,A,SI 618,No
Winter 2023,07623548,042104,FA 2021,SI,501,002,Regular,Lecture,Contextual Inq,3.00,A,SI 501,No
Winter 2023,07623548,044772,FA 2021,SI,582,001,Regular,Lecture,Intro Interac Design,3.00,A+,SI 582,No
Winter 2023,07623548,047640,WN 2022,SI,507,001,Regular,Lecture,Inter Programming,3.00,A,SI 507,No
Winter 2023,07623548,047901,WN 2023,SI,699,003,Regular,Lecture,MSI Mastery Courses,3.00,A,SI 699,No
Winter 2023,07623548,048487,FA 2022,SI,669,001,Regular,Lecture,Dev Mobile Exp,3.00,A+,SI 669,No
Winter 2023,07623548,048488,FA 2022,SI,559,001,Regular,Lecture,AR/VR Intro,3.00,A,SI 559,No
Winter 2023,07623548,050159,WN 2022,SI,579,001,Regular,Lecture,Bldg Interactive App,3.00,A+,SI 579,No
Winter 2023,07623548,050164,WN 2022,SI,504,001,Regular,Lecture,"Servers, Shell,&Git",1.50,A,SI 504,No
Winter 2023,07929836,016607,FA 2021,SI,544,001,Regular,Lecture,Intr Stat&Data Analy,3.00,A+,SI 544,No
Winter 2023,07929836,017281,FA 2022,SI,588,001,Regular,Lecture,Fundamntls Hum Beh,3.00,A,SI 588,No
Winter 2023,07929836,020401,WN 2022,SI,622,003,Regular,Lecture,Usab Eval & Needs,4.00,A,SI 622,No
Winter 2023,07929836,020934,WN 2023,SI,649,002,Regular,Lecture,Info Visualization,3.00,A-,SI 649,No
Winter 2023,07929836,040667,WN 2022,SI,681,001,Regular,Seminar,Intern/Field Seminar,6.00,S,SI 681,No
Winter 2023,07929836,042104,FA 2021,SI,501,001,Regular,Lecture,Contextual Inq,3.00,A+,SI 501,No
Winter 2023,07929836,043366,WN 2022,SI,617,001,Regular,Lecture,Choice Architecture,3.00,A,SI 617,No
Winter 2023,07929836,043863,WN 2022,SI,612,001,Regular,Lecture,Pervasv Interact Des,3.00,A,SI 612,No
Winter 2023,07929836,044772,FA 2021,SI,582,003,Regular,Lecture,Intro Interac Design,3.00,A+,SI 582,No
Winter 2023,07929836,047640,FA 2021,SI,507,101,Regular,Lecture,Inter Programming,3.00,A,SI 507,No
Winter 2023,07929836,047901,WN 2023,SI,699,003,Regular,Lecture,MSI Mastery Courses,3.00,A,SI 699,No
Winter 2023,07929836,048131,FA 2022,BA,656,001,Regular,Laboratory,LBLE,3.00,A,BA 656,Yes
Winter 2023,07929836,048486,WN 2022,SI,659,001,Regular,Lecture,AR/VR Advanced,3.00,A,SI 659,No
Winter 2023,07929836,048487,FA 2022,SI,669,001,Regular,Lecture,Dev Mobile Exp,3.00,A-,SI 669,No
Winter 2023,07929836,048488,FA 2021,SI,559,002,Regular,Lecture,AR/VR Intro,3.00,A,SI 559,No
Winter 2023,07929836,050164,FA 2022,SI,504,001,Regular,Lecture,"Servers, Shell,&Git",1.50,A-,SI 504,No
Winter 2023,09714046,017281,FA 2023,SI,588,002,Regular,Lecture,Fundamntls Hum Beh,3.00,A,SI 588,No
Winter 2023,09714046,020401,WN 2022,SI,622,003,Regular,Lecture,Usab Eval & Needs,4.00,A,SI 622,No
Winter 2023,09714046,021400,FA 2021,SI,520,002,Regular,Lecture,Graphic Design,3.00,A,SI 520,No
Winter 2023,09714046,022099,WN 2022,SI,658,001,Regular,Lecture,Info Architecture,3.00,A+,SI 658,No
Winter 2023,09714046,039178,WN 2022,SI,539,001,Regular,Lecture,Web Design,3.00,A,SI 539,No
Winter 2023,09714046,040667,WN 2022,SI,681,001,Regular,Seminar,Intern/Field Seminar,6.00,S,SI 681,No
Winter 2023,09714046,040667,WN 2023,SI,681,001,Regular,Seminar,Intern/Field Seminar,3.00,S,SI 681,No
Winter 2023,09714046,041626,WN 2023,SI,664,001,Regular,Lecture,Database App Design,3.00,A+,SI 664,No
Winter 2023,09714046,041935,WN 2022,SI,530,001,Regular,Lecture,Prin in Management,3.00,A,SI 530,No
Winter 2023,09714046,042104,FA 2021,SI,501,001,Regular,Lecture,Contextual Inq,3.00,A+,SI 501,No
Winter 2023,09714046,044535,FA 2022,ASIANLAN,445,001,Regular,Lecture,Chinese Lng Pedagogy,3.00,A,ASIANLAN 445,Yes
Winter 2023,09714046,044772,FA 2021,SI,582,002,Regular,Lecture,Intro Interac Design,3.00,A,SI 582,No
Winter 2023,09714046,047246,FA 2021,SI,506,001,Regular,Lecture,Programming I,3.00,A,SI 506,No
Winter 2023,09714046,047640,WN 2023,SI,507,001,Regular,Lecture,Inter Programming,3.00,A,SI 507,No
Winter 2023,09714046,047901,FA 2023,SI,699,001,Regular,Lecture,MSI Mastery Courses,3.00,A,SI 699,No
Winter 2023,09714046,048129,WN 2022,SI,505,001,First 7 Wk,Lecture,Career/Intern Studio,1.00,S,SI 505,No
Winter 2023,09714046,048487,FA 2023,SI,669,001,Regular,Lecture,Dev Mobile Exp,3.00,A+,SI 669,No
Winter 2023,09714046,049601,FA 2023,SI,564,101,Regular,Lecture,SQL & Databases,1.50,A,SI 564,No
Winter 2023,09714046,050159,FA 2022,SI,579,001,Regular,Lecture,Bldg Interactive App,3.00,A,SI 579,No
Winter 2023,10295526,009732,FA 2023,SI,650,001,Regular,Lecture,Informatn Retrieval,3.00,W,SI 650,No
Winter 2023,10295526,017281,FA 2022,SI,588,001,Regular,Lecture,Fundamntls Hum Beh,3.00,A,SI 588,No
Winter 2023,10295526,020401,WN 2023,SI,622,001,Regular,Lecture,Usab Eval & Needs,4.00,A,SI 622,No
Winter 2023,10295526,021400,FA 2023,SI,520,001,Regular,Lecture,Graphic Design,3.00,A,SI 520,No
Winter 2023,10295526,039178,FA 2023,SI,539,001,Regular,Lecture,Web Design,3.00,A+,SI 539,No
Winter 2023,10295526,040667,WN 2023,SI,681,001,Regular,Seminar,Intern/Field Seminar,6.00,S,SI 681,No
Winter 2023,10295526,041626,WN 2023,SI,664,001,Regular,Lecture,Database App Design,3.00,A,SI 664,No
Winter 2023,10295526,042091,WN 2023,SI,618,001,Regular,Lecture,Data Man & Analysis,3.00,A+,SI 618,No
Winter 2023,10295526,044772,FA 2022,SI,582,002,Regular,Lecture,Intro Interac Design,3.00,A,SI 582,No
Winter 2023,10295526,047246,FA 2023,SI,506,001,Regular,Lecture,Programming I,3.00,A,SI 506,No
Winter 2023,10295526,047640,FA 2023,SI,507,001,Regular,Lecture,Inter Programming,3.00,A,SI 507,No
Winter 2023,10295526,047901,WN 2023,SI,699,003,Regular,Lecture,MSI Mastery Courses,3.00,A,SI 699,No
Winter 2023,10295526,048129,FA 2023,SI,505,001,Scnd 7 Wk,Lecture,Career/Intern Studio,1.00,S,SI 505,No
Winter 2023,10295526,048487,FA 2022,SI,669,001,Regular,Lecture,Dev Mobile Exp,3.00,A+,SI 669,No
Winter 2023,10295526,049601,FA 2022,SI,564,001,Regular,Lecture,SQL & Databases,1.50,A,SI 564,No
Winter 2023,10295526,050159,FA 2022,SI,579,001,Regular,Lecture,Bldg Interactive App,3.00,A,SI 579,No
Winter 2023,10400882,001459,FA 2022,SI,690,410,Regular,Seminar,Intern/Field Exper,1.00,S,SI 690,No
Winter 2023,10400882,017281,FA 2021,SI,588,002,Regular,Lecture,Fundamntls Hum Beh,3.00,A,SI 588,No
Winter 2023,10400882,020401,WN 2022,SI,622,001,Regular,Lecture,Usab Eval & Needs,4.00,A+,SI 622,No
Winter 2023,10400882,021400,WN 2022,SI,520,001,Regular,Lecture,Graphic Design,3.00,A,SI 520,No
Winter 2023,10400882,039178,FA 2021,SI,539,001,Regular,Lecture,Web Design,3.00,A,SI 539,No
Winter 2023,10400882,040405,FA 2022,SURVMETH,600,001,Regular,Seminar,Fund Surv Data Sci,3.00,A,SURVMETH 600,Yes
Winter 2023,10400882,040667,WN 2022,SI,681,001,Regular,Seminar,Intern/Field Seminar,6.00,S,SI 681,No
Winter 2023,10400882,041957,WN 2022,ENGR,599,108,Regular,Lecture,Spec Topics Engr,2.00,A,ENGR 599,Yes
Winter 2023,10400882,041957,FA 2022,ENGR,599,108,Regular,Lecture,Spec Topics Engr,2.00,A,ENGR 599,Yes
Winter 2023,10400882,042091,WN 2022,SI,618,001,Regular,Lecture,Data Man & Analysis,3.00,A,SI 618,No
Winter 2023,10400882,042104,FA 2021,SI,501,001,Regular,Lecture,Contextual Inq,3.00,A,SI 501,No
Winter 2023,10400882,044772,FA 2021,SI,582,002,Regular,Lecture,Intro Interac Design,3.00,A,SI 582,No
Winter 2023,10400882,045771,FA 2022,SI,684,001,Regular,Seminar,Design ConsHlth Tech,3.00,A+,SI 684,No
Winter 2023,10400882,046306,FA 2022,SI,616,001,Regular,Lecture,Adv Graphic Design,3.00,A,SI 616,No
Winter 2023,10400882,047901,WN 2023,SI,699,201,Regular,Lecture,MSI Mastery Courses,3.00,A-,SI 699,No
Winter 2023,10400882,049417,WN 2022,BA,670,001,Regular,Recitation,+Impact Studio,3.00,A-,BA 670,Yes
Winter 2023,10400882,049601,FA 2021,SI,564,001,Regular,Lecture,SQL & Databases,1.50,A,SI 564,No
Winter 2023,11022581,009732,FA 2021,SI,650,001,Regular,Lecture,Informatn Retrieval,3.00,A+,SI 650,No
Winter 2023,11022581,012198,FA 2022,SI,561,001,Regular,Lecture,Nat Lang Proc,3.00,A+,SI 561,No
Winter 2023,11022581,020934,WN 2022,SI,649,001,Regular,Lecture,Info Visualization,3.00,A,SI 649,No
Winter 2023,11022581,021033,WN 2023,SI,652,001,Regular,Lecture,Incentive&Strategic,3.00,B,SI 652,No
Winter 2023,11022581,021400,WN 2023,SI,520,004,Regular,Laboratory,Graphic Design,3.00,A,SI 520,No
Winter 2023,11022581,039178,FA 2021,SI,539,001,Regular,Lecture,Web Design,3.00,A,SI 539,No
Winter 2023,11022581,041626,FA 2021,SI,664,001,Regular,Lecture,Database App Design,3.00,A,SI 664,No
Winter 2023,11022581,041934,FA 2022,SI,608,001,Regular,Lecture,Networks,3.00,A,SI 608,No
Winter 2023,11022581,042091,FA 2021,SI,618,001,Regular,Lecture,Data Man & Analysis,3.00,A+,SI 618,No
Winter 2023,11022581,042104,FA 2021,SI,501,002,Regular,Lecture,Contextual Inq,3.00,A,SI 501,No
Winter 2023,11022581,045930,FA 2022,SI,671,001,Regular,Lecture,Data Mining,3.00,A-,SI 671,No
Winter 2023,11022581,047901,WN 2023,SI,699,305,Regular,Lecture,MSI Mastery Courses,3.00,A,SI 699,No
Winter 2023,11022581,048268,WN 2022,SI,630,001,Regular,Lecture,NLP Algorithm People,3.00,A+,SI 630,No
Winter 2023,11022581,048486,WN 2022,SI,659,001,Regular,Lecture,AR/VR Advanced,3.00,A+,SI 659,No
Winter 2023,11022581,048500,FA 2022,SI,670,001,Regular,Lecture,Appld Machine Learng,3.00,A-,SI 670,No
Winter 2023,11022581,049601,FA 2022,SI,564,001,Regular,Lecture,SQL & Databases,1.50,A+,SI 564,No
Winter 2023,11022581,050159,WN 2022,SI,579,001,Regular,Lecture,Bldg Interactive App,3.00,A+,SI 579,No
Winter 2023,11022581,050663,WN 2022,SI,568,001,Regular,Lecture,Intro Appld Data Sci,3.00,A+,SI 568,No
Winter 2023,11510592,001459,FA 2022,SI,690,410,Regular,Seminar,Intern/Field Exper,2.00,S,SI 690,No
Winter 2023,11510592,001459,WN 2023,SI,690,001,Regular,Seminar,Intern/Field Exper,1.00,S,SI 690,No
Winter 2023,11510592,017281,FA 2021,SI,588,001,Regular,Lecture,Fundamntls Hum Beh,3.00,A,SI 588,No
Winter 2023,11510592,020401,WN 2022,SI,622,001,Regular,Lecture,Usab Eval & Needs,4.00,A,SI 622,No
Winter 2023,11510592,021400,FA 2021,SI,520,002,Regular,Lecture,Graphic Design,3.00,A,SI 520,No
Winter 2023,11510592,039081,WN 2023,SI,529,001,Regular,Lecture,Online Communities,3.00,A-,SI 529,No
Winter 2023,11510592,039178,FA 2021,SI,539,001,Regular,Lecture,Web Design,3.00,A,SI 539,No
Winter 2023,11510592,040667,WN 2022,SI,681,001,Regular,Seminar,Intern/Field Seminar,6.00,S,SI 681,No
Winter 2023,11510592,042104,FA 2021,SI,501,001,Regular,Lecture,Contextual Inq,3.00,A+,SI 501,No
Winter 2023,11510592,043863,FA 2022,SI,612,002,Regular,Lecture,Pervasv Interact Des,3.00,A+,SI 612,No
Winter 2023,11510592,044772,FA 2021,SI,582,003,Regular,Lecture,Intro Interac Design,3.00,A+,SI 582,No
Winter 2023,11510592,044799,FA 2022,ENTR,490,014,Regular,Lecture,Spec Topics Entr,2.00,B,ENTR 490,Yes
Winter 2023,11510592,046306,FA 2022,SI,616,001,Regular,Lecture,Adv Graphic Design,3.00,A-,SI 616,No
Winter 2023,11510592,047641,WN 2022,SI,540,001,Regular,Lecture,Privacy in Info Tech,3.00,A,SI 540,No
Winter 2023,11510592,047901,WN 2023,SI,699,201,Regular,Lecture,MSI Mastery Courses,3.00,A,SI 699,No
Winter 2023,11510592,048486,WN 2022,SI,659,001,Regular,Lecture,AR/VR Advanced,3.00,A,SI 659,No
Winter 2023,12206890,001459,WN 2023,SI,690,001,Regular,Seminar,Intern/Field Exper,3.00,S,SI 690,No
Winter 2023,12206890,009732,FA 2022,SI,650,001,Regular,Lecture,Informatn Retrieval,3.00,A+,SI 650,No
Winter 2023,12206890,017281,FA 2021,SI,588,001,Regular,Lecture,Fundamntls Hum Beh,3.00,A,SI 588,No
Winter 2023,12206890,020401,WN 2023,SI,622,002,Regular,Lecture,Usab Eval & Needs,4.00,A,SI 622,No
Winter 2023,12206890,020934,WN 2022,SI,649,001,Regular,Lecture,Info Visualization,3.00,A,SI 649,No
Winter 2023,12206890,021400,WN 2022,SI,520,002,Regular,Lecture,Graphic Design,3.00,A-,SI 520,No
Winter 2023,12206890,039178,FA 2021,SI,539,001,Regular,Lecture,Web Design,3.00,A,SI 539,No
Winter 2023,12206890,040667,WN 2022,SI,681,001,Regular,Seminar,Intern/Field Seminar,4.00,S,SI 681,No
Winter 2023,12206890,041626,FA 2021,SI,664,001,Regular,Lecture,Database App Design,3.00,A,SI 664,No
Winter 2023,12206890,041934,FA 2022,SI,608,001,Regular,Lecture,Networks,3.00,A-,SI 608,No
Winter 2023,12206890,042091,FA 2022,SI,618,001,Regular,Lecture,Data Man & Analysis,3.00,A,SI 618,No
Winter 2023,12206890,042104,FA 2021,SI,501,001,Regular,Lecture,Contextual Inq,3.00,A,SI 501,No
Winter 2023,12206890,042324,WN 2022,SI,639,001,Scnd 7 Wk,Lecture,Web Archiving,1.50,A,SI 639,No
Winter 2023,12206890,044772,FA 2021,SI,582,004,Regular,Lecture,Intro Interac Design,3.00,A-,SI 582,No
Winter 2023,12206890,047640,WN 2022,SI,507,001,Regular,Lecture,Inter Programming,3.00,A,SI 507,No
Winter 2023,12206890,047901,WN 2023,SI,699,003,Regular,Lecture,MSI Mastery Courses,3.00,A,SI 699,No
Winter 2023,12206890,048147,WN 2023,BA,657,001,Regular,Laboratory,LBLE,3.00,A-,BA 657,Yes
Winter 2023,12206890,048486,WN 2022,SI,659,001,Regular,Lecture,AR/VR Advanced,3.00,W,SI 659,No
Winter 2023,12206890,048487,FA 2022,SI,669,001,Regular,Lecture,Dev Mobile Exp,3.00,A+,SI 669,No
Winter 2023,12206890,049601,FA 2022,SI,564,001,Regular,Lecture,SQL & Databases,1.50,A,SI 564,No
Winter 2023,12206890,050159,WN 2022,SI,579,001,Regular,Lecture,Bldg Interactive App,3.00,A,SI 579,No
Winter 2023,12768640,020934,WN 2022,SI,649,001,Regular,Lecture,Info Visualization,3.00,A-,SI 649,No
Winter 2023,12768640,022099,WN 2023,SI,658,001,Regular,Lecture,Info Architecture,3.00,A,SI 658,No
Winter 2023,12768640,039178,FA 2022,SI,539,001,Regular,Lecture,Web Design,3.00,A,SI 539,No
Winter 2023,12768640,041626,WN 2022,SI,664,001,Regular,Lecture,Database App Design,3.00,A,SI 664,No
Winter 2023,12768640,042091,WN 2022,SI,618,001,Regular,Lecture,Data Man & Analysis,3.00,A,SI 618,No
Winter 2023,12768640,042104,FA 2021,SI,501,002,Regular,Lecture,Contextual Inq,3.00,A,SI 501,No
Winter 2023,12768640,045930,FA 2022,SI,671,001,Regular,Lecture,Data Mining,3.00,B+,SI 671,No
Winter 2023,12768640,047640,FA 2021,SI,507,101,Regular,Lecture,Inter Programming,3.00,A,SI 507,No
Winter 2023,12768640,047901,WN 2023,SI,699,205,Regular,Lecture,MSI Mastery Courses,3.00,A,SI 699,No
Winter 2023,12768640,048129,WN 2022,SI,505,001,First 7 Wk,Lecture,Career/Intern Studio,1.00,S,SI 505,No
Winter 2023,12768640,048500,FA 2022,SI,670,001,Regular,Lecture,Appld Machine Learng,3.00,A,SI 670,No
Winter 2023,12768640,049038,WN 2022,SI,688,002,Regular,Lecture,AppProjS S -GIEP/CID,6.00,S,SI 688,No
Winter 2023,12768640,049601,FA 2021,SI,564,001,Regular,Lecture,SQL & Databases,1.50,A,SI 564,No
Winter 2023,12768640,050159,FA 2022,SI,579,001,Regular,Lecture,Bldg Interactive App,3.00,A,SI 579,No
Winter 2023,12768640,050164,FA 2021,SI,504,001,Regular,Lecture,"Servers, Shell,&Git",1.50,A,SI 504,No
Winter 2023,12768640,050663,WN 2022,SI,568,001,Regular,Lecture,Intro Appld Data Sci,3.00,A,SI 568,No
Winter 2023,12893020,001459,FA 2022,SI,690,410,Regular,Seminar,Intern/Field Exper,3.00,S,SI 690,No
Winter 2023,12893020,016607,FA 2022,SI,544,101,Regular,Lecture,Intr Stat&Data Analy,3.00,A+,SI 544,No
Winter 2023,12893020,017281,FA 2021,SI,588,001,Regular,Lecture,Fundamntls Hum Beh,3.00,A+,SI 588,No
Winter 2023,12893020,020401,WN 2022,SI,622,001,Regular,Lecture,Usab Eval & Needs,4.00,A,SI 622,No
Winter 2023,12893020,021400,WN 2022,SI,520,001,Regular,Lecture,Graphic Design,3.00,A-,SI 520,No
Winter 2023,12893020,039178,WN 2022,SI,539,001,Regular,Lecture,Web Design,3.00,B,SI 539,No
Winter 2023,12893020,039979,WN 2023,SI,623,001,Regular,Seminar,Res Meth Info Prof,3.00,A,SI 623,No
Winter 2023,12893020,040405,FA 2022,SURVMETH,600,001,Regular,Seminar,Fund Surv Data Sci,3.00,A+,SURVMETH 600,Yes
Winter 2023,12893020,040667,WN 2022,SI,681,001,Regular,Seminar,Intern/Field Seminar,6.00,S,SI 681,No
Winter 2023,12893020,042104,FA 2021,SI,501,001,Regular,Lecture,Contextual Inq,3.00,A+,SI 501,No
Winter 2023,12893020,043241,FA 2022,SI,657,001,Regular,Lecture,Info Tech and Inter,3.00,A,SI 657,No
Winter 2023,12893020,044772,FA 2021,SI,582,002,Regular,Lecture,Intro Interac Design,3.00,A,SI 582,No
Winter 2023,12893020,047246,FA 2021,SI,506,001,Regular,Lecture,Programming I,3.00,A,SI 506,No
Winter 2023,12893020,047901,WN 2023,SI,699,401,Regular,Lecture,MSI Mastery Courses,3.00,A,SI 699,No
Winter 2023,12893020,048488,FA 2021,SI,559,002,Regular,Lecture,AR/VR Intro,3.00,A,SI 559,No
Winter 2023,13329172,007780,FA 2022,EECS,498,010,Regular,Lecture,Special Topics,3.00,B,EECS 498,Yes
Winter 2023,13329172,009732,FA 2022,SI,650,001,Regular,Lecture,Informatn Retrieval,3.00,A,SI 650,No
Winter 2023,13329172,016607,FA 2021,SI,544,001,Regular,Lecture,Intr Stat&Data Analy,3.00,A+,SI 544,No
Winter 2023,13329172,020934,FA 2021,SI,649,001,Regular,Lecture,Info Visualization,3.00,A,SI 649,No
Winter 2023,13329172,021391,WN 2022,SI,511,630,Regular,Laboratory,Special Topics,1.00,A-,SI 511,No
Winter 2023,13329172,041626,WN 2022,SI,664,001,Regular,Lecture,Database App Design,3.00,A,SI 664,No
Winter 2023,13329172,042091,WN 2022,SI,618,001,Regular,Lecture,Data Man & Analysis,3.00,A,SI 618,No
Winter 2023,13329172,042104,FA 2021,SI,501,001,Regular,Lecture,Contextual Inq,3.00,A,SI 501,No
Winter 2023,13329172,045930,FA 2022,SI,671,001,Regular,Lecture,Data Mining,3.00,A-,SI 671,No
Winter 2023,13329172,047640,FA 2021,SI,507,001,Regular,Lecture,Inter Programming,3.00,A,SI 507,No
Winter 2023,13329172,047901,WN 2023,SI,699,005,Regular,Lecture,MSI Mastery Courses,3.00,A+,SI 699,No
Winter 2023,13329172,048268,WN 2022,SI,630,001,Regular,Lecture,NLP Algorithm People,3.00,A-,SI 630,No
Winter 2023,13329172,048539,WN 2022,EECS,409,001,Regular,Seminar,Data Science Sem,1.00,S,EECS 409,Yes
Winter 2023,13329172,049038,WN 2022,SI,688,001,Regular,Lecture,AppProjS S -GIEP/CID,6.00,S,SI 688,No
Winter 2023,13329172,049601,FA 2021,SI,564,001,Regular,Lecture,SQL & Databases,1.50,A,SI 564,No
Winter 2023,13329172,050159,WN 2023,SI,579,001,Regular,Lecture,Bldg Interactive App,3.00,A,SI 579,No
Winter 2023,13329172,050164,FA 2021,SI,504,001,Regular,Lecture,"Servers, Shell,&Git",1.50,A,SI 504,No
Winter 2023,13329172,050663,WN 2022,SI,568,001,Regular,Lecture,Intro Appld Data Sci,3.00,A,SI 568,No
Winter 2023,13753705,003736,FA 2022,MKT,625,002,Scnd 7 Wk,Recitation,New Prod Innov Mngmt,2.25,A,MKT 625,Yes
Winter 2023,13753705,012085,WN 2022,MKT,613,001,First 7 Wk,Recitation,Consumer Behavior,1.50,A,MKT 613,Yes
Winter 2023,13753705,017281,FA 2021,SI,588,002,Regular,Lecture,Fundamntls Hum Beh,3.00,A,SI 588,No
Winter 2023,13753705,020401,FA 2021,SI,622,001,Regular,Lecture,Usab Eval & Needs,4.00,A+,SI 622,No
Winter 2023,13753705,021400,WN 2022,SI,520,002,Regular,Lecture,Graphic Design,3.00,A,SI 520,No
Winter 2023,13753705,022099,WN 2023,SI,658,001,Regular,Lecture,Info Architecture,3.00,A,SI 658,No
Winter 2023,13753705,039178,WN 2022,SI,539,001,Regular,Lecture,Web Design,3.00,B,SI 539,No
Winter 2023,13753705,040667,WN 2023,SI,681,001,Regular,Seminar,Intern/Field Seminar,6.00,S,SI 681,No
Winter 2023,13753705,042104,FA 2021,SI,501,001,Regular,Lecture,Contextual Inq,3.00,A+,SI 501,No
Winter 2023,13753705,043574,FA 2021,SW,503,001,Regular,Lecture,Foundation Topics SW,1.00,A,SW 503,Yes
Winter 2023,13753705,043863,WN 2023,SI,612,002,Regular,Lecture,Pervasv Interact Des,3.00,A,SI 612,No
Winter 2023,13753705,044772,WN 2022,SI,582,001,Regular,Lecture,Intro Interac Design,3.00,IA,SI 582,No
Winter 2023,13753705,047246,FA 2021,SI,506,001,Regular,Lecture,Programming I,3.00,A,SI 506,No
Winter 2023,13753705,047901,FA 2022,SI,699,201,Regular,Lecture,MSI Mastery Courses,3.00,A+,SI 699,No
Winter 2023,13753705,048129,WN 2022,SI,505,001,First 7 Wk,Lecture,Career/Intern Studio,1.00,S,SI 505,No
Winter 2023,13753705,049417,WN 2023,BA,670,001,Regular,Recitation,+Impact Studio,3.00,A-,BA 670,Yes
Winter 2023,13753705,050846,FA 2022,SI,512,001,Regular,Lecture,Change The Internet,3.00,A+,SI 512,No
Winter 2023,13999326,001459,WN 2023,SI,690,001,Regular,Seminar,Intern/Field Exper,2.00,S,SI 690,No
Winter 2023,13999326,017281,FA 2022,SI,588,002,Regular,Lecture,Fundamntls Hum Beh,3.00,A-,SI 588,No
Winter 2023,13999326,020401,WN 2022,SI,622,003,Regular,Lecture,Usab Eval & Needs,4.00,A,SI 622,No
Winter 2023,13999326,021400,WN 2022,SI,520,001,Regular,Lecture,Graphic Design,3.00,A-,SI 520,No
Winter 2023,13999326,039178,FA 2021,SI,539,001,Regular,Lecture,Web Design,3.00,A,SI 539,No
Winter 2023,13999326,040667,WN 2022,SI,681,001,Regular,Seminar,Intern/Field Seminar,6.00,S,SI 681,No
Winter 2023,13999326,042104,FA 2021,SI,501,001,Regular,Lecture,Contextual Inq,3.00,A+,SI 501,No
Winter 2023,13999326,043863,FA 2022,SI,612,001,Regular,Lecture,Pervasv Interact Des,3.00,A-,SI 612,No
Winter 2023,13999326,044772,FA 2021,SI,582,004,Regular,Lecture,Intro Interac Design,3.00,A,SI 582,No
Winter 2023,13999326,044798,WN 2022,ENTR,599,032,Regular,Lecture,Spec Topics Entr,3.00,A+,ENTR 599,Yes
Winter 2023,13999326,044798,FA 2022,ENTR,599,033,Regular,Lecture,Spec Topics Entr,3.00,A+,ENTR 599,Yes
Winter 2023,13999326,045732,WN 2022,SI,554,001,Regular,Lecture,Consumer Hlth Inform,3.00,A,SI 554,No
Winter 2023,13999326,047246,FA 2021,SI,506,101,Regular,Lecture,Programming I,3.00,A,SI 506,No
Winter 2023,13999326,047901,WN 2023,SI,699,201,Regular,Lecture,MSI Mastery Courses,3.00,A-,SI 699,No
Winter 2023,13999326,048421,FA 2022,ENTR,560,001,Regular,Lecture,Proj Mgmt Consulting,3.00,A,ENTR 560,Yes
Winter 2023,14164752,001459,FA 2022,SI,690,390,Regular,Seminar,Intern/Field Exper,6.00,S,SI 690,No
Winter 2023,14164752,001459,FA 2022,SI,690,410,Regular,Seminar,Intern/Field Exper,3.00,S,SI 690,No
Winter 2023,14164752,017281,FA 2022,SI,588,002,Regular,Lecture,Fundamntls Hum Beh,3.00,A,SI 588,No
Winter 2023,14164752,022099,WN 2023,SI,658,001,Regular,Lecture,Info Architecture,3.00,A,SI 658,No
Winter 2023,14164752,039368,WN 2023,SI,627,001,Regular,Lecture,Managing IT,3.00,A,SI 627,No
Winter 2023,14164752,043863,FA 2022,SI,612,002,Regular,Lecture,Pervasv Interact Des,3.00,A,SI 612,No
Winter 2023,14164752,044798,WN 2023,ENTR,599,021,Regular,Lecture,Spec Topics Entr,3.00,A,ENTR 599,Yes
Winter 2023,14164752,047901,FA 2022,SI,699,201,Regular,Lecture,MSI Mastery Courses,3.00,A,SI 699,No
Winter 2023,14164752,050846,FA 2022,SI,512,001,Regular,Lecture,Change The Internet,3.00,A,SI 512,No
Winter 2023,14425104,017281,FA 2021,SI,588,002,Regular,Lecture,Fundamntls Hum Beh,3.00,A+,SI 588,No
Winter 2023,14425104,020401,WN 2022,SI,622,001,Regular,Lecture,Usab Eval & Needs,4.00,A,SI 622,No
Winter 2023,14425104,021400,FA 2022,SI,520,001,Regular,Lecture,Graphic Design,3.00,A,SI 520,No
Winter 2023,14425104,039178,FA 2022,SI,539,001,Regular,Lecture,Web Design,3.00,A,SI 539,No
Winter 2023,14425104,041626,WN 2022,SI,664,001,Regular,Lecture,Database App Design,3.00,A+,SI 664,No
Winter 2023,14425104,042104,FA 2021,SI,501,002,Regular,Lecture,Contextual Inq,3.00,A,SI 501,No
Winter 2023,14425104,044772,FA 2021,SI,582,002,Regular,Lecture,Intro Interac Design,3.00,A-,SI 582,No
Winter 2023,14425104,045393,FA 2022,SI,552,001,Regular,Lecture,Accessibility Intro,3.00,A,SI 552,No
Winter 2023,14425104,046306,WN 2023,SI,616,001,Regular,Lecture,Adv Graphic Design,3.00,A,SI 616,No
Winter 2023,14425104,047246,FA 2021,SI,506,001,Regular,Lecture,Programming I,3.00,A,SI 506,No
Winter 2023,14425104,047640,WN 2022,SI,507,001,Regular,Lecture,Inter Programming,3.00,A,SI 507,No
Winter 2023,14425104,047901,WN 2023,SI,699,201,Regular,Lecture,MSI Mastery Courses,3.00,A,SI 699,No
Winter 2023,14425104,048129,WN 2022,SI,505,001,First 7 Wk,Lecture,Career/Intern Studio,1.00,S,SI 505,No
Winter 2023,14425104,049038,WN 2022,SI,688,001,Regular,Lecture,AppProjS S -GIEP/CID,6.00,S,SI 688,No
Winter 2023,14425104,050159,FA 2022,SI,579,001,Regular,Lecture,Bldg Interactive App,3.00,A,SI 579,No
Winter 2023,14425104,050164,WN 2022,SI,504,001,Regular,Lecture,"Servers, Shell,&Git",1.50,A,SI 504,No
Winter 2023,14624359,009732,FA 2021,SI,650,001,Regular,Lecture,Informatn Retrieval,3.00,B,SI 650,No
Winter 2023,14624359,020934,WN 2023,SI,649,002,Regular,Lecture,Info Visualization,3.00,B-,SI 649,No
Winter 2023,14624359,039178,FA 2021,SI,539,001,Regular,Lecture,Web Design,3.00,A,SI 539,No
Winter 2023,14624359,040667,WN 2022,SI,681,001,Regular,Seminar,Intern/Field Seminar,6.00,S,SI 681,No
Winter 2023,14624359,041626,WN 2022,SI,664,001,Regular,Lecture,Database App Design,3.00,A,SI 664,No
Winter 2023,14624359,041855,FA 2022,SI,631,001,Regular,Lecture,Agile Softwar Dev,1.50,A,SI 631,No
Winter 2023,14624359,042071,FA 2022,SI,563,001,Regular,Lecture,Game Theory,3.00,B+,SI 563,No
Winter 2023,14624359,042091,WN 2022,SI,618,001,Regular,Lecture,Data Man & Analysis,3.00,B+,SI 618,No
Winter 2023,14624359,042104,FA 2021,SI,501,001,Regular,Lecture,Contextual Inq,3.00,A-,SI 501,No
Winter 2023,14624359,045930,FA 2022,SI,671,001,Regular,Lecture,Data Mining,3.00,B+,SI 671,No
Winter 2023,14624359,047901,WN 2023,SI,699,005,Regular,Lecture,MSI Mastery Courses,3.00,A+,SI 699,No
Winter 2023,14624359,048486,WN 2022,SI,659,001,Regular,Lecture,AR/VR Advanced,3.00,A-,SI 659,No
Winter 2023,14624359,048488,FA 2021,SI,559,001,Regular,Lecture,AR/VR Intro,3.00,A,SI 559,No
Winter 2023,14624359,048500,FA 2022,SI,670,001,Regular,Lecture,Appld Machine Learng,3.00,B,SI 670,No
Winter 2023,14624359,050164,FA 2022,SI,504,001,Regular,Lecture,"Servers, Shell,&Git",1.50,B+,SI 504,No
Winter 2023,14624359,050663,WN 2022,SI,568,001,Regular,Lecture,Intro Appld Data Sci,3.00,A,SI 568,No
Winter 2023,14790739,001459,FA 2022,SI,690,410,Regular,Seminar,Intern/Field Exper,2.00,S,SI 690,No
Winter 2023,14790739,009732,FA 2021,SI,650,001,Regular,Lecture,Informatn Retrieval,3.00,A,SI 650,No
Winter 2023,14790739,012456,FA 2022,SI,549,001,Regular,Seminar,Trfrm Lrng Tchg Tech,3.00,S,SI 549,No
Winter 2023,14790739,012772,WN 2023,SI,548,001,Regular,Seminar,Prin Soft Design,3.00,A,SI 548,No
Winter 2023,14790739,020934,FA 2021,SI,649,001,Regular,Lecture,Info Visualization,3.00,A,SI 649,No
Winter 2023,14790739,040667,WN 2022,SI,681,001,Regular,Seminar,Intern/Field Seminar,6.00,S,SI 681,No
Winter 2023,14790739,041626,FA 2022,SI,664,001,Regular,Lecture,Database App Design,3.00,A+,SI 664,No
Winter 2023,14790739,042091,FA 2021,SI,618,001,Regular,Lecture,Data Man & Analysis,3.00,A,SI 618,No
Winter 2023,14790739,042104,FA 2021,SI,501,001,Regular,Lecture,Contextual Inq,3.00,A+,SI 501,No
Winter 2023,14790739,045930,FA 2022,SI,671,001,Regular,Lecture,Data Mining,3.00,A,SI 671,No
Winter 2023,14790739,047901,WN 2023,SI,699,205,Regular,Lecture,MSI Mastery Courses,3.00,A,SI 699,No
Winter 2023,14790739,049601,FA 2021,SI,564,001,Regular,Lecture,SQL & Databases,1.50,A,SI 564,No
Winter 2023,14790739,049651,WN 2022,EECS,605,001,Regular,Lecture,DS and ML Des Lab,4.00,B+,EECS 605,Yes
Winter 2023,14790739,050159,WN 2022,SI,579,001,Regular,Lecture,Bldg Interactive App,3.00,A+,SI 579,No
Winter 2023,14790739,050164,FA 2021,SI,504,001,Regular,Lecture,"Servers, Shell,&Git",1.50,A,SI 504,No
Winter 2023,14790739,050663,WN 2022,SI,568,001,Regular,Lecture,Intro Appld Data Sci,3.00,A,SI 568,No
Winter 2023,14982409,009732,FA 2021,SI,650,001,Regular,Lecture,Informatn Retrieval,3.00,A+,SI 650,No
Winter 2023,14982409,012194,FA 2022,EECS,589,001,Regular,Lecture,Adv Comp Net,4.00,A,EECS 589,Yes
Winter 2023,14982409,012844,WN 2023,EECS,586,001,Regular,Lecture,Algorithms,4.00,B+,EECS 586,Yes
Winter 2023,14982409,014748,WN 2022,EECS,545,002,Regular,Lecture,Machine Learn (CSE),3.00,A-,EECS 545,Yes
Winter 2023,14982409,016141,FA 2022,EECS,587,001,Regular,Lecture,Parallel Computing,4.00,B+,EECS 587,Yes
Winter 2023,14982409,016607,FA 2021,SI,544,001,Regular,Lecture,Intr Stat&Data Analy,3.00,A,SI 544,No
Winter 2023,14982409,020934,WN 2023,SI,649,001,Regular,Lecture,Info Visualization,3.00,A-,SI 649,No
Winter 2023,14982409,021033,WN 2023,EECS,547,001,Regular,Lecture,Incentive&Strategic,3.00,B+,EECS 547,Yes
Winter 2023,14982409,040667,WN 2022,SI,681,001,Regular,Seminar,Intern/Field Seminar,6.00,S,SI 681,No
Winter 2023,14982409,041626,WN 2022,SI,664,001,Regular,Lecture,Database App Design,3.00,A,SI 664,No
Winter 2023,14982409,042091,WN 2022,SI,618,001,Regular,Lecture,Data Man & Analysis,3.00,A,SI 618,No
Winter 2023,14982409,042104,FA 2021,SI,501,002,Regular,Lecture,Contextual Inq,3.00,A,SI 501,No
Winter 2023,14982409,044772,FA 2022,SI,582,004,Regular,Lecture,Intro Interac Design,3.00,A-,SI 582,No
Winter 2023,14982409,045930,FA 2022,SI,671,001,Regular,Lecture,Data Mining,3.00,A,SI 671,No
Winter 2023,14982409,047640,FA 2021,SI,507,001,Regular,Lecture,Inter Programming,3.00,A,SI 507,No
Winter 2023,14982409,047901,WN 2023,SI,699,005,Regular,Lecture,MSI Mastery Courses,3.00,A+,SI 699,No
Winter 2023,14982409,048268,WN 2022,SI,630,001,Regular,Lecture,NLP Algorithm People,3.00,A,SI 630,No
Winter 2023,14982409,049218,FA 2021,EECS,505,001,Regular,Lecture,Comp DS & ML,4.00,A,EECS 505,Yes
Winter 2023,14982409,049601,FA 2021,SI,564,001,Regular,Lecture,SQL & Databases,1.50,A,SI 564,No
Winter 2023,14982409,050083,WN 2022,EECS,559,001,Regular,Lecture,Optim in Sig Pro ML,3.00,A-,EECS 559,Yes
Winter 2023,14982409,050164,FA 2022,SI,504,001,Regular,Lecture,"Servers, Shell,&Git",1.50,A+,SI 504,No
Winter 2023,14982409,050663,WN 2022,SI,568,001,Regular,Lecture,Intro Appld Data Sci,3.00,B+,SI 568,No
Winter 2023,15028024,001393,WN 2022,EECS,598,003,Regular,Lecture,Special Topics,3.00,A-,EECS 598,Yes
Winter 2023,15028024,001459,FA 2022,SI,690,410,Regular,Seminar,Intern/Field Exper,2.00,S,SI 690,No
Winter 2023,15028024,017281,FA 2021,SI,588,002,Regular,Lecture,Fundamntls Hum Beh,3.00,A,SI 588,No
Winter 2023,15028024,019903,FA 2022,TO,548,001,Regular,Recitation,Integ Pro Dev,3.00,A,TO 548,Yes
Winter 2023,15028024,020379,FA 2022,IOE,548,001,Regular,Lecture,Int Prod Dev,3.00,A,IOE 548,Yes
Winter 2023,15028024,020401,WN 2023,SI,622,001,Regular,Lecture,Usab Eval & Needs,4.00,A,SI 622,No
Winter 2023,15028024,021400,FA 2021,SI,520,001,Regular,Lecture,Graphic Design,3.00,A,SI 520,No
Winter 2023,15028024,040667,WN 2022,SI,681,001,Regular,Seminar,Intern/Field Seminar,6.00,S,SI 681,No
Winter 2023,15028024,041957,FA 2022,ENGR,599,033,Regular,Laboratory,Spec Topics Engr,2.00,A+,ENGR 599,Yes
Winter 2023,15028024,042091,WN 2022,SI,618,001,Regular,Lecture,Data Man & Analysis,3.00,A,SI 618,No
Winter 2023,15028024,042104,FA 2021,SI,501,002,Regular,Lecture,Contextual Inq,3.00,A,SI 501,No
Winter 2023,15028024,044772,FA 2021,SI,582,002,Regular,Lecture,Intro Interac Design,3.00,A,SI 582,No
Winter 2023,15028024,047901,WN 2023,SI,699,003,Regular,Lecture,MSI Mastery Courses,3.00,A,SI 699,No
Winter 2023,15028024,048487,FA 2021,SI,669,001,Regular,Lecture,Dev Mobile Exp,3.00,A+,SI 669,No
Winter 2023,15028024,048488,FA 2022,SI,559,001,Regular,Lecture,AR/VR Intro,3.00,A+,SI 559,No
Winter 2023,15028024,050159,WN 2022,SI,579,001,Regular,Lecture,Bldg Interactive App,3.00,A,SI 579,No
Winter 2023,15036329,017281,FA 2022,SI,588,002,Regular,Lecture,Fundamntls Hum Beh,3.00,A,SI 588,No
Winter 2023,15036329,020401,WN 2023,SI,622,001,Regular,Lecture,Usab Eval & Needs,4.00,A,SI 622,No
Winter 2023,15036329,021400,WN 2023,SI,520,002,Regular,Laboratory,Graphic Design,3.00,A,SI 520,No
Winter 2023,15036329,022099,WN 2023,SI,658,001,Regular,Lecture,Info Architecture,3.00,A,SI 658,No
Winter 2023,15036329,039178,FA 2022,SI,539,001,Regular,Lecture,Web Design,3.00,A-,SI 539,No
Winter 2023,15036329,040667,WN 2023,SI,681,001,Regular,Seminar,Intern/Field Seminar,6.00,S,SI 681,No
Winter 2023,15036329,042071,FA 2023,SI,563,001,Regular,Lecture,Game Theory,3.00,C+,SI 563,No
Winter 2023,15036329,042104,FA 2022,SI,501,001,Regular,Lecture,Contextual Inq,3.00,A,SI 501,No
Winter 2023,15036329,043210,FA 2023,SI,534,001,Regular,Lecture,Theories Soc Influen,3.00,B,SI 534,No
Winter 2023,15036329,043863,WN 2023,SI,612,001,Regular,Lecture,Pervasv Interact Des,3.00,A-,SI 612,No
Winter 2023,15036329,044772,FA 2022,SI,582,002,Regular,Lecture,Intro Interac Design,3.00,A,SI 582,No
Winter 2023,15036329,045393,FA 2023,SI,552,001,Regular,Lecture,Accessibility Intro,3.00,A,SI 552,No
Winter 2023,15036329,047246,FA 2022,SI,506,001,Regular,Lecture,Programming I,3.00,A,SI 506,No
Winter 2023,15036329,047901,FA 2023,SI,699,001,Regular,Lecture,MSI Mastery Courses,3.00,A,SI 699,No
Winter 2023,15036329,048488,FA 2023,SI,559,003,Regular,Lecture,AR/VR Intro,3.00,A-,SI 559,No
Winter 2023,15036329,050164,FA 2022,SI,504,001,Regular,Lecture,"Servers, Shell,&Git",1.50,A-,SI 504,No
Winter 2023,16029154,001459,WN 2023,SI,690,001,Regular,Seminar,Intern/Field Exper,3.00,S,SI 690,No
Winter 2023,16029154,017281,FA 2021,SI,588,001,Regular,Lecture,Fundamntls Hum Beh,3.00,A+,SI 588,No
Winter 2023,16029154,020401,WN 2022,SI,622,001,Regular,Lecture,Usab Eval & Needs,4.00,A,SI 622,No
Winter 2023,16029154,021400,WN 2022,SI,520,002,Regular,Lecture,Graphic Design,3.00,A,SI 520,No
Winter 2023,16029154,022099,WN 2023,SI,658,001,Regular,Lecture,Info Architecture,3.00,A,SI 658,No
Winter 2023,16029154,039178,WN 2022,SI,539,001,Regular,Lecture,Web Design,3.00,A,SI 539,No
Winter 2023,16029154,040667,WN 2022,SI,681,001,Regular,Seminar,Intern/Field Seminar,6.00,S,SI 681,No
Winter 2023,16029154,042104,FA 2021,SI,501,001,Regular,Lecture,Contextual Inq,3.00,A,SI 501,No
Winter 2023,16029154,044772,FA 2021,SI,582,001,Regular,Lecture,Intro Interac Design,3.00,A+,SI 582,No
Winter 2023,16029154,046306,FA 2022,SI,616,001,Regular,Lecture,Adv Graphic Design,3.00,A-,SI 616,No
Winter 2023,16029154,047246,FA 2021,SI,506,001,Regular,Lecture,Programming I,3.00,A,SI 506,No
Winter 2023,16029154,047901,FA 2022,SI,699,201,Regular,Lecture,MSI Mastery Courses,3.00,B,SI 699,No
Winter 2023,16029154,048129,WN 2022,SI,505,001,First 7 Wk,Lecture,Career/Intern Studio,1.00,S,SI 505,No
Winter 2023,16029154,048488,FA 2022,SI,559,001,Regular,Lecture,AR/VR Intro,3.00,A,SI 559,No
Winter 2023,16029154,050136,WN 2022,UARTS,560,119,Regular,Laboratory,Grad ArtsEng Proj,2.00,B+,UARTS 560,Yes
Winter 2023,16029154,050136,FA 2022,UARTS,560,119,Regular,Laboratory,Grad ArtsEng Proj,2.00,B+,UARTS 560,Yes
Winter 2023,16396244,001459,FA 2022,SI,690,410,Regular,Seminar,Intern/Field Exper,3.00,S,SI 690,No
Winter 2023,16396244,017281,FA 2022,SI,588,001,Regular,Lecture,Fundamntls Hum Beh,3.00,A-,SI 588,No
Winter 2023,16396244,020401,WN 2022,SI,622,001,Regular,Lecture,Usab Eval & Needs,4.00,A,SI 622,No
Winter 2023,16396244,021400,FA 2021,SI,520,001,Regular,Lecture,Graphic Design,3.00,B,SI 520,No
Winter 2023,16396244,022099,WN 2023,SI,658,001,Regular,Lecture,Info Architecture,3.00,A,SI 658,No
Winter 2023,16396244,039178,FA 2022,SI,539,001,Regular,Lecture,Web Design,3.00,B-,SI 539,No
Winter 2023,16396244,040667,WN 2022,SI,681,001,Regular,Seminar,Intern/Field Seminar,6.00,S,SI 681,No
Winter 2023,16396244,042104,FA 2021,SI,501,002,Regular,Lecture,Contextual Inq,3.00,A-,SI 501,No
Winter 2023,16396244,044772,FA 2021,SI,582,003,Regular,Lecture,Intro Interac Design,3.00,A-,SI 582,No
Winter 2023,16396244,046306,WN 2022,SI,616,001,Regular,Lecture,Adv Graphic Design,3.00,C+,SI 616,No
Winter 2023,16396244,047246,WN 2022,SI,506,001,Regular,Lecture,Programming I,3.00,A,SI 506,No
Winter 2023,16396244,047901,WN 2023,SI,699,401,Regular,Lecture,MSI Mastery Courses,3.00,A,SI 699,No
Winter 2023,16396244,048129,WN 2022,SI,505,001,First 7 Wk,Lecture,Career/Intern Studio,1.00,S,SI 505,No
Winter 2023,16396244,050159,FA 2022,SI,579,001,Regular,Lecture,Bldg Interactive App,3.00,C+,SI 579,No
Winter 2023,16396244,050162,WN 2023,SI,510,001,Regular,Lecture,Information Ethics,3.00,B+,SI 510,No
Winter 2023,16396244,050164,FA 2022,SI,504,001,Regular,Lecture,"Servers, Shell,&Git",1.50,B,SI 504,No
Winter 2023,16442306,009732,FA 2022,SI,650,001,Regular,Lecture,Informatn Retrieval,3.00,A,SI 650,No
Winter 2023,16442306,039979,WN 2022,SI,623,001,Regular,Seminar,Res Meth Info Prof,3.00,A+,SI 623,No
Winter 2023,16442306,040667,WN 2022,SI,681,001,Regular,Seminar,Intern/Field Seminar,6.00,S,SI 681,No
Winter 2023,16442306,041626,WN 2023,SI,664,001,Regular,Lecture,Database App Design,3.00,A,SI 664,No
Winter 2023,16442306,041985,FA 2021,SI,542,001,Regular,Lecture,Intro Health Infor,3.00,A+,SI 542,No
Winter 2023,16442306,042091,WN 2022,SI,618,001,Regular,Lecture,Data Man & Analysis,3.00,A-,SI 618,No
Winter 2023,16442306,042104,FA 2021,SI,501,002,Regular,Lecture,Contextual Inq,3.00,A,SI 501,No
Winter 2023,16442306,045930,FA 2022,SI,671,001,Regular,Lecture,Data Mining,3.00,A-,SI 671,No
Winter 2023,16442306,047637,WN 2022,LHS,712,001,Regular,Lecture,NLP on Health Data,3.00,A,LHS 712,Yes
Winter 2023,16442306,047640,FA 2021,SI,507,001,Regular,Lecture,Inter Programming,3.00,A,SI 507,No
Winter 2023,16442306,047901,WN 2023,SI,699,305,Regular,Lecture,MSI Mastery Courses,3.00,A+,SI 699,No
Winter 2023,16442306,048268,WN 2023,SI,630,001,Regular,Lecture,NLP Algorithm People,3.00,A,SI 630,No
Winter 2023,16442306,048500,FA 2022,SI,670,001,Regular,Lecture,Appld Machine Learng,3.00,A,SI 670,No
Winter 2023,16442306,049601,FA 2021,SI,564,001,Regular,Lecture,SQL & Databases,1.50,A,SI 564,No
Winter 2023,16442306,050164,FA 2021,SI,504,001,Regular,Lecture,"Servers, Shell,&Git",1.50,A,SI 504,No
Winter 2023,16442306,050663,WN 2022,SI,568,001,Regular,Lecture,Intro Appld Data Sci,3.00,A,SI 568,No
Winter 2023,16723660,009732,FA 2022,SI,650,001,Regular,Lecture,Informatn Retrieval,3.00,A+,SI 650,No
Winter 2023,16723660,016607,FA 2021,SI,544,001,Regular,Lecture,Intr Stat&Data Analy,3.00,A+,SI 544,No
Winter 2023,16723660,020934,WN 2022,SI,649,001,Regular,Lecture,Info Visualization,3.00,A,SI 649,No
Winter 2023,16723660,039979,WN 2022,SI,623,001,Regular,Seminar,Res Meth Info Prof,3.00,A,SI 623,No
Winter 2023,16723660,041626,FA 2021,SI,664,001,Regular,Lecture,Database App Design,3.00,A+,SI 664,No
Winter 2023,16723660,041855,FA 2021,SI,631,001,Regular,Lecture,Agile Softwar Dev,1.50,A,SI 631,No
Winter 2023,16723660,042091,WN 2022,SI,618,001,Regular,Lecture,Data Man & Analysis,3.00,A,SI 618,No
Winter 2023,16723660,042104,FA 2021,SI,501,002,Regular,Lecture,Contextual Inq,3.00,A,SI 501,No
Winter 2023,16723660,045930,FA 2022,SI,671,001,Regular,Lecture,Data Mining,3.00,A-,SI 671,No
Winter 2023,16723660,047637,WN 2023,LHS,712,001,Regular,Lecture,NLP on Health Data,3.00,A-,LHS 712,Yes
Winter 2023,16723660,047640,FA 2021,SI,507,001,Regular,Lecture,Inter Programming,3.00,A+,SI 507,No
Winter 2023,16723660,048500,FA 2022,SI,670,001,Regular,Lecture,Appld Machine Learng,3.00,A-,SI 670,No
Winter 2023,16723660,049038,WN 2022,SI,688,002,Regular,Lecture,AppProjS S -GIEP/CID,6.00,S,SI 688,No
Winter 2023,16723660,049040,WN 2023,SI,698,087,Regular,Seminar,Master's Thesis 2,3.00,A,SI 698,No
Winter 2023,16723660,049365,FA 2022,SI,697,087,Regular,Ind Study,Master's Thesis 1,3.00,S,SI 697,No
Winter 2023,16723660,049601,WN 2022,SI,564,001,Regular,Lecture,SQL & Databases,1.50,A,SI 564,No
Winter 2023,16723660,050164,FA 2021,SI,504,001,Regular,Lecture,"Servers, Shell,&Git",1.50,A+,SI 504,No
Winter 2023,16723660,050663,WN 2022,SI,568,001,Regular,Lecture,Intro Appld Data Sci,3.00,A,SI 568,No
Winter 2023,17018923,016607,FA 2021,SI,544,001,Regular,Lecture,Intr Stat&Data Analy,3.00,A+,SI 544,No
Winter 2023,17018923,017281,FA 2021,SI,588,002,Regular,Lecture,Fundamntls Hum Beh,3.00,A+,SI 588,No
Winter 2023,17018923,039178,WN 2022,SI,539,001,Regular,Lecture,Web Design,3.00,A,SI 539,No
Winter 2023,17018923,040667,WN 2022,SI,681,001,Regular,Seminar,Intern/Field Seminar,6.00,S,SI 681,No
Winter 2023,17018923,041626,FA 2022,SI,664,001,Regular,Lecture,Database App Design,3.00,A,SI 664,No
Winter 2023,17018923,042091,WN 2022,SI,618,001,Regular,Lecture,Data Man & Analysis,3.00,A,SI 618,No
Winter 2023,17018923,042104,FA 2021,SI,501,002,Regular,Lecture,Contextual Inq,3.00,A+,SI 501,No
Winter 2023,17018923,045687,FA 2021,SI,538,001,Regular,Seminar,Citizen Inter Design,4.00,A,SI 538,No
Winter 2023,17018923,045930,FA 2022,SI,671,001,Regular,Lecture,Data Mining,3.00,B+,SI 671,No
Winter 2023,17018923,047901,WN 2023,SI,699,005,Regular,Lecture,MSI Mastery Courses,3.00,A+,SI 699,No
Winter 2023,17018923,048129,WN 2022,SI,505,001,First 7 Wk,Lecture,Career/Intern Studio,1.00,S,SI 505,No
Winter 2023,17018923,048268,WN 2023,SI,630,001,Regular,Lecture,NLP Algorithm People,3.00,A-,SI 630,No
Winter 2023,17018923,048500,FA 2022,SI,670,001,Regular,Lecture,Appld Machine Learng,3.00,B+,SI 670,No
Winter 2023,17018923,049601,WN 2023,SI,564,001,Regular,Lecture,SQL & Databases,1.50,A,SI 564,No
Winter 2023,17018923,050159,WN 2022,SI,579,001,Regular,Lecture,Bldg Interactive App,3.00,A+,SI 579,No
Winter 2023,17018923,050663,WN 2022,SI,568,001,Regular,Lecture,Intro Appld Data Sci,3.00,A,SI 568,No
Winter 2023,18251582,006103,FA 2022,PSYCH,682,001,Regular,Seminar,Adv Soc Psych,3.00,A-,PSYCH 682,Yes
Winter 2023,18251582,015660,WN 2022,WRITING,993,001,Regular,Seminar,Teaching Writing,1.00,S,WRITING 993,Yes
Winter 2023,18251582,016607,FA 2022,SI,544,001,Regular,Lecture,Intr Stat&Data Analy,3.00,A,SI 544,No
Winter 2023,18251582,017281,FA 2021,SI,588,001,Regular,Lecture,Fundamntls Hum Beh,3.00,A+,SI 588,No
Winter 2023,18251582,019993,FA 2021,COMM,993,001,Regular,Seminar,Sem-Instrs,1.00,S,COMM 993,Yes
Winter 2023,18251582,020401,WN 2022,SI,622,001,Regular,Lecture,Usab Eval & Needs,4.00,A,SI 622,No
Winter 2023,18251582,021400,FA 2022,SI,520,002,Regular,Lecture,Graphic Design,3.00,B,SI 520,No
Winter 2023,18251582,039178,WN 2022,SI,539,001,Regular,Lecture,Web Design,3.00,A,SI 539,No
Winter 2023,18251582,039979,WN 2022,SI,623,001,Regular,Seminar,Res Meth Info Prof,3.00,A,SI 623,No
Winter 2023,18251582,040667,WN 2022,SI,681,001,Regular,Seminar,Intern/Field Seminar,6.00,S,SI 681,No
Winter 2023,18251582,042104,FA 2021,SI,501,001,Regular,Lecture,Contextual Inq,3.00,A+,SI 501,No
Winter 2023,18251582,043863,FA 2022,SI,612,002,Regular,Lecture,Pervasv Interact Des,3.00,A-,SI 612,No
Winter 2023,18251582,044772,FA 2021,SI,582,002,Regular,Lecture,Intro Interac Design,3.00,A,SI 582,No
Winter 2023,18251582,045687,WN 2023,SI,538,001,Regular,Seminar,Citizen Inter Design,4.00,A,SI 538,No
Winter 2023,18251582,047246,FA 2021,SI,506,001,Regular,Lecture,Programming I,3.00,A-,SI 506,No
Winter 2023,18251582,047901,WN 2023,SI,699,201,Regular,Lecture,MSI Mastery Courses,3.00,B+,SI 699,No
Winter 2023,18251582,049589,WN 2023,SW,866,001,Regular,Seminar,Qualitative Methods,3.00,I,SW 866,Yes
Winter 2023,18251582,050162,WN 2022,SI,510,001,Regular,Lecture,Information Ethics,3.00,A+,SI 510,No
Winter 2023,19065355,001459,FA 2022,SI,690,390,Regular,Seminar,Intern/Field Exper,6.00,S,SI 690,No
Winter 2023,19065355,001459,WN 2023,SI,690,001,Regular,Seminar,Intern/Field Exper,3.00,S,SI 690,No
Winter 2023,19065355,021400,FA 2022,SI,520,001,Regular,Lecture,Graphic Design,3.00,W,SI 520,No
Winter 2023,19065355,021400,WN 2023,SI,520,004,Regular,Laboratory,Graphic Design,3.00,C+,SI 520,No
Winter 2023,19065355,039130,FA 2022,SM,514,001,Regular,Lecture,Strat Mngmt in Sport,3.00,B,SM 514,Yes
Winter 2023,19065355,042104,FA 2022,SI,501,001,Regular,Lecture,Contextual Inq,3.00,B,SI 501,No
Winter 2023,19065355,044798,WN 2023,ENTR,599,344,Regular,Lecture,Spec Topics Entr,3.00,C,ENTR 599,Yes
Winter 2023,19065355,047234,WN 2023,ENTR,510,001,Regular,Lecture,Compensation,3.00,A,ENTR 510,Yes
Winter 2023,19065355,047901,WN 2023,SI,699,301,Regular,Lecture,MSI Mastery Courses,3.00,A+,SI 699,No
Winter 2023,19065355,050846,FA 2022,SI,512,001,Regular,Lecture,Change The Internet,3.00,A-,SI 512,No
Winter 2023,19229924,016607,FA 2022,SI,544,001,Regular,Lecture,Intr Stat&Data Analy,3.00,A+,SI 544,No
Winter 2023,19229924,017281,FA 2021,SI,588,002,Regular,Lecture,Fundamntls Hum Beh,3.00,A,SI 588,No
Winter 2023,19229924,019903,FA 2022,TO,548,001,Regular,Recitation,Integ Pro Dev,3.00,A,TO 548,Yes
Winter 2023,19229924,020379,FA 2022,IOE,548,001,Regular,Lecture,Int Prod Dev,3.00,A,IOE 548,Yes
Winter 2023,19229924,020401,WN 2022,SI,622,001,Regular,Lecture,Usab Eval & Needs,4.00,A,SI 622,No
Winter 2023,19229924,021400,WN 2022,SI,520,001,Regular,Lecture,Graphic Design,3.00,A,SI 520,No
Winter 2023,19229924,039081,WN 2023,SI,529,001,Regular,Lecture,Online Communities,3.00,A,SI 529,No
Winter 2023,19229924,039178,FA 2021,SI,539,001,Regular,Lecture,Web Design,3.00,A,SI 539,No
Winter 2023,19229924,040667,WN 2022,SI,681,001,Regular,Seminar,Intern/Field Seminar,6.00,S,SI 681,No
Winter 2023,19229924,041935,WN 2022,SI,530,001,Regular,Lecture,Prin in Management,3.00,A,SI 530,No
Winter 2023,19229924,042104,FA 2021,SI,501,001,Regular,Lecture,Contextual Inq,3.00,A,SI 501,No
Winter 2023,19229924,044772,FA 2021,SI,582,002,Regular,Lecture,Intro Interac Design,3.00,A,SI 582,No
Winter 2023,19229924,046306,FA 2022,SI,616,001,Regular,Lecture,Adv Graphic Design,3.00,A,SI 616,No
Winter 2023,19229924,047228,WN 2022,ENTR,500,001,Regular,Lecture,Intro to Innovation,3.00,A+,ENTR 500,Yes
Winter 2023,19229924,047304,WN 2023,ENTR,550,001,Regular,Lecture,Interpersonal Skills,3.00,A,ENTR 550,Yes
Winter 2023,19229924,047901,WN 2023,SI,699,301,Regular,Lecture,MSI Mastery Courses,3.00,A+,SI 699,No
Winter 2023,19229924,048421,WN 2023,ENTR,560,001,Regular,Lecture,Proj Mgmt Consulting,3.00,A,ENTR 560,Yes
Winter 2023,19229924,050159,FA 2022,SI,579,001,Regular,Lecture,Bldg Interactive App,3.00,A,SI 579,No
Winter 2023,19460136,017281,FA 2022,SI,588,002,Regular,Lecture,Fundamntls Hum Beh,3.00,A,SI 588,No
Winter 2023,19460136,020401,FA 2021,SI,622,001,Regular,Lecture,Usab Eval & Needs,4.00,A+,SI 622,No
Winter 2023,19460136,021050,WN 2023,SI,691,072,Regular,Ind Study,Independent Study,3.00,A,SI 691,No
Winter 2023,19460136,021400,FA 2022,SI,520,001,Regular,Lecture,Graphic Design,3.00,C+,SI 520,No
Winter 2023,19460136,022099,WN 2022,SI,658,001,Regular,Lecture,Info Architecture,3.00,A+,SI 658,No
Winter 2023,19460136,039178,FA 2021,SI,539,001,Regular,Lecture,Web Design,3.00,B,SI 539,No
Winter 2023,19460136,039979,WN 2022,SI,623,001,Regular,Seminar,Res Meth Info Prof,3.00,A,SI 623,No
Winter 2023,19460136,040667,WN 2022,SI,681,001,Regular,Seminar,Intern/Field Seminar,6.00,S,SI 681,No
Winter 2023,19460136,042104,FA 2021,SI,501,001,Regular,Lecture,Contextual Inq,3.00,A,SI 501,No
Winter 2023,19460136,043241,FA 2022,SI,657,001,Regular,Lecture,Info Tech and Inter,3.00,B+,SI 657,No
Winter 2023,19460136,044772,WN 2022,SI,582,002,Regular,Lecture,Intro Interac Design,3.00,A+,SI 582,No
Winter 2023,19460136,045393,FA 2022,SI,552,001,Regular,Lecture,Accessibility Intro,3.00,B,SI 552,No
Winter 2023,19460136,045702,WN 2023,MO,555,001,First 7 Wk,Recitation,Flourishing at Work,3.00,B,MO 555,Yes
Winter 2023,19460136,047246,FA 2021,SI,506,001,Regular,Lecture,Programming I,3.00,A,SI 506,No
Winter 2023,19460136,047901,WN 2023,SI,699,201,Regular,Lecture,MSI Mastery Courses,3.00,A-,SI 699,No
Winter 2023,19460136,048421,WN 2023,ENTR,560,001,Regular,Lecture,Proj Mgmt Consulting,3.00,A-,ENTR 560,Yes
Winter 2023,19460136,049082,WN 2022,SI,682,001,Regular,Lecture,UX Field Research,3.00,A,SI 682,No
Winter 2023,19648382,009876,WN 2023,SURVMETH,630,001,Regular,Seminar,Quest Design & Eval,3.00,A+,SURVMETH 630,Yes
Winter 2023,19648382,012772,WN 2023,SI,548,001,Regular,Seminar,Prin Soft Design,3.00,A,SI 548,No
Winter 2023,19648382,017281,FA 2021,SI,588,002,Regular,Lecture,Fundamntls Hum Beh,3.00,A,SI 588,No
Winter 2023,19648382,020401,WN 2022,SI,622,003,Regular,Lecture,Usab Eval & Needs,4.00,A+,SI 622,No
Winter 2023,19648382,021400,WN 2022,SI,520,002,Regular,Lecture,Graphic Design,3.00,A,SI 520,No
Winter 2023,19648382,039178,WN 2022,SI,539,001,Regular,Lecture,Web Design,3.00,A+,SI 539,No
Winter 2023,19648382,040667,WN 2022,SI,681,001,Regular,Seminar,Intern/Field Seminar,6.00,S,SI 681,No
Winter 2023,19648382,041855,FA 2022,SI,631,001,Regular,Lecture,Agile Softwar Dev,1.50,A+,SI 631,No
Winter 2023,19648382,042005,FA 2021,STS,571,001,Regular,Seminar,Interdisc Sem,1.00,S,STS 571,Yes
Winter 2023,19648382,042104,FA 2021,SI,501,001,Regular,Lecture,Contextual Inq,3.00,A+,SI 501,No
Winter 2023,19648382,043241,FA 2022,SI,657,001,Regular,Lecture,Info Tech and Inter,3.00,A+,SI 657,No
Winter 2023,19648382,043863,FA 2022,SI,612,001,Regular,Lecture,Pervasv Interact Des,3.00,A,SI 612,No
Winter 2023,19648382,044772,FA 2021,SI,582,004,Regular,Lecture,Intro Interac Design,3.00,A,SI 582,No
Winter 2023,19648382,047246,FA 2021,SI,506,001,Regular,Lecture,Programming I,3.00,A,SI 506,No
Winter 2023,19648382,047901,WN 2023,SI,699,301,Regular,Lecture,MSI Mastery Courses,3.00,A+,SI 699,No
Winter 2023,19648382,048129,WN 2022,SI,505,001,First 7 Wk,Lecture,Career/Intern Studio,1.00,S,SI 505,No
Winter 2023,19648382,048514,WN 2023,WELLNESS,512,001,Regular,Recitation,Yoga Performers,1.00,A,WELLNESS 512,Yes
Winter 2023,19648382,049417,WN 2022,BA,670,001,Regular,Recitation,+Impact Studio,3.00,A,BA 670,Yes
Winter 2023,20612782,009732,FA 2021,SI,650,001,Regular,Lecture,Informatn Retrieval,3.00,W,SI 650,No
Winter 2023,20612782,014748,WN 2022,EECS,545,001,Regular,Lecture,Machine Learn (CSE),3.00,B,EECS 545,Yes
Winter 2023,20612782,021400,WN 2023,SI,520,002,Regular,Laboratory,Graphic Design,3.00,A,SI 520,No
Winter 2023,20612782,039178,FA 2021,SI,539,001,Regular,Lecture,Web Design,3.00,A,SI 539,No
Winter 2023,20612782,040667,WN 2022,SI,681,001,Regular,Seminar,Intern/Field Seminar,6.00,S,SI 681,No
Winter 2023,20612782,041626,FA 2021,SI,664,001,Regular,Lecture,Database App Design,3.00,A+,SI 664,No
Winter 2023,20612782,041934,FA 2022,SI,608,001,Regular,Lecture,Networks,3.00,A,SI 608,No
Winter 2023,20612782,042091,FA 2021,SI,618,001,Regular,Lecture,Data Man & Analysis,3.00,A+,SI 618,No
Winter 2023,20612782,042104,FA 2021,SI,501,002,Regular,Lecture,Contextual Inq,3.00,A,SI 501,No
Winter 2023,20612782,045930,FA 2022,SI,671,001,Regular,Lecture,Data Mining,3.00,A-,SI 671,No
Winter 2023,20612782,047901,WN 2023,SI,699,205,Regular,Lecture,MSI Mastery Courses,3.00,A,SI 699,No
Winter 2023,20612782,048268,WN 2022,SI,630,001,Regular,Lecture,NLP Algorithm People,3.00,A+,SI 630,No
Winter 2023,20612782,048487,FA 2022,SI,669,001,Regular,Lecture,Dev Mobile Exp,3.00,A+,SI 669,No
Winter 2023,20612782,049601,FA 2021,SI,564,001,Regular,Lecture,SQL & Databases,1.50,A,SI 564,No
Winter 2023,20612782,050159,WN 2022,SI,579,001,Regular,Lecture,Bldg Interactive App,3.00,A+,SI 579,No
Winter 2023,20612782,050164,WN 2022,SI,504,001,Regular,Lecture,"Servers, Shell,&Git",1.50,A,SI 504,No
Winter 2023,20612782,050663,WN 2022,SI,568,001,Regular,Lecture,Intro Appld Data Sci,3.00,A,SI 568,No
Winter 2023,20992681,001459,FA 2022,SI,690,390,Regular,Seminar,Intern/Field Exper,6.00,S,SI 690,No
Winter 2023,20992681,009731,FA 2022,SI,580,001,Regular,Lecture,Records & Archives,3.00,A-,SI 580,No
Winter 2023,20992681,018365,WN 2023,WGS,530,001,Regular,Seminar,Thry Feminsm,3.00,A,WGS 530,Yes
Winter 2023,20992681,022326,WN 2023,SI,581,001,Regular,Lecture,Pres Info Resources,3.00,A-,SI 581,No
Winter 2023,20992681,040894,WN 2023,CJS,451,001,Regular,Seminar,Topics Japan,3.00,A,CJS 451,Yes
Winter 2023,20992681,042091,WN 2023,SI,618,001,Regular,Lecture,Data Man & Analysis,3.00,A+,SI 618,No
Winter 2023,20992681,042104,FA 2022,SI,501,001,Regular,Lecture,Contextual Inq,3.00,A-,SI 501,No
Winter 2023,20992681,047901,WN 2023,SI,699,003,Regular,Lecture,MSI Mastery Courses,3.00,A,SI 699,No
Winter 2023,20992681,050159,FA 2022,SI,579,001,Regular,Lecture,Bldg Interactive App,3.00,A,SI 579,No
Winter 2023,20992681,050164,FA 2022,SI,504,001,Regular,Lecture,"Servers, Shell,&Git",1.50,A,SI 504,No
Winter 2023,21468012,001459,FA 2022,SI,690,410,Regular,Seminar,Intern/Field Exper,3.00,S,SI 690,No
Winter 2023,21468012,017281,FA 2021,SI,588,002,Regular,Lecture,Fundamntls Hum Beh,3.00,A+,SI 588,No
Winter 2023,21468012,039178,WN 2022,SI,539,001,Regular,Lecture,Web Design,3.00,A+,SI 539,No
Winter 2023,21468012,039368,WN 2022,SI,627,001,Regular,Lecture,Managing the IT Org,3.00,A+,SI 627,No
Winter 2023,21468012,040667,WN 2022,SI,681,001,Regular,Seminar,Intern/Field Seminar,6.00,S,SI 681,No
Winter 2023,21468012,041855,FA 2022,SI,631,001,Regular,Lecture,Agile Softwar Dev,1.50,A,SI 631,No
Winter 2023,21468012,042104,FA 2021,SI,501,001,Regular,Lecture,Contextual Inq,3.00,A+,SI 501,No
Winter 2023,21468012,044772,FA 2021,SI,582,002,Regular,Lecture,Intro Interac Design,3.00,A,SI 582,No
Winter 2023,21468012,047246,FA 2021,SI,506,001,Regular,Lecture,Programming I,3.00,A,SI 506,No
Winter 2023,21468012,047640,WN 2022,SI,507,001,Regular,Lecture,Inter Programming,3.00,A+,SI 507,No
Winter 2023,21468012,047901,WN 2023,SI,699,003,Regular,Lecture,MSI Mastery Courses,3.00,A,SI 699,No
Winter 2023,21468012,048421,WN 2023,ENTR,560,001,Regular,Lecture,Proj Mgmt Consulting,3.00,A,ENTR 560,Yes
Winter 2023,21468012,048487,FA 2022,SI,669,001,Regular,Lecture,Dev Mobile Exp,3.00,A,SI 669,No
Winter 2023,21468012,050136,WN 2022,UARTS,560,102,Regular,Laboratory,Grad ArtsEng Proj,2.00,A,UARTS 560,Yes
Winter 2023,21468012,050136,FA 2022,UARTS,560,102,Regular,Laboratory,Grad ArtsEng Proj,2.00,A,UARTS 560,Yes
Winter 2023,21468012,050159,WN 2022,SI,579,001,Regular,Lecture,Bldg Interactive App,3.00,A,SI 579,No
Winter 2023,21468012,050164,FA 2021,SI,504,001,Regular,Lecture,"Servers, Shell,&Git",1.50,A,SI 504,No
Winter 2023,21677264,001459,FA 2010,SI,690,013,Regular,Ind Study,Intern/Field Exper,2.00,S,SI 690,No
Winter 2023,21677264,001633,WN 2011,ENGLISH,473,002,Regular,Recitation,Topics Amer Lit,3.00,A-,ENGLISH 473,Yes
Winter 2023,21677264,009731,FA 2010,SI,580,001,Regular,Lecture,Records & Archives,3.00,A-,SI 580,No
Winter 2023,21677264,021045,FA 2010,SI,666,001,Regular,Lecture,Org of Inf Resources,3.00,B,SI 666,No
Winter 2023,21677264,022326,FA 2010,SI,581,001,First 7 Wk,Lecture,Preservation Admin,1.50,B+,SI 581,No
Winter 2023,21677264,038574,WN 2011,AMCULT,616,001,Regular,Lecture,Native Amer History,3.00,A,AMCULT 616,Yes
Winter 2023,21677264,039979,WN 2011,SI,623,001,Regular,Seminar,Outcome-Based Evals,3.00,A-,SI 623,No
Winter 2023,21677264,041626,WN 2011,SI,572,001,Regular,Lecture,Database App Design,3.00,A,SI 572,No
Winter 2023,21677264,042207,WN 2011,SI,675,001,First 7 Wk,Lecture,Digitiz for Preserv,1.50,B+,SI 675,No
Winter 2023,21677264,042838,FA 2010,SI,640,001,Regular,Lecture,Digital Lib & Archiv,3.00,B+,SI 640,No
Winter 2023,21677264,042840,FA 2010,SI,651,001,Scnd 7 Wk,Lecture,Physical Treatment,1.50,A-,SI 651,No
Winter 2023,22936056,001459,FA 2022,SI,690,410,Regular,Seminar,Intern/Field Exper,2.00,S,SI 690,No
Winter 2023,22936056,001459,WN 2023,SI,690,001,Regular,Seminar,Intern/Field Exper,1.00,S,SI 690,No
Winter 2023,22936056,016607,FA 2021,SI,544,001,Regular,Lecture,Intr Stat&Data Analy,3.00,A,SI 544,No
Winter 2023,22936056,017281,FA 2021,SI,588,002,Regular,Lecture,Fundamntls Hum Beh,3.00,A+,SI 588,No
Winter 2023,22936056,020401,WN 2022,SI,622,003,Regular,Lecture,Usab Eval & Needs,4.00,A,SI 622,No
Winter 2023,22936056,021400,WN 2022,SI,520,002,Regular,Lecture,Graphic Design,3.00,A-,SI 520,No
Winter 2023,22936056,022099,WN 2023,SI,658,001,Regular,Lecture,Info Architecture,3.00,A,SI 658,No
Winter 2023,22936056,039178,WN 2022,SI,539,001,Regular,Lecture,Web Design,3.00,A,SI 539,No
Winter 2023,22936056,040667,WN 2022,SI,681,001,Regular,Seminar,Intern/Field Seminar,6.00,S,SI 681,No
Winter 2023,22936056,042104,FA 2021,SI,501,002,Regular,Lecture,Contextual Inq,3.00,A,SI 501,No
Winter 2023,22936056,043863,WN 2022,SI,612,001,Regular,Lecture,Pervasv Interact Des,3.00,A+,SI 612,No
Winter 2023,22936056,044772,FA 2021,SI,582,004,Regular,Lecture,Intro Interac Design,3.00,A,SI 582,No
Winter 2023,22936056,045393,FA 2022,SI,552,001,Regular,Lecture,Accessibility Intro,3.00,A,SI 552,No
Winter 2023,22936056,047640,FA 2021,SI,507,001,Regular,Lecture,Inter Programming,3.00,W,SI 507,No
Winter 2023,22936056,047901,FA 2022,SI,699,001,Regular,Lecture,MSI Mastery Courses,3.00,A,SI 699,No
Winter 2023,22936056,048129,WN 2022,SI,505,001,First 7 Wk,Lecture,Career/Intern Studio,1.00,S,SI 505,No
Winter 2023,22936056,048488,FA 2022,SI,559,001,Regular,Lecture,AR/VR Intro,3.00,A+,SI 559,No
Winter 2023,22936056,049601,FA 2021,SI,564,001,Regular,Lecture,SQL & Databases,1.50,A,SI 564,No
Winter 2023,22936056,050164,WN 2022,SI,504,001,Regular,Lecture,"Servers, Shell,&Git",1.50,A,SI 504,No
Winter 2023,23137712,001459,WN 2023,SI,690,001,Regular,Seminar,Intern/Field Exper,3.00,S,SI 690,No
Winter 2023,23137712,020803,WN 2022,SI,643,001,Regular,Lecture,Instructional Skills,3.00,A,SI 643,No
Winter 2023,23137712,021042,FA 2021,SI,647,001,Regular,Lecture,Info Resources&Serv,3.00,A,SI 647,No
Winter 2023,23137712,021050,WN 2022,SI,691,041,Regular,Ind Study,Independent Study,3.00,A,SI 691,No
Winter 2023,23137712,038948,FA 2022,SI,632,001,Regular,Lecture,Appraisal & Coll Dev,3.00,A,SI 632,No
Winter 2023,23137712,039979,WN 2022,SI,623,001,Regular,Seminar,Res Meth Info Prof,3.00,A,SI 623,No
Winter 2023,23137712,040667,WN 2022,SI,681,001,Regular,Seminar,Intern/Field Seminar,6.00,S,SI 681,No
Winter 2023,23137712,041935,WN 2022,SI,530,001,Regular,Lecture,Prin in Management,3.00,A,SI 530,No
Winter 2023,23137712,042104,FA 2021,SI,501,002,Regular,Lecture,Contextual Inq,3.00,A,SI 501,No
Winter 2023,23137712,045393,FA 2021,SI,552,001,Regular,Lecture,Accessibility Intro,3.00,B+,SI 552,No
Winter 2023,23137712,047246,FA 2022,SI,506,001,Regular,Lecture,Programming I,3.00,A-,SI 506,No
Winter 2023,23137712,047901,WN 2023,SI,699,018,Regular,Lecture,MSI Mastery Courses,3.00,A+,SI 699,No
Winter 2023,23137712,048831,FA 2021,SI,547,001,Regular,Seminar,Engage w/Communities,3.00,A,SI 547,No
Winter 2023,23137712,050162,WN 2023,SI,510,001,Regular,Lecture,Information Ethics,3.00,A-,SI 510,No
Winter 2023,23137712,050163,FA 2022,SI,633,001,Regular,Lecture,Assesmnt Cultrl Inst,3.00,A,SI 633,No
Winter 2023,23237089,001459,FA 2022,SI,690,410,Regular,Seminar,Intern/Field Exper,3.00,S,SI 690,No
Winter 2023,23237089,009731,FA 2021,SI,580,001,Regular,Lecture,Records & Archives,3.00,A+,SI 580,No
Winter 2023,23237089,020803,WN 2022,SI,643,001,Regular,Lecture,Instructional Skills,3.00,A,SI 643,No
Winter 2023,23237089,021050,WN 2023,SI,691,151,Regular,Ind Study,Independent Study,3.00,A+,SI 691,No
Winter 2023,23237089,021270,FA 2021,AMCULT,601,001,Regular,Seminar,Topics Am Stds,3.00,A,AMCULT 601,Yes
Winter 2023,23237089,039979,WN 2023,SI,623,001,Regular,Seminar,Res Meth Info Prof,3.00,B+,SI 623,No
Winter 2023,23237089,040667,WN 2022,SI,681,001,Regular,Seminar,Intern/Field Seminar,6.00,S,SI 681,No
Winter 2023,23237089,042005,FA 2021,STS,571,001,Regular,Seminar,Interdisc Sem,1.00,S,STS 571,Yes
Winter 2023,23237089,042005,WN 2022,STS,571,001,Regular,Seminar,Interdisc Sem,1.00,S,STS 571,Yes
Winter 2023,23237089,042956,FA 2021,COMM,775,001,Regular,Seminar,Media Theory-Humanit,3.00,A,COMM 775,Yes
Winter 2023,23237089,048361,WN 2022,COMPLIT,630,001,First 7 Wk,Seminar,Special Topics,1.00,A,COMPLIT 630,Yes
Winter 2023,23237089,048877,WN 2023,SI,610,001,Regular,Seminar,Dig Studies Seminar,3.00,A+,SI 610,No
Winter 2023,23237089,049040,WN 2023,SI,698,152,Regular,Seminar,Master's Thesis 2,3.00,A+,SI 698,No
Winter 2023,23237089,049365,FA 2022,SI,697,152,Regular,Ind Study,Master's Thesis 1,3.00,S,SI 697,No
Winter 2023,23237089,050165,WN 2022,SI,585,001,Regular,Lecture,Scholarly Comm,3.00,A,SI 585,No
Winter 2023,23237089,050705,WN 2022,SI,719,001,Regular,Lecture,Science Tech&Med,3.00,A,SI 719,No
Winter 2023,23237089,050846,FA 2022,SI,512,001,Regular,Lecture,Change The Internet,3.00,A-,SI 512,No
Winter 2023,24438725,017281,FA 2021,SI,588,002,Regular,Lecture,Fundamntls Hum Beh,3.00,A,SI 588,No
Winter 2023,24438725,020180,FA 2022,SI,646,001,First 7 Wk,Lecture,Info Economics,1.50,W,SI 646,No
Winter 2023,24438725,020401,WN 2022,SI,622,003,Regular,Lecture,Usab Eval & Needs,4.00,A,SI 622,No
Winter 2023,24438725,021400,FA 2022,SI,520,001,Regular,Lecture,Graphic Design,3.00,A-,SI 520,No
Winter 2023,24438725,039178,WN 2022,SI,539,001,Regular,Lecture,Web Design,3.00,A-,SI 539,No
Winter 2023,24438725,040667,WN 2022,SI,681,001,Regular,Seminar,Intern/Field Seminar,6.00,S,SI 681,No
Winter 2023,24438725,041626,WN 2023,SI,664,001,Regular,Lecture,Database App Design,3.00,A,SI 664,No
Winter 2023,24438725,042104,FA 2021,SI,501,002,Regular,Lecture,Contextual Inq,3.00,A,SI 501,No
Winter 2023,24438725,044772,FA 2021,SI,582,001,Regular,Lecture,Intro Interac Design,3.00,A,SI 582,No
Winter 2023,24438725,047228,WN 2023,ENTR,500,002,Regular,Lecture,Intro to Innovation,3.00,A,ENTR 500,Yes
Winter 2023,24438725,047640,FA 2021,SI,507,001,Regular,Lecture,Inter Programming,3.00,A,SI 507,No
Winter 2023,24438725,047901,WN 2023,SI,699,003,Regular,Lecture,MSI Mastery Courses,3.00,A,SI 699,No
Winter 2023,24438725,048129,WN 2022,SI,505,001,First 7 Wk,Lecture,Career/Intern Studio,1.00,S,SI 505,No
Winter 2023,24438725,048487,FA 2022,SI,669,001,Regular,Lecture,Dev Mobile Exp,3.00,A-,SI 669,No
Winter 2023,24438725,050159,WN 2022,SI,579,001,Regular,Lecture,Bldg Interactive App,3.00,B-,SI 579,No
Winter 2023,24438725,050164,WN 2022,SI,504,001,Regular,Lecture,"Servers, Shell,&Git",1.50,A,SI 504,No
Winter 2023,24438725,050846,FA 2022,SI,512,001,Regular,Lecture,Change The Internet,3.00,B,SI 512,No
Winter 2023,24714813,001459,FA 2022,SI,690,410,Regular,Seminar,Intern/Field Exper,2.00,S,SI 690,No
Winter 2023,24714813,001459,WN 2023,SI,690,001,Regular,Seminar,Intern/Field Exper,3.00,S,SI 690,No
Winter 2023,24714813,001459,FA 2023,SI,690,460,Regular,Seminar,Intern/Field Exper,1.00,S,SI 690,No
Winter 2023,24714813,009732,FA 2022,SI,650,001,Regular,Lecture,Informatn Retrieval,3.00,W,SI 650,No
Winter 2023,24714813,016607,FA 2021,SI,544,001,Regular,Lecture,Intr Stat&Data Analy,3.00,IB,SI 544,No
Winter 2023,24714813,020934,WN 2022,SI,649,001,Regular,Lecture,Info Visualization,3.00,IA-,SI 649,No
Winter 2023,24714813,038406,WN 2023,HMP,669,001,Regular,Lecture,Hlthcare Data Mgmt,3.00,A+,HMP 669,Yes
Winter 2023,24714813,040667,WN 2023,SI,681,001,Regular,Seminar,Intern/Field Seminar,3.00,S,SI 681,No
Winter 2023,24714813,041626,FA 2021,SI,664,001,Regular,Lecture,Database App Design,3.00,A,SI 664,No
Winter 2023,24714813,041985,FA 2023,HMP,668,001,Regular,Lecture,Intro Health Infor,3.00,A,HMP 668,Yes
Winter 2023,24714813,042091,WN 2022,SI,618,001,Regular,Lecture,Data Man & Analysis,3.00,A,SI 618,No
Winter 2023,24714813,042104,FA 2021,SI,501,001,Regular,Lecture,Contextual Inq,3.00,A-,SI 501,No
Winter 2023,24714813,042337,WN 2022,STATS,415,001,Regular,Lecture,Data Mining,4.00,W,STATS 415,Yes
Winter 2023,24714813,044772,FA 2021,SI,582,001,Regular,Lecture,Intro Interac Design,3.00,W,SI 582,No
Winter 2023,24714813,045205,FA 2023,URP,520,001,Regular,Lecture,Intro to GIS,3.00,A-,URP 520,Yes
Winter 2023,24714813,045930,FA 2022,SI,671,001,Regular,Lecture,Data Mining,3.00,A-,SI 671,No
Winter 2023,24714813,047173,WN 2023,LHS,610,001,Regular,Lecture,Expl Data Anlys Hlth,3.00,A,LHS 610,Yes
Winter 2023,24714813,047356,WN 2023,LHS,611,001,Regular,Lecture,Knowl Repres&Mgt Hlt,3.00,W,LHS 611,Yes
Winter 2023,24714813,047640,FA 2021,SI,507,001,Regular,Lecture,Inter Programming,3.00,A,SI 507,No
Winter 2023,24714813,047901,WN 2023,SI,699,205,Regular,Lecture,MSI Mastery Courses,3.00,A,SI 699,No
Winter 2023,24714813,048129,WN 2022,SI,505,001,First 7 Wk,Lecture,Career/Intern Studio,1.00,S,SI 505,No
Winter 2023,24714813,048500,FA 2022,SI,670,001,Regular,Lecture,Appld Machine Learng,3.00,A,SI 670,No
Winter 2023,24714813,049222,WN 2023,ELI,532,001,Regular,Lecture,Understand Spkn Eng,1.00,S,ELI 532,Yes
Winter 2023,24714813,049601,WN 2022,SI,564,001,Regular,Lecture,SQL & Databases,1.50,I,SI 564,No
Winter 2023,24714813,050164,FA 2021,SI,504,001,Regular,Lecture,"Servers, Shell,&Git",1.50,A-,SI 504,No
Winter 2023,24714813,050447,FA 2022,SI,624,001,Regular,Lecture,Health Data Analysis,3.00,A,SI 624,No
Winter 2023,24714813,050663,WN 2022,SI,568,001,Regular,Lecture,Intro Appld Data Sci,3.00,A-,SI 568,No
Winter 2023,25129284,001459,FA 2022,SI,690,410,Regular,Seminar,Intern/Field Exper,3.00,S,SI 690,No
Winter 2023,25129284,012457,FA 2022,EDUC,602,001,Regular,Seminar,Vidgms Lrng Sch Dsgn,3.00,A,EDUC 602,Yes
Winter 2023,25129284,020803,WN 2022,SI,643,001,Regular,Lecture,Instructional Skills,3.00,A+,SI 643,No
Winter 2023,25129284,021042,FA 2021,SI,647,001,Regular,Lecture,Info Resources&Serv,3.00,A,SI 647,No
Winter 2023,25129284,038659,FA 2022,SI,519,001,Regular,Seminar,Intel Prop&Info Law,3.00,A,SI 519,No
Winter 2023,25129284,038948,FA 2022,SI,632,001,Regular,Lecture,Appraisal & Coll Dev,3.00,A,SI 632,No
Winter 2023,25129284,039979,WN 2022,SI,623,001,Regular,Seminar,Res Meth Info Prof,3.00,A,SI 623,No
Winter 2023,25129284,040667,WN 2022,SI,681,001,Regular,Seminar,Intern/Field Seminar,3.00,S,SI 681,No
Winter 2023,25129284,041935,WN 2022,SI,530,001,Regular,Lecture,Prin in Management,3.00,A,SI 530,No
Winter 2023,25129284,042104,FA 2021,SI,501,001,Regular,Lecture,Contextual Inq,3.00,A+,SI 501,No
Winter 2023,25129284,047246,FA 2021,SI,506,001,Regular,Lecture,Programming I,3.00,A,SI 506,No
Winter 2023,25129284,047901,WN 2023,SI,699,028,Regular,Lecture,MSI Mastery Courses,3.00,A+,SI 699,No
Winter 2023,25129284,048280,WN 2023,SI,667,001,Regular,Lecture,Digital Curation,3.00,A+,SI 667,No
Winter 2023,25129284,048831,FA 2021,SI,547,001,Regular,Seminar,Engage w/Communities,3.00,A,SI 547,No
Winter 2023,25129284,050162,WN 2022,SI,510,001,Regular,Lecture,Information Ethics,3.00,A,SI 510,No
Winter 2023,25129284,050163,FA 2022,SI,633,001,Regular,Lecture,Assesmnt Cultrl Inst,3.00,A,SI 633,No
Winter 2023,25447836,001459,FA 2023,SI,690,460,Regular,Seminar,Intern/Field Exper,3.00,S,SI 690,No
Winter 2023,25447836,016607,FA 2021,SI,544,101,Regular,Lecture,Intr Stat&Data Analy,3.00,A,SI 544,No
Winter 2023,25447836,017271,WN 2022,TO,572,001,First 7 Wk,Recitation,App B Frcst I,1.50,A-,TO 572,Yes
Winter 2023,25447836,017281,FA 2023,SI,588,002,Regular,Lecture,Fundamntls Hum Beh,3.00,A,SI 588,No
Winter 2023,25447836,020934,WN 2023,SI,649,002,Regular,Lecture,Info Visualization,3.00,A,SI 649,No
Winter 2023,25447836,039178,FA 2022,SI,539,001,Regular,Lecture,Web Design,3.00,A,SI 539,No
Winter 2023,25447836,041626,FA 2022,SI,664,001,Regular,Lecture,Database App Design,3.00,A,SI 664,No
Winter 2023,25447836,042091,WN 2022,SI,618,001,Regular,Lecture,Data Man & Analysis,3.00,A-,SI 618,No
Winter 2023,25447836,042104,FA 2021,SI,501,002,Regular,Lecture,Contextual Inq,3.00,A,SI 501,No
Winter 2023,25447836,045930,FA 2022,SI,671,001,Regular,Lecture,Data Mining,3.00,B,SI 671,No
Winter 2023,25447836,047246,FA 2021,SI,506,001,Regular,Lecture,Programming I,3.00,A,SI 506,No
Winter 2023,25447836,047640,WN 2022,SI,507,001,Regular,Lecture,Inter Programming,3.00,A,SI 507,No
Winter 2023,25447836,047901,WN 2023,SI,699,305,Regular,Lecture,MSI Mastery Courses,3.00,A,SI 699,No
Winter 2023,25447836,048500,FA 2022,SI,670,001,Regular,Lecture,Appld Machine Learng,3.00,A-,SI 670,No
Winter 2023,25447836,049601,WN 2022,SI,564,001,Regular,Lecture,SQL & Databases,1.50,A,SI 564,No
Winter 2023,25447836,050159,WN 2023,SI,579,001,Regular,Lecture,Bldg Interactive App,3.00,A,SI 579,No
Winter 2023,25447836,050663,WN 2022,SI,568,001,Regular,Lecture,Intro Appld Data Sci,3.00,A-,SI 568,No
Winter 2023,26328430,016607,FA 2021,SI,544,001,Regular,Lecture,Intr Stat&Data Analy,3.00,A,SI 544,No
Winter 2023,26328430,020934,WN 2022,SI,649,001,Regular,Lecture,Info Visualization,3.00,A-,SI 649,No
Winter 2023,26328430,021400,FA 2021,SI,520,001,Regular,Lecture,Graphic Design,3.00,A-,SI 520,No
Winter 2023,26328430,039178,WN 2022,SI,539,001,Regular,Lecture,Web Design,3.00,A,SI 539,No
Winter 2023,26328430,040667,WN 2022,SI,681,001,Regular,Seminar,Intern/Field Seminar,6.00,S,SI 681,No
Winter 2023,26328430,041626,FA 2022,SI,664,001,Regular,Lecture,Database App Design,3.00,A,SI 664,No
Winter 2023,26328430,042091,WN 2022,SI,618,001,Regular,Lecture,Data Man & Analysis,3.00,A,SI 618,No
Winter 2023,26328430,042104,FA 2021,SI,501,001,Regular,Lecture,Contextual Inq,3.00,A,SI 501,No
Winter 2023,26328430,044772,FA 2021,SI,582,001,Regular,Lecture,Intro Interac Design,3.00,A,SI 582,No
Winter 2023,26328430,045930,FA 2022,SI,671,001,Regular,Lecture,Data Mining,3.00,A-,SI 671,No
Winter 2023,26328430,047246,FA 2021,SI,506,001,Regular,Lecture,Programming I,3.00,A,SI 506,No
Winter 2023,26328430,047640,WN 2022,SI,507,001,Regular,Lecture,Inter Programming,3.00,A,SI 507,No
Winter 2023,26328430,047901,WN 2023,SI,699,305,Regular,Lecture,MSI Mastery Courses,3.00,A,SI 699,No
Winter 2023,26328430,048500,FA 2022,SI,670,001,Regular,Lecture,Appld Machine Learng,3.00,A-,SI 670,No
Winter 2023,26328430,049601,WN 2022,SI,564,001,Regular,Lecture,SQL & Databases,1.50,A,SI 564,No
Winter 2023,26328430,050164,FA 2021,SI,504,001,Regular,Lecture,"Servers, Shell,&Git",1.50,A-,SI 504,No
Winter 2023,26328430,050663,WN 2023,SI,568,001,Regular,Lecture,Intro Appld Data Sci,3.00,A-,SI 568,No
Winter 2023,26759452,001459,FA 2022,SI,690,410,Regular,Seminar,Intern/Field Exper,3.00,S,SI 690,No
Winter 2023,26759452,016607,FA 2022,SI,544,001,Regular,Lecture,Intr Stat&Data Analy,3.00,A,SI 544,No
Winter 2023,26759452,017281,FA 2021,SI,588,002,Regular,Lecture,Fundamntls Hum Beh,3.00,A+,SI 588,No
Winter 2023,26759452,019903,FA 2022,TO,548,001,Regular,Recitation,Integ Pro Dev,3.00,A-,TO 548,Yes
Winter 2023,26759452,020379,FA 2022,IOE,548,001,Regular,Lecture,Int Prod Dev,3.00,A-,IOE 548,Yes
Winter 2023,26759452,020401,WN 2023,SI,622,001,Regular,Lecture,Usab Eval & Needs,4.00,A,SI 622,No
Winter 2023,26759452,039178,FA 2022,SI,539,001,Regular,Lecture,Web Design,3.00,A,SI 539,No
Winter 2023,26759452,039979,WN 2022,SI,623,001,Regular,Seminar,Res Meth Info Prof,3.00,A-,SI 623,No
Winter 2023,26759452,040667,WN 2022,SI,681,001,Regular,Seminar,Intern/Field Seminar,6.00,S,SI 681,No
Winter 2023,26759452,042104,FA 2021,SI,501,001,Regular,Lecture,Contextual Inq,3.00,A,SI 501,No
Winter 2023,26759452,044772,WN 2022,SI,582,001,Regular,Lecture,Intro Interac Design,3.00,A,SI 582,No
Winter 2023,26759452,047246,FA 2021,SI,506,001,Regular,Lecture,Programming I,3.00,A,SI 506,No
Winter 2023,26759452,047901,WN 2023,SI,699,201,Regular,Lecture,MSI Mastery Courses,3.00,B+,SI 699,No
Winter 2023,26759452,048147,WN 2022,BA,657,001,Regular,Laboratory,LBLE,3.00,A,BA 657,Yes
Winter 2023,26759452,048486,WN 2022,SI,659,001,Regular,Lecture,AR/VR Advanced,3.00,A,SI 659,No
Winter 2023,26759452,048488,FA 2021,SI,559,001,Regular,Lecture,AR/VR Intro,3.00,A+,SI 559,No
Winter 2023,26759452,049112,WN 2023,PAT,500,006,Regular,Lecture,Intro Elec Mus Prod,3.00,A-,PAT 500,Yes
Winter 2023,26759452,049601,FA 2022,SI,564,001,Regular,Lecture,SQL & Databases,1.50,A,SI 564,No
Winter 2023,26759452,049689,WN 2022,COGSCI,700,001,Regular,Seminar,CogSci Perspectives,3.00,W,COGSCI 700,Yes
Winter 2023,26759452,050159,WN 2023,SI,579,001,Regular,Lecture,Bldg Interactive App,3.00,VI,SI 579,No
Winter 2023,26759452,050164,WN 2023,SI,504,001,Regular,Lecture,"Servers, Shell,&Git",1.50,VI,SI 504,No
Winter 2023,27066903,001459,FA 2022,SI,690,410,Regular,Seminar,Intern/Field Exper,3.00,S,SI 690,No
Winter 2023,27066903,017281,FA 2021,SI,588,001,Regular,Lecture,Fundamntls Hum Beh,3.00,A,SI 588,No
Winter 2023,27066903,020401,WN 2022,SI,622,001,Regular,Lecture,Usab Eval & Needs,4.00,A,SI 622,No
Winter 2023,27066903,021400,WN 2022,SI,520,002,Regular,Lecture,Graphic Design,3.00,A,SI 520,No
Winter 2023,27066903,039178,WN 2022,SI,539,001,Regular,Lecture,Web Design,3.00,A,SI 539,No
Winter 2023,27066903,040667,WN 2022,SI,681,001,Regular,Seminar,Intern/Field Seminar,6.00,S,SI 681,No
Winter 2023,27066903,041855,FA 2022,SI,631,001,Regular,Lecture,Agile Softwar Dev,1.50,A,SI 631,No
Winter 2023,27066903,042104,FA 2021,SI,501,001,Regular,Lecture,Contextual Inq,3.00,A+,SI 501,No
Winter 2023,27066903,044772,FA 2021,SI,582,001,Regular,Lecture,Intro Interac Design,3.00,A+,SI 582,No
Winter 2023,27066903,045393,FA 2022,SI,552,001,Regular,Lecture,Accessibility Intro,3.00,A,SI 552,No
Winter 2023,27066903,047228,WN 2022,ENTR,500,001,Regular,Lecture,Intro to Innovation,3.00,A,ENTR 500,Yes
Winter 2023,27066903,047246,FA 2021,SI,506,001,Regular,Lecture,Programming I,3.00,A,SI 506,No
Winter 2023,27066903,047901,WN 2023,SI,699,301,Regular,Lecture,MSI Mastery Courses,3.00,A+,SI 699,No
Winter 2023,27066903,048129,WN 2022,SI,505,001,First 7 Wk,Lecture,Career/Intern Studio,1.00,S,SI 505,No
Winter 2023,27066903,048421,WN 2023,ENTR,560,001,Regular,Lecture,Proj Mgmt Consulting,3.00,A,ENTR 560,Yes
Winter 2023,27066903,048488,FA 2022,SI,559,001,Regular,Lecture,AR/VR Intro,3.00,A,SI 559,No
Winter 2023,28225166,009731,FA 2021,SI,580,001,Regular,Lecture,Records & Archives,3.00,A+,SI 580,No
Winter 2023,28225166,021045,FA 2021,SI,666,001,Regular,Lecture,Org of Inf Resources,3.00,A,SI 666,No
Winter 2023,28225166,038659,FA 2022,SI,519,001,Regular,Seminar,Intel Prop&Info Law,3.00,A,SI 519,No
Winter 2023,28225166,039123,WN 2023,EAS,531,001,Regular,Lecture,Principles of GIS,4.00,A,EAS 531,Yes
Winter 2023,28225166,039178,WN 2022,SI,539,001,Regular,Lecture,Web Design,3.00,A,SI 539,No
Winter 2023,28225166,039979,WN 2022,SI,623,001,Regular,Seminar,Res Meth Info Prof,3.00,A,SI 623,No
Winter 2023,28225166,040667,WN 2022,SI,681,001,Regular,Seminar,Intern/Field Seminar,6.00,S,SI 681,No
Winter 2023,28225166,042104,FA 2021,SI,501,001,Regular,Lecture,Contextual Inq,3.00,A+,SI 501,No
Winter 2023,28225166,044772,WN 2022,SI,582,001,Regular,Lecture,Intro Interac Design,3.00,A+,SI 582,No
Winter 2023,28225166,047246,FA 2021,SI,506,001,Regular,Lecture,Programming I,3.00,A,SI 506,No
Winter 2023,28225166,047640,FA 2022,SI,507,001,Regular,Lecture,Inter Programming,3.00,W,SI 507,No
Winter 2023,28225166,047901,WN 2023,SI,699,006,Regular,Lecture,MSI Mastery Courses,3.00,A,SI 699,No
Winter 2023,28225166,048280,WN 2022,SI,667,001,Regular,Lecture,Digital Curation,3.00,A,SI 667,No
Winter 2023,28225166,050161,FA 2022,SI,676,001,Regular,Lecture,Network Info Servcs,3.00,A,SI 676,No
Winter 2023,28225166,050162,WN 2023,SI,510,001,Regular,Lecture,Information Ethics,3.00,A,SI 510,No
Winter 2023,28225166,050163,FA 2022,SI,633,001,Regular,Lecture,Assesmnt Cultrl Inst,3.00,A,SI 633,No
Winter 2023,28225166,050164,FA 2022,SI,504,001,Regular,Lecture,"Servers, Shell,&Git",1.50,A,SI 504,No
Winter 2023,28979599,009732,FA 2022,SI,650,001,Regular,Lecture,Informatn Retrieval,3.00,A,SI 650,No
Winter 2023,28979599,016607,FA 2021,SI,544,001,Regular,Lecture,Intr Stat&Data Analy,3.00,A+,SI 544,No
Winter 2023,28979599,041626,WN 2022,SI,664,001,Regular,Lecture,Database App Design,3.00,A,SI 664,No
Winter 2023,28979599,042091,WN 2022,SI,618,001,Regular,Lecture,Data Man & Analysis,3.00,A,SI 618,No
Winter 2023,28979599,042104,FA 2021,SI,501,001,Regular,Lecture,Contextual Inq,3.00,A+,SI 501,No
Winter 2023,28979599,045930,FA 2022,SI,671,001,Regular,Lecture,Data Mining,3.00,A,SI 671,No
Winter 2023,28979599,047640,FA 2021,SI,507,001,Regular,Lecture,Inter Programming,3.00,A,SI 507,No
Winter 2023,28979599,047901,WN 2023,SI,699,305,Regular,Lecture,MSI Mastery Courses,3.00,A,SI 699,No
Winter 2023,28979599,048421,FA 2022,ENTR,560,001,Regular,Lecture,Proj Mgmt Consulting,3.00,A,ENTR 560,Yes
Winter 2023,28979599,048500,FA 2022,SI,670,001,Regular,Lecture,Appld Machine Learng,3.00,A-,SI 670,No
Winter 2023,28979599,049038,WN 2022,SI,688,001,Regular,Lecture,AppProjS S -GIEP/CID,6.00,S,SI 688,No
Winter 2023,28979599,049601,FA 2021,SI,564,001,Regular,Lecture,SQL & Databases,1.50,A,SI 564,No
Winter 2023,28979599,050159,WN 2022,SI,579,001,Regular,Lecture,Bldg Interactive App,3.00,A,SI 579,No
Winter 2023,28979599,050164,FA 2021,SI,504,001,Regular,Lecture,"Servers, Shell,&Git",1.50,A,SI 504,No
Winter 2023,28979599,050663,WN 2022,SI,568,001,Regular,Lecture,Intro Appld Data Sci,3.00,A,SI 568,No
Winter 2023,28979599,050846,FA 2022,SI,512,001,Regular,Lecture,Change The Internet,3.00,A,SI 512,No
Winter 2023,29497156,016607,FA 2021,SI,544,001,Regular,Lecture,Intr Stat&Data Analy,3.00,A+,SI 544,No
Winter 2023,29497156,021391,WN 2022,SI,511,630,Regular,Laboratory,Special Topics,1.00,A-,SI 511,No
Winter 2023,29497156,040667,WN 2022,SI,681,001,Regular,Seminar,Intern/Field Seminar,6.00,S,SI 681,No
Winter 2023,29497156,041626,FA 2021,SI,664,001,Regular,Lecture,Database App Design,3.00,A+,SI 664,No
Winter 2023,29497156,041957,WN 2022,ENGR,599,123,Regular,Lecture,Spec Topics Engr,2.00,A,ENGR 599,Yes
Winter 2023,29497156,041957,FA 2022,ENGR,599,123,Regular,Lecture,Spec Topics Engr,2.00,A,ENGR 599,Yes
Winter 2023,29497156,042091,WN 2022,SI,618,001,Regular,Lecture,Data Man & Analysis,3.00,A,SI 618,No
Winter 2023,29497156,042104,FA 2021,SI,501,001,Regular,Lecture,Contextual Inq,3.00,A,SI 501,No
Winter 2023,29497156,043396,FA 2022,EECS,402,001,Regular,Lecture,Prog for Sci&Eng,4.00,A-,EECS 402,Yes
Winter 2023,29497156,045930,FA 2022,SI,671,001,Regular,Lecture,Data Mining,3.00,B+,SI 671,No
Winter 2023,29497156,047640,FA 2021,SI,507,001,Regular,Lecture,Inter Programming,3.00,A,SI 507,No
Winter 2023,29497156,047901,WN 2023,SI,699,205,Regular,Lecture,MSI Mastery Courses,3.00,A,SI 699,No
Winter 2023,29497156,048268,WN 2022,SI,630,001,Regular,Lecture,NLP Algorithm People,3.00,A-,SI 630,No
Winter 2023,29497156,048500,FA 2022,SI,670,001,Regular,Lecture,Appld Machine Learng,3.00,B,SI 670,No
Winter 2023,29497156,049601,FA 2021,SI,564,001,Regular,Lecture,SQL & Databases,1.50,A,SI 564,No
Winter 2023,29497156,050164,FA 2021,SI,504,001,Regular,Lecture,"Servers, Shell,&Git",1.50,A,SI 504,No
Winter 2023,29497156,050663,WN 2022,SI,568,001,Regular,Lecture,Intro Appld Data Sci,3.00,A,SI 568,No
Winter 2023,30381191,001459,WN 2023,SI,690,001,Regular,Seminar,Intern/Field Exper,3.00,S,SI 690,No
Winter 2023,30381191,009731,FA 2021,SI,580,001,Regular,Lecture,Records & Archives,3.00,A+,SI 580,No
Winter 2023,30381191,016607,FA 2021,SI,544,001,Regular,Lecture,Intr Stat&Data Analy,3.00,A+,SI 544,No
Winter 2023,30381191,020934,FA 2022,SI,649,001,Regular,Lecture,Info Visualization,3.00,A,SI 649,No
Winter 2023,30381191,040667,WN 2022,SI,681,001,Regular,Seminar,Intern/Field Seminar,6.00,S,SI 681,No
Winter 2023,30381191,042091,WN 2022,SI,618,001,Regular,Lecture,Data Man & Analysis,3.00,A,SI 618,No
Winter 2023,30381191,042104,FA 2021,SI,501,001,Regular,Lecture,Contextual Inq,3.00,A,SI 501,No
Winter 2023,30381191,045930,FA 2022,SI,671,001,Regular,Lecture,Data Mining,3.00,B+,SI 671,No
Winter 2023,30381191,047246,FA 2021,SI,506,001,Regular,Lecture,Programming I,3.00,A,SI 506,No
Winter 2023,30381191,047640,WN 2022,SI,507,001,Regular,Lecture,Inter Programming,3.00,A,SI 507,No
Winter 2023,30381191,047901,WN 2023,SI,699,205,Regular,Lecture,MSI Mastery Courses,3.00,A,SI 699,No
Winter 2023,30381191,048500,FA 2022,SI,670,001,Regular,Lecture,Appld Machine Learng,3.00,A-,SI 670,No
Winter 2023,30381191,049601,FA 2021,SI,564,001,Regular,Lecture,SQL & Databases,1.50,A,SI 564,No
Winter 2023,30381191,050162,WN 2023,SI,510,001,Regular,Lecture,Information Ethics,3.00,A+,SI 510,No
Winter 2023,30381191,050164,WN 2022,SI,504,001,Regular,Lecture,"Servers, Shell,&Git",1.50,A,SI 504,No
Winter 2023,30381191,050663,WN 2022,SI,568,001,Regular,Lecture,Intro Appld Data Sci,3.00,A,SI 568,No
Winter 2023,30748932,001459,FA 2022,SI,690,410,Regular,Seminar,Intern/Field Exper,3.00,S,SI 690,No
Winter 2023,30748932,017281,FA 2021,SI,588,001,Regular,Lecture,Fundamntls Hum Beh,3.00,A,SI 588,No
Winter 2023,30748932,021400,WN 2022,SI,520,002,Regular,Lecture,Graphic Design,3.00,A,SI 520,No
Winter 2023,30748932,039178,WN 2022,SI,539,001,Regular,Lecture,Web Design,3.00,A,SI 539,No
Winter 2023,30748932,040667,WN 2022,SI,681,001,Regular,Seminar,Intern/Field Seminar,6.00,S,SI 681,No
Winter 2023,30748932,041855,FA 2022,SI,631,001,Regular,Lecture,Agile Softwar Dev,1.50,A,SI 631,No
Winter 2023,30748932,042071,FA 2022,SI,563,001,Regular,Lecture,Game Theory,3.00,A-,SI 563,No
Winter 2023,30748932,042104,FA 2021,SI,501,001,Regular,Lecture,Contextual Inq,3.00,A+,SI 501,No
Winter 2023,30748932,043210,FA 2022,SI,534,001,Regular,Lecture,Theories Soc Influen,3.00,A,SI 534,No
Winter 2023,30748932,043863,WN 2022,SI,612,001,Regular,Lecture,Pervasv Interact Des,3.00,A+,SI 612,No
Winter 2023,30748932,044772,FA 2021,SI,582,001,Regular,Lecture,Intro Interac Design,3.00,A+,SI 582,No
Winter 2023,30748932,044798,WN 2023,ENTR,599,021,Regular,Lecture,Spec Topics Entr,3.00,A,ENTR 599,Yes
Winter 2023,30748932,045393,FA 2022,SI,552,001,Regular,Lecture,Accessibility Intro,3.00,A+,SI 552,No
Winter 2023,30748932,047246,FA 2021,SI,506,001,Regular,Lecture,Programming I,3.00,A,SI 506,No
Winter 2023,30748932,047901,WN 2023,SI,699,201,Regular,Lecture,MSI Mastery Courses,3.00,A,SI 699,No
Winter 2023,30748932,049417,WN 2022,BA,670,001,Regular,Recitation,+Impact Studio,3.00,A,BA 670,Yes
Winter 2023,31759504,005075,FA 2021,PUBPOL,571,001,Regular,Lecture,Appl Econmet,3.00,A,PUBPOL 571,Yes
Winter 2023,31759504,017281,FA 2021,SI,588,001,Regular,Lecture,Fundamntls Hum Beh,3.00,A+,SI 588,No
Winter 2023,31759504,020401,WN 2022,SI,622,001,Regular,Lecture,Usab Eval & Needs,4.00,A,SI 622,No
Winter 2023,31759504,020479,WN 2023,PUBPOL,580,001,Regular,Lecture,Values&Ethics,3.00,A-,PUBPOL 580,Yes
Winter 2023,31759504,039081,WN 2023,SI,529,001,Regular,Lecture,Online Communities,3.00,A-,SI 529,No
Winter 2023,31759504,039543,FA 2021,PUBPOL,750,005,Regular,Lecture,Special Topics,1.50,B+,PUBPOL 750,Yes
Winter 2023,31759504,039690,WN 2022,PUBPOL,558,001,Regular,Lecture,Economic Analysis,3.00,A-,PUBPOL 558,Yes
Winter 2023,31759504,039979,WN 2022,SI,623,001,Regular,Seminar,Res Meth Info Prof,3.00,A+,SI 623,No
Winter 2023,31759504,040667,WN 2022,SI,681,001,Regular,Seminar,Intern/Field Seminar,5.00,S,SI 681,No
Winter 2023,31759504,042104,FA 2021,SI,501,002,Regular,Lecture,Contextual Inq,3.00,A,SI 501,No
Winter 2023,31759504,043580,WN 2022,PUBPOL,778,001,First 7 Wk,Seminar,Proj Skills Wkshp,1.00,S,PUBPOL 778,Yes
Winter 2023,31759504,044772,WN 2022,SI,582,002,Regular,Lecture,Intro Interac Design,3.00,A+,SI 582,No
Winter 2023,31759504,047246,FA 2021,SI,506,001,Regular,Lecture,Programming I,3.00,A,SI 506,No
Winter 2023,31759504,047640,WN 2022,SI,507,001,Regular,Lecture,Inter Programming,3.00,B,SI 507,No
Winter 2023,31759504,048488,FA 2021,SI,559,002,Regular,Lecture,AR/VR Intro,3.00,A,SI 559,No
Winter 2023,31759504,049040,WN 2023,SI,698,123,Regular,Seminar,Master's Thesis 2,3.00,A+,SI 698,No
Winter 2023,31759504,050164,FA 2021,SI,504,001,Regular,Lecture,"Servers, Shell,&Git",1.50,A,SI 504,No
Winter 2023,31778854,001459,FA 2022,SI,690,390,Regular,Seminar,Intern/Field Exper,6.00,S,SI 690,No
Winter 2023,31778854,021400,FA 2022,SI,520,002,Regular,Lecture,Graphic Design,3.00,A+,SI 520,No
Winter 2023,31778854,039081,WN 2023,SI,529,001,Regular,Lecture,Online Communities,3.00,A,SI 529,No
Winter 2023,31778854,042104,FA 2022,SI,501,002,Regular,Lecture,Contextual Inq,3.00,A+,SI 501,No
Winter 2023,31778854,043863,FA 2022,SI,612,002,Regular,Lecture,Pervasv Interact Des,3.00,A,SI 612,No
Winter 2023,31778854,044798,WN 2023,ENTR,599,021,Regular,Lecture,Spec Topics Entr,3.00,A,ENTR 599,Yes
Winter 2023,31778854,046306,WN 2023,SI,616,001,Regular,Lecture,Adv Graphic Design,3.00,A,SI 616,No
Winter 2023,31778854,047901,WN 2023,SI,699,401,Regular,Lecture,MSI Mastery Courses,3.00,A,SI 699,No
Winter 2023,31778854,048487,FA 2022,SI,669,001,Regular,Lecture,Dev Mobile Exp,3.00,A+,SI 669,No
Winter 2023,31895281,001459,WN 2023,SI,690,001,Regular,Seminar,Intern/Field Exper,3.00,S,SI 690,No
Winter 2023,31895281,007771,WN 2022,MATH,419,001,Regular,Lecture,Lin Sp Matrix Thy,3.00,A,MATH 419,Yes
Winter 2023,31895281,007780,FA 2022,EECS,498,010,Regular,Lecture,Special Topics,3.00,A-,EECS 498,Yes
Winter 2023,31895281,009732,FA 2022,SI,650,001,Regular,Lecture,Informatn Retrieval,3.00,A-,SI 650,No
Winter 2023,31895281,016607,FA 2021,SI,544,001,Regular,Lecture,Intr Stat&Data Analy,3.00,A+,SI 544,No
Winter 2023,31895281,021391,WN 2022,SI,511,630,Regular,Laboratory,Special Topics,1.00,A,SI 511,No
Winter 2023,31895281,040667,WN 2022,SI,681,001,Regular,Seminar,Intern/Field Seminar,6.00,S,SI 681,No
Winter 2023,31895281,042071,FA 2021,SI,563,001,Regular,Lecture,Game Theory,3.00,A,SI 563,No
Winter 2023,31895281,042091,WN 2022,SI,618,001,Regular,Lecture,Data Man & Analysis,3.00,A-,SI 618,No
Winter 2023,31895281,042104,FA 2021,SI,501,002,Regular,Lecture,Contextual Inq,3.00,A,SI 501,No
Winter 2023,31895281,045930,FA 2022,SI,671,001,Regular,Lecture,Data Mining,3.00,B+,SI 671,No
Winter 2023,31895281,047640,FA 2021,SI,507,001,Regular,Lecture,Inter Programming,3.00,A+,SI 507,No
Winter 2023,31895281,047901,WN 2023,SI,699,005,Regular,Lecture,MSI Mastery Courses,3.00,A+,SI 699,No
Winter 2023,31895281,048129,WN 2022,SI,505,001,First 7 Wk,Lecture,Career/Intern Studio,1.00,S,SI 505,No
Winter 2023,31895281,048268,WN 2022,SI,630,001,Regular,Lecture,NLP Algorithm People,3.00,A,SI 630,No
Winter 2023,31895281,049601,WN 2023,SI,564,001,Regular,Lecture,SQL & Databases,1.50,A,SI 564,No
Winter 2023,31895281,050663,WN 2022,SI,568,001,Regular,Lecture,Intro Appld Data Sci,3.00,A-,SI 568,No
Winter 2023,31997126,001459,FA 2021,SI,690,001,Regular,Seminar,Intern/Field Exper,6.00,S,SI 690,No
Winter 2023,31997126,017281,FA 2020,SI,588,002,Regular,Lecture,Fundamntls Hum Beh,3.00,A+,SI 588,No
Winter 2023,31997126,020401,WN 2021,SI,622,001,Regular,Lecture,Usab Eval & Needs,4.00,A,SI 622,No
Winter 2023,31997126,022099,WN 2023,SI,658,001,Regular,Lecture,Info Architecture,3.00,A,SI 658,No
Winter 2023,31997126,041507,FA 2022,SI,686,001,Scnd 7 Wk,Lecture,User-Gen Content,1.50,A,SI 686,No
Winter 2023,31997126,041626,WN 2022,SI,664,001,Regular,Lecture,Database App Design,3.00,A,SI 664,No
Winter 2023,31997126,042071,FA 2022,SI,563,001,Regular,Lecture,Game Theory,3.00,A,SI 563,No
Winter 2023,31997126,043210,FA 2022,SI,534,001,Regular,Lecture,Theories Soc Influen,3.00,A,SI 534,No
Winter 2023,31997126,043863,WN 2023,SI,612,001,Regular,Lecture,Pervasv Interact Des,3.00,A,SI 612,No
Winter 2023,31997126,044772,FA 2022,SI,582,003,Regular,Lecture,Intro Interac Design,3.00,A,SI 582,No
Winter 2023,31997126,045393,FA 2022,SI,552,001,Regular,Lecture,Accessibility Intro,3.00,A-,SI 552,No
Winter 2023,31997126,046306,FA 2021,SI,616,001,Regular,Lecture,Adv Graphic Design,3.00,A,SI 616,No
Winter 2023,31997126,047246,FA 2020,SI,506,001,Regular,Lecture,Programming I,3.00,A+,SI 506,No
Winter 2023,31997126,047901,WN 2023,SI,699,001,Regular,Lecture,MSI Mastery Courses,3.00,A+,SI 699,No
Winter 2023,31997126,048488,FA 2021,SI,559,001,Regular,Lecture,AR/VR Intro,3.00,A+,SI 559,No
Winter 2023,31997126,050927,FA 2023,STRATEGY,711,802,Scnd 7 Wk,Recitation,Global Strategy,1.50,A,STRATEGY 711,Yes
Winter 2023,32078470,017281,FA 2021,SI,588,001,Regular,Lecture,Fundamntls Hum Beh,3.00,A+,SI 588,No
Winter 2023,32078470,020401,WN 2022,SI,622,003,Regular,Lecture,Usab Eval & Needs,4.00,A,SI 622,No
Winter 2023,32078470,021400,FA 2021,SI,520,002,Regular,Lecture,Graphic Design,3.00,A,SI 520,No
Winter 2023,32078470,022099,WN 2022,SI,658,001,Regular,Lecture,Info Architecture,3.00,A+,SI 658,No
Winter 2023,32078470,039178,FA 2022,SI,539,001,Regular,Lecture,Web Design,3.00,A,SI 539,No
Winter 2023,32078470,040667,WN 2022,SI,681,001,Regular,Seminar,Intern/Field Seminar,6.00,S,SI 681,No
Winter 2023,32078470,042104,FA 2021,SI,501,002,Regular,Lecture,Contextual Inq,3.00,A,SI 501,No
Winter 2023,32078470,043863,WN 2022,SI,612,001,Regular,Lecture,Pervasv Interact Des,3.00,A,SI 612,No
Winter 2023,32078470,044772,FA 2021,SI,582,003,Regular,Lecture,Intro Interac Design,3.00,A+,SI 582,No
Winter 2023,32078470,045393,FA 2022,SI,552,001,Regular,Lecture,Accessibility Intro,3.00,A+,SI 552,No
Winter 2023,32078470,047901,WN 2023,SI,699,001,Regular,Lecture,MSI Mastery Courses,3.00,A,SI 699,No
Winter 2023,32078470,048129,WN 2022,SI,505,001,First 7 Wk,Lecture,Career/Intern Studio,1.00,S,SI 505,No
Winter 2023,32078470,048488,FA 2022,SI,559,001,Regular,Lecture,AR/VR Intro,3.00,A,SI 559,No
Winter 2023,32078470,049112,FA 2022,PAT,500,002,Regular,Lecture,Intro Elec Mus Prod,3.00,A,PAT 500,Yes
Winter 2023,32078470,050136,WN 2022,UARTS,560,102,Regular,Laboratory,Grad ArtsEng Proj,1.00,A,UARTS 560,Yes
Winter 2023,32078470,050136,FA 2022,UARTS,560,102,Regular,Laboratory,Grad ArtsEng Proj,1.00,A,UARTS 560,Yes
Winter 2023,32078470,050162,WN 2022,SI,510,001,Regular,Lecture,Information Ethics,3.00,A,SI 510,No
Winter 2023,32539471,017281,FA 2021,SI,588,001,Regular,Lecture,Fundamntls Hum Beh,3.00,A+,SI 588,No
Winter 2023,32539471,020401,WN 2022,SI,622,003,Regular,Lecture,Usab Eval & Needs,4.00,A,SI 622,No
Winter 2023,32539471,020803,WN 2023,SI,643,001,Regular,Lecture,Instructional Skills,3.00,A,SI 643,No
Winter 2023,32539471,021050,WN 2022,SI,691,091,Regular,Ind Study,Independent Study,1.00,A,SI 691,No
Winter 2023,32539471,021050,WN 2022,SI,691,117,Regular,Ind Study,Independent Study,1.00,A,SI 691,No
Winter 2023,32539471,021400,FA 2021,SI,520,002,Regular,Lecture,Graphic Design,3.00,A,SI 520,No
Winter 2023,32539471,022099,WN 2022,SI,658,001,Regular,Lecture,Info Architecture,3.00,A+,SI 658,No
Winter 2023,32539471,039081,WN 2022,SI,529,001,Regular,Lecture,Online Communities,3.00,A+,SI 529,No
Winter 2023,32539471,040405,FA 2022,SURVMETH,600,001,Regular,Seminar,Fund Surv Data Sci,3.00,A,SURVMETH 600,Yes
Winter 2023,32539471,040667,WN 2022,SI,681,001,Regular,Seminar,Intern/Field Seminar,6.00,S,SI 681,No
Winter 2023,32539471,042104,FA 2021,SI,501,001,Regular,Lecture,Contextual Inq,3.00,A,SI 501,No
Winter 2023,32539471,043863,FA 2022,SI,612,001,Regular,Lecture,Pervasv Interact Des,3.00,A,SI 612,No
Winter 2023,32539471,044772,FA 2021,SI,582,003,Regular,Lecture,Intro Interac Design,3.00,A+,SI 582,No
Winter 2023,32539471,045393,FA 2022,SI,552,001,Regular,Lecture,Accessibility Intro,3.00,A,SI 552,No
Winter 2023,32539471,047901,WN 2023,SI,699,201,Regular,Lecture,MSI Mastery Courses,3.00,A+,SI 699,No
Winter 2023,32539471,048488,FA 2022,SI,559,001,Regular,Lecture,AR/VR Intro,3.00,A+,SI 559,No
Winter 2023,32539471,050162,WN 2022,SI,510,001,Regular,Lecture,Information Ethics,3.00,A+,SI 510,No
Winter 2023,32862775,001459,FA 2022,SI,690,410,Regular,Seminar,Intern/Field Exper,1.00,S,SI 690,No
Winter 2023,32862775,001459,WN 2023,SI,690,001,Regular,Seminar,Intern/Field Exper,4.00,S,SI 690,No
Winter 2023,32862775,009732,FA 2022,SI,650,001,Regular,Lecture,Informatn Retrieval,3.00,A+,SI 650,No
Winter 2023,32862775,022099,WN 2022,SI,658,001,Regular,Lecture,Info Architecture,3.00,A+,SI 658,No
Winter 2023,32862775,041626,FA 2021,SI,664,001,Regular,Lecture,Database App Design,3.00,A,SI 664,No
Winter 2023,32862775,042091,WN 2022,SI,618,001,Regular,Lecture,Data Man & Analysis,3.00,A,SI 618,No
Winter 2023,32862775,042104,FA 2021,SI,501,001,Regular,Lecture,Contextual Inq,3.00,A-,SI 501,No
Winter 2023,32862775,044042,WN 2023,UARTS,550,100,Regular,Lecture,Creative Process,4.00,A,UARTS 550,Yes
Winter 2023,32862775,044772,FA 2022,SI,582,004,Regular,Lecture,Intro Interac Design,3.00,A,SI 582,No
Winter 2023,32862775,047640,FA 2021,SI,507,001,Regular,Lecture,Inter Programming,3.00,A,SI 507,No
Winter 2023,32862775,047901,WN 2023,SI,699,005,Regular,Lecture,MSI Mastery Courses,3.00,A+,SI 699,No
Winter 2023,32862775,048268,WN 2022,SI,630,001,Regular,Lecture,NLP Algorithm People,3.00,A,SI 630,No
Winter 2023,32862775,048500,FA 2022,SI,670,001,Regular,Lecture,Appld Machine Learng,3.00,A-,SI 670,No
Winter 2023,32862775,049601,FA 2021,SI,564,001,Regular,Lecture,SQL & Databases,1.50,A,SI 564,No
Winter 2023,32862775,050164,FA 2021,SI,504,001,Regular,Lecture,"Servers, Shell,&Git",1.50,A-,SI 504,No
Winter 2023,32862775,050663,WN 2022,SI,568,001,Regular,Lecture,Intro Appld Data Sci,3.00,A,SI 568,No
Winter 2023,32862775,050983,WN 2023,SI,602,001,Regular,Lecture,Math for ApplDataSci,3.00,B-,SI 602,No
Winter 2023,33008589,020401,WN 2023,SI,622,002,Regular,Lecture,Usab Eval & Needs,4.00,A,SI 622,No
Winter 2023,33008589,038659,FA 2022,SI,519,001,Regular,Seminar,Intel Prop&Info Law,3.00,A,SI 519,No
Winter 2023,33008589,039081,WN 2023,SI,529,001,Regular,Lecture,Online Communities,3.00,A-,SI 529,No
Winter 2023,33008589,040667,WN 2023,SI,681,001,Regular,Seminar,Intern/Field Seminar,6.00,S,SI 681,No
Winter 2023,33008589,042104,FA 2022,SI,501,001,Regular,Lecture,Contextual Inq,3.00,A,SI 501,No
Winter 2023,33008589,047901,WN 2023,SI,699,401,Regular,Lecture,MSI Mastery Courses,3.00,A,SI 699,No
Winter 2023,33008589,048831,FA 2022,SI,547,001,Regular,Seminar,Engage w/Communities,3.00,A-,SI 547,No
Winter 2023,33008589,050846,FA 2022,SI,512,001,Regular,Lecture,Change The Internet,3.00,A-,SI 512,No
Winter 2023,33316279,009732,FA 2021,SI,650,001,Regular,Lecture,Informatn Retrieval,3.00,A,SI 650,No
Winter 2023,33316279,020934,FA 2022,SI,649,001,Regular,Lecture,Info Visualization,3.00,A-,SI 649,No
Winter 2023,33316279,040667,WN 2022,SI,681,001,Regular,Seminar,Intern/Field Seminar,6.00,S,SI 681,No
Winter 2023,33316279,041626,WN 2022,SI,664,001,Regular,Lecture,Database App Design,3.00,A,SI 664,No
Winter 2023,33316279,041934,FA 2022,SI,608,001,Regular,Lecture,Networks,3.00,A-,SI 608,No
Winter 2023,33316279,042071,FA 2022,SI,563,001,Regular,Lecture,Game Theory,3.00,A-,SI 563,No
Winter 2023,33316279,042091,FA 2021,SI,618,001,Regular,Lecture,Data Man & Analysis,3.00,A-,SI 618,No
Winter 2023,33316279,042104,FA 2021,SI,501,002,Regular,Lecture,Contextual Inq,3.00,A,SI 501,No
Winter 2023,33316279,045930,FA 2022,SI,671,001,Regular,Lecture,Data Mining,3.00,A-,SI 671,No
Winter 2023,33316279,047901,WN 2023,SI,699,005,Regular,Lecture,MSI Mastery Courses,3.00,A+,SI 699,No
Winter 2023,33316279,048141,WN 2022,DATASCI,513,001,Regular,Lecture,Regress&Data Analys,3.00,A+,DATASCI 513,Yes
Winter 2023,33316279,048268,WN 2022,SI,630,101,Regular,Lecture,NLP Algorithm People,3.00,A,SI 630,No
Winter 2023,33316279,049601,FA 2021,SI,564,001,Regular,Lecture,SQL & Databases,1.50,A-,SI 564,No
Winter 2023,33316279,050164,FA 2021,SI,504,001,Regular,Lecture,"Servers, Shell,&Git",1.50,A-,SI 504,No
Winter 2023,33316279,050663,WN 2022,SI,568,001,Regular,Lecture,Intro Appld Data Sci,3.00,A-,SI 568,No
Winter 2023,33316279,050983,WN 2023,SI,602,001,Regular,Lecture,Math for ApplDataSci,3.00,A-,SI 602,No
Winter 2023,33330389,001459,SU 2022,SI,690,201,Regular,Seminar,Intern/Field Exper,1.00,S,SI 690,No
Winter 2023,33330389,006697,FA 2021,THEORY,137,001,Regular,Lecture,Intro Mus Thry,3.00,A-,THEORY 137,Yes
Winter 2023,33330389,009242,WN 2023,COMP,222,001,Regular,Lecture,Composition,3.00,A,COMP 222,Yes
Winter 2023,33330389,009732,FA 2021,SI,650,001,Regular,Lecture,Informatn Retrieval,3.00,A-,SI 650,No
Winter 2023,33330389,020934,FA 2021,SI,649,001,Regular,Lecture,Info Visualization,3.00,A,SI 649,No
Winter 2023,33330389,021033,WN 2023,SI,652,001,Regular,Lecture,Incentive&Strategic,3.00,B,SI 652,No
Winter 2023,33330389,039178,FA 2022,SI,539,001,Regular,Lecture,Web Design,3.00,A,SI 539,No
Winter 2023,33330389,041232,WN 2022,PAT,572,001,Regular,Lecture,Business of Music,3.00,A,PAT 572,Yes
Winter 2023,33330389,041626,FA 2021,SI,664,001,Regular,Lecture,Database App Design,3.00,A,SI 664,No
Winter 2023,33330389,041934,FA 2022,SI,608,001,Regular,Lecture,Networks,3.00,A,SI 608,No
Winter 2023,33330389,042091,FA 2021,SI,618,001,Regular,Lecture,Data Man & Analysis,3.00,A,SI 618,No
Winter 2023,33330389,042104,FA 2021,SI,501,001,Regular,Lecture,Contextual Inq,3.00,A,SI 501,No
Winter 2023,33330389,045930,FA 2022,SI,671,001,Regular,Lecture,Data Mining,3.00,A-,SI 671,No
Winter 2023,33330389,047901,WN 2023,SI,699,305,Regular,Lecture,MSI Mastery Courses,3.00,A,SI 699,No
Winter 2023,33330389,048268,WN 2022,SI,630,001,Regular,Lecture,NLP Algorithm People,3.00,A,SI 630,No
Winter 2023,33330389,048500,FA 2022,SI,670,001,Regular,Lecture,Appld Machine Learng,3.00,B+,SI 670,No
Winter 2023,33330389,049038,WN 2022,SI,688,001,Regular,Lecture,AppProjS S -GIEP/CID,6.00,S,SI 688,No
Winter 2023,33330389,049112,WN 2022,PAT,500,004,Regular,Lecture,Intro Elec Mus Prod,3.00,A+,PAT 500,Yes
Winter 2023,33330389,049601,FA 2022,SI,564,001,Regular,Lecture,SQL & Databases,1.50,A,SI 564,No
Winter 2023,33330389,050159,WN 2023,SI,579,001,Regular,Lecture,Bldg Interactive App,3.00,A,SI 579,No
Winter 2023,33330389,050663,WN 2022,SI,568,001,Regular,Lecture,Intro Appld Data Sci,3.00,A,SI 568,No
Winter 2023,33543430,001459,FA 2022,SI,690,410,Regular,Seminar,Intern/Field Exper,2.00,S,SI 690,No
Winter 2023,33543430,001459,WN 2023,SI,690,001,Regular,Seminar,Intern/Field Exper,1.00,S,SI 690,No
Winter 2023,33543430,017281,FA 2021,SI,588,002,Regular,Lecture,Fundamntls Hum Beh,3.00,A,SI 588,No
Winter 2023,33543430,020401,WN 2022,SI,622,001,Regular,Lecture,Usab Eval & Needs,4.00,A,SI 622,No
Winter 2023,33543430,021400,WN 2022,SI,520,002,Regular,Lecture,Graphic Design,3.00,A-,SI 520,No
Winter 2023,33543430,039178,WN 2022,SI,539,001,Regular,Lecture,Web Design,3.00,A,SI 539,No
Winter 2023,33543430,040667,WN 2022,SI,681,001,Regular,Seminar,Intern/Field Seminar,6.00,S,SI 681,No
Winter 2023,33543430,042104,FA 2021,SI,501,001,Regular,Lecture,Contextual Inq,3.00,A,SI 501,No
Winter 2023,33543430,043366,WN 2022,SI,617,001,Regular,Lecture,Choice Architecture,3.00,A,SI 617,No
Winter 2023,33543430,043863,FA 2022,SI,612,002,Regular,Lecture,Pervasv Interact Des,3.00,A,SI 612,No
Winter 2023,33543430,044772,WN 2022,SI,582,001,Regular,Lecture,Intro Interac Design,3.00,A+,SI 582,No
Winter 2023,33543430,047228,FA 2022,ENTR,500,001,Regular,Lecture,Intro to Innovation,3.00,A,ENTR 500,Yes
Winter 2023,33543430,047246,FA 2021,SI,506,001,Regular,Lecture,Programming I,3.00,A,SI 506,No
Winter 2023,33543430,047901,WN 2023,SI,699,001,Regular,Lecture,MSI Mastery Courses,3.00,A,SI 699,No
Winter 2023,33543430,048488,FA 2021,SI,559,002,Regular,Lecture,AR/VR Intro,3.00,A,SI 559,No
Winter 2023,33543430,050846,FA 2022,SI,512,001,Regular,Lecture,Change The Internet,3.00,A,SI 512,No
Winter 2023,33984316,016607,FA 2021,SI,544,001,Regular,Lecture,Intr Stat&Data Analy,3.00,A,SI 544,No
Winter 2023,33984316,017281,FA 2021,SI,588,002,Regular,Lecture,Fundamntls Hum Beh,3.00,A+,SI 588,No
Winter 2023,33984316,020401,WN 2022,SI,622,001,Regular,Lecture,Usab Eval & Needs,4.00,A,SI 622,No
Winter 2023,33984316,021400,WN 2022,SI,520,002,Regular,Lecture,Graphic Design,3.00,A,SI 520,No
Winter 2023,33984316,039178,WN 2022,SI,539,001,Regular,Lecture,Web Design,3.00,A,SI 539,No
Winter 2023,33984316,040667,WN 2022,SI,681,001,Regular,Seminar,Intern/Field Seminar,6.00,S,SI 681,No
Winter 2023,33984316,041626,FA 2022,SI,664,001,Regular,Lecture,Database App Design,3.00,A+,SI 664,No
Winter 2023,33984316,042071,FA 2022,SI,563,001,Regular,Lecture,Game Theory,3.00,A,SI 563,No
Winter 2023,33984316,042104,FA 2021,SI,501,001,Regular,Lecture,Contextual Inq,3.00,A,SI 501,No
Winter 2023,33984316,044772,WN 2022,SI,582,001,Regular,Lecture,Intro Interac Design,3.00,A+,SI 582,No
Winter 2023,33984316,047246,FA 2021,SI,506,001,Regular,Lecture,Programming I,3.00,A,SI 506,No
Winter 2023,33984316,047901,WN 2023,SI,699,001,Regular,Lecture,MSI Mastery Courses,3.00,A,SI 699,No
Winter 2023,33984316,048129,WN 2022,SI,505,001,First 7 Wk,Lecture,Career/Intern Studio,1.00,S,SI 505,No
Winter 2023,33984316,048488,FA 2022,SI,559,001,Regular,Lecture,AR/VR Intro,3.00,A,SI 559,No
Winter 2023,33984316,049601,FA 2021,SI,564,001,Regular,Lecture,SQL & Databases,1.50,A,SI 564,No
Winter 2023,33984316,050164,FA 2021,SI,504,001,Regular,Lecture,"Servers, Shell,&Git",1.50,A,SI 504,No
Winter 2023,33984316,050650,WN 2023,EDUC,618,001,Regular,Seminar,XR for Learning,1.00,A,EDUC 618,Yes
Winter 2023,34071233,017281,FA 2021,SI,588,002,Regular,Lecture,Fundamntls Hum Beh,3.00,A,SI 588,No
Winter 2023,34071233,019903,FA 2022,TO,548,001,Regular,Recitation,Integ Pro Dev,3.00,A,TO 548,Yes
Winter 2023,34071233,020379,FA 2022,IOE,548,001,Regular,Lecture,Int Prod Dev,3.00,A,IOE 548,Yes
Winter 2023,34071233,020401,WN 2022,SI,622,001,Regular,Lecture,Usab Eval & Needs,4.00,A,SI 622,No
Winter 2023,34071233,021400,WN 2022,SI,520,001,Regular,Lecture,Graphic Design,3.00,A,SI 520,No
Winter 2023,34071233,039178,WN 2022,SI,539,001,Regular,Lecture,Web Design,3.00,A,SI 539,No
Winter 2023,34071233,040667,WN 2022,SI,681,001,Regular,Seminar,Intern/Field Seminar,6.00,S,SI 681,No
Winter 2023,34071233,042104,FA 2021,SI,501,001,Regular,Lecture,Contextual Inq,3.00,A+,SI 501,No
Winter 2023,34071233,043863,FA 2022,SI,612,001,Regular,Lecture,Pervasv Interact Des,3.00,A,SI 612,No
Winter 2023,34071233,044772,FA 2021,SI,582,004,Regular,Lecture,Intro Interac Design,3.00,A,SI 582,No
Winter 2023,34071233,046306,WN 2023,SI,616,001,Regular,Lecture,Adv Graphic Design,3.00,A-,SI 616,No
Winter 2023,34071233,047246,FA 2021,SI,506,001,Regular,Lecture,Programming I,3.00,A,SI 506,No
Winter 2023,34071233,047901,WN 2023,SI,699,001,Regular,Lecture,MSI Mastery Courses,3.00,A,SI 699,No
Winter 2023,34071233,048488,FA 2022,SI,559,001,Regular,Lecture,AR/VR Intro,3.00,A,SI 559,No
Winter 2023,34071233,049417,WN 2022,BA,670,001,Regular,Recitation,+Impact Studio,3.00,A,BA 670,Yes
Winter 2023,35598375,001459,FA 2022,SI,690,410,Regular,Seminar,Intern/Field Exper,3.00,S,SI 690,No
Winter 2023,35598375,009083,WN 2022,STATS,531,001,Regular,Lecture,Analysis Time Series,3.00,A,STATS 531,Yes
Winter 2023,35598375,020934,FA 2021,SI,649,001,Regular,Lecture,Info Visualization,3.00,A,SI 649,No
Winter 2023,35598375,020987,FA 2022,FIN,608,001,Scnd 7 Wk,Recitation,Captl Mkts&Inv Strat,2.25,A-,FIN 608,Yes
Winter 2023,35598375,021223,WN 2022,FIN,640,001,Scnd 7 Wk,Recitation,Financial Trading,1.50,A,FIN 640,Yes
Winter 2023,35598375,021453,WN 2023,IOE,552,001,Regular,Lecture,Financial Engin I,3.00,A+,IOE 552,Yes
Winter 2023,35598375,040667,WN 2022,SI,681,001,Regular,Seminar,Intern/Field Seminar,6.00,S,SI 681,No
Winter 2023,35598375,041626,FA 2021,SI,664,001,Regular,Lecture,Database App Design,3.00,A,SI 664,No
Winter 2023,35598375,042091,FA 2021,SI,618,001,Regular,Lecture,Data Man & Analysis,3.00,A,SI 618,No
Winter 2023,35598375,042104,FA 2021,SI,501,001,Regular,Lecture,Contextual Inq,3.00,A,SI 501,No
Winter 2023,35598375,044877,WN 2022,STATS,509,001,Regular,Lecture,Stats for Fin Data,3.00,A+,STATS 509,Yes
Winter 2023,35598375,045930,FA 2022,SI,671,001,Regular,Lecture,Data Mining,3.00,A-,SI 671,No
Winter 2023,35598375,047901,WN 2023,SI,699,305,Regular,Lecture,MSI Mastery Courses,3.00,A,SI 699,No
Winter 2023,35598375,048268,WN 2022,SI,630,001,Regular,Lecture,NLP Algorithm People,3.00,A,SI 630,No
Winter 2023,35598375,048487,FA 2021,SI,669,001,Regular,Lecture,Dev Mobile Exp,3.00,A+,SI 669,No
Winter 2023,35598375,048500,FA 2022,SI,670,001,Regular,Lecture,Appld Machine Learng,3.00,A,SI 670,No
Winter 2023,35598375,050663,WN 2022,SI,568,001,Regular,Lecture,Intro Appld Data Sci,3.00,A,SI 568,No
Winter 2023,35782201,012772,WN 2022,SI,548,001,Regular,Seminar,Prin Soft Design,3.00,A,SI 548,No
Winter 2023,35782201,017281,FA 2021,SI,588,002,Regular,Lecture,Fundamntls Hum Beh,3.00,A+,SI 588,No
Winter 2023,35782201,019327,FA 2021,ASIANLAN,155,001,Regular,Recitation,1st Yr Tamil I,4.00,A,ASIANLAN 155,Yes
Winter 2023,35782201,019691,WN 2022,ASIANLAN,156,001,Regular,Recitation,1st Yr Tamil II,4.00,A+,ASIANLAN 156,Yes
Winter 2023,35782201,020401,WN 2022,SI,622,003,Regular,Lecture,Usab Eval & Needs,4.00,A,SI 622,No
Winter 2023,35782201,021400,FA 2022,SI,520,002,Regular,Lecture,Graphic Design,3.00,A,SI 520,No
Winter 2023,35782201,022099,WN 2023,SI,658,001,Regular,Lecture,Info Architecture,3.00,A,SI 658,No
Winter 2023,35782201,039178,FA 2022,SI,539,001,Regular,Lecture,Web Design,3.00,A,SI 539,No
Winter 2023,35782201,040667,WN 2022,SI,681,001,Regular,Seminar,Intern/Field Seminar,6.00,S,SI 681,No
Winter 2023,35782201,042071,FA 2022,SI,563,001,Regular,Lecture,Game Theory,3.00,A,SI 563,No
Winter 2023,35782201,042104,FA 2021,SI,501,002,Regular,Lecture,Contextual Inq,3.00,A,SI 501,No
Winter 2023,35782201,043863,WN 2022,SI,612,001,Regular,Lecture,Pervasv Interact Des,3.00,A+,SI 612,No
Winter 2023,35782201,044772,FA 2021,SI,582,003,Regular,Lecture,Intro Interac Design,3.00,A+,SI 582,No
Winter 2023,35782201,046306,WN 2023,SI,616,001,Regular,Lecture,Adv Graphic Design,3.00,A,SI 616,No
Winter 2023,35782201,047246,FA 2021,SI,506,001,Regular,Lecture,Programming I,3.00,A,SI 506,No
Winter 2023,35782201,047901,WN 2023,SI,699,401,Regular,Lecture,MSI Mastery Courses,3.00,A,SI 699,No
Winter 2023,35782201,048488,FA 2022,SI,559,001,Regular,Lecture,AR/VR Intro,3.00,A,SI 559,No
Winter 2023,35782201,050164,WN 2022,SI,504,001,Regular,Lecture,"Servers, Shell,&Git",1.50,A,SI 504,No
Winter 2023,36081856,001393,WN 2023,EECS,598,007,Regular,Lecture,Special Topics,1.00,A,EECS 598,Yes
Winter 2023,36081856,001459,WN 2023,SI,690,001,Regular,Seminar,Intern/Field Exper,3.00,S,SI 690,No
Winter 2023,36081856,006306,FA 2022,STATS,500,002,Regular,Lecture,Stat Learn I:Regress,3.00,B+,STATS 500,Yes
Winter 2023,36081856,007780,FA 2022,EECS,498,010,Regular,Lecture,Special Topics,3.00,A-,EECS 498,Yes
Winter 2023,36081856,016607,FA 2021,SI,544,001,Regular,Lecture,Intr Stat&Data Analy,3.00,A+,SI 544,No
Winter 2023,36081856,020934,FA 2021,SI,649,001,Regular,Lecture,Info Visualization,3.00,IB+,SI 649,No
Winter 2023,36081856,021391,WN 2022,SI,511,630,Regular,Laboratory,Special Topics,1.00,B+,SI 511,No
Winter 2023,36081856,040667,WN 2022,SI,681,001,Regular,Seminar,Intern/Field Seminar,6.00,S,SI 681,No
Winter 2023,36081856,042091,WN 2022,SI,618,001,Regular,Lecture,Data Man & Analysis,3.00,A-,SI 618,No
Winter 2023,36081856,042104,FA 2021,SI,501,001,Regular,Lecture,Contextual Inq,3.00,A,SI 501,No
Winter 2023,36081856,045930,FA 2022,SI,671,001,Regular,Lecture,Data Mining,3.00,A-,SI 671,No
Winter 2023,36081856,047640,FA 2021,SI,507,001,Regular,Lecture,Inter Programming,3.00,A,SI 507,No
Winter 2023,36081856,047901,WN 2023,SI,699,205,Regular,Lecture,MSI Mastery Courses,3.00,A,SI 699,No
Winter 2023,36081856,048129,WN 2022,SI,505,001,First 7 Wk,Lecture,Career/Intern Studio,1.00,S,SI 505,No
Winter 2023,36081856,048268,WN 2022,SI,630,001,Regular,Lecture,NLP Algorithm People,3.00,B+,SI 630,No
Winter 2023,36081856,048500,FA 2022,SI,670,001,Regular,Lecture,Appld Machine Learng,3.00, ,SI 670,No
Winter 2023,36081856,049601,FA 2021,SI,564,001,Regular,Lecture,SQL & Databases,1.50,A,SI 564,No
Winter 2023,36081856,050164,WN 2022,SI,504,001,Regular,Lecture,"Servers, Shell,&Git",1.50,A,SI 504,No
Winter 2023,36081856,050663,WN 2022,SI,568,001,Regular,Lecture,Intro Appld Data Sci,3.00,A-,SI 568,No
Winter 2023,36536608,006305,WN 2022,STATS,412,002,Regular,Lecture,Intro Prob Stat,3.00,VI,STATS 412,Yes
Winter 2023,36536608,016607,FA 2021,SI,544,001,Regular,Lecture,Intr Stat&Data Analy,3.00,A,SI 544,No
Winter 2023,36536608,020934,WN 2022,SI,649,001,Regular,Lecture,Info Visualization,3.00,A,SI 649,No
Winter 2023,36536608,021050,WN 2023,SI,691,050,Regular,Ind Study,Independent Study,6.00,A+,SI 691,No
Winter 2023,36536608,040667,WN 2022,SI,681,001,Regular,Seminar,Intern/Field Seminar,6.00,S,SI 681,No
Winter 2023,36536608,041626,WN 2023,SI,664,001,Regular,Lecture,Database App Design,3.00,A,SI 664,No
Winter 2023,36536608,042091,WN 2022,SI,618,001,Regular,Lecture,Data Man & Analysis,3.00,A-,SI 618,No
Winter 2023,36536608,042104,FA 2021,SI,501,002,Regular,Lecture,Contextual Inq,3.00,A,SI 501,No
Winter 2023,36536608,043396,FA 2022,EECS,402,001,Regular,Lecture,Prog for Sci&Eng,4.00,W,EECS 402,Yes
Winter 2023,36536608,045930,FA 2022,SI,671,001,Regular,Lecture,Data Mining,3.00,B,SI 671,No
Winter 2023,36536608,047246,FA 2021,SI,506,001,Regular,Lecture,Programming I,3.00,A,SI 506,No
Winter 2023,36536608,047640,WN 2022,SI,507,001,Regular,Lecture,Inter Programming,3.00,A,SI 507,No
Winter 2023,36536608,047901,WN 2023,SI,699,205,Regular,Lecture,MSI Mastery Courses,3.00,A+,SI 699,No
Winter 2023,36536608,048500,FA 2022,SI,670,001,Regular,Lecture,Appld Machine Learng,3.00,B+,SI 670,No
Winter 2023,36536608,049601,FA 2021,SI,564,001,Regular,Lecture,SQL & Databases,1.50,A,SI 564,No
Winter 2023,36536608,050164,FA 2021,SI,504,001,Regular,Lecture,"Servers, Shell,&Git",1.50,A,SI 504,No
Winter 2023,36536608,050663,WN 2022,SI,568,001,Regular,Lecture,Intro Appld Data Sci,3.00,A,SI 568,No
Winter 2023,37731559,001459,FA 2022,SI,690,410,Regular,Seminar,Intern/Field Exper,6.00,S,SI 690,No
Winter 2023,37731559,009732,FA 2022,SI,650,001,Regular,Lecture,Informatn Retrieval,3.00,B-,SI 650,No
Winter 2023,37731559,020934,FA 2022,SI,649,001,Regular,Lecture,Info Visualization,3.00,B-,SI 649,No
Winter 2023,37731559,021050,FA 2022,SI,691,030,Regular,Ind Study,Independent Study,1.00,A,SI 691,No
Winter 2023,37731559,021050,WN 2023,SI,691,030,Regular,Ind Study,Independent Study,2.00,A,SI 691,No
Winter 2023,37731559,042104,FA 2022,SI,501,001,Regular,Lecture,Contextual Inq,3.00,A,SI 501,No
Winter 2023,37731559,044772,WN 2023,SI,582,001,Regular,Lecture,Intro Interac Design,3.00,A+,SI 582,No
Winter 2023,37731559,045930,FA 2022,SI,671,001,Regular,Lecture,Data Mining,3.00,C,SI 671,No
Winter 2023,37731559,047901,WN 2023,SI,699,305,Regular,Lecture,MSI Mastery Courses,3.00,A,SI 699,No
Winter 2023,37731559,050663,WN 2023,SI,568,001,Regular,Lecture,Intro Appld Data Sci,3.00,A-,SI 568,No
Winter 2023,37872554,012772,WN 2023,SI,548,001,Regular,Seminar,Prin Soft Design,3.00,A,SI 548,No
Winter 2023,37872554,016607,FA 2022,SI,544,001,Regular,Lecture,Intr Stat&Data Analy,3.00,A,SI 544,No
Winter 2023,37872554,017281,FA 2021,SI,588,001,Regular,Lecture,Fundamntls Hum Beh,3.00,A+,SI 588,No
Winter 2023,37872554,020401,WN 2022,SI,622,001,Regular,Lecture,Usab Eval & Needs,4.00,A,SI 622,No
Winter 2023,37872554,020803,WN 2023,SI,643,001,Regular,Lecture,Instructional Skills,3.00,A+,SI 643,No
Winter 2023,37872554,021050,WN 2023,SI,691,128,Regular,Ind Study,Independent Study,1.00,A,SI 691,No
Winter 2023,37872554,021400,WN 2022,SI,520,001,Regular,Lecture,Graphic Design,3.00,A,SI 520,No
Winter 2023,37872554,039081,WN 2022,SI,529,001,Regular,Lecture,Online Communities,3.00,A+,SI 529,No
Winter 2023,37872554,039178,FA 2021,SI,539,001,Regular,Lecture,Web Design,3.00,A,SI 539,No
Winter 2023,37872554,040667,WN 2022,SI,681,001,Regular,Seminar,Intern/Field Seminar,6.00,S,SI 681,No
Winter 2023,37872554,042104,FA 2021,SI,501,001,Regular,Lecture,Contextual Inq,3.00,A,SI 501,No
Winter 2023,37872554,043241,FA 2022,SI,657,001,Regular,Lecture,Info Tech and Inter,3.00,A,SI 657,No
Winter 2023,37872554,043863,FA 2022,SI,612,001,Regular,Lecture,Pervasv Interact Des,3.00,A,SI 612,No
Winter 2023,37872554,044772,WN 2022,SI,582,002,Regular,Lecture,Intro Interac Design,3.00,A+,SI 582,No
Winter 2023,37872554,045771,FA 2022,SI,684,001,Regular,Seminar,Design ConsHlth Tech,3.00,A,SI 684,No
Winter 2023,37872554,047901,WN 2023,SI,699,201,Regular,Lecture,MSI Mastery Courses,3.00,A,SI 699,No
Winter 2023,38331189,001459,FA 2022,SI,690,410,Regular,Seminar,Intern/Field Exper,1.00,S,SI 690,No
Winter 2023,38331189,001459,WN 2023,SI,690,001,Regular,Seminar,Intern/Field Exper,2.00,S,SI 690,No
Winter 2023,38331189,001459,FA 2023,SI,690,460,Regular,Seminar,Intern/Field Exper,3.00,S,SI 690,No
Winter 2023,38331189,009732,FA 2022,SI,650,001,Regular,Lecture,Informatn Retrieval,3.00,A,SI 650,No
Winter 2023,38331189,039979,WN 2023,SI,623,001,Regular,Seminar,Res Meth Info Prof,3.00,A,SI 623,No
Winter 2023,38331189,042091,WN 2022,SI,618,001,Regular,Lecture,Data Man & Analysis,3.00,A-,SI 618,No
Winter 2023,38331189,042104,FA 2021,SI,501,002,Regular,Lecture,Contextual Inq,3.00,A,SI 501,No
Winter 2023,38331189,045930,FA 2022,SI,671,001,Regular,Lecture,Data Mining,3.00,B,SI 671,No
Winter 2023,38331189,047246,FA 2021,SI,506,001,Regular,Lecture,Programming I,3.00,A,SI 506,No
Winter 2023,38331189,047640,WN 2022,SI,507,001,Regular,Lecture,Inter Programming,3.00,A,SI 507,No
Winter 2023,38331189,047901,WN 2023,SI,699,205,Regular,Lecture,MSI Mastery Courses,3.00,A,SI 699,No
Winter 2023,38331189,048500,FA 2022,SI,670,001,Regular,Lecture,Appld Machine Learng,3.00,B+,SI 670,No
Winter 2023,38331189,048877,FA 2023,SI,610,001,Regular,Seminar,Dig Studies Seminar,3.00,A+,SI 610,No
Winter 2023,38331189,049601,FA 2022,SI,564,001,Regular,Lecture,SQL & Databases,1.50,A,SI 564,No
Winter 2023,38331189,050028,FA 2023,SI,583,001,Regular,Lecture,Info Accountability,3.00,A,SI 583,No
Winter 2023,38331189,050162,WN 2023,SI,510,001,Regular,Lecture,Information Ethics,3.00,A,SI 510,No
Winter 2023,38331189,050164,WN 2022,SI,504,001,Regular,Lecture,"Servers, Shell,&Git",1.50,A,SI 504,No
Winter 2023,38331189,050663,WN 2022,SI,568,001,Regular,Lecture,Intro Appld Data Sci,3.00,A-,SI 568,No
Winter 2023,38870888,001459,FA 2023,SI,690,460,Regular,Seminar,Intern/Field Exper,3.00,S,SI 690,No
Winter 2023,38870888,012772,WN 2023,SI,548,001,Regular,Seminar,Prin Soft Design,3.00,A,SI 548,No
Winter 2023,38870888,014791,FA 2022,ELI,512,001,Regular,Lecture,Spk&Wrt Gram,1.00,S,ELI 512,Yes
Winter 2023,38870888,015902,WN 2023,ELI,601,001,Regular,Lecture,Speak in Res,2.00,S,ELI 601,Yes
Winter 2023,38870888,017281,FA 2022,SI,588,002,Regular,Lecture,Fundamntls Hum Beh,3.00,A,SI 588,No
Winter 2023,38870888,020401,WN 2023,SI,622,002,Regular,Lecture,Usab Eval & Needs,4.00,A,SI 622,No
Winter 2023,38870888,021400,FA 2022,SI,520,001,Regular,Lecture,Graphic Design,3.00,A,SI 520,No
Winter 2023,38870888,022099,WN 2023,SI,658,001,Regular,Lecture,Info Architecture,3.00,A,SI 658,No
Winter 2023,38870888,039081,WN 2023,SI,529,001,Regular,Lecture,Online Communities,3.00,A,SI 529,No
Winter 2023,38870888,040667,WN 2023,SI,681,001,Regular,Seminar,Intern/Field Seminar,6.00,S,SI 681,No
Winter 2023,38870888,042104,FA 2022,SI,501,002,Regular,Lecture,Contextual Inq,3.00,A,SI 501,No
Winter 2023,38870888,044772,FA 2022,SI,582,001,Regular,Lecture,Intro Interac Design,3.00,A,SI 582,No
Winter 2023,38870888,045687,FA 2023,SI,538,001,Regular,Seminar,Citizen Inter Design,4.00,A,SI 538,No
Winter 2023,38870888,047695,FA 2023,ELI,592,001,Regular,Lecture,Topics in EAP,1.00,S,ELI 592,Yes
Winter 2023,38870888,047901,FA 2023,SI,699,001,Regular,Lecture,MSI Mastery Courses,3.00,A,SI 699,No
Winter 2023,38870888,048129,FA 2022,SI,505,001,Scnd 7 Wk,Lecture,Career/Intern Studio,1.00,S,SI 505,No
Winter 2023,38870888,048488,FA 2023,SI,559,001,Regular,Lecture,AR/VR Intro,3.00,A+,SI 559,No
Winter 2023,38870888,050650,WN 2023,EDUC,618,001,Regular,Seminar,XR for Learning,1.00,A,EDUC 618,Yes
Winter 2023,39220401,001459,FA 2022,SI,690,390,Regular,Seminar,Intern/Field Exper,6.00,S,SI 690,No
Winter 2023,39220401,021050,FA 2022,SI,691,123,Regular,Ind Study,Independent Study,3.00,A,SI 691,No
Winter 2023,39220401,043863,FA 2022,SI,612,002,Regular,Lecture,Pervasv Interact Des,3.00,A+,SI 612,No
Winter 2023,39220401,044798,WN 2023,ENTR,599,021,Regular,Lecture,Spec Topics Entr,3.00,A,ENTR 599,Yes
Winter 2023,39220401,045393,FA 2022,SI,552,001,Regular,Lecture,Accessibility Intro,3.00,A+,SI 552,No
Winter 2023,39220401,047901,WN 2023,SI,699,401,Regular,Lecture,MSI Mastery Courses,3.00,A,SI 699,No
Winter 2023,39220401,048421,WN 2023,ENTR,560,001,Regular,Lecture,Proj Mgmt Consulting,3.00,A,ENTR 560,Yes
Winter 2023,39220401,048488,FA 2022,SI,559,001,Regular,Lecture,AR/VR Intro,3.00,A,SI 559,No
Winter 2023,39758585,001459,WN 2023,SI,690,001,Regular,Seminar,Intern/Field Exper,6.00,S,SI 690,No
Winter 2023,39758585,016607,FA 2021,SI,544,001,Regular,Lecture,Intr Stat&Data Analy,3.00,A+,SI 544,No
Winter 2023,39758585,022099,WN 2023,SI,658,001,Regular,Lecture,Info Architecture,3.00,A,SI 658,No
Winter 2023,39758585,039178,WN 2022,SI,539,001,Regular,Lecture,Web Design,3.00,A-,SI 539,No
Winter 2023,39758585,041626,FA 2022,SI,664,001,Regular,Lecture,Database App Design,3.00,A,SI 664,No
Winter 2023,39758585,041934,FA 2022,SI,608,001,Regular,Lecture,Networks,3.00,A,SI 608,No
Winter 2023,39758585,042091,WN 2022,SI,618,001,Regular,Lecture,Data Man & Analysis,3.00,A,SI 618,No
Winter 2023,39758585,042104,FA 2021,SI,501,002,Regular,Lecture,Contextual Inq,3.00,A,SI 501,No
Winter 2023,39758585,045930,FA 2022,SI,671,101,Regular,Lecture,Data Mining,3.00,A,SI 671,No
Winter 2023,39758585,047246,FA 2021,SI,506,001,Regular,Lecture,Programming I,3.00,A,SI 506,No
Winter 2023,39758585,047640,WN 2022,SI,507,001,Regular,Lecture,Inter Programming,3.00,A,SI 507,No
Winter 2023,39758585,047901,WN 2023,SI,699,305,Regular,Lecture,MSI Mastery Courses,3.00,A,SI 699,No
Winter 2023,39758585,048500,FA 2022,SI,670,001,Regular,Lecture,Appld Machine Learng,3.00,B+,SI 670,No
Winter 2023,39758585,049601,FA 2021,SI,564,001,Regular,Lecture,SQL & Databases,1.50,A,SI 564,No
Winter 2023,39758585,050164,FA 2021,SI,504,001,Regular,Lecture,"Servers, Shell,&Git",1.50,A,SI 504,No
Winter 2023,39758585,050663,WN 2022,SI,568,001,Regular,Lecture,Intro Appld Data Sci,3.00,A,SI 568,No
Winter 2023,39789452,009876,WN 2023,SURVMETH,630,001,Regular,Seminar,Quest Design & Eval,3.00,A+,SURVMETH 630,Yes
Winter 2023,39789452,012085,WN 2022,MKT,613,001,First 7 Wk,Recitation,Consumer Behavior,1.50,A,MKT 613,Yes
Winter 2023,39789452,016607,FA 2022,SI,544,001,Regular,Lecture,Intr Stat&Data Analy,3.00,A+,SI 544,No
Winter 2023,39789452,017281,FA 2021,SI,588,002,Regular,Lecture,Fundamntls Hum Beh,3.00,A+,SI 588,No
Winter 2023,39789452,020401,WN 2022,SI,622,003,Regular,Lecture,Usab Eval & Needs,4.00,A,SI 622,No
Winter 2023,39789452,021400,WN 2022,SI,520,002,Regular,Lecture,Graphic Design,3.00,A,SI 520,No
Winter 2023,39789452,039178,WN 2022,SI,539,001,Regular,Lecture,Web Design,3.00,A,SI 539,No
Winter 2023,39789452,040405,FA 2022,SURVMETH,600,001,Regular,Seminar,Fund Surv Data Sci,3.00,A,SURVMETH 600,Yes
Winter 2023,39789452,040667,WN 2022,SI,681,001,Regular,Seminar,Intern/Field Seminar,6.00,S,SI 681,No
Winter 2023,39789452,042104,FA 2021,SI,501,001,Regular,Lecture,Contextual Inq,3.00,A+,SI 501,No
Winter 2023,39789452,043863,FA 2022,SI,612,001,Regular,Lecture,Pervasv Interact Des,3.00,A,SI 612,No
Winter 2023,39789452,044772,FA 2021,SI,582,002,Regular,Lecture,Intro Interac Design,3.00,A,SI 582,No
Winter 2023,39789452,045393,FA 2022,SI,552,001,Regular,Lecture,Accessibility Intro,3.00,A,SI 552,No
Winter 2023,39789452,047246,FA 2021,SI,506,001,Regular,Lecture,Programming I,3.00,A,SI 506,No
Winter 2023,39789452,047901,WN 2023,SI,699,201,Regular,Lecture,MSI Mastery Courses,3.00,A+,SI 699,No
Winter 2023,39789452,049601,WN 2022,SI,564,001,Regular,Lecture,SQL & Databases,1.50,A,SI 564,No
Winter 2023,39789452,050162,WN 2023,SI,510,001,Regular,Lecture,Information Ethics,3.00,A+,SI 510,No
Winter 2023,40029682,017281,FA 2021,SI,588,001,Regular,Lecture,Fundamntls Hum Beh,3.00,A+,SI 588,No
Winter 2023,40029682,020401,FA 2021,SI,622,001,Regular,Lecture,Usab Eval & Needs,4.00,A+,SI 622,No
Winter 2023,40029682,020934,WN 2022,SI,649,001,Regular,Lecture,Info Visualization,3.00,A,SI 649,No
Winter 2023,40029682,021400,WN 2022,SI,520,002,Regular,Lecture,Graphic Design,3.00,A,SI 520,No
Winter 2023,40029682,039081,WN 2022,SI,529,001,Regular,Lecture,Online Communities,3.00,A,SI 529,No
Winter 2023,40029682,040667,WN 2022,SI,681,001,Regular,Seminar,Intern/Field Seminar,6.00,S,SI 681,No
Winter 2023,40029682,041626,FA 2021,SI,664,001,Regular,Lecture,Database App Design,3.00,A,SI 664,No
Winter 2023,40029682,042104,FA 2021,SI,501,001,Regular,Lecture,Contextual Inq,3.00,A,SI 501,No
Winter 2023,40029682,044772,FA 2021,SI,582,004,Regular,Lecture,Intro Interac Design,3.00,A,SI 582,No
Winter 2023,40029682,045393,FA 2022,SI,552,001,Regular,Lecture,Accessibility Intro,3.00,A-,SI 552,No
Winter 2023,40029682,047640,FA 2022,SI,507,001,Regular,Lecture,Inter Programming,3.00,W,SI 507,No
Winter 2023,40029682,047695,FA 2023,ELI,592,001,Regular,Lecture,Topics in EAP,1.00,S,ELI 592,Yes
Winter 2023,40029682,047901,FA 2022,SI,699,201,Regular,Lecture,MSI Mastery Courses,3.00,B+,SI 699,No
Winter 2023,40029682,048488,FA 2022,SI,559,001,Regular,Lecture,AR/VR Intro,3.00,A,SI 559,No
Winter 2023,40029682,050136,WN 2022,UARTS,560,103,Regular,Laboratory,Grad ArtsEng Proj,2.00,A,UARTS 560,Yes
Winter 2023,40029682,050136,FA 2022,UARTS,560,103,Regular,Laboratory,Grad ArtsEng Proj,2.00,A,UARTS 560,Yes
Winter 2023,40029682,050159,WN 2022,SI,579,001,Regular,Lecture,Bldg Interactive App,3.00,A,SI 579,No
Winter 2023,40052825,001459,FA 2022,SI,690,410,Regular,Seminar,Intern/Field Exper,1.00,S,SI 690,No
Winter 2023,40052825,001459,WN 2023,SI,690,001,Regular,Seminar,Intern/Field Exper,1.00,S,SI 690,No
Winter 2023,40052825,007395,WN 2023,ARCH,509,014,Regular,Seminar,Experimental Course,3.00,A,ARCH 509,Yes
Winter 2023,40052825,007395,WN 2023,ARCH,509,016,Regular,Seminar,Experimental Course,3.00,A,ARCH 509,Yes
Winter 2023,40052825,016655,FA 2021,ELI,538,001,Regular,Seminar,Pron in Context,1.00,S,ELI 538,Yes
Winter 2023,40052825,017281,FA 2022,SI,588,001,Regular,Lecture,Fundamntls Hum Beh,3.00,A,SI 588,No
Winter 2023,40052825,020401,FA 2021,SI,622,001,Regular,Lecture,Usab Eval & Needs,4.00,A,SI 622,No
Winter 2023,40052825,020934,FA 2022,SI,649,001,Regular,Lecture,Info Visualization,3.00,W,SI 649,No
Winter 2023,40052825,021400,FA 2022,SI,520,002,Regular,Lecture,Graphic Design,3.00,B+,SI 520,No
Winter 2023,40052825,039178,WN 2022,SI,539,001,Regular,Lecture,Web Design,3.00,B+,SI 539,No
Winter 2023,40052825,040667,WN 2022,SI,681,001,Regular,Seminar,Intern/Field Seminar,6.00,S,SI 681,No
Winter 2023,40052825,042104,FA 2021,SI,501,001,Regular,Lecture,Contextual Inq,3.00,A,SI 501,No
Winter 2023,40052825,043863,WN 2022,SI,612,001,Regular,Lecture,Pervasv Interact Des,3.00,A-,SI 612,No
Winter 2023,40052825,044772,FA 2021,SI,582,003,Regular,Lecture,Intro Interac Design,3.00,A+,SI 582,No
Winter 2023,40052825,047695,FA 2021,ELI,592,001,Regular,Lecture,Topics in EAP,1.00,S,ELI 592,Yes
Winter 2023,40052825,047870,WN 2023,SI,536,001,Regular,Seminar,Intro to Urbn Inform,3.00,A,SI 536,No
Winter 2023,40052825,047901,WN 2023,SI,699,201,Regular,Lecture,MSI Mastery Courses,3.00,A,SI 699,No
Winter 2023,40052825,048147,WN 2022,BA,657,001,Regular,Laboratory,LBLE,3.00,A,BA 657,Yes
Winter 2023,40052825,048488,FA 2021,SI,559,001,Regular,Lecture,AR/VR Intro,3.00,A-,SI 559,No
Winter 2023,40052825,048531,FA 2022,PAT,543,001,Regular,Lecture,Immersive Media,3.00,A,PAT 543,Yes
Winter 2023,40052825,049112,WN 2022,PAT,500,004,Regular,Lecture,Intro Elec Mus Prod,3.00,A-,PAT 500,Yes
Winter 2023,40052825,049222,FA 2021,ELI,532,001,Regular,Lecture,Understand Spkn Eng,1.00,S,ELI 532,Yes
Winter 2023,40052825,049999,WN 2022,EAS,620,001,Regular,Seminar,AR/VR for Sustainab,2.00,W,EAS 620,Yes
Winter 2023,40052825,050136,WN 2022,UARTS,560,119,Regular,Laboratory,Grad ArtsEng Proj,2.00,A-,UARTS 560,Yes
Winter 2023,40052825,050136,FA 2022,UARTS,560,119,Regular,Laboratory,Grad ArtsEng Proj,2.00,A-,UARTS 560,Yes
Winter 2023,40518208,001459,FA 2022,SI,690,390,Regular,Seminar,Intern/Field Exper,6.00,S,SI 690,No
Winter 2023,40518208,017281,FA 2022,SI,588,001,Regular,Lecture,Fundamntls Hum Beh,3.00,C-,SI 588,No
Winter 2023,40518208,020401,WN 2022,SI,622,003,Regular,Lecture,Usab Eval & Needs,4.00,A+,SI 622,No
Winter 2023,40518208,041934,FA 2021,SI,608,001,Regular,Lecture,Networks,3.00,A-,SI 608,No
Winter 2023,40518208,042104,FA 2021,SI,501,002,Regular,Lecture,Contextual Inq,3.00,A,SI 501,No
Winter 2023,40518208,044772,WN 2022,SI,582,002,Regular,Lecture,Intro Interac Design,3.00,A+,SI 582,No
Winter 2023,40518208,045930,FA 2021,SI,671,001,Regular,Lecture,Data Mining,3.00,W,SI 671,No
Winter 2023,40518208,047901,WN 2023,SI,699,003,Regular,Lecture,MSI Mastery Courses,3.00,A,SI 699,No
Winter 2023,40518208,048500,FA 2021,SI,670,001,Regular,Lecture,Appld Machine Learng,3.00,A-,SI 670,No
Winter 2023,40518208,050159,FA 2022,SI,579,001,Regular,Lecture,Bldg Interactive App,3.00,A,SI 579,No
Winter 2023,40518208,050164,FA 2022,SI,504,001,Regular,Lecture,"Servers, Shell,&Git",1.50,B+,SI 504,No
Winter 2023,40936603,009732,FA 2022,SI,650,001,Regular,Lecture,Informatn Retrieval,3.00,A+,SI 650,No
Winter 2023,40936603,016607,FA 2021,SI,544,001,Regular,Lecture,Intr Stat&Data Analy,3.00,A,SI 544,No
Winter 2023,40936603,021400,WN 2022,SI,520,001,Regular,Lecture,Graphic Design,3.00,A-,SI 520,No
Winter 2023,40936603,039178,WN 2022,SI,539,001,Regular,Lecture,Web Design,3.00,A,SI 539,No
Winter 2023,40936603,040667,WN 2022,SI,681,001,Regular,Seminar,Intern/Field Seminar,6.00,S,SI 681,No
Winter 2023,40936603,042091,WN 2022,SI,618,001,Regular,Lecture,Data Man & Analysis,3.00,A,SI 618,No
Winter 2023,40936603,042104,FA 2021,SI,501,001,Regular,Lecture,Contextual Inq,3.00,A,SI 501,No
Winter 2023,40936603,044772,FA 2021,SI,582,004,Regular,Lecture,Intro Interac Design,3.00,A,SI 582,No
Winter 2023,40936603,045930,FA 2022,SI,671,001,Regular,Lecture,Data Mining,3.00,B+,SI 671,No
Winter 2023,40936603,047246,FA 2021,SI,506,001,Regular,Lecture,Programming I,3.00,A,SI 506,No
Winter 2023,40936603,047640,WN 2022,SI,507,001,Regular,Lecture,Inter Programming,3.00,A,SI 507,No
Winter 2023,40936603,047901,WN 2023,SI,699,305,Regular,Lecture,MSI Mastery Courses,3.00,A,SI 699,No
Winter 2023,40936603,048421,FA 2022,ENTR,560,001,Regular,Lecture,Proj Mgmt Consulting,3.00,A,ENTR 560,Yes
Winter 2023,40936603,048500,FA 2022,SI,670,001,Regular,Lecture,Appld Machine Learng,3.00,A,SI 670,No
Winter 2023,40936603,050164,FA 2021,SI,504,001,Regular,Lecture,"Servers, Shell,&Git",1.50,A,SI 504,No
Winter 2023,40936603,050663,WN 2023,SI,568,001,Regular,Lecture,Intro Appld Data Sci,3.00,A,SI 568,No
Winter 2023,40969781,001459,FA 2022,SI,690,410,Regular,Seminar,Intern/Field Exper,3.00,S,SI 690,No
Winter 2023,40969781,017281,FA 2021,SI,588,002,Regular,Lecture,Fundamntls Hum Beh,3.00,A-,SI 588,No
Winter 2023,40969781,019903,FA 2022,TO,548,001,Regular,Recitation,Integ Pro Dev,3.00,A,TO 548,Yes
Winter 2023,40969781,020379,FA 2022,IOE,548,001,Regular,Lecture,Int Prod Dev,3.00,A,IOE 548,Yes
Winter 2023,40969781,020401,WN 2022,SI,622,001,Regular,Lecture,Usab Eval & Needs,4.00,A,SI 622,No
Winter 2023,40969781,022099,WN 2023,SI,658,001,Regular,Lecture,Info Architecture,3.00,A,SI 658,No
Winter 2023,40969781,039081,WN 2022,SI,529,001,Regular,Lecture,Online Communities,3.00,B+,SI 529,No
Winter 2023,40969781,039178,FA 2021,SI,539,001,Regular,Lecture,Web Design,3.00,C+,SI 539,No
Winter 2023,40969781,040667,WN 2022,SI,681,001,Regular,Seminar,Intern/Field Seminar,6.00,S,SI 681,No
Winter 2023,40969781,042104,FA 2021,SI,501,002,Regular,Lecture,Contextual Inq,3.00,A,SI 501,No
Winter 2023,40969781,043210,FA 2022,SI,534,001,Regular,Lecture,Theories Soc Influen,3.00,A,SI 534,No
Winter 2023,40969781,044772,WN 2022,SI,582,001,Regular,Lecture,Intro Interac Design,3.00,A,SI 582,No
Winter 2023,40969781,047228,WN 2023,ENTR,500,003,Regular,Lecture,Intro to Innovation,3.00,B,ENTR 500,Yes
Winter 2023,40969781,047246,FA 2021,SI,506,001,Regular,Lecture,Programming I,3.00,B+,SI 506,No
Winter 2023,40969781,047901,WN 2023,SI,699,401,Regular,Lecture,MSI Mastery Courses,3.00,A,SI 699,No
Winter 2023,41399850,009732,FA 2021,SI,650,001,Regular,Lecture,Informatn Retrieval,3.00,A+,SI 650,No
Winter 2023,41399850,020934,WN 2022,SI,649,001,Regular,Lecture,Info Visualization,3.00,A,SI 649,No
Winter 2023,41399850,022099,WN 2023,SI,658,001,Regular,Lecture,Info Architecture,3.00,A,SI 658,No
Winter 2023,41399850,039081,WN 2022,SI,529,001,Regular,Lecture,Online Communities,3.00,A+,SI 529,No
Winter 2023,41399850,039178,FA 2022,SI,539,001,Regular,Lecture,Web Design,3.00,A+,SI 539,No
Winter 2023,41399850,040667,WN 2022,SI,681,001,Regular,Seminar,Intern/Field Seminar,6.00,S,SI 681,No
Winter 2023,41399850,041626,FA 2021,SI,664,001,Regular,Lecture,Database App Design,3.00,A,SI 664,No
Winter 2023,41399850,042091,WN 2022,SI,618,001,Regular,Lecture,Data Man & Analysis,3.00,A,SI 618,No
Winter 2023,41399850,042104,FA 2021,SI,501,002,Regular,Lecture,Contextual Inq,3.00,A,SI 501,No
Winter 2023,41399850,045930,FA 2022,SI,671,001,Regular,Lecture,Data Mining,3.00,A-,SI 671,No
Winter 2023,41399850,047246,FA 2022,SI,506,001,Regular,Lecture,Programming I,3.00,A,SI 506,No
Winter 2023,41399850,047640,FA 2021,SI,507,001,Regular,Lecture,Inter Programming,3.00,A,SI 507,No
Winter 2023,41399850,047901,WN 2023,SI,699,205,Regular,Lecture,MSI Mastery Courses,3.00,A,SI 699,No
Winter 2023,41399850,048129,WN 2022,SI,505,001,First 7 Wk,Lecture,Career/Intern Studio,1.00,S,SI 505,No
Winter 2023,41399850,048500,FA 2022,SI,670,001,Regular,Lecture,Appld Machine Learng,3.00,A,SI 670,No
Winter 2023,41399850,049601,FA 2021,SI,564,001,Regular,Lecture,SQL & Databases,1.50,A,SI 564,No
Winter 2023,41399850,050663,WN 2022,SI,568,001,Regular,Lecture,Intro Appld Data Sci,3.00,A,SI 568,No
Winter 2023,42222298,020803,WN 2023,SI,643,001,Regular,Lecture,Instructional Skills,3.00,A+,SI 643,No
Winter 2023,42222298,021042,FA 2021,SI,647,001,Regular,Lecture,Info Resources&Serv,3.00,A,SI 647,No
Winter 2023,42222298,021045,FA 2021,SI,666,001,Regular,Lecture,Org of Inf Resources,3.00,A,SI 666,No
Winter 2023,42222298,022326,WN 2022,SI,581,001,Regular,Lecture,Pres Info Resources,3.00,A,SI 581,No
Winter 2023,42222298,039178,FA 2022,SI,539,001,Regular,Lecture,Web Design,3.00,B+,SI 539,No
Winter 2023,42222298,039979,WN 2022,SI,623,001,Regular,Seminar,Res Meth Info Prof,3.00,A,SI 623,No
Winter 2023,42222298,040667,WN 2022,SI,681,001,Regular,Seminar,Intern/Field Seminar,6.00,S,SI 681,No
Winter 2023,42222298,041935,WN 2022,SI,530,001,Regular,Lecture,Prin in Management,3.00,A,SI 530,No
Winter 2023,42222298,042104,FA 2021,SI,501,001,Regular,Lecture,Contextual Inq,3.00,A,SI 501,No
Winter 2023,42222298,047246,FA 2021,SI,506,001,Regular,Lecture,Programming I,3.00,A,SI 506,No
Winter 2023,42222298,047901,WN 2023,SI,699,028,Regular,Lecture,MSI Mastery Courses,3.00,A,SI 699,No
Winter 2023,42222298,048280,WN 2022,SI,667,001,Regular,Lecture,Digital Curation,3.00,A,SI 667,No
Winter 2023,42222298,048831,FA 2022,SI,547,001,Regular,Seminar,Engage w/Communities,3.00,A,SI 547,No
Winter 2023,42222298,050028,FA 2022,SI,583,001,Regular,Lecture,Info Accountability,3.00,A-,SI 583,No
Winter 2023,42222298,050162,WN 2023,SI,510,001,Regular,Lecture,Information Ethics,3.00,A,SI 510,No
Winter 2023,42222298,050163,FA 2022,SI,633,001,Regular,Lecture,Assesmnt Cultrl Inst,3.00,A,SI 633,No
Winter 2023,42222298,050165,WN 2023,SI,585,001,Regular,Lecture,Scholarly Comm,3.00,A+,SI 585,No
Winter 2023,42391029,001459,FA 2022,SI,690,410,Regular,Seminar,Intern/Field Exper,1.00,S,SI 690,No
Winter 2023,42391029,001459,WN 2023,SI,690,001,Regular,Seminar,Intern/Field Exper,3.00,S,SI 690,No
Winter 2023,42391029,017281,FA 2021,SI,588,001,Regular,Lecture,Fundamntls Hum Beh,3.00,A,SI 588,No
Winter 2023,42391029,020401,WN 2022,SI,622,001,Regular,Lecture,Usab Eval & Needs,4.00,A,SI 622,No
Winter 2023,42391029,039081,WN 2023,SI,529,001,Regular,Lecture,Online Communities,3.00,A,SI 529,No
Winter 2023,42391029,039178,FA 2022,SI,539,001,Regular,Lecture,Web Design,3.00,A-,SI 539,No
Winter 2023,42391029,040667,WN 2022,SI,681,001,Regular,Seminar,Intern/Field Seminar,6.00,S,SI 681,No
Winter 2023,42391029,042104,FA 2021,SI,501,001,Regular,Lecture,Contextual Inq,3.00,A+,SI 501,No
Winter 2023,42391029,043863,FA 2022,SI,612,002,Regular,Lecture,Pervasv Interact Des,3.00,A+,SI 612,No
Winter 2023,42391029,044772,FA 2021,SI,582,002,Regular,Lecture,Intro Interac Design,3.00,A,SI 582,No
Winter 2023,42391029,045393,FA 2022,SI,552,001,Regular,Lecture,Accessibility Intro,3.00,A,SI 552,No
Winter 2023,42391029,046306,FA 2021,SI,616,001,Regular,Lecture,Adv Graphic Design,3.00,A,SI 616,No
Winter 2023,42391029,047246,WN 2022,SI,506,001,Regular,Lecture,Programming I,3.00,A,SI 506,No
Winter 2023,42391029,047901,WN 2023,SI,699,201,Regular,Lecture,MSI Mastery Courses,3.00,A-,SI 699,No
Winter 2023,42391029,048129,WN 2022,SI,505,001,First 7 Wk,Lecture,Career/Intern Studio,1.00,S,SI 505,No
Winter 2023,42391029,049417,WN 2022,BA,670,001,Regular,Recitation,+Impact Studio,3.00,A-,BA 670,Yes
Winter 2023,42557040,001459,FA 2022,SI,690,410,Regular,Seminar,Intern/Field Exper,6.00,S,SI 690,No
Winter 2023,42557040,009731,FA 2021,SI,580,001,Regular,Lecture,Records & Archives,3.00,A+,SI 580,No
Winter 2023,42557040,020803,WN 2023,SI,643,001,Regular,Lecture,Instructional Skills,3.00,A+,SI 643,No
Winter 2023,42557040,021045,FA 2022,SI,666,001,Regular,Lecture,Org of Inf Resources,3.00,A,SI 666,No
Winter 2023,42557040,038948,FA 2022,SI,632,001,Regular,Lecture,Appraisal & Coll Dev,3.00,A,SI 632,No
Winter 2023,42557040,039178,WN 2022,SI,539,001,Regular,Lecture,Web Design,3.00,A,SI 539,No
Winter 2023,42557040,039979,WN 2022,SI,623,001,Regular,Seminar,Res Meth Info Prof,3.00,A,SI 623,No
Winter 2023,42557040,042104,FA 2021,SI,501,002,Regular,Lecture,Contextual Inq,3.00,A,SI 501,No
Winter 2023,42557040,047246,FA 2021,SI,506,001,Regular,Lecture,Programming I,3.00,A-,SI 506,No
Winter 2023,42557040,047901,WN 2023,SI,699,028,Regular,Lecture,MSI Mastery Courses,3.00,A+,SI 699,No
Winter 2023,42557040,048280,WN 2022,SI,667,001,Regular,Lecture,Digital Curation,3.00,A+,SI 667,No
Winter 2023,42557040,048831,FA 2021,SI,547,001,Regular,Seminar,Engage w/Communities,3.00,A-,SI 547,No
Winter 2023,42557040,050028,FA 2022,SI,583,001,Regular,Lecture,Info Accountability,3.00,B+,SI 583,No
Winter 2023,42557040,050162,WN 2023,SI,510,001,Regular,Lecture,Information Ethics,3.00,B+,SI 510,No
Winter 2023,42557040,050165,WN 2022,SI,585,001,Regular,Lecture,Scholarly Comm,3.00,A,SI 585,No
Winter 2023,42978962,015629,FA 2022,ANTHRCUL,993,001,Regular,Lecture,Gsi Training,1.00,S,ANTHRCUL 993,Yes
Winter 2023,42978962,020401,WN 2022,SI,622,001,Regular,Lecture,Usab Eval & Needs,4.00,A-,SI 622,No
Winter 2023,42978962,021400,WN 2022,SI,520,002,Regular,Lecture,Graphic Design,3.00,B-,SI 520,No
Winter 2023,42978962,039178,WN 2022,SI,539,001,Regular,Lecture,Web Design,3.00,C,SI 539,No
Winter 2023,42978962,040667,WN 2022,SI,681,001,Regular,Seminar,Intern/Field Seminar,6.00,S,SI 681,No
Winter 2023,42978962,041935,WN 2022,SI,530,001,Regular,Lecture,Prin in Management,3.00,C+,SI 530,No
Winter 2023,42978962,042104,FA 2021,SI,501,002,Regular,Lecture,Contextual Inq,3.00,A,SI 501,No
Winter 2023,42978962,043210,FA 2022,SI,534,001,Regular,Lecture,Theories Soc Influen,3.00,A,SI 534,No
Winter 2023,42978962,044772,FA 2021,SI,582,002,Regular,Lecture,Intro Interac Design,3.00,B,SI 582,No
Winter 2023,42978962,047246,FA 2021,SI,506,001,Regular,Lecture,Programming I,3.00,C+,SI 506,No
Winter 2023,42978962,047901,WN 2023,SI,699,301,Regular,Lecture,MSI Mastery Courses,3.00,A+,SI 699,No
Winter 2023,42978962,048129,WN 2022,SI,505,001,First 7 Wk,Lecture,Career/Intern Studio,1.00,S,SI 505,No
Winter 2023,42978962,049365,FA 2022,SI,697,069,Regular,Ind Study,Master's Thesis 1,3.00,S,SI 697,No
Winter 2023,42978962,049755,WN 2023,SW,611,001,Regular,Lecture,Afrocntr Prac Afr Am,3.00,A,SW 611,Yes
Winter 2023,42978962,050162,WN 2023,SI,510,001,Regular,Lecture,Information Ethics,3.00,B,SI 510,No
Winter 2023,42978962,050846,FA 2022,SI,512,001,Regular,Lecture,Change The Internet,3.00,B,SI 512,No
Winter 2023,44006890,009731,FA 2021,SI,580,001,Regular,Lecture,Records & Archives,3.00,A+,SI 580,No
Winter 2023,44006890,021045,FA 2021,SI,666,001,Regular,Lecture,Org of Inf Resources,3.00,A,SI 666,No
Winter 2023,44006890,022326,WN 2022,SI,581,001,Regular,Lecture,Pres Info Resources,3.00,A,SI 581,No
Winter 2023,44006890,038659,FA 2022,SI,519,001,Regular,Seminar,Intel Prop&Info Law,3.00,A,SI 519,No
Winter 2023,44006890,038948,FA 2022,SI,632,001,Regular,Lecture,Appraisal & Coll Dev,3.00,A,SI 632,No
Winter 2023,44006890,039979,WN 2022,SI,623,001,Regular,Seminar,Res Meth Info Prof,3.00,A,SI 623,No
Winter 2023,44006890,040667,WN 2022,SI,681,001,Regular,Seminar,Intern/Field Seminar,6.00,S,SI 681,No
Winter 2023,44006890,042104,FA 2021,SI,501,002,Regular,Lecture,Contextual Inq,3.00,A+,SI 501,No
Winter 2023,44006890,047246,FA 2021,SI,506,001,Regular,Lecture,Programming I,3.00,A,SI 506,No
Winter 2023,44006890,047640,WN 2022,SI,507,001,Regular,Lecture,Inter Programming,3.00,A,SI 507,No
Winter 2023,44006890,047901,WN 2023,SI,699,028,Regular,Lecture,MSI Mastery Courses,3.00,A+,SI 699,No
Winter 2023,44006890,048280,WN 2022,SI,667,001,Regular,Lecture,Digital Curation,3.00,A,SI 667,No
Winter 2023,44006890,050028,FA 2022,SI,583,001,Regular,Lecture,Info Accountability,3.00,A+,SI 583,No
Winter 2023,44006890,050162,WN 2023,SI,510,001,Regular,Lecture,Information Ethics,3.00,A,SI 510,No
Winter 2023,44006890,050163,FA 2022,SI,633,001,Regular,Lecture,Assesmnt Cultrl Inst,3.00,A,SI 633,No
Winter 2023,44006890,050164,WN 2022,SI,504,001,Regular,Lecture,"Servers, Shell,&Git",1.50,A,SI 504,No
Winter 2023,44006890,050165,WN 2023,SI,585,001,Regular,Lecture,Scholarly Comm,3.00,A,SI 585,No
Winter 2023,44028724,001459,FA 2022,SI,690,410,Regular,Seminar,Intern/Field Exper,3.00,S,SI 690,No
Winter 2023,44028724,001459,WN 2023,SI,690,001,Regular,Seminar,Intern/Field Exper,3.00,S,SI 690,No
Winter 2023,44028724,003735,FA 2022,MKT,618,001,Scnd 7 Wk,Recitation,Marketing Analytics,2.25,A-,MKT 618,Yes
Winter 2023,44028724,012085,FA 2022,MKT,613,002,Scnd 7 Wk,Recitation,Consumer Behavior,1.50,B,MKT 613,Yes
Winter 2023,44028724,016607,FA 2021,SI,544,001,Regular,Lecture,Intr Stat&Data Analy,3.00,A,SI 544,No
Winter 2023,44028724,017281,FA 2021,SI,588,002,Regular,Lecture,Fundamntls Hum Beh,3.00,A,SI 588,No
Winter 2023,44028724,020401,FA 2021,SI,622,001,Regular,Lecture,Usab Eval & Needs,4.00,A,SI 622,No
Winter 2023,44028724,021400,WN 2021,SI,520,001,Regular,Lecture,Graphic Design,3.00,A,SI 520,No
Winter 2023,44028724,038406,WN 2023,HMP,669,001,Regular,Lecture,Hlthcare Data Mgmt,3.00,A,HMP 669,Yes
Winter 2023,44028724,039178,WN 2021,SI,539,001,Regular,Lecture,Des of Comp Websites,3.00,A,SI 539,No
Winter 2023,44028724,041626,WN 2022,SI,664,001,Regular,Lecture,Database App Design,3.00,A,SI 664,No
Winter 2023,44028724,041855,FA 2022,SI,631,001,Regular,Lecture,Agile Softwar Dev,1.50,A,SI 631,No
Winter 2023,44028724,041985,FA 2021,SI,542,001,Regular,Lecture,Intro Health Infor,3.00,B,SI 542,No
Winter 2023,44028724,042071,FA 2022,SI,563,001,Regular,Lecture,Game Theory,3.00,W,SI 563,No
Winter 2023,44028724,042104,WN 2021,SI,501,001,Regular,Lecture,Contextual Inq,3.00,A+,SI 501,No
Winter 2023,44028724,044637,FA 2022,SI,648,001,Regular,Lecture,Eval Methods in HI,3.00,A-,SI 648,No
Winter 2023,44028724,044772,WN 2021,SI,582,001,Regular,Lecture,Intro Interac Design,3.00,A,SI 582,No
Winter 2023,44028724,045428,WN 2023,SI,661,001,Regular,Seminar,Mgmt in Health Info,3.00,A-,SI 661,No
Winter 2023,44028724,045732,WN 2022,SI,554,001,Regular,Lecture,Consumer Hlth Inform,3.00,A,SI 554,No
Winter 2023,44028724,047246,WN 2021,SI,506,001,Regular,Lecture,Programming I,3.00,A,SI 506,No
Winter 2023,44028724,047640,WN 2022,SI,507,001,Regular,Lecture,Inter Programming,3.00,W,SI 507,No
Winter 2023,44028724,047901,WN 2023,SI,699,201,Regular,Lecture,MSI Mastery Courses,3.00,B+,SI 699,No
Winter 2023,44028724,048129,WN 2022,SI,505,001,First 7 Wk,Lecture,Career/Intern Studio,1.00,S,SI 505,No
Winter 2023,44028724,049082,WN 2022,SI,682,001,Regular,Lecture,UX Field Research,3.00,A,SI 682,No
Winter 2023,44028724,049417,WN 2023,BA,670,001,Regular,Recitation,+Impact Studio,3.00,B,BA 670,Yes
Winter 2023,44028724,049601,FA 2021,SI,564,001,Regular,Lecture,SQL & Databases,1.50,A,SI 564,No
Winter 2023,44028724,050164,WN 2022,SI,504,001,Regular,Lecture,"Servers, Shell,&Git",1.50,A-,SI 504,No
Winter 2023,44028724,050447,FA 2022,SI,624,001,Regular,Lecture,Health Data Analysis,3.00,A-,SI 624,No
Winter 2023,45216061,009876,WN 2023,SURVMETH,630,001,Regular,Seminar,Quest Design & Eval,3.00,A,SURVMETH 630,Yes
Winter 2023,45216061,017281,FA 2021,SI,588,001,Regular,Lecture,Fundamntls Hum Beh,3.00,A+,SI 588,No
Winter 2023,45216061,020401,WN 2022,SI,622,001,Regular,Lecture,Usab Eval & Needs,4.00,A,SI 622,No
Winter 2023,45216061,021400,FA 2021,SI,520,002,Regular,Lecture,Graphic Design,3.00,A-,SI 520,No
Winter 2023,45216061,039081,WN 2022,SI,529,001,Regular,Lecture,Online Communities,3.00,A+,SI 529,No
Winter 2023,45216061,039178,WN 2022,SI,539,001,Regular,Lecture,Web Design,3.00,A,SI 539,No
Winter 2023,45216061,040667,WN 2022,SI,681,001,Regular,Seminar,Intern/Field Seminar,6.00,S,SI 681,No
Winter 2023,45216061,042071,FA 2022,SI,563,001,Regular,Lecture,Game Theory,3.00,A,SI 563,No
Winter 2023,45216061,042104,FA 2021,SI,501,001,Regular,Lecture,Contextual Inq,3.00,A,SI 501,No
Winter 2023,45216061,042336,WN 2023,PHIL,375,001,Regular,Lecture,Nietzsche,3.00,Y,PHIL 375,Yes
Winter 2023,45216061,043210,FA 2022,SI,534,001,Regular,Lecture,Theories Soc Influen,3.00,A+,SI 534,No
Winter 2023,45216061,044772,FA 2021,SI,582,002,Regular,Lecture,Intro Interac Design,3.00,A,SI 582,No
Winter 2023,45216061,045393,FA 2022,SI,552,001,Regular,Lecture,Accessibility Intro,3.00,A,SI 552,No
Winter 2023,45216061,049040,WN 2023,SI,698,069,Regular,Seminar,Master's Thesis 2,3.00,A,SI 698,No
Winter 2023,45216061,049365,FA 2022,SI,697,069,Regular,Ind Study,Master's Thesis 1,3.00,S,SI 697,No
Winter 2023,45216061,050162,WN 2022,SI,510,001,Regular,Lecture,Information Ethics,3.00,A+,SI 510,No
Winter 2023,46060102,020934,WN 2023,SI,649,001,Regular,Lecture,Info Visualization,3.00,A,SI 649,No
Winter 2023,46060102,021050,FA 2022,SI,691,030,Regular,Ind Study,Independent Study,1.00,A,SI 691,No
Winter 2023,46060102,021050,WN 2023,SI,691,030,Regular,Ind Study,Independent Study,1.00,A,SI 691,No
Winter 2023,46060102,041934,FA 2022,SI,608,001,Regular,Lecture,Networks,3.00,A+,SI 608,No
Winter 2023,46060102,042104,FA 2022,SI,501,001,Regular,Lecture,Contextual Inq,3.00,A,SI 501,No
Winter 2023,46060102,045930,FA 2022,SI,671,001,Regular,Lecture,Data Mining,3.00,B+,SI 671,No
Winter 2023,46060102,047901,WN 2023,SI,699,205,Regular,Lecture,MSI Mastery Courses,3.00,A,SI 699,No
Winter 2023,46060102,048500,FA 2022,SI,670,001,Regular,Lecture,Appld Machine Learng,3.00,B+,SI 670,No
Winter 2023,46060102,049038,FA 2022,SI,688,002,Regular,Lecture,AppProjS S -GIEP/CID,6.00,S,SI 688,No
Winter 2023,46060102,049601,WN 2023,SI,564,001,Regular,Lecture,SQL & Databases,1.50,A,SI 564,No
Winter 2023,46060102,050663,WN 2023,SI,568,001,Regular,Lecture,Intro Appld Data Sci,3.00,A,SI 568,No
Winter 2023,46239081,016607,FA 2021,SI,544,001,Regular,Lecture,Intr Stat&Data Analy,3.00,A+,SI 544,No
Winter 2023,46239081,039178,FA 2022,SI,539,001,Regular,Lecture,Web Design,3.00,A+,SI 539,No
Winter 2023,46239081,040667,WN 2022,SI,681,001,Regular,Seminar,Intern/Field Seminar,6.00,S,SI 681,No
Winter 2023,46239081,042091,WN 2022,SI,618,001,Regular,Lecture,Data Man & Analysis,3.00,A,SI 618,No
Winter 2023,46239081,042104,FA 2022,SI,501,001,Regular,Lecture,Contextual Inq,3.00,A,SI 501,No
Winter 2023,46239081,045930,FA 2022,SI,671,001,Regular,Lecture,Data Mining,3.00,A-,SI 671,No
Winter 2023,46239081,047901,WN 2023,SI,699,205,Regular,Lecture,MSI Mastery Courses,3.00,A+,SI 699,No
Winter 2023,46239081,048500,FA 2022,SI,670,001,Regular,Lecture,Appld Machine Learng,3.00,A,SI 670,No
Winter 2023,46239081,048539,WN 2023,EECS,409,001,Regular,Seminar,Data Science Sem,1.00,S,EECS 409,Yes
Winter 2023,46239081,050159,WN 2023,SI,579,001,Regular,Lecture,Bldg Interactive App,3.00,A,SI 579,No
Winter 2023,46239081,050164,FA 2021,SI,504,001,Regular,Lecture,"Servers, Shell,&Git",1.50,A,SI 504,No
Winter 2023,46239081,050663,WN 2022,SI,568,001,Regular,Lecture,Intro Appld Data Sci,3.00,A,SI 568,No
Winter 2023,46292009,003736,FA 2022,MKT,625,002,Scnd 7 Wk,Recitation,New Prod Innov Mngmt,2.25,A,MKT 625,Yes
Winter 2023,46292009,017281,FA 2021,SI,588,002,Regular,Lecture,Fundamntls Hum Beh,3.00,A,SI 588,No
Winter 2023,46292009,019903,FA 2022,TO,548,001,Regular,Recitation,Integ Pro Dev,3.00,A-,TO 548,Yes
Winter 2023,46292009,020379,FA 2022,IOE,548,001,Regular,Lecture,Int Prod Dev,3.00,A-,IOE 548,Yes
Winter 2023,46292009,020401,WN 2023,SI,622,001,Regular,Lecture,Usab Eval & Needs,4.00,A,SI 622,No
Winter 2023,46292009,021400,WN 2022,SI,520,002,Regular,Lecture,Graphic Design,3.00,A,SI 520,No
Winter 2023,46292009,039178,FA 2021,SI,539,001,Regular,Lecture,Web Design,3.00,A,SI 539,No
Winter 2023,46292009,040667,WN 2022,SI,681,001,Regular,Seminar,Intern/Field Seminar,6.00,S,SI 681,No
Winter 2023,46292009,041626,FA 2022,SI,664,001,Regular,Lecture,Database App Design,3.00,A,SI 664,No
Winter 2023,46292009,042104,FA 2021,SI,501,002,Regular,Lecture,Contextual Inq,3.00,A,SI 501,No
Winter 2023,46292009,044772,FA 2021,SI,582,002,Regular,Lecture,Intro Interac Design,3.00,A,SI 582,No
Winter 2023,46292009,047246,FA 2021,SI,506,001,Regular,Lecture,Programming I,3.00,A,SI 506,No
Winter 2023,46292009,047640,WN 2022,SI,507,001,Regular,Lecture,Inter Programming,3.00,A,SI 507,No
Winter 2023,46292009,047901,WN 2023,SI,699,401,Regular,Lecture,MSI Mastery Courses,3.00,A,SI 699,No
Winter 2023,46292009,048129,WN 2022,SI,505,001,First 7 Wk,Lecture,Career/Intern Studio,1.00,S,SI 505,No
Winter 2023,46292009,048488,FA 2022,SI,559,001,Regular,Lecture,AR/VR Intro,3.00,A,SI 559,No
Winter 2023,46292009,050159,WN 2022,SI,579,001,Regular,Lecture,Bldg Interactive App,3.00,C-,SI 579,No
Winter 2023,46292009,050164,WN 2022,SI,504,001,Regular,Lecture,"Servers, Shell,&Git",1.50,A,SI 504,No
Winter 2023,46426801,007395,WN 2022,ARCH,509,004,Regular,Seminar,Experimental Course,3.00,A,ARCH 509,Yes
Winter 2023,46426801,009876,WN 2023,SURVMETH,630,001,Regular,Seminar,Quest Design & Eval,3.00,A,SURVMETH 630,Yes
Winter 2023,46426801,012085,FA 2022,MKT,613,001,Scnd 7 Wk,Recitation,Consumer Behavior,1.50,A-,MKT 613,Yes
Winter 2023,46426801,017281,FA 2021,SI,588,001,Regular,Lecture,Fundamntls Hum Beh,3.00,A+,SI 588,No
Winter 2023,46426801,020401,WN 2022,SI,622,003,Regular,Lecture,Usab Eval & Needs,4.00,A+,SI 622,No
Winter 2023,46426801,021400,FA 2022,SI,520,001,Regular,Lecture,Graphic Design,3.00,A-,SI 520,No
Winter 2023,46426801,040667,WN 2022,SI,681,001,Regular,Seminar,Intern/Field Seminar,6.00,S,SI 681,No
Winter 2023,46426801,042104,FA 2021,SI,501,001,Regular,Lecture,Contextual Inq,3.00,A+,SI 501,No
Winter 2023,46426801,043210,FA 2022,SI,534,001,Regular,Lecture,Theories Soc Influen,3.00,A,SI 534,No
Winter 2023,46426801,044772,FA 2021,SI,582,002,Regular,Lecture,Intro Interac Design,3.00,A,SI 582,No
Winter 2023,46426801,045393,FA 2022,SI,552,001,Regular,Lecture,Accessibility Intro,3.00,A,SI 552,No
Winter 2023,46426801,045687,WN 2023,SI,538,001,Regular,Seminar,Citizen Inter Design,4.00,A,SI 538,No
Winter 2023,46426801,047640,FA 2021,SI,507,001,Regular,Lecture,Inter Programming,3.00,A,SI 507,No
Winter 2023,46426801,047901,WN 2023,SI,699,201,Regular,Lecture,MSI Mastery Courses,3.00,A,SI 699,No
Winter 2023,46426801,050159,WN 2022,SI,579,001,Regular,Lecture,Bldg Interactive App,3.00,A,SI 579,No
Winter 2023,46845292,001459,FA 2022,SI,690,410,Regular,Seminar,Intern/Field Exper,1.00,S,SI 690,No
Winter 2023,46845292,017281,FA 2021,SI,588,002,Regular,Lecture,Fundamntls Hum Beh,3.00,A-,SI 588,No
Winter 2023,46845292,020401,WN 2022,SI,622,003,Regular,Lecture,Usab Eval & Needs,4.00,A,SI 622,No
Winter 2023,46845292,021400,WN 2022,SI,520,002,Regular,Lecture,Graphic Design,3.00,B+,SI 520,No
Winter 2023,46845292,022099,WN 2023,SI,658,001,Regular,Lecture,Info Architecture,3.00,A,SI 658,No
Winter 2023,46845292,039178,WN 2022,SI,539,001,Regular,Lecture,Web Design,3.00,B+,SI 539,No
Winter 2023,46845292,039979,WN 2023,SI,623,001,Regular,Seminar,Res Meth Info Prof,3.00,A+,SI 623,No
Winter 2023,46845292,040667,WN 2022,SI,681,001,Regular,Seminar,Intern/Field Seminar,6.00,S,SI 681,No
Winter 2023,46845292,041626,FA 2022,SI,664,001,Regular,Lecture,Database App Design,3.00,A,SI 664,No
Winter 2023,46845292,041855,FA 2022,SI,631,001,Regular,Lecture,Agile Softwar Dev,1.50,A,SI 631,No
Winter 2023,46845292,042104,FA 2021,SI,501,001,Regular,Lecture,Contextual Inq,3.00,A-,SI 501,No
Winter 2023,46845292,043863,WN 2023,SI,612,002,Regular,Lecture,Pervasv Interact Des,3.00,A,SI 612,No
Winter 2023,46845292,044772,FA 2021,SI,582,002,Regular,Lecture,Intro Interac Design,3.00,A-,SI 582,No
Winter 2023,46845292,047246,FA 2021,SI,506,001,Regular,Lecture,Programming I,3.00,A,SI 506,No
Winter 2023,46845292,047901,WN 2023,SI,699,301,Regular,Lecture,MSI Mastery Courses,3.00,A+,SI 699,No
Winter 2023,46845292,048129,WN 2022,SI,505,001,First 7 Wk,Lecture,Career/Intern Studio,1.00,S,SI 505,No
Winter 2023,46845292,048488,FA 2022,SI,559,001,Regular,Lecture,AR/VR Intro,3.00,A,SI 559,No
Winter 2023,46845292,049601,WN 2022,SI,564,001,Regular,Lecture,SQL & Databases,1.50,A-,SI 564,No
Winter 2023,46845292,050164,FA 2022,SI,504,001,Regular,Lecture,"Servers, Shell,&Git",1.50,A,SI 504,No
Winter 2023,47657366,017281,FA 2021,SI,588,001,Regular,Lecture,Fundamntls Hum Beh,3.00,A+,SI 588,No
Winter 2023,47657366,020401,WN 2022,SI,622,003,Regular,Lecture,Usab Eval & Needs,4.00,A,SI 622,No
Winter 2023,47657366,020934,WN 2023,SI,649,002,Regular,Lecture,Info Visualization,3.00,A,SI 649,No
Winter 2023,47657366,021400,WN 2023,SI,520,004,Regular,Laboratory,Graphic Design,3.00,A-,SI 520,No
Winter 2023,47657366,039178,WN 2022,SI,539,001,Regular,Lecture,Web Design,3.00,A,SI 539,No
Winter 2023,47657366,040667,WN 2022,SI,681,001,Regular,Seminar,Intern/Field Seminar,6.00,S,SI 681,No
Winter 2023,47657366,041626,FA 2022,SI,664,001,Regular,Lecture,Database App Design,3.00,A,SI 664,No
Winter 2023,47657366,042104,FA 2021,SI,501,002,Regular,Lecture,Contextual Inq,3.00,A,SI 501,No
Winter 2023,47657366,043863,WN 2023,SI,612,001,Regular,Lecture,Pervasv Interact Des,3.00,B+,SI 612,No
Winter 2023,47657366,044772,FA 2021,SI,582,003,Regular,Lecture,Intro Interac Design,3.00,A,SI 582,No
Winter 2023,47657366,047246,FA 2021,SI,506,001,Regular,Lecture,Programming I,3.00,A,SI 506,No
Winter 2023,47657366,047640,FA 2022,SI,507,001,Regular,Lecture,Inter Programming,3.00,A,SI 507,No
Winter 2023,47657366,047901,WN 2023,SI,699,003,Regular,Lecture,MSI Mastery Courses,3.00,A,SI 699,No
Winter 2023,47657366,048487,FA 2022,SI,669,001,Regular,Lecture,Dev Mobile Exp,3.00,A+,SI 669,No
Winter 2023,47657366,049601,FA 2022,SI,564,001,Regular,Lecture,SQL & Databases,1.50,A,SI 564,No
Winter 2023,47657366,050159,WN 2022,SI,579,001,Regular,Lecture,Bldg Interactive App,3.00,A,SI 579,No
Winter 2023,47657366,050164,WN 2022,SI,504,001,Regular,Lecture,"Servers, Shell,&Git",1.50,A,SI 504,No
Winter 2023,47844423,007395,FA 2022,ARCH,509,007,Regular,Seminar,Experimental Course,3.00,A-,ARCH 509,Yes
Winter 2023,47844423,009876,WN 2023,SURVMETH,630,001,Regular,Seminar,Quest Design & Eval,3.00,A,SURVMETH 630,Yes
Winter 2023,47844423,017281,FA 2021,SI,588,002,Regular,Lecture,Fundamntls Hum Beh,3.00,A+,SI 588,No
Winter 2023,47844423,020401,WN 2022,SI,622,001,Regular,Lecture,Usab Eval & Needs,4.00,A,SI 622,No
Winter 2023,47844423,020803,WN 2022,SI,643,001,Regular,Lecture,Instructional Skills,3.00,A,SI 643,No
Winter 2023,47844423,021400,FA 2022,SI,520,001,Regular,Lecture,Graphic Design,3.00,A-,SI 520,No
Winter 2023,47844423,022099,WN 2023,SI,658,001,Regular,Lecture,Info Architecture,3.00,A+,SI 658,No
Winter 2023,47844423,039178,FA 2022,SI,539,001,Regular,Lecture,Web Design,3.00,B+,SI 539,No
Winter 2023,47844423,039368,WN 2022,SI,627,001,Regular,Lecture,Managing the IT Org,3.00,A+,SI 627,No
Winter 2023,47844423,040667,WN 2022,SI,681,001,Regular,Seminar,Intern/Field Seminar,6.00,S,SI 681,No
Winter 2023,47844423,042104,FA 2021,SI,501,002,Regular,Lecture,Contextual Inq,3.00,A+,SI 501,No
Winter 2023,47844423,044772,FA 2021,SI,582,001,Regular,Lecture,Intro Interac Design,3.00,A,SI 582,No
Winter 2023,47844423,047246,FA 2021,SI,506,001,Regular,Lecture,Programming I,3.00,A,SI 506,No
Winter 2023,47844423,047901,WN 2023,SI,699,401,Regular,Lecture,MSI Mastery Courses,3.00,A,SI 699,No
Winter 2023,47844423,048831,FA 2022,SI,547,001,Regular,Seminar,Engage w/Communities,3.00,A,SI 547,No
Winter 2023,47865848,016607,FA 2021,SI,544,001,Regular,Lecture,Intr Stat&Data Analy,3.00,A+,SI 544,No
Winter 2023,47865848,017281,FA 2022,SI,588,002,Regular,Lecture,Fundamntls Hum Beh,3.00,A,SI 588,No
Winter 2023,47865848,020401,WN 2022,SI,622,003,Regular,Lecture,Usab Eval & Needs,4.00,A-,SI 622,No
Winter 2023,47865848,039178,WN 2022,SI,539,001,Regular,Lecture,Web Design,3.00,B,SI 539,No
Winter 2023,47865848,040667,WN 2022,SI,681,001,Regular,Seminar,Intern/Field Seminar,6.00,S,SI 681,No
Winter 2023,47865848,041935,WN 2022,SI,530,001,Regular,Lecture,Prin in Management,3.00,B-,SI 530,No
Winter 2023,47865848,042104,FA 2021,SI,501,001,Regular,Lecture,Contextual Inq,3.00,A-,SI 501,No
Winter 2023,47865848,044772,WN 2022,SI,582,001,Regular,Lecture,Intro Interac Design,3.00,A-,SI 582,No
Winter 2023,47865848,045393,FA 2022,SI,552,001,Regular,Lecture,Accessibility Intro,3.00,A-,SI 552,No
Winter 2023,47865848,045771,FA 2022,SI,684,001,Regular,Seminar,Design ConsHlth Tech,3.00,A+,SI 684,No
Winter 2023,47865848,047228,FA 2022,ENTR,500,002,Regular,Lecture,Intro to Innovation,3.00,A,ENTR 500,Yes
Winter 2023,47865848,047640,FA 2021,SI,507,001,Regular,Lecture,Inter Programming,3.00,A,SI 507,No
Winter 2023,47865848,047901,WN 2023,SI,699,401,Regular,Lecture,MSI Mastery Courses,3.00,A,SI 699,No
Winter 2023,47865848,048129,WN 2022,SI,505,001,First 7 Wk,Lecture,Career/Intern Studio,1.00,S,SI 505,No
Winter 2023,47865848,048488,FA 2022,SI,559,001,Regular,Lecture,AR/VR Intro,3.00,A,SI 559,No
Winter 2023,47865848,049601,FA 2021,SI,564,001,Regular,Lecture,SQL & Databases,1.50,A,SI 564,No
Winter 2023,47865848,050164,FA 2021,SI,504,001,Regular,Lecture,"Servers, Shell,&Git",1.50,A,SI 504,No
Winter 2023,47911154,001459,FA 2022,SI,690,410,Regular,Seminar,Intern/Field Exper,2.00,S,SI 690,No
Winter 2023,47911154,003736,FA 2022,MKT,625,002,Scnd 7 Wk,Recitation,New Prod Innov Mngmt,2.25,A-,MKT 625,Yes
Winter 2023,47911154,017281,FA 2021,SI,588,002,Regular,Lecture,Fundamntls Hum Beh,3.00,A+,SI 588,No
Winter 2023,47911154,020401,WN 2022,SI,622,001,Regular,Lecture,Usab Eval & Needs,4.00,A,SI 622,No
Winter 2023,47911154,021400,WN 2022,SI,520,002,Regular,Lecture,Graphic Design,3.00,B+,SI 520,No
Winter 2023,47911154,039178,WN 2022,SI,539,001,Regular,Lecture,Web Design,3.00,A-,SI 539,No
Winter 2023,47911154,040667,WN 2022,SI,681,001,Regular,Seminar,Intern/Field Seminar,6.00,S,SI 681,No
Winter 2023,47911154,042104,FA 2021,SI,501,002,Regular,Lecture,Contextual Inq,3.00,A,SI 501,No
Winter 2023,47911154,043863,FA 2022,SI,612,001,Regular,Lecture,Pervasv Interact Des,3.00,A-,SI 612,No
Winter 2023,47911154,044772,WN 2022,SI,582,001,Regular,Lecture,Intro Interac Design,3.00,A+,SI 582,No
Winter 2023,47911154,044798,WN 2023,ENTR,599,021,Regular,Lecture,Spec Topics Entr,3.00,A,ENTR 599,Yes
Winter 2023,47911154,047246,FA 2021,SI,506,001,Regular,Lecture,Programming I,3.00,A,SI 506,No
Winter 2023,47911154,047901,WN 2023,SI,699,401,Regular,Lecture,MSI Mastery Courses,3.00,A,SI 699,No
Winter 2023,47911154,048488,FA 2021,SI,559,002,Regular,Lecture,AR/VR Intro,3.00,A-,SI 559,No
Winter 2023,47911154,048831,FA 2022,SI,547,001,Regular,Seminar,Engage w/Communities,3.00,B,SI 547,No
Winter 2023,47911154,050846,FA 2022,SI,512,001,Regular,Lecture,Change The Internet,3.00,A,SI 512,No
Winter 2023,48210670,020401,WN 2023,SI,622,002,Regular,Lecture,Usab Eval & Needs,4.00,A,SI 622,No
Winter 2023,48210670,021400,FA 2022,SI,520,001,Regular,Lecture,Graphic Design,3.00,A,SI 520,No
Winter 2023,48210670,039081,WN 2023,SI,529,001,Regular,Lecture,Online Communities,3.00,A,SI 529,No
Winter 2023,48210670,039178,FA 2022,SI,539,001,Regular,Lecture,Web Design,3.00,A+,SI 539,No
Winter 2023,48210670,040667,WN 2023,SI,681,001,Regular,Seminar,Intern/Field Seminar,6.00,S,SI 681,No
Winter 2023,48210670,042104,FA 2022,SI,501,001,Regular,Lecture,Contextual Inq,3.00,A+,SI 501,No
Winter 2023,48210670,043863,WN 2023,SI,612,001,Regular,Lecture,Pervasv Interact Des,3.00,A,SI 612,No
Winter 2023,48210670,044772,FA 2022,SI,582,001,Regular,Lecture,Intro Interac Design,3.00,A,SI 582,No
Winter 2023,48210670,045732,WN 2023,SI,554,001,Regular,Lecture,Consumer Hlth Inform,3.00,A,SI 554,No
Winter 2023,48210670,047011,FA 2023,SI,425,101,Regular,Lecture,Intro User Modeling,3.00,A,SI 425,No
Winter 2023,48210670,047901,FA 2023,SI,699,001,Regular,Lecture,MSI Mastery Courses,3.00,A,SI 699,No
Winter 2023,48210670,048129,FA 2022,SI,505,001,Scnd 7 Wk,Lecture,Career/Intern Studio,1.00,S,SI 505,No
Winter 2023,49200198,017281,FA 2022,SI,588,001,Regular,Lecture,Fundamntls Hum Beh,3.00,A,SI 588,No
Winter 2023,49200198,020401,WN 2022,SI,622,001,Regular,Lecture,Usab Eval & Needs,4.00,A,SI 622,No
Winter 2023,49200198,020934,WN 2023,SI,649,002,Regular,Lecture,Info Visualization,3.00,A,SI 649,No
Winter 2023,49200198,021400,WN 2022,SI,520,002,Regular,Lecture,Graphic Design,3.00,A-,SI 520,No
Winter 2023,49200198,022099,WN 2023,SI,658,001,Regular,Lecture,Info Architecture,3.00,A,SI 658,No
Winter 2023,49200198,039178,FA 2021,SI,539,001,Regular,Lecture,Web Design,3.00,A,SI 539,No
Winter 2023,49200198,040667,WN 2022,SI,681,001,Regular,Seminar,Intern/Field Seminar,6.00,S,SI 681,No
Winter 2023,49200198,041626,FA 2021,SI,664,001,Regular,Lecture,Database App Design,3.00,A,SI 664,No
Winter 2023,49200198,041855,FA 2022,SI,631,001,Regular,Lecture,Agile Softwar Dev,1.50,A,SI 631,No
Winter 2023,49200198,042104,FA 2021,SI,501,001,Regular,Lecture,Contextual Inq,3.00,A,SI 501,No
Winter 2023,49200198,043863,FA 2022,SI,612,001,Regular,Lecture,Pervasv Interact Des,3.00,A,SI 612,No
Winter 2023,49200198,044772,WN 2022,SI,582,001,Regular,Lecture,Intro Interac Design,3.00,A+,SI 582,No
Winter 2023,49200198,047640,FA 2021,SI,507,001,Regular,Lecture,Inter Programming,3.00,A,SI 507,No
Winter 2023,49200198,047901,WN 2023,SI,699,301,Regular,Lecture,MSI Mastery Courses,3.00,A+,SI 699,No
Winter 2023,49200198,050159,FA 2022,SI,579,001,Regular,Lecture,Bldg Interactive App,3.00,A,SI 579,No
Winter 2023,49200198,050164,WN 2022,SI,504,001,Regular,Lecture,"Servers, Shell,&Git",1.50,A,SI 504,No
Winter 2023,49201874,009732,FA 2021,SI,650,001,Regular,Lecture,Informatn Retrieval,3.00,A+,SI 650,No
Winter 2023,49201874,014748,FA 2021,EECS,545,001,Regular,Lecture,Machine Learning,3.00,A,EECS 545,Yes
Winter 2023,49201874,020374,FA 2021,EECS,591,001,Regular,Lecture,Dist Sys,4.00,B+,EECS 591,Yes
Winter 2023,49201874,021391,WN 2022,SI,511,630,Regular,Laboratory,Special Topics,1.00,A+,SI 511,No
Winter 2023,49201874,040667,WN 2022,SI,681,001,Regular,Seminar,Intern/Field Seminar,6.00,S,SI 681,No
Winter 2023,49201874,041626,WN 2022,SI,664,001,Regular,Lecture,Database App Design,3.00,A,SI 664,No
Winter 2023,49201874,042071,FA 2022,SI,563,001,Regular,Lecture,Game Theory,3.00,A,SI 563,No
Winter 2023,49201874,042091,FA 2021,SI,618,001,Regular,Lecture,Data Man & Analysis,3.00,A,SI 618,No
Winter 2023,49201874,042104,FA 2022,SI,501,002,Regular,Lecture,Contextual Inq,3.00,A,SI 501,No
Winter 2023,49201874,045930,FA 2022,SI,671,001,Regular,Lecture,Data Mining,3.00,A-,SI 671,No
Winter 2023,49201874,047901,WN 2023,SI,699,005,Regular,Lecture,MSI Mastery Courses,3.00,A+,SI 699,No
Winter 2023,49201874,048268,WN 2022,SI,630,001,Regular,Lecture,NLP Algorithm People,3.00,A+,SI 630,No
Winter 2023,49201874,048500,FA 2022,SI,670,001,Regular,Lecture,Appld Machine Learng,3.00,B+,SI 670,No
Winter 2023,49201874,050159,WN 2022,SI,579,001,Regular,Lecture,Bldg Interactive App,3.00,A,SI 579,No
Winter 2023,49201874,050164,WN 2023,SI,504,001,Regular,Lecture,"Servers, Shell,&Git",1.50,A,SI 504,No
Winter 2023,49201874,050663,WN 2022,SI,568,001,Regular,Lecture,Intro Appld Data Sci,3.00,A,SI 568,No
Winter 2023,49287916,001459,FA 2022,SI,690,410,Regular,Seminar,Intern/Field Exper,3.00,S,SI 690,No
Winter 2023,49287916,009731,FA 2021,SI,580,001,Regular,Lecture,Records & Archives,3.00,A+,SI 580,No
Winter 2023,49287916,021045,FA 2021,SI,666,001,Regular,Lecture,Org of Inf Resources,3.00,A,SI 666,No
Winter 2023,49287916,039979,WN 2022,SI,623,001,Regular,Seminar,Res Meth Info Prof,3.00,A+,SI 623,No
Winter 2023,49287916,041626,WN 2023,SI,664,001,Regular,Lecture,Database App Design,3.00,A,SI 664,No
Winter 2023,49287916,042104,FA 2021,SI,501,002,Regular,Lecture,Contextual Inq,3.00,A,SI 501,No
Winter 2023,49287916,042324,WN 2022,SI,639,001,Scnd 7 Wk,Lecture,Web Archiving,1.50,A+,SI 639,No
Winter 2023,49287916,047246,FA 2021,SI,506,001,Regular,Lecture,Programming I,3.00,A-,SI 506,No
Winter 2023,49287916,047901,WN 2023,SI,699,006,Regular,Lecture,MSI Mastery Courses,3.00,A+,SI 699,No
Winter 2023,49287916,048280,WN 2022,SI,667,001,Regular,Lecture,Digital Curation,3.00,A,SI 667,No
Winter 2023,49287916,049038,WN 2022,SI,688,001,Regular,Lecture,AppProjS S -GIEP/CID,6.00,S,SI 688,No
Winter 2023,49287916,049601,WN 2022,SI,564,001,Regular,Lecture,SQL & Databases,1.50,A,SI 564,No
Winter 2023,49287916,050028,FA 2022,SI,583,001,Regular,Lecture,Info Accountability,3.00,A,SI 583,No
Winter 2023,49287916,050161,FA 2022,SI,676,001,Regular,Lecture,Network Info Servcs,3.00,A,SI 676,No
Winter 2023,49287916,050162,WN 2023,SI,510,001,Regular,Lecture,Information Ethics,3.00,A+,SI 510,No
Winter 2023,49287916,050163,FA 2022,SI,633,001,Regular,Lecture,Assesmnt Cultrl Inst,3.00,A,SI 633,No
Winter 2023,49287916,050164,WN 2022,SI,504,001,Regular,Lecture,"Servers, Shell,&Git",1.50,A,SI 504,No
Winter 2023,49287916,050165,WN 2023,SI,585,001,Regular,Lecture,Scholarly Comm,3.00,A,SI 585,No
Winter 2023,49629879,007395,FA 2022,ARCH,509,007,Regular,Seminar,Experimental Course,3.00,A,ARCH 509,Yes
Winter 2023,49629879,009876,WN 2023,SURVMETH,630,001,Regular,Seminar,Quest Design & Eval,3.00,A,SURVMETH 630,Yes
Winter 2023,49629879,017281,FA 2021,SI,588,001,Regular,Lecture,Fundamntls Hum Beh,3.00,A,SI 588,No
Winter 2023,49629879,020401,WN 2022,SI,622,001,Regular,Lecture,Usab Eval & Needs,4.00,A,SI 622,No
Winter 2023,49629879,021400,WN 2022,SI,520,001,Regular,Lecture,Graphic Design,3.00,B+,SI 520,No
Winter 2023,49629879,022099,WN 2023,SI,658,001,Regular,Lecture,Info Architecture,3.00,A,SI 658,No
Winter 2023,49629879,039178,WN 2022,SI,539,001,Regular,Lecture,Web Design,3.00,A-,SI 539,No
Winter 2023,49629879,040667,WN 2022,SI,681,001,Regular,Seminar,Intern/Field Seminar,6.00,S,SI 681,No
Winter 2023,49629879,042104,FA 2021,SI,501,002,Regular,Lecture,Contextual Inq,3.00,A,SI 501,No
Winter 2023,49629879,043241,FA 2022,SI,657,001,Regular,Lecture,Info Tech and Inter,3.00,A-,SI 657,No
Winter 2023,49629879,044772,FA 2021,SI,582,001,Regular,Lecture,Intro Interac Design,3.00,A,SI 582,No
Winter 2023,49629879,046306,FA 2022,SI,616,001,Regular,Lecture,Adv Graphic Design,3.00,A-,SI 616,No
Winter 2023,49629879,047246,FA 2021,SI,506,001,Regular,Lecture,Programming I,3.00,A,SI 506,No
Winter 2023,49629879,047901,WN 2023,SI,699,401,Regular,Lecture,MSI Mastery Courses,3.00,A,SI 699,No
Winter 2023,49629879,048831,FA 2022,SI,547,001,Regular,Seminar,Engage w/Communities,3.00,A,SI 547,No
Winter 2023,51198420,001459,FA 2022,SI,690,390,Regular,Seminar,Intern/Field Exper,6.00,S,SI 690,No
Winter 2023,51198420,009732,FA 2022,SI,650,001,Regular,Lecture,Informatn Retrieval,3.00,A,SI 650,No
Winter 2023,51198420,020934,WN 2023,SI,649,001,Regular,Lecture,Info Visualization,3.00,A-,SI 649,No
Winter 2023,51198420,039081,WN 2023,SI,529,001,Regular,Lecture,Online Communities,3.00,A,SI 529,No
Winter 2023,51198420,042104,FA 2022,SI,501,001,Regular,Lecture,Contextual Inq,3.00,A,SI 501,No
Winter 2023,51198420,045930,FA 2022,SI,671,001,Regular,Lecture,Data Mining,3.00,A-,SI 671,No
Winter 2023,51198420,047901,WN 2023,SI,699,305,Regular,Lecture,MSI Mastery Courses,3.00,A,SI 699,No
Winter 2023,51198420,048500,FA 2022,SI,670,001,Regular,Lecture,Appld Machine Learng,3.00,A,SI 670,No
Winter 2023,51198420,050663,WN 2023,SI,568,001,Regular,Lecture,Intro Appld Data Sci,3.00,A+,SI 568,No
Winter 2023,51606813,003735,FA 2021,MKT,618,002,Regular,Recitation,Marketing Analytics,3.00,A,MKT 618,Yes
Winter 2023,51606813,009732,FA 2022,SI,650,001,Regular,Lecture,Informatn Retrieval,3.00,A+,SI 650,No
Winter 2023,51606813,016607,FA 2021,SI,544,001,Regular,Lecture,Intr Stat&Data Analy,3.00,A+,SI 544,No
Winter 2023,51606813,017271,WN 2022,TO,572,001,First 7 Wk,Recitation,App B Frcst I,1.50,A,TO 572,Yes
Winter 2023,51606813,040667,WN 2022,SI,681,001,Regular,Seminar,Intern/Field Seminar,6.00,S,SI 681,No
Winter 2023,51606813,041860,FA 2022,DESCI,501,001,Regular,Lecture,Analytical Prod Des,3.00,A-,DESCI 501,Yes
Winter 2023,51606813,042091,WN 2022,SI,618,001,Regular,Lecture,Data Man & Analysis,3.00,A,SI 618,No
Winter 2023,51606813,042104,FA 2021,SI,501,002,Regular,Lecture,Contextual Inq,3.00,A,SI 501,No
Winter 2023,51606813,042324,WN 2023,SI,639,001,Scnd 7 Wk,Lecture,Web Archiving,1.50,A+,SI 639,No
Winter 2023,51606813,043490,FA 2022,BE,608,001,Scnd 7 Wk,Recitation,Health Care Markets,1.50,A,BE 608,Yes
Winter 2023,51606813,045930,FA 2022,SI,671,001,Regular,Lecture,Data Mining,3.00,A,SI 671,No
Winter 2023,51606813,047246,FA 2021,SI,506,001,Regular,Lecture,Programming I,3.00,A,SI 506,No
Winter 2023,51606813,047640,WN 2022,SI,507,001,Regular,Lecture,Inter Programming,3.00,A,SI 507,No
Winter 2023,51606813,047901,WN 2023,SI,699,305,Regular,Lecture,MSI Mastery Courses,3.00,A,SI 699,No
Winter 2023,51606813,048500,FA 2022,SI,670,001,Regular,Lecture,Appld Machine Learng,3.00,A-,SI 670,No
Winter 2023,51606813,049601,WN 2022,SI,564,001,Regular,Lecture,SQL & Databases,1.50,A,SI 564,No
Winter 2023,51606813,050663,WN 2022,SI,568,001,Regular,Lecture,Intro Appld Data Sci,3.00,A-,SI 568,No
Winter 2023,51815320,003735,FA 2021,MKT,618,001,Regular,Recitation,Marketing Analytics,3.00,A-,MKT 618,Yes
Winter 2023,51815320,020401,WN 2022,SI,622,001,Regular,Lecture,Usab Eval & Needs,4.00,A,SI 622,No
Winter 2023,51815320,021050,WN 2023,SI,691,069,Regular,Ind Study,Independent Study,2.00,A,SI 691,No
Winter 2023,51815320,021400,FA 2021,SI,520,001,Regular,Lecture,Graphic Design,3.00,A-,SI 520,No
Winter 2023,51815320,022099,WN 2023,SI,658,001,Regular,Lecture,Info Architecture,3.00,A+,SI 658,No
Winter 2023,51815320,039979,WN 2022,SI,623,001,Regular,Seminar,Res Meth Info Prof,3.00,A,SI 623,No
Winter 2023,51815320,040667,WN 2022,SI,681,001,Regular,Seminar,Intern/Field Seminar,6.00,S,SI 681,No
Winter 2023,51815320,042104,FA 2021,SI,501,001,Regular,Lecture,Contextual Inq,3.00,A,SI 501,No
Winter 2023,51815320,042213,FA 2022,PSYCH,782,001,Regular,Lecture,Cultural Psychology,3.00,A-,PSYCH 782,Yes
Winter 2023,51815320,043210,FA 2022,SI,534,001,Regular,Lecture,Theories Soc Influen,3.00,B+,SI 534,No
Winter 2023,51815320,044772,WN 2022,SI,582,001,Regular,Lecture,Intro Interac Design,3.00,B,SI 582,No
Winter 2023,51815320,047246,FA 2021,SI,506,001,Regular,Lecture,Programming I,3.00,A,SI 506,No
Winter 2023,51815320,047304,WN 2023,ENTR,550,001,Regular,Lecture,Interpersonal Skills,3.00,A-,ENTR 550,Yes
Winter 2023,51815320,049040,WN 2023,SI,698,069,Regular,Seminar,Master's Thesis 2,3.00,A,SI 698,No
Winter 2023,51815320,049365,FA 2022,SI,697,069,Regular,Ind Study,Master's Thesis 1,3.00,S,SI 697,No
Winter 2023,51918029,012085,FA 2022,MKT,613,002,Scnd 7 Wk,Recitation,Consumer Behavior,1.50,B,MKT 613,Yes
Winter 2023,51918029,017281,FA 2021,SI,588,001,Regular,Lecture,Fundamntls Hum Beh,3.00,A-,SI 588,No
Winter 2023,51918029,017533,WN 2023,MO,512,003,First 7 Wk,Recitation,Bargain&Infl Skills,2.25,A,MO 512,Yes
Winter 2023,51918029,020401,WN 2022,SI,622,003,Regular,Lecture,Usab Eval & Needs,4.00,A,SI 622,No
Winter 2023,51918029,021400,FA 2021,SI,520,001,Regular,Lecture,Graphic Design,3.00,A,SI 520,No
Winter 2023,51918029,039178,FA 2022,SI,539,001,Regular,Lecture,Web Design,3.00,A+,SI 539,No
Winter 2023,51918029,040667,WN 2022,SI,681,001,Regular,Seminar,Intern/Field Seminar,6.00,S,SI 681,No
Winter 2023,51918029,042104,FA 2021,SI,501,001,Regular,Lecture,Contextual Inq,3.00,A,SI 501,No
Winter 2023,51918029,043863,WN 2022,SI,612,001,Regular,Lecture,Pervasv Interact Des,3.00,B,SI 612,No
Winter 2023,51918029,044772,FA 2021,SI,582,003,Regular,Lecture,Intro Interac Design,3.00,A+,SI 582,No
Winter 2023,51918029,045771,FA 2022,SI,684,001,Regular,Seminar,Design ConsHlth Tech,3.00,A+,SI 684,No
Winter 2023,51918029,046306,WN 2023,SI,616,001,Regular,Lecture,Adv Graphic Design,3.00,A-,SI 616,No
Winter 2023,51918029,047073,WN 2023,TO,628,001,Scnd 7 Wk,Recitation,Big Data Analytics,2.25,A-,TO 628,Yes
Winter 2023,51918029,047901,WN 2023,SI,699,301,Regular,Lecture,MSI Mastery Courses,3.00,A+,SI 699,No
Winter 2023,51918029,048129,WN 2022,SI,505,001,First 7 Wk,Lecture,Career/Intern Studio,1.00,S,SI 505,No
Winter 2023,51918029,048486,WN 2022,SI,659,001,Regular,Lecture,AR/VR Advanced,3.00,B+,SI 659,No
Winter 2023,51918029,048488,FA 2022,SI,559,001,Regular,Lecture,AR/VR Intro,3.00,A,SI 559,No
Winter 2023,52207967,012085,WN 2022,MKT,613,001,First 7 Wk,Recitation,Consumer Behavior,1.50,A-,MKT 613,Yes
Winter 2023,52207967,017281,FA 2022,SI,588,002,Regular,Lecture,Fundamntls Hum Beh,3.00,A,SI 588,No
Winter 2023,52207967,020401,WN 2022,SI,622,003,Regular,Lecture,Usab Eval & Needs,4.00,A,SI 622,No
Winter 2023,52207967,021400,FA 2021,SI,520,002,Regular,Lecture,Graphic Design,3.00,A-,SI 520,No
Winter 2023,52207967,039081,WN 2022,SI,529,001,Regular,Lecture,Online Communities,3.00,A,SI 529,No
Winter 2023,52207967,039178,FA 2021,SI,539,001,Regular,Lecture,Web Design,3.00,A,SI 539,No
Winter 2023,52207967,042104,FA 2021,SI,501,001,Regular,Lecture,Contextual Inq,3.00,A,SI 501,No
Winter 2023,52207967,043863,FA 2022,SI,612,002,Regular,Lecture,Pervasv Interact Des,3.00,A,SI 612,No
Winter 2023,52207967,044772,WN 2022,SI,582,001,Regular,Lecture,Intro Interac Design,3.00,A,SI 582,No
Winter 2023,52207967,045393,FA 2022,SI,552,001,Regular,Lecture,Accessibility Intro,3.00,A-,SI 552,No
Winter 2023,52207967,047228,WN 2023,ENTR,500,002,Regular,Lecture,Intro to Innovation,3.00,A,ENTR 500,Yes
Winter 2023,52207967,047246,FA 2021,SI,506,001,Regular,Lecture,Programming I,3.00,A,SI 506,No
Winter 2023,52207967,047901,WN 2023,SI,699,401,Regular,Lecture,MSI Mastery Courses,3.00,A,SI 699,No
Winter 2023,52207967,048129,WN 2023,SI,505,001,First 7 Wk,Lecture,Career/Intern Studio,1.00,S,SI 505,No
Winter 2023,52207967,048488,FA 2022,SI,559,001,Regular,Lecture,AR/VR Intro,3.00,A,SI 559,No
Winter 2023,52207967,049038,WN 2022,SI,688,001,Regular,Lecture,AppProjS S -GIEP/CID,6.00,S,SI 688,No
Winter 2023,52371200,009731,FA 2021,SI,580,001,Regular,Lecture,Records & Archives,3.00,A+,SI 580,No
Winter 2023,52371200,009732,FA 2022,SI,650,001,Regular,Lecture,Informatn Retrieval,3.00,A-,SI 650,No
Winter 2023,52371200,016607,FA 2021,SI,544,001,Regular,Lecture,Intr Stat&Data Analy,3.00,A+,SI 544,No
Winter 2023,52371200,020934,WN 2022,SI,649,001,Regular,Lecture,Info Visualization,3.00,A-,SI 649,No
Winter 2023,52371200,021045,FA 2021,SI,666,001,Regular,Lecture,Org of Inf Resources,3.00,A-,SI 666,No
Winter 2023,52371200,039123,WN 2023,EAS,531,001,Regular,Lecture,Principles of GIS,4.00,A-,EAS 531,Yes
Winter 2023,52371200,040667,WN 2022,SI,681,001,Regular,Seminar,Intern/Field Seminar,6.00,S,SI 681,No
Winter 2023,52371200,042091,WN 2022,SI,618,001,Regular,Lecture,Data Man & Analysis,3.00,B+,SI 618,No
Winter 2023,52371200,042104,FA 2021,SI,501,001,Regular,Lecture,Contextual Inq,3.00,A,SI 501,No
Winter 2023,52371200,042324,WN 2022,SI,639,001,Scnd 7 Wk,Lecture,Web Archiving,1.50,W,SI 639,No
Winter 2023,52371200,043241,FA 2022,SI,657,001,Regular,Lecture,Info Tech and Inter,3.00,A,SI 657,No
Winter 2023,52371200,045930,FA 2022,SI,671,001,Regular,Lecture,Data Mining,3.00,C,SI 671,No
Winter 2023,52371200,047640,FA 2021,SI,507,001,Regular,Lecture,Inter Programming,3.00,A,SI 507,No
Winter 2023,52371200,047901,WN 2023,SI,699,205,Regular,Lecture,MSI Mastery Courses,3.00,A,SI 699,No
Winter 2023,52371200,049601,FA 2021,SI,564,001,Regular,Lecture,SQL & Databases,1.50,A,SI 564,No
Winter 2023,52371200,050164,FA 2021,SI,504,001,Regular,Lecture,"Servers, Shell,&Git",1.50,A,SI 504,No
Winter 2023,52371200,050663,WN 2022,SI,568,001,Regular,Lecture,Intro Appld Data Sci,3.00,A,SI 568,No
Winter 2023,52637649,017281,FA 2021,SI,588,001,Regular,Lecture,Fundamntls Hum Beh,3.00,A+,SI 588,No
Winter 2023,52637649,020401,WN 2022,SI,622,001,Regular,Lecture,Usab Eval & Needs,4.00,A,SI 622,No
Winter 2023,52637649,021400,WN 2022,SI,520,002,Regular,Lecture,Graphic Design,3.00,A,SI 520,No
Winter 2023,52637649,039178,WN 2022,SI,539,001,Regular,Lecture,Web Design,3.00,A,SI 539,No
Winter 2023,52637649,040667,WN 2022,SI,681,001,Regular,Seminar,Intern/Field Seminar,6.00,S,SI 681,No
Winter 2023,52637649,042071,FA 2022,SI,563,001,Regular,Lecture,Game Theory,3.00,A,SI 563,No
Winter 2023,52637649,042104,FA 2021,SI,501,001,Regular,Lecture,Contextual Inq,3.00,A,SI 501,No
Winter 2023,52637649,043210,FA 2022,SI,534,001,Regular,Lecture,Theories Soc Influen,3.00,A,SI 534,No
Winter 2023,52637649,043863,WN 2023,SI,612,001,Regular,Lecture,Pervasv Interact Des,3.00,A-,SI 612,No
Winter 2023,52637649,044772,FA 2021,SI,582,004,Regular,Lecture,Intro Interac Design,3.00,A,SI 582,No
Winter 2023,52637649,045393,FA 2022,SI,552,001,Regular,Lecture,Accessibility Intro,3.00,A+,SI 552,No
Winter 2023,52637649,047246,FA 2021,SI,506,001,Regular,Lecture,Programming I,3.00,A-,SI 506,No
Winter 2023,52637649,047901,WN 2023,SI,699,301,Regular,Lecture,MSI Mastery Courses,3.00,A+,SI 699,No
Winter 2023,52637649,048129,WN 2022,SI,505,001,First 7 Wk,Lecture,Career/Intern Studio,1.00,S,SI 505,No
Winter 2023,52637649,050162,WN 2023,SI,510,001,Regular,Lecture,Information Ethics,3.00,A+,SI 510,No
Winter 2023,52637649,050164,WN 2022,SI,504,001,Regular,Lecture,"Servers, Shell,&Git",1.50,A,SI 504,No
Winter 2023,52765102,017281,FA 2021,SI,588,001,Regular,Lecture,Fundamntls Hum Beh,3.00,A,SI 588,No
Winter 2023,52765102,017533,WN 2023,MO,512,002,First 7 Wk,Recitation,Bargain&Infl Skills,2.25,A-,MO 512,Yes
Winter 2023,52765102,019903,FA 2022,TO,548,001,Regular,Recitation,Integ Pro Dev,3.00,B,TO 548,Yes
Winter 2023,52765102,020379,FA 2022,IOE,548,001,Regular,Lecture,Int Prod Dev,3.00,A-,IOE 548,Yes
Winter 2023,52765102,020401,FA 2021,SI,622,001,Regular,Lecture,Usab Eval & Needs,4.00,A,SI 622,No
Winter 2023,52765102,039368,WN 2022,SI,627,001,Regular,Lecture,Managing the IT Org,3.00,A-,SI 627,No
Winter 2023,52765102,040667,WN 2022,SI,681,001,Regular,Seminar,Intern/Field Seminar,6.00,S,SI 681,No
Winter 2023,52765102,042104,FA 2021,SI,501,001,Regular,Lecture,Contextual Inq,3.00,A,SI 501,No
Winter 2023,52765102,043863,WN 2022,SI,612,001,Regular,Lecture,Pervasv Interact Des,3.00,A,SI 612,No
Winter 2023,52765102,045393,FA 2022,SI,552,001,Regular,Lecture,Accessibility Intro,3.00,B+,SI 552,No
Winter 2023,52765102,046306,WN 2022,SI,616,001,Regular,Lecture,Adv Graphic Design,3.00,A-,SI 616,No
Winter 2023,52765102,047246,FA 2021,SI,506,001,Regular,Lecture,Programming I,3.00,A,SI 506,No
Winter 2023,52765102,047901,WN 2023,SI,699,001,Regular,Lecture,MSI Mastery Courses,3.00,A+,SI 699,No
Winter 2023,52765102,048129,WN 2023,SI,505,001,First 7 Wk,Lecture,Career/Intern Studio,1.00,S,SI 505,No
Winter 2023,52765102,048421,WN 2022,ENTR,560,001,Regular,Lecture,Proj Mgmt Consulting,3.00,A,ENTR 560,Yes
Winter 2023,52765102,048488,FA 2022,SI,559,001,Regular,Lecture,AR/VR Intro,3.00,A,SI 559,No
Winter 2023,52765102,049062,WN 2023,TO,635,001,Scnd 7 Wk,Recitation,Behav Econ/Behav OM,2.25,A-,TO 635,Yes
Winter 2023,52765102,050136,WN 2022,UARTS,560,102,Regular,Laboratory,Grad ArtsEng Proj,1.00,A,UARTS 560,Yes
Winter 2023,52765102,050136,FA 2022,UARTS,560,102,Regular,Laboratory,Grad ArtsEng Proj,1.00,A,UARTS 560,Yes
Winter 2023,52765102,050136,WN 2023,UARTS,560,102,Regular,Laboratory,Grad ArtsEng Proj,1.00,A,UARTS 560,Yes
Winter 2023,52765102,050164,FA 2021,SI,504,001,Regular,Lecture,"Servers, Shell,&Git",1.50,A,SI 504,No
Winter 2023,52774756,017281,FA 2021,SI,588,002,Regular,Lecture,Fundamntls Hum Beh,3.00,A,SI 588,No
Winter 2023,52774756,020401,WN 2022,SI,622,003,Regular,Lecture,Usab Eval & Needs,4.00,A,SI 622,No
Winter 2023,52774756,021400,FA 2021,SI,520,002,Regular,Lecture,Graphic Design,3.00,A-,SI 520,No
Winter 2023,52774756,022099,WN 2022,SI,658,001,Regular,Lecture,Info Architecture,3.00,A+,SI 658,No
Winter 2023,52774756,042104,FA 2021,SI,501,002,Regular,Lecture,Contextual Inq,3.00,A,SI 501,No
Winter 2023,52774756,043863,FA 2022,SI,612,002,Regular,Lecture,Pervasv Interact Des,3.00,A+,SI 612,No
Winter 2023,52774756,044772,FA 2021,SI,582,003,Regular,Lecture,Intro Interac Design,3.00,A+,SI 582,No
Winter 2023,52774756,047640,WN 2022,SI,507,001,Regular,Lecture,Inter Programming,3.00,A,SI 507,No
Winter 2023,52774756,047901,WN 2023,SI,699,001,Regular,Lecture,MSI Mastery Courses,3.00,A,SI 699,No
Winter 2023,52774756,048129,FA 2022,SI,505,001,Scnd 7 Wk,Lecture,Career/Intern Studio,1.00,S,SI 505,No
Winter 2023,52774756,048421,FA 2022,ENTR,560,001,Regular,Lecture,Proj Mgmt Consulting,3.00,A+,ENTR 560,Yes
Winter 2023,52774756,048488,FA 2022,SI,559,001,Regular,Lecture,AR/VR Intro,3.00,A,SI 559,No
Winter 2023,52774756,049038,WN 2022,SI,688,001,Regular,Lecture,AppProjS S -GIEP/CID,6.00,S,SI 688,No
Winter 2023,52774756,050159,WN 2022,SI,579,001,Regular,Lecture,Bldg Interactive App,3.00,A,SI 579,No
Winter 2023,52774756,050164,FA 2021,SI,504,001,Regular,Lecture,"Servers, Shell,&Git",1.50,A,SI 504,No
Winter 2023,52774756,050846,FA 2022,SI,512,001,Regular,Lecture,Change The Internet,3.00,A,SI 512,No
Winter 2023,52795403,009731,FA 2021,SI,580,001,Regular,Lecture,Records & Archives,3.00,W,SI 580,No
Winter 2023,52795403,016607,FA 2021,SI,544,001,Regular,Lecture,Intr Stat&Data Analy,3.00,A,SI 544,No
Winter 2023,52795403,017281,FA 2020,SI,588,001,Regular,Lecture,Fundamntls Hum Beh,3.00,W,SI 588,No
Winter 2023,52795403,017281,FA 2021,SI,588,002,Regular,Lecture,Fundamntls Hum Beh,3.00,C+,SI 588,No
Winter 2023,52795403,020401,WN 2021,SI,622,002,Regular,Lecture,Usab Eval & Needs,4.00,B+,SI 622,No
Winter 2023,52795403,021050,WN 2023,SI,691,005,Regular,Ind Study,Independent Study,3.00,B,SI 691,No
Winter 2023,52795403,021400,FA 2021,SI,520,002,Regular,Lecture,Graphic Design,3.00,W,SI 520,No
Winter 2023,52795403,021400,WN 2022,SI,520,002,Regular,Lecture,Graphic Design,3.00,W,SI 520,No
Winter 2023,52795403,039178,WN 2021,SI,539,001,Regular,Lecture,Des of Comp Websites,3.00,P,SI 539,No
Winter 2023,52795403,039979,WN 2022,SI,623,001,Regular,Seminar,Res Meth Info Prof,3.00,W,SI 623,No
Winter 2023,52795403,040667,WN 2021,SI,681,089,Regular,Seminar,Intern/Field Seminar,3.00,S,SI 681,No
Winter 2023,52795403,040667,WN 2022,SI,681,001,Regular,Seminar,Intern/Field Seminar,6.00,S,SI 681,No
Winter 2023,52795403,042104,FA 2020,SI,501,001,Regular,Lecture,Contextual Inq,3.00,A-,SI 501,No
Winter 2023,52795403,044772,FA 2020,SI,582,003,Regular,Lecture,Intro Interac Design,3.00,A-,SI 582,No
Winter 2023,52795403,045393,FA 2022,SI,552,001,Regular,Lecture,Accessibility Intro,3.00,C,SI 552,No
Winter 2023,52795403,045732,WN 2021,SI,554,001,Regular,Lecture,Consumer Hlth Inform,3.00,P,SI 554,No
Winter 2023,52795403,045771,FA 2022,SI,684,001,Regular,Seminar,Design ConsHlth Tech,3.00,W,SI 684,No
Winter 2023,52795403,047246,FA 2020,SI,506,001,Regular,Lecture,Programming I,3.00,P,SI 506,No
Winter 2023,52795403,047901,FA 2022,SI,699,001,Regular,Lecture,MSI Mastery Courses,3.00,B-,SI 699,No
Winter 2023,52795403,048129,WN 2023,SI,505,001,First 7 Wk,Lecture,Career/Intern Studio,1.00,S,SI 505,No
Winter 2023,52795403,049082,WN 2022,SI,682,001,Regular,Lecture,UX Field Research,3.00,B,SI 682,No
Winter 2023,52795403,050846,FA 2022,SI,512,001,Regular,Lecture,Change The Internet,3.00,B,SI 512,No
Winter 2023,52825703,017281,FA 2021,SI,588,002,Regular,Lecture,Fundamntls Hum Beh,3.00,A,SI 588,No
Winter 2023,52825703,020401,WN 2022,SI,622,001,Regular,Lecture,Usab Eval & Needs,4.00,A,SI 622,No
Winter 2023,52825703,021050,FA 2022,SI,691,120,Regular,Ind Study,Independent Study,1.00,A,SI 691,No
Winter 2023,52825703,039178,WN 2022,SI,539,001,Regular,Lecture,Web Design,3.00,A,SI 539,No
Winter 2023,52825703,041855,FA 2022,SI,631,001,Regular,Lecture,Agile Softwar Dev,1.50,A,SI 631,No
Winter 2023,52825703,042104,FA 2021,SI,501,001,Regular,Lecture,Contextual Inq,3.00,A,SI 501,No
Winter 2023,52825703,043366,WN 2022,SI,617,001,Regular,Lecture,Choice Architecture,3.00,A,SI 617,No
Winter 2023,52825703,043863,FA 2022,SI,612,001,Regular,Lecture,Pervasv Interact Des,3.00,A,SI 612,No
Winter 2023,52825703,044772,FA 2021,SI,582,002,Regular,Lecture,Intro Interac Design,3.00,A,SI 582,No
Winter 2023,52825703,045771,FA 2022,SI,684,001,Regular,Seminar,Design ConsHlth Tech,3.00,A+,SI 684,No
Winter 2023,52825703,046306,FA 2022,SI,616,001,Regular,Lecture,Adv Graphic Design,3.00,A,SI 616,No
Winter 2023,52825703,047246,FA 2021,SI,506,101,Regular,Lecture,Programming I,3.00,A,SI 506,No
Winter 2023,52825703,047901,WN 2023,SI,699,301,Regular,Lecture,MSI Mastery Courses,3.00,A+,SI 699,No
Winter 2023,52825703,047915,FA 2021,SI,537,001,Regular,Lecture,Crisis Informatics,3.00,A+,SI 537,No
Winter 2023,52825703,048129,WN 2022,SI,505,001,First 7 Wk,Lecture,Career/Intern Studio,1.00,S,SI 505,No
Winter 2023,52825703,049038,WN 2022,SI,688,002,Regular,Lecture,AppProjS S -GIEP/CID,6.00,S,SI 688,No
Winter 2023,52825703,050164,WN 2022,SI,504,001,Regular,Lecture,"Servers, Shell,&Git",1.50,A,SI 504,No
Winter 2023,53552918,001459,FA 2022,SI,690,410,Regular,Seminar,Intern/Field Exper,2.00,S,SI 690,No
Winter 2023,53552918,001459,WN 2023,SI,690,001,Regular,Seminar,Intern/Field Exper,4.00,S,SI 690,No
Winter 2023,53552918,012085,FA 2022,MKT,613,001,Scnd 7 Wk,Recitation,Consumer Behavior,1.50,A,MKT 613,Yes
Winter 2023,53552918,017281,FA 2021,SI,588,102,Regular,Lecture,Fundamntls Hum Beh,3.00,A+,SI 588,No
Winter 2023,53552918,020401,WN 2022,SI,622,001,Regular,Lecture,Usab Eval & Needs,4.00,A,SI 622,No
Winter 2023,53552918,021400,WN 2022,SI,520,002,Regular,Lecture,Graphic Design,3.00,A,SI 520,No
Winter 2023,53552918,039178,WN 2022,SI,539,001,Regular,Lecture,Web Design,3.00,A,SI 539,No
Winter 2023,53552918,039979,WN 2023,SI,623,001,Regular,Seminar,Res Meth Info Prof,3.00,A+,SI 623,No
Winter 2023,53552918,041855,FA 2022,SI,631,001,Regular,Lecture,Agile Softwar Dev,1.50,A,SI 631,No
Winter 2023,53552918,042104,FA 2021,SI,501,001,Regular,Lecture,Contextual Inq,3.00,A,SI 501,No
Winter 2023,53552918,043863,FA 2022,SI,612,002,Regular,Lecture,Pervasv Interact Des,3.00,A,SI 612,No
Winter 2023,53552918,044772,FA 2021,SI,582,001,Regular,Lecture,Intro Interac Design,3.00,A+,SI 582,No
Winter 2023,53552918,044798,WN 2023,ENTR,599,021,Regular,Lecture,Spec Topics Entr,3.00,A,ENTR 599,Yes
Winter 2023,53552918,047246,FA 2021,SI,506,001,Regular,Lecture,Programming I,3.00,A,SI 506,No
Winter 2023,53552918,047901,WN 2023,SI,699,201,Regular,Lecture,MSI Mastery Courses,3.00,A,SI 699,No
Winter 2023,53552918,048129,WN 2022,SI,505,001,First 7 Wk,Lecture,Career/Intern Studio,1.00,S,SI 505,No
Winter 2023,53552918,048488,FA 2022,SI,559,001,Regular,Lecture,AR/VR Intro,3.00,A,SI 559,No
Winter 2023,53552918,050164,WN 2022,SI,504,001,Regular,Lecture,"Servers, Shell,&Git",1.50,A,SI 504,No
Winter 2023,53643526,017281,FA 2021,SI,588,002,Regular,Lecture,Fundamntls Hum Beh,3.00,A,SI 588,No
Winter 2023,53643526,019903,FA 2022,TO,548,001,Regular,Recitation,Integ Pro Dev,3.00,A,TO 548,Yes
Winter 2023,53643526,020379,FA 2022,IOE,548,001,Regular,Lecture,Int Prod Dev,3.00,A,IOE 548,Yes
Winter 2023,53643526,020401,WN 2022,SI,622,003,Regular,Lecture,Usab Eval & Needs,4.00,A,SI 622,No
Winter 2023,53643526,021400,FA 2021,SI,520,002,Regular,Lecture,Graphic Design,3.00,A,SI 520,No
Winter 2023,53643526,022099,WN 2022,SI,658,001,Regular,Lecture,Info Architecture,3.00,A+,SI 658,No
Winter 2023,53643526,039081,WN 2022,SI,529,001,Regular,Lecture,Online Communities,3.00,B+,SI 529,No
Winter 2023,53643526,039178,FA 2022,SI,539,001,Regular,Lecture,Web Design,3.00,A,SI 539,No
Winter 2023,53643526,040667,WN 2022,SI,681,001,Regular,Seminar,Intern/Field Seminar,6.00,S,SI 681,No
Winter 2023,53643526,042104,FA 2021,SI,501,001,Regular,Lecture,Contextual Inq,3.00,A,SI 501,No
Winter 2023,53643526,044772,FA 2021,SI,582,002,Regular,Lecture,Intro Interac Design,3.00,A,SI 582,No
Winter 2023,53643526,045393,FA 2022,SI,552,001,Regular,Lecture,Accessibility Intro,3.00,A-,SI 552,No
Winter 2023,53643526,047228,WN 2023,ENTR,500,002,Regular,Lecture,Intro to Innovation,3.00,A,ENTR 500,Yes
Winter 2023,53643526,047304,WN 2023,ENTR,550,001,Regular,Lecture,Interpersonal Skills,3.00,A,ENTR 550,Yes
Winter 2023,53643526,047901,WN 2023,SI,699,001,Regular,Lecture,MSI Mastery Courses,3.00,A,SI 699,No
Winter 2023,53643526,048129,WN 2022,SI,505,001,First 7 Wk,Lecture,Career/Intern Studio,1.00,S,SI 505,No
Winter 2023,53643526,050136,WN 2022,UARTS,560,119,Regular,Laboratory,Grad ArtsEng Proj,2.00,A,UARTS 560,Yes
Winter 2023,53643526,050136,FA 2022,UARTS,560,119,Regular,Laboratory,Grad ArtsEng Proj,2.00,A,UARTS 560,Yes
Winter 2023,53643526,050164,WN 2023,SI,504,001,Regular,Lecture,"Servers, Shell,&Git",1.50,A-,SI 504,No
Winter 2023,53784072,017281,FA 2021,SI,588,002,Regular,Lecture,Fundamntls Hum Beh,3.00,A+,SI 588,No
Winter 2023,53784072,017533,WN 2023,MO,512,002,First 7 Wk,Recitation,Bargain&Infl Skills,2.25,A-,MO 512,Yes
Winter 2023,53784072,020401,WN 2022,SI,622,001,Regular,Lecture,Usab Eval & Needs,4.00,A,SI 622,No
Winter 2023,53784072,021400,WN 2022,SI,520,001,Regular,Lecture,Graphic Design,3.00,A-,SI 520,No
Winter 2023,53784072,039081,WN 2023,SI,529,001,Regular,Lecture,Online Communities,3.00,A,SI 529,No
Winter 2023,53784072,039178,WN 2022,SI,539,001,Regular,Lecture,Web Design,3.00,A,SI 539,No
Winter 2023,53784072,040405,FA 2022,SURVMETH,600,001,Regular,Seminar,Fund Surv Data Sci,3.00,A-,SURVMETH 600,Yes
Winter 2023,53784072,040667,WN 2022,SI,681,001,Regular,Seminar,Intern/Field Seminar,6.00,S,SI 681,No
Winter 2023,53784072,041812,WN 2023,IOE,434,001,Regular,Lecture,Hum Error&Syst Fail,3.00,B+,IOE 434,Yes
Winter 2023,53784072,041855,FA 2022,SI,631,001,Regular,Lecture,Agile Softwar Dev,1.50,A,SI 631,No
Winter 2023,53784072,042005,FA 2021,STS,571,001,Regular,Seminar,Interdisc Sem,1.00,S,STS 571,Yes
Winter 2023,53784072,042104,FA 2021,SI,501,002,Regular,Lecture,Contextual Inq,3.00,A,SI 501,No
Winter 2023,53784072,042925,WN 2022,ENTR,407,001,Regular,Seminar,Entrepreneurship Hr,1.00,P,ENTR 407,Yes
Winter 2023,53784072,043863,FA 2022,SI,612,001,Regular,Lecture,Pervasv Interact Des,3.00,A,SI 612,No
Winter 2023,53784072,044772,FA 2021,SI,582,004,Regular,Lecture,Intro Interac Design,3.00,A-,SI 582,No
Winter 2023,53784072,045393,FA 2022,SI,552,001,Regular,Lecture,Accessibility Intro,3.00,A+,SI 552,No
Winter 2023,53784072,047246,FA 2021,SI,506,001,Regular,Lecture,Programming I,3.00,C+,SI 506,No
Winter 2023,53784072,047901,FA 2022,SI,699,001,Regular,Lecture,MSI Mastery Courses,3.00,A,SI 699,No
Winter 2023,53784072,049417,WN 2022,BA,670,001,Regular,Recitation,+Impact Studio,3.00,A-,BA 670,Yes
Winter 2023,53784072,050164,WN 2022,SI,504,001,Regular,Lecture,"Servers, Shell,&Git",1.50,A,SI 504,No
Winter 2023,53784072,050650,WN 2023,EDUC,618,001,Regular,Seminar,XR for Learning,1.00,A,EDUC 618,Yes
Winter 2023,54692485,001459,FA 2022,SI,690,410,Regular,Seminar,Intern/Field Exper,1.00,S,SI 690,No
Winter 2023,54692485,009732,FA 2021,SI,650,001,Regular,Lecture,Informatn Retrieval,3.00,A+,SI 650,No
Winter 2023,54692485,014748,FA 2021,EECS,545,002,Regular,Lecture,Machine Learning,3.00,A,EECS 545,Yes
Winter 2023,54692485,021391,WN 2022,SI,511,630,Regular,Laboratory,Special Topics,1.00,A+,SI 511,No
Winter 2023,54692485,039178,FA 2021,SI,539,001,Regular,Lecture,Web Design,3.00,A,SI 539,No
Winter 2023,54692485,040667,WN 2022,SI,681,001,Regular,Seminar,Intern/Field Seminar,6.00,S,SI 681,No
Winter 2023,54692485,041626,FA 2021,SI,664,001,Regular,Lecture,Database App Design,3.00,A,SI 664,No
Winter 2023,54692485,042091,FA 2021,SI,618,001,Regular,Lecture,Data Man & Analysis,3.00,A+,SI 618,No
Winter 2023,54692485,042104,FA 2021,SI,501,002,Regular,Lecture,Contextual Inq,3.00,A,SI 501,No
Winter 2023,54692485,045930,FA 2022,SI,671,001,Regular,Lecture,Data Mining,3.00,A-,SI 671,No
Winter 2023,54692485,047640,FA 2022,SI,507,001,Regular,Lecture,Inter Programming,3.00,A,SI 507,No
Winter 2023,54692485,047901,WN 2023,SI,699,005,Regular,Lecture,MSI Mastery Courses,3.00,A+,SI 699,No
Winter 2023,54692485,048129,WN 2022,SI,505,001,First 7 Wk,Lecture,Career/Intern Studio,1.00,W,SI 505,No
Winter 2023,54692485,048268,WN 2022,SI,630,001,Regular,Lecture,NLP Algorithm People,3.00,A+,SI 630,No
Winter 2023,54692485,048879,FA 2022,EECS,491,001,Regular,Lecture,Intro Distrib Sys,4.00,A-,EECS 491,Yes
Winter 2023,54692485,050159,WN 2022,SI,579,001,Regular,Lecture,Bldg Interactive App,3.00,B-,SI 579,No
Winter 2023,54692485,050663,WN 2022,SI,568,001,Regular,Lecture,Intro Appld Data Sci,3.00,A-,SI 568,No
Winter 2023,54776656,001459,FA 2022,SI,690,410,Regular,Seminar,Intern/Field Exper,3.00,S,SI 690,No
Winter 2023,54776656,009876,WN 2023,SURVMETH,630,001,Regular,Seminar,Quest Design & Eval,3.00,A,SURVMETH 630,Yes
Winter 2023,54776656,012456,FA 2021,SI,549,001,Regular,Seminar,Trfrm Lrng Tchg Tech,3.00,A,SI 549,No
Winter 2023,54776656,017281,FA 2022,SI,588,001,Regular,Lecture,Fundamntls Hum Beh,3.00,A,SI 588,No
Winter 2023,54776656,020401,WN 2022,SI,622,003,Regular,Lecture,Usab Eval & Needs,4.00,A,SI 622,No
Winter 2023,54776656,021400,FA 2022,SI,520,001,Regular,Lecture,Graphic Design,3.00,A-,SI 520,No
Winter 2023,54776656,022099,WN 2022,SI,658,001,Regular,Lecture,Info Architecture,3.00,A+,SI 658,No
Winter 2023,54776656,039178,FA 2022,SI,539,001,Regular,Lecture,Web Design,3.00,A,SI 539,No
Winter 2023,54776656,039979,WN 2023,SI,623,001,Regular,Seminar,Res Meth Info Prof,3.00,A,SI 623,No
Winter 2023,54776656,040667,WN 2022,SI,681,001,Regular,Seminar,Intern/Field Seminar,6.00,S,SI 681,No
Winter 2023,54776656,042104,FA 2021,SI,501,002,Regular,Lecture,Contextual Inq,3.00,A,SI 501,No
Winter 2023,54776656,044772,WN 2022,SI,582,001,Regular,Lecture,Intro Interac Design,3.00,A,SI 582,No
Winter 2023,54776656,047246,FA 2021,SI,506,001,Regular,Lecture,Programming I,3.00,A,SI 506,No
Winter 2023,54776656,047901,WN 2023,SI,699,201,Regular,Lecture,MSI Mastery Courses,3.00,A+,SI 699,No
Winter 2023,54776656,050162,WN 2023,SI,510,001,Regular,Lecture,Information Ethics,3.00,A,SI 510,No
Winter 2023,54924837,001459,FA 2022,SI,690,390,Regular,Seminar,Intern/Field Exper,6.00,S,SI 690,No
Winter 2023,54924837,020803,WN 2023,SI,643,001,Regular,Lecture,Instructional Skills,3.00,A+,SI 643,No
Winter 2023,54924837,041855,FA 2022,SI,631,001,Regular,Lecture,Agile Softwar Dev,1.50,A,SI 631,No
Winter 2023,54924837,042104,FA 2022,SI,501,001,Regular,Lecture,Contextual Inq,3.00,A-,SI 501,No
Winter 2023,54924837,044798,FA 2022,ENTR,599,311,Regular,Lecture,Spec Topics Entr,2.00,A+,ENTR 599,Yes
Winter 2023,54924837,044798,FA 2022,ENTR,599,410,Regular,Lecture,Spec Topics Entr,2.00,A+,ENTR 599,Yes
Winter 2023,54924837,044798,FA 2022,ENTR,599,490,Regular,Lecture,Spec Topics Entr,2.00,A+,ENTR 599,Yes
Winter 2023,54924837,047304,WN 2023,ENTR,550,001,Regular,Lecture,Interpersonal Skills,3.00,A,ENTR 550,Yes
Winter 2023,54924837,047901,WN 2023,SI,699,301,Regular,Lecture,MSI Mastery Courses,3.00,A+,SI 699,No
Winter 2023,54924837,048488,FA 2022,SI,559,001,Regular,Lecture,AR/VR Intro,3.00,A,SI 559,No
Winter 2023,54924837,050164,WN 2023,SI,504,001,Regular,Lecture,"Servers, Shell,&Git",1.50,A,SI 504,No
Winter 2023,55261795,001393,WN 2022,EECS,598,003,Regular,Lecture,Special Topics,3.00,A,EECS 598,Yes
Winter 2023,55261795,001393,WN 2023,EECS,598,008,Regular,Lecture,Special Topics,4.00,A-,EECS 598,Yes
Winter 2023,55261795,007395,WN 2022,ARCH,509,014,Regular,Seminar,Experimental Course,3.00,A-,ARCH 509,Yes
Winter 2023,55261795,009732,FA 2022,SI,650,101,Regular,Lecture,Informatn Retrieval,3.00,A+,SI 650,No
Winter 2023,55261795,017281,FA 2021,SI,588,001,Regular,Lecture,Fundamntls Hum Beh,3.00,A+,SI 588,No
Winter 2023,55261795,020803,WN 2022,SI,643,001,Regular,Lecture,Instructional Skills,3.00,A,SI 643,No
Winter 2023,55261795,021400,FA 2021,SI,520,002,Regular,Lecture,Graphic Design,3.00,A,SI 520,No
Winter 2023,55261795,039979,WN 2022,SI,623,001,Regular,Seminar,Res Meth Info Prof,3.00,A+,SI 623,No
Winter 2023,55261795,040667,WN 2022,SI,681,001,Regular,Seminar,Intern/Field Seminar,6.00,S,SI 681,No
Winter 2023,55261795,042104,FA 2021,SI,501,001,Regular,Lecture,Contextual Inq,3.00,A+,SI 501,No
Winter 2023,55261795,044772,FA 2021,SI,582,003,Regular,Lecture,Intro Interac Design,3.00,A+,SI 582,No
Winter 2023,55261795,045393,FA 2022,SI,552,001,Regular,Lecture,Accessibility Intro,3.00,A+,SI 552,No
Winter 2023,55261795,048487,FA 2022,SI,669,001,Regular,Lecture,Dev Mobile Exp,3.00,A,SI 669,No
Winter 2023,55261795,049040,WN 2023,SI,698,066,Regular,Seminar,Master's Thesis 2,3.00,A,SI 698,No
Winter 2023,55261795,049365,FA 2022,SI,697,066,Regular,Ind Study,Master's Thesis 1,3.00,S,SI 697,No
Winter 2023,56707560,001459,FA 2022,SI,690,410,Regular,Seminar,Intern/Field Exper,1.00,S,SI 690,No
Winter 2023,56707560,012772,WN 2023,SI,548,001,Regular,Seminar,Prin Soft Design,3.00,A,SI 548,No
Winter 2023,56707560,016607,FA 2021,SI,544,001,Regular,Lecture,Intr Stat&Data Analy,3.00,A,SI 544,No
Winter 2023,56707560,017281,FA 2021,SI,588,002,Regular,Lecture,Fundamntls Hum Beh,3.00,A,SI 588,No
Winter 2023,56707560,020401,WN 2023,SI,622,002,Regular,Lecture,Usab Eval & Needs,4.00,A,SI 622,No
Winter 2023,56707560,021400,WN 2022,SI,520,002,Regular,Lecture,Graphic Design,3.00,A,SI 520,No
Winter 2023,56707560,039178,WN 2022,SI,539,001,Regular,Lecture,Web Design,3.00,A,SI 539,No
Winter 2023,56707560,040667,WN 2022,SI,681,001,Regular,Seminar,Intern/Field Seminar,5.00,S,SI 681,No
Winter 2023,56707560,041855,FA 2022,SI,631,001,Regular,Lecture,Agile Softwar Dev,1.50,A,SI 631,No
Winter 2023,56707560,042104,FA 2021,SI,501,002,Regular,Lecture,Contextual Inq,3.00,A,SI 501,No
Winter 2023,56707560,044772,FA 2021,SI,582,001,Regular,Lecture,Intro Interac Design,3.00,A,SI 582,No
Winter 2023,56707560,045393,FA 2022,SI,552,001,Regular,Lecture,Accessibility Intro,3.00,B+,SI 552,No
Winter 2023,56707560,045771,FA 2022,SI,684,001,Regular,Seminar,Design ConsHlth Tech,3.00,A+,SI 684,No
Winter 2023,56707560,047246,FA 2021,SI,506,001,Regular,Lecture,Programming I,3.00,A,SI 506,No
Winter 2023,56707560,047640,WN 2022,SI,507,001,Regular,Lecture,Inter Programming,3.00,W,SI 507,No
Winter 2023,56707560,047901,WN 2023,SI,699,401,Regular,Lecture,MSI Mastery Courses,3.00,A,SI 699,No
Winter 2023,56707560,048421,WN 2022,ENTR,560,001,Regular,Lecture,Proj Mgmt Consulting,3.00,A,ENTR 560,Yes
Winter 2023,56707560,048488,FA 2022,SI,559,001,Regular,Lecture,AR/VR Intro,3.00,A,SI 559,No
Winter 2023,56707560,050164,WN 2022,SI,504,001,Regular,Lecture,"Servers, Shell,&Git",1.50,A,SI 504,No
Winter 2023,56773245,001459,WN 2023,SI,690,001,Regular,Seminar,Intern/Field Exper,2.00,S,SI 690,No
Winter 2023,56773245,017281,FA 2021,SI,588,001,Regular,Lecture,Fundamntls Hum Beh,3.00,A,SI 588,No
Winter 2023,56773245,018269,WN 2023,MO,605,001,First 7 Wk,Recitation,Lead Inclusive Orgs,1.50,B,MO 605,Yes
Winter 2023,56773245,020401,WN 2022,SI,622,003,Regular,Lecture,Usab Eval & Needs,4.00,A,SI 622,No
Winter 2023,56773245,021400,WN 2022,SI,520,002,Regular,Lecture,Graphic Design,3.00,A,SI 520,No
Winter 2023,56773245,039178,WN 2022,SI,539,001,Regular,Lecture,Web Design,3.00,A,SI 539,No
Winter 2023,56773245,040667,WN 2022,SI,681,001,Regular,Seminar,Intern/Field Seminar,6.00,S,SI 681,No
Winter 2023,56773245,042104,FA 2021,SI,501,001,Regular,Lecture,Contextual Inq,3.00,A+,SI 501,No
Winter 2023,56773245,043863,FA 2022,SI,612,002,Regular,Lecture,Pervasv Interact Des,3.00,A+,SI 612,No
Winter 2023,56773245,044772,FA 2021,SI,582,002,Regular,Lecture,Intro Interac Design,3.00,A+,SI 582,No
Winter 2023,56773245,046306,FA 2022,SI,616,001,Regular,Lecture,Adv Graphic Design,3.00,A,SI 616,No
Winter 2023,56773245,047246,FA 2021,SI,506,001,Regular,Lecture,Programming I,3.00,A,SI 506,No
Winter 2023,56773245,047901,WN 2023,SI,699,301,Regular,Lecture,MSI Mastery Courses,3.00,A+,SI 699,No
Winter 2023,56773245,048487,FA 2022,SI,669,001,Regular,Lecture,Dev Mobile Exp,3.00,A+,SI 669,No
Winter 2023,56773245,050159,WN 2022,SI,579,001,Regular,Lecture,Bldg Interactive App,3.00,A,SI 579,No
Winter 2023,56773245,050164,WN 2022,SI,504,001,Regular,Lecture,"Servers, Shell,&Git",1.50,A,SI 504,No
Winter 2023,57364145,009732,FA 2022,SI,650,001,Regular,Lecture,Informatn Retrieval,3.00,A-,SI 650,No
Winter 2023,57364145,016607,FA 2021,SI,544,001,Regular,Lecture,Intr Stat&Data Analy,3.00,A+,SI 544,No
Winter 2023,57364145,020934,FA 2022,SI,649,001,Regular,Lecture,Info Visualization,3.00,A-,SI 649,No
Winter 2023,57364145,021045,FA 2021,SI,666,001,Regular,Lecture,Org of Inf Resources,3.00,A,SI 666,No
Winter 2023,57364145,039178,WN 2023,SI,539,001,Regular,Lecture,Web Design,3.00,A+,SI 539,No
Winter 2023,57364145,040667,WN 2022,SI,681,001,Regular,Seminar,Intern/Field Seminar,6.00,S,SI 681,No
Winter 2023,57364145,042091,WN 2022,SI,618,001,Regular,Lecture,Data Man & Analysis,3.00,A-,SI 618,No
Winter 2023,57364145,042104,FA 2021,SI,501,001,Regular,Lecture,Contextual Inq,3.00,A+,SI 501,No
Winter 2023,57364145,045930,FA 2022,SI,671,001,Regular,Lecture,Data Mining,3.00,B,SI 671,No
Winter 2023,57364145,047246,FA 2021,SI,506,001,Regular,Lecture,Programming I,3.00,A,SI 506,No
Winter 2023,57364145,047640,WN 2022,SI,507,001,Regular,Lecture,Inter Programming,3.00,A,SI 507,No
Winter 2023,57364145,047901,WN 2023,SI,699,205,Regular,Lecture,MSI Mastery Courses,3.00,A,SI 699,No
Winter 2023,57364145,048129,WN 2022,SI,505,001,First 7 Wk,Lecture,Career/Intern Studio,1.00,S,SI 505,No
Winter 2023,57364145,048870,WN 2022,DATASCI,507,001,Regular,Lecture,Data Sci in Python,3.00,W,DATASCI 507,Yes
Winter 2023,57364145,049601,WN 2022,SI,564,001,Regular,Lecture,SQL & Databases,1.50,A,SI 564,No
Winter 2023,57364145,050159,WN 2023,SI,579,001,Regular,Lecture,Bldg Interactive App,3.00,B+,SI 579,No
Winter 2023,57364145,050164,FA 2021,SI,504,001,Regular,Lecture,"Servers, Shell,&Git",1.50,A,SI 504,No
Winter 2023,57364145,050663,WN 2022,SI,568,001,Regular,Lecture,Intro Appld Data Sci,3.00,A,SI 568,No
Winter 2023,57821185,001459,WN 2023,SI,690,001,Regular,Seminar,Intern/Field Exper,3.00,S,SI 690,No
Winter 2023,57821185,016607,FA 2022,SI,544,101,Regular,Lecture,Intr Stat&Data Analy,3.00,A+,SI 544,No
Winter 2023,57821185,017281,FA 2021,SI,588,001,Regular,Lecture,Fundamntls Hum Beh,3.00,A-,SI 588,No
Winter 2023,57821185,020371,WN 2022,EECS,494,002,Regular,Lecture,Comp Game Design,4.00,A+,EECS 494,Yes
Winter 2023,57821185,020401,FA 2021,SI,622,001,Regular,Lecture,Usab Eval & Needs,4.00,A,SI 622,No
Winter 2023,57821185,020934,FA 2022,SI,649,001,Regular,Lecture,Info Visualization,3.00,A-,SI 649,No
Winter 2023,57821185,021400,WN 2022,SI,520,002,Regular,Lecture,Graphic Design,3.00,A-,SI 520,No
Winter 2023,57821185,039178,FA 2021,SI,539,001,Regular,Lecture,Web Design,3.00,A,SI 539,No
Winter 2023,57821185,041626,WN 2022,SI,664,001,Regular,Lecture,Database App Design,3.00,A,SI 664,No
Winter 2023,57821185,041855,FA 2022,SI,631,001,Regular,Lecture,Agile Softwar Dev,1.50,A+,SI 631,No
Winter 2023,57821185,042104,FA 2021,SI,501,001,Regular,Lecture,Contextual Inq,3.00,A,SI 501,No
Winter 2023,57821185,044772,FA 2021,SI,582,001,Regular,Lecture,Intro Interac Design,3.00,A+,SI 582,No
Winter 2023,57821185,047901,WN 2023,SI,699,003,Regular,Lecture,MSI Mastery Courses,3.00,A,SI 699,No
Winter 2023,57821185,048268,WN 2023,SI,630,001,Regular,Lecture,NLP Algorithm People,3.00,A,SI 630,No
Winter 2023,57821185,048486,WN 2022,SI,659,001,Regular,Lecture,AR/VR Advanced,3.00,A-,SI 659,No
Winter 2023,57821185,049601,WN 2023,SI,564,001,Regular,Lecture,SQL & Databases,1.50,A,SI 564,No
Winter 2023,57821185,050159,FA 2022,SI,579,001,Regular,Lecture,Bldg Interactive App,3.00,A,SI 579,No
Winter 2023,57821185,050164,FA 2022,SI,504,001,Regular,Lecture,"Servers, Shell,&Git",1.50,A,SI 504,No
Winter 2023,57879281,017281,FA 2021,SI,588,002,Regular,Lecture,Fundamntls Hum Beh,3.00,A-,SI 588,No
Winter 2023,57879281,017533,WN 2023,MO,512,001,First 7 Wk,Recitation,Bargain&Infl Skills,2.25,A,MO 512,Yes
Winter 2023,57879281,020180,FA 2022,SI,646,001,First 7 Wk,Lecture,Info Economics,1.50,B,SI 646,No
Winter 2023,57879281,020401,FA 2021,SI,622,001,Regular,Lecture,Usab Eval & Needs,4.00,A-,SI 622,No
Winter 2023,57879281,020997,WN 2023,BCOM,561,002,Scnd 7 Wk,Recitation,Mgt Presentatn,1.50,A,BCOM 561,Yes
Winter 2023,57879281,021400,WN 2022,SI,520,002,Regular,Lecture,Graphic Design,3.00,C-,SI 520,No
Winter 2023,57879281,039081,WN 2023,SI,529,001,Regular,Lecture,Online Communities,3.00,B+,SI 529,No
Winter 2023,57879281,039178,WN 2022,SI,539,001,Regular,Lecture,Web Design,3.00,A-,SI 539,No
Winter 2023,57879281,040405,FA 2022,SURVMETH,600,001,Regular,Seminar,Fund Surv Data Sci,3.00,B,SURVMETH 600,Yes
Winter 2023,57879281,040667,WN 2022,SI,681,001,Regular,Seminar,Intern/Field Seminar,6.00,S,SI 681,No
Winter 2023,57879281,041507,FA 2022,SI,686,001,Scnd 7 Wk,Lecture,User-Gen Content,1.50,A,SI 686,No
Winter 2023,57879281,041855,FA 2022,SI,631,001,Regular,Lecture,Agile Softwar Dev,1.50,A-,SI 631,No
Winter 2023,57879281,042104,FA 2021,SI,501,001,Regular,Lecture,Contextual Inq,3.00,A+,SI 501,No
Winter 2023,57879281,043863,WN 2022,SI,612,001,Regular,Lecture,Pervasv Interact Des,3.00,A,SI 612,No
Winter 2023,57879281,044772,FA 2021,SI,582,004,Regular,Lecture,Intro Interac Design,3.00,B,SI 582,No
Winter 2023,57879281,044798,FA 2022,ENTR,599,050,Regular,Lecture,Spec Topics Entr,2.00,A+,ENTR 599,Yes
Winter 2023,57879281,047901,WN 2023,SI,699,401,Regular,Lecture,MSI Mastery Courses,3.00,A,SI 699,No
Winter 2023,57879281,048129,WN 2022,SI,505,001,First 7 Wk,Lecture,Career/Intern Studio,1.00,S,SI 505,No
Winter 2023,57879281,049417,WN 2022,BA,670,001,Regular,Recitation,+Impact Studio,3.00,A-,BA 670,Yes
Winter 2023,58046821,017281,FA 2021,SI,588,001,Regular,Lecture,Fundamntls Hum Beh,3.00,A,SI 588,No
Winter 2023,58046821,020401,WN 2022,SI,622,001,Regular,Lecture,Usab Eval & Needs,4.00,A+,SI 622,No
Winter 2023,58046821,021400,WN 2022,SI,520,002,Regular,Lecture,Graphic Design,3.00,A-,SI 520,No
Winter 2023,58046821,022099,WN 2022,SI,658,001,Regular,Lecture,Info Architecture,3.00,A+,SI 658,No
Winter 2023,58046821,039178,FA 2022,SI,539,001,Regular,Lecture,Web Design,3.00,A,SI 539,No
Winter 2023,58046821,040667,WN 2022,SI,681,001,Regular,Seminar,Intern/Field Seminar,6.00,S,SI 681,No
Winter 2023,58046821,042104,FA 2021,SI,501,001,Regular,Lecture,Contextual Inq,3.00,A,SI 501,No
Winter 2023,58046821,043863,FA 2022,SI,612,002,Regular,Lecture,Pervasv Interact Des,3.00,A+,SI 612,No
Winter 2023,58046821,044772,FA 2021,SI,582,002,Regular,Lecture,Intro Interac Design,3.00,A,SI 582,No
Winter 2023,58046821,044798,FA 2022,ENTR,599,311,Regular,Lecture,Spec Topics Entr,2.00,A,ENTR 599,Yes
Winter 2023,58046821,045393,FA 2022,SI,552,001,Regular,Lecture,Accessibility Intro,3.00,A-,SI 552,No
Winter 2023,58046821,047246,FA 2021,SI,506,001,Regular,Lecture,Programming I,3.00,A,SI 506,No
Winter 2023,58046821,047901,WN 2023,SI,699,201,Regular,Lecture,MSI Mastery Courses,3.00,A,SI 699,No
Winter 2023,58046821,048421,WN 2022,ENTR,560,001,Regular,Lecture,Proj Mgmt Consulting,3.00,A,ENTR 560,Yes
Winter 2023,58046821,048488,FA 2021,SI,559,002,Regular,Lecture,AR/VR Intro,3.00,A,SI 559,No
Winter 2023,58217242,001459,WN 2023,SI,690,001,Regular,Seminar,Intern/Field Exper,1.00,S,SI 690,No
Winter 2023,58217242,012804,WN 2023,EDUC,771,003,Regular,Seminar,Topics High&Cont Ed,3.00,A,EDUC 771,Yes
Winter 2023,58217242,017281,FA 2021,SI,588,001,Regular,Lecture,Fundamntls Hum Beh,3.00,A-,SI 588,No
Winter 2023,58217242,020401,WN 2022,SI,622,003,Regular,Lecture,Usab Eval & Needs,4.00,B+,SI 622,No
Winter 2023,58217242,022099,WN 2022,SI,658,001,Regular,Lecture,Info Architecture,3.00,A+,SI 658,No
Winter 2023,58217242,038659,FA 2022,SI,519,001,Regular,Seminar,Intel Prop&Info Law,3.00,A-,SI 519,No
Winter 2023,58217242,039178,FA 2022,SI,539,001,Regular,Lecture,Web Design,3.00,A-,SI 539,No
Winter 2023,58217242,040667,WN 2022,SI,681,001,Regular,Seminar,Intern/Field Seminar,6.00,S,SI 681,No
Winter 2023,58217242,042104,FA 2021,SI,501,001,Regular,Lecture,Contextual Inq,3.00,A,SI 501,No
Winter 2023,58217242,043863,FA 2022,SI,612,002,Regular,Lecture,Pervasv Interact Des,3.00,B-,SI 612,No
Winter 2023,58217242,044772,FA 2021,SI,582,004,Regular,Lecture,Intro Interac Design,3.00,B+,SI 582,No
Winter 2023,58217242,047234,WN 2023,ENTR,510,001,Regular,Lecture,Compensation,3.00,W,ENTR 510,Yes
Winter 2023,58217242,047247,WN 2023,EAS,539,001,Scnd 7 Wk,Lecture,Landscape Ecology,2.00,C-,EAS 539,Yes
Winter 2023,58217242,047901,WN 2023,SI,699,001,Regular,Lecture,MSI Mastery Courses,3.00,B+,SI 699,No
Winter 2023,58217242,048486,WN 2022,SI,659,001,Regular,Lecture,AR/VR Advanced,3.00,W,SI 659,No
Winter 2023,58217242,048488,FA 2021,SI,559,002,Regular,Lecture,AR/VR Intro,3.00,A,SI 559,No
Winter 2023,58217242,048877,WN 2023,SI,610,001,Regular,Seminar,Dig Studies Seminar,3.00,A-,SI 610,No
Winter 2023,58217242,050136,FA 2021,UARTS,560,102,Regular,Laboratory,Grad ArtsEng Proj,2.00,Y,UARTS 560,Yes
Winter 2023,58223508,017281,FA 2021,SI,588,002,Regular,Lecture,Fundamntls Hum Beh,3.00,A+,SI 588,No
Winter 2023,58223508,020401,FA 2021,SI,622,001,Regular,Lecture,Usab Eval & Needs,4.00,A,SI 622,No
Winter 2023,58223508,021400,WN 2022,SI,520,001,Regular,Lecture,Graphic Design,3.00,B-,SI 520,No
Winter 2023,58223508,022099,WN 2023,SI,658,001,Regular,Lecture,Info Architecture,3.00,A,SI 658,No
Winter 2023,58223508,022326,WN 2022,SI,581,001,Regular,Lecture,Pres Info Resources,3.00,B+,SI 581,No
Winter 2023,58223508,038659,FA 2022,SI,519,001,Regular,Seminar,Intel Prop&Info Law,3.00,A,SI 519,No
Winter 2023,58223508,039178,WN 2022,SI,539,001,Regular,Lecture,Web Design,3.00,E,SI 539,No
Winter 2023,58223508,039178,FA 2022,SI,539,001,Regular,Lecture,Web Design,3.00,B+,SI 539,No
Winter 2023,58223508,040667,WN 2022,SI,681,001,Regular,Seminar,Intern/Field Seminar,6.00,S,SI 681,No
Winter 2023,58223508,042104,FA 2021,SI,501,001,Regular,Lecture,Contextual Inq,3.00,A,SI 501,No
Winter 2023,58223508,043210,FA 2022,SI,534,001,Regular,Lecture,Theories Soc Influen,3.00,A+,SI 534,No
Winter 2023,58223508,044772,WN 2022,SI,582,001,Regular,Lecture,Intro Interac Design,3.00,A,SI 582,No
Winter 2023,58223508,047246,FA 2021,SI,506,001,Regular,Lecture,Programming I,3.00,E,SI 506,No
Winter 2023,58223508,047246,WN 2022,SI,506,001,Regular,Lecture,Programming I,3.00,A,SI 506,No
Winter 2023,58223508,047901,WN 2023,SI,699,301,Regular,Lecture,MSI Mastery Courses,3.00,A,SI 699,No
Winter 2023,58223508,048831,FA 2022,SI,547,001,Regular,Seminar,Engage w/Communities,3.00,A-,SI 547,No
Winter 2023,58223508,049417,WN 2023,BA,670,001,Regular,Recitation,+Impact Studio,3.00,B,BA 670,Yes
Winter 2023,58321169,009732,FA 2022,SI,650,001,Regular,Lecture,Informatn Retrieval,3.00,A+,SI 650,No
Winter 2023,58321169,021033,WN 2023,SI,652,001,Regular,Lecture,Incentive&Strategic,3.00,B-,SI 652,No
Winter 2023,58321169,039178,FA 2021,SI,539,001,Regular,Lecture,Web Design,3.00,A,SI 539,No
Winter 2023,58321169,040667,WN 2022,SI,681,001,Regular,Seminar,Intern/Field Seminar,6.00,S,SI 681,No
Winter 2023,58321169,041262,WN 2023,EECS,490,001,Regular,Lecture,Prog Lang,4.00,A+,EECS 490,Yes
Winter 2023,58321169,041626,WN 2022,SI,664,001,Regular,Lecture,Database App Design,3.00,A,SI 664,No
Winter 2023,58321169,042091,FA 2021,SI,618,001,Regular,Lecture,Data Man & Analysis,3.00,A+,SI 618,No
Winter 2023,58321169,042104,FA 2021,SI,501,002,Regular,Lecture,Contextual Inq,3.00,A-,SI 501,No
Winter 2023,58321169,042324,WN 2022,SI,639,001,Scnd 7 Wk,Lecture,Web Archiving,1.50,A+,SI 639,No
Winter 2023,58321169,045930,FA 2022,SI,671,001,Regular,Lecture,Data Mining,3.00,A-,SI 671,No
Winter 2023,58321169,047640,FA 2021,SI,507,001,Regular,Lecture,Inter Programming,3.00,A,SI 507,No
Winter 2023,58321169,047901,WN 2023,SI,699,205,Regular,Lecture,MSI Mastery Courses,3.00,A,SI 699,No
Winter 2023,58321169,048268,WN 2022,SI,630,001,Regular,Lecture,NLP Algorithm People,3.00,A+,SI 630,No
Winter 2023,58321169,049601,FA 2021,SI,564,001,Regular,Lecture,SQL & Databases,1.50,A,SI 564,No
Winter 2023,58321169,050083,WN 2022,EECS,559,001,Regular,Lecture,Optim in Sig Pro ML,3.00,A+,EECS 559,Yes
Winter 2023,58321169,050159,FA 2022,SI,579,001,Regular,Lecture,Bldg Interactive App,3.00,A,SI 579,No
Winter 2023,58321169,050509,FA 2022,EECS,553,001,Regular,Lecture,Machine Learn (ECE),3.00,A,EECS 553,Yes
Winter 2023,58321169,050663,WN 2022,SI,568,001,Regular,Lecture,Intro Appld Data Sci,3.00,A,SI 568,No
Winter 2023,58518228,001459,FA 2022,SI,690,390,Regular,Seminar,Intern/Field Exper,6.00,S,SI 690,No
Winter 2023,58518228,020934,FA 2022,SI,649,001,Regular,Lecture,Info Visualization,3.00,A,SI 649,No
Winter 2023,58518228,022099,WN 2023,SI,658,001,Regular,Lecture,Info Architecture,3.00,A,SI 658,No
Winter 2023,58518228,042104,FA 2022,SI,501,001,Regular,Lecture,Contextual Inq,3.00,A+,SI 501,No
Winter 2023,58518228,045930,FA 2022,SI,671,001,Regular,Lecture,Data Mining,3.00,A,SI 671,No
Winter 2023,58518228,047228,WN 2023,ENTR,500,003,Regular,Lecture,Intro to Innovation,3.00,A,ENTR 500,Yes
Winter 2023,58518228,047901,WN 2023,SI,699,005,Regular,Lecture,MSI Mastery Courses,3.00,A+,SI 699,No
Winter 2023,58518228,048500,FA 2022,SI,670,001,Regular,Lecture,Appld Machine Learng,3.00,A,SI 670,No
Winter 2023,58518228,050663,WN 2023,SI,568,001,Regular,Lecture,Intro Appld Data Sci,3.00,A+,SI 568,No
Winter 2023,58653190,012085,FA 2022,MKT,613,001,Scnd 7 Wk,Recitation,Consumer Behavior,1.50,A,MKT 613,Yes
Winter 2023,58653190,017281,FA 2021,SI,588,002,Regular,Lecture,Fundamntls Hum Beh,3.00,A+,SI 588,No
Winter 2023,58653190,020401,WN 2023,SI,622,002,Regular,Lecture,Usab Eval & Needs,4.00,A,SI 622,No
Winter 2023,58653190,021400,WN 2022,SI,520,002,Regular,Lecture,Graphic Design,3.00,A,SI 520,No
Winter 2023,58653190,022099,WN 2023,SI,658,001,Regular,Lecture,Info Architecture,3.00,A,SI 658,No
Winter 2023,58653190,039178,WN 2022,SI,539,001,Regular,Lecture,Web Design,3.00,A,SI 539,No
Winter 2023,58653190,040667,WN 2022,SI,681,001,Regular,Seminar,Intern/Field Seminar,6.00,S,SI 681,No
Winter 2023,58653190,042104,FA 2021,SI,501,001,Regular,Lecture,Contextual Inq,3.00,A,SI 501,No
Winter 2023,58653190,043863,FA 2022,SI,612,001,Regular,Lecture,Pervasv Interact Des,3.00,A,SI 612,No
Winter 2023,58653190,044772,FA 2021,SI,582,004,Regular,Lecture,Intro Interac Design,3.00,A,SI 582,No
Winter 2023,58653190,045771,FA 2022,SI,684,001,Regular,Seminar,Design ConsHlth Tech,3.00,A+,SI 684,No
Winter 2023,58653190,047246,FA 2021,SI,506,001,Regular,Lecture,Programming I,3.00,A,SI 506,No
Winter 2023,58653190,047901,WN 2023,SI,699,001,Regular,Lecture,MSI Mastery Courses,3.00,A,SI 699,No
Winter 2023,58653190,048488,FA 2022,SI,559,001,Regular,Lecture,AR/VR Intro,3.00,A,SI 559,No
Winter 2023,58653190,050159,WN 2022,SI,579,001,Regular,Lecture,Bldg Interactive App,3.00,A-,SI 579,No
Winter 2023,58653190,050164,WN 2022,SI,504,001,Regular,Lecture,"Servers, Shell,&Git",1.50,A,SI 504,No
Winter 2023,58746518,017281,FA 2022,SI,588,002,Regular,Lecture,Fundamntls Hum Beh,3.00,A,SI 588,No
Winter 2023,58746518,020371,WN 2022,EECS,494,002,Regular,Lecture,Comp Game Design,4.00,A,EECS 494,Yes
Winter 2023,58746518,020401,WN 2023,SI,622,001,Regular,Lecture,Usab Eval & Needs,4.00,A,SI 622,No
Winter 2023,58746518,020934,FA 2022,SI,649,001,Regular,Lecture,Info Visualization,3.00,B+,SI 649,No
Winter 2023,58746518,021400,WN 2023,SI,520,003,Regular,Laboratory,Graphic Design,3.00,A-,SI 520,No
Winter 2023,58746518,039178,FA 2021,SI,539,001,Regular,Lecture,Web Design,3.00,A,SI 539,No
Winter 2023,58746518,039473,WN 2023,EECS,583,001,Regular,Lecture,Advanced Compilers,4.00,A-,EECS 583,Yes
Winter 2023,58746518,040667,WN 2022,SI,681,001,Regular,Seminar,Intern/Field Seminar,6.00,S,SI 681,No
Winter 2023,58746518,041626,FA 2021,SI,664,001,Regular,Lecture,Database App Design,3.00,A,SI 664,No
Winter 2023,58746518,041934,FA 2022,SI,608,001,Regular,Lecture,Networks,3.00,A-,SI 608,No
Winter 2023,58746518,042104,FA 2021,SI,501,002,Regular,Lecture,Contextual Inq,3.00,A,SI 501,No
Winter 2023,58746518,043210,FA 2021,SI,534,001,Regular,Lecture,Theories Soc Influen,3.00,B+,SI 534,No
Winter 2023,58746518,044772,FA 2021,SI,582,003,Regular,Lecture,Intro Interac Design,3.00,A,SI 582,No
Winter 2023,58746518,047640,FA 2021,SI,507,001,Regular,Lecture,Inter Programming,3.00,B-,SI 507,No
Winter 2023,58746518,047901,WN 2023,SI,699,003,Regular,Lecture,MSI Mastery Courses,3.00,A,SI 699,No
Winter 2023,58746518,048486,WN 2022,SI,659,001,Regular,Lecture,AR/VR Advanced,3.00,A,SI 659,No
Winter 2023,58746518,048487,FA 2022,SI,669,001,Regular,Lecture,Dev Mobile Exp,3.00,A-,SI 669,No
Winter 2023,58746518,050159,WN 2022,SI,579,001,Regular,Lecture,Bldg Interactive App,3.00,A,SI 579,No
Winter 2023,58746518,050776,WN 2023,EECS,471,001,Regular,Lecture,Applied GPU Prog,4.00,A,EECS 471,Yes
Winter 2023,59359084,009731,FA 2021,SI,580,001,Regular,Lecture,Records & Archives,3.00,A+,SI 580,No
Winter 2023,59359084,020803,WN 2022,SI,643,001,Regular,Lecture,Instructional Skills,3.00,A,SI 643,No
Winter 2023,59359084,021045,FA 2021,SI,666,001,Regular,Lecture,Org of Inf Resources,3.00,A+,SI 666,No
Winter 2023,59359084,022326,WN 2022,SI,581,001,Regular,Lecture,Pres Info Resources,3.00,A,SI 581,No
Winter 2023,59359084,038659,FA 2022,SI,519,001,Regular,Seminar,Intel Prop&Info Law,3.00,A+,SI 519,No
Winter 2023,59359084,038948,FA 2022,SI,632,001,Regular,Lecture,Appraisal & Coll Dev,3.00,A,SI 632,No
Winter 2023,59359084,039979,WN 2022,SI,623,001,Regular,Seminar,Res Meth Info Prof,3.00,A,SI 623,No
Winter 2023,59359084,040667,WN 2022,SI,681,001,Regular,Seminar,Intern/Field Seminar,6.00,S,SI 681,No
Winter 2023,59359084,041935,WN 2022,SI,530,001,Regular,Lecture,Prin in Management,3.00,A,SI 530,No
Winter 2023,59359084,042104,FA 2021,SI,501,002,Regular,Lecture,Contextual Inq,3.00,A+,SI 501,No
Winter 2023,59359084,042324,WN 2023,SI,639,001,Scnd 7 Wk,Lecture,Web Archiving,1.50,A+,SI 639,No
Winter 2023,59359084,043052,WN 2023,MUSEUMS,498,001,Regular,Seminar,Spec Museums Topics,3.00,A,MUSEUMS 498,Yes
Winter 2023,59359084,047246,FA 2021,SI,506,001,Regular,Lecture,Programming I,3.00,A,SI 506,No
Winter 2023,59359084,047901,WN 2023,SI,699,028,Regular,Lecture,MSI Mastery Courses,3.00,A+,SI 699,No
Winter 2023,59359084,048129,WN 2022,SI,505,001,First 7 Wk,Lecture,Career/Intern Studio,1.00,S,SI 505,No
Winter 2023,59359084,048280,WN 2023,SI,667,001,Regular,Lecture,Digital Curation,3.00,A+,SI 667,No
Winter 2023,59359084,048831,FA 2021,SI,547,001,Regular,Seminar,Engage w/Communities,3.00,A,SI 547,No
Winter 2023,59359084,050028,FA 2022,SI,583,001,Regular,Lecture,Info Accountability,3.00,A,SI 583,No
Winter 2023,59359084,050162,WN 2023,SI,510,001,Regular,Lecture,Information Ethics,3.00,A+,SI 510,No
Winter 2023,59359084,050163,FA 2022,SI,633,001,Regular,Lecture,Assesmnt Cultrl Inst,3.00,A,SI 633,No
Winter 2023,59359084,050165,WN 2022,SI,585,001,Regular,Lecture,Scholarly Comm,3.00,A,SI 585,No
Winter 2023,60273977,001459,FA 2022,SI,690,410,Regular,Seminar,Intern/Field Exper,2.00,S,SI 690,No
Winter 2023,60273977,009732,FA 2022,SI,650,001,Regular,Lecture,Informatn Retrieval,3.00,A+,SI 650,No
Winter 2023,60273977,020934,WN 2023,SI,649,002,Regular,Lecture,Info Visualization,3.00,A,SI 649,No
Winter 2023,60273977,039178,FA 2021,SI,539,001,Regular,Lecture,Web Design,3.00,A,SI 539,No
Winter 2023,60273977,040667,WN 2022,SI,681,001,Regular,Seminar,Intern/Field Seminar,6.00,S,SI 681,No
Winter 2023,60273977,041626,WN 2022,SI,664,001,Regular,Lecture,Database App Design,3.00,A,SI 664,No
Winter 2023,60273977,042091,WN 2022,SI,618,001,Regular,Lecture,Data Man & Analysis,3.00,A-,SI 618,No
Winter 2023,60273977,042104,FA 2021,SI,501,002,Regular,Lecture,Contextual Inq,3.00,A,SI 501,No
Winter 2023,60273977,044772,FA 2021,SI,582,003,Regular,Lecture,Intro Interac Design,3.00,A+,SI 582,No
Winter 2023,60273977,045930,FA 2022,SI,671,001,Regular,Lecture,Data Mining,3.00,B+,SI 671,No
Winter 2023,60273977,047640,FA 2021,SI,507,001,Regular,Lecture,Inter Programming,3.00,A,SI 507,No
Winter 2023,60273977,047901,WN 2023,SI,699,005,Regular,Lecture,MSI Mastery Courses,3.00,A+,SI 699,No
Winter 2023,60273977,048268,WN 2022,SI,630,001,Regular,Lecture,NLP Algorithm People,3.00,A,SI 630,No
Winter 2023,60273977,048500,FA 2022,SI,670,001,Regular,Lecture,Appld Machine Learng,3.00,A+,SI 670,No
Winter 2023,60273977,049601,FA 2021,SI,564,001,Regular,Lecture,SQL & Databases,1.50,A,SI 564,No
Winter 2023,60273977,050663,WN 2022,SI,568,001,Regular,Lecture,Intro Appld Data Sci,3.00,A,SI 568,No
Winter 2023,60287600,009732,FA 2022,SI,650,001,Regular,Lecture,Informatn Retrieval,3.00,A,SI 650,No
Winter 2023,60287600,020934,WN 2023,SI,649,002,Regular,Lecture,Info Visualization,3.00,A,SI 649,No
Winter 2023,60287600,039178,WN 2022,SI,539,001,Regular,Lecture,Web Design,3.00,A,SI 539,No
Winter 2023,60287600,041626,FA 2021,SI,664,001,Regular,Lecture,Database App Design,3.00,A,SI 664,No
Winter 2023,60287600,041934,FA 2022,SI,608,001,Regular,Lecture,Networks,3.00,A,SI 608,No
Winter 2023,60287600,042091,FA 2021,SI,618,001,Regular,Lecture,Data Man & Analysis,3.00,A+,SI 618,No
Winter 2023,60287600,042104,FA 2021,SI,501,002,Regular,Lecture,Contextual Inq,3.00,A,SI 501,No
Winter 2023,60287600,042324,WN 2022,SI,639,001,Scnd 7 Wk,Lecture,Web Archiving,1.50,A+,SI 639,No
Winter 2023,60287600,045930,FA 2022,SI,671,001,Regular,Lecture,Data Mining,3.00,A,SI 671,No
Winter 2023,60287600,047640,FA 2021,SI,507,001,Regular,Lecture,Inter Programming,3.00,A,SI 507,No
Winter 2023,60287600,047901,WN 2023,SI,699,305,Regular,Lecture,MSI Mastery Courses,3.00,A,SI 699,No
Winter 2023,60287600,048129,WN 2022,SI,505,001,First 7 Wk,Lecture,Career/Intern Studio,1.00,S,SI 505,No
Winter 2023,60287600,048500,FA 2022,SI,670,001,Regular,Lecture,Appld Machine Learng,3.00,A,SI 670,No
Winter 2023,60287600,049038,WN 2022,SI,688,001,Regular,Lecture,AppProjS S -GIEP/CID,6.00,S,SI 688,No
Winter 2023,60287600,049601,FA 2021,SI,564,001,Regular,Lecture,SQL & Databases,1.50,A,SI 564,No
Winter 2023,60287600,050159,WN 2022,SI,579,001,Regular,Lecture,Bldg Interactive App,3.00,A+,SI 579,No
Winter 2023,60287600,050164,FA 2021,SI,504,001,Regular,Lecture,"Servers, Shell,&Git",1.50,A+,SI 504,No
Winter 2023,60287600,050663,WN 2022,SI,568,001,Regular,Lecture,Intro Appld Data Sci,3.00,A,SI 568,No
Winter 2023,60770238,016607,FA 2022,SI,544,001,Regular,Lecture,Intr Stat&Data Analy,3.00,A,SI 544,No
Winter 2023,60770238,017281,FA 2021,SI,588,002,Regular,Lecture,Fundamntls Hum Beh,3.00,A,SI 588,No
Winter 2023,60770238,020401,WN 2022,SI,622,001,Regular,Lecture,Usab Eval & Needs,4.00,A,SI 622,No
Winter 2023,60770238,020803,WN 2022,SI,643,001,Regular,Lecture,Instructional Skills,3.00,A,SI 643,No
Winter 2023,60770238,021400,WN 2022,SI,520,001,Regular,Lecture,Graphic Design,3.00,B,SI 520,No
Winter 2023,60770238,038659,FA 2022,SI,519,001,Regular,Seminar,Intel Prop&Info Law,3.00,A,SI 519,No
Winter 2023,60770238,039178,WN 2022,SI,539,001,Regular,Lecture,Web Design,3.00,B+,SI 539,No
Winter 2023,60770238,042104,FA 2021,SI,501,002,Regular,Lecture,Contextual Inq,3.00,A,SI 501,No
Winter 2023,60770238,043863,FA 2022,SI,612,001,Regular,Lecture,Pervasv Interact Des,3.00,A,SI 612,No
Winter 2023,60770238,044772,FA 2021,SI,582,001,Regular,Lecture,Intro Interac Design,3.00,A,SI 582,No
Winter 2023,60770238,044798,WN 2023,ENTR,599,021,Regular,Lecture,Spec Topics Entr,3.00,A,ENTR 599,Yes
Winter 2023,60770238,045393,FA 2022,SI,552,001,Regular,Lecture,Accessibility Intro,3.00,A,SI 552,No
Winter 2023,60770238,047246,FA 2021,SI,506,001,Regular,Lecture,Programming I,3.00,A-,SI 506,No
Winter 2023,60770238,047901,WN 2023,SI,699,201,Regular,Lecture,MSI Mastery Courses,3.00,A,SI 699,No
Winter 2023,60770238,049038,WN 2022,SI,688,001,Regular,Lecture,AppProjS S -GIEP/CID,6.00,S,SI 688,No
Winter 2023,60770238,050164,FA 2022,SI,504,001,Regular,Lecture,"Servers, Shell,&Git",1.50,A-,SI 504,No
Winter 2023,60801599,012085,FA 2022,MKT,613,001,Scnd 7 Wk,Recitation,Consumer Behavior,1.50,A-,MKT 613,Yes
Winter 2023,60801599,017281,FA 2021,SI,588,001,Regular,Lecture,Fundamntls Hum Beh,3.00,A+,SI 588,No
Winter 2023,60801599,020401,WN 2022,SI,622,001,Regular,Lecture,Usab Eval & Needs,4.00,A,SI 622,No
Winter 2023,60801599,022099,WN 2023,SI,658,001,Regular,Lecture,Info Architecture,3.00,A,SI 658,No
Winter 2023,60801599,039178,WN 2022,SI,539,001,Regular,Lecture,Web Design,3.00,A,SI 539,No
Winter 2023,60801599,040667,WN 2022,SI,681,001,Regular,Seminar,Intern/Field Seminar,6.00,S,SI 681,No
Winter 2023,60801599,042104,FA 2021,SI,501,001,Regular,Lecture,Contextual Inq,3.00,A,SI 501,No
Winter 2023,60801599,043863,FA 2022,SI,612,001,Regular,Lecture,Pervasv Interact Des,3.00,A,SI 612,No
Winter 2023,60801599,044772,WN 2022,SI,582,002,Regular,Lecture,Intro Interac Design,3.00,A+,SI 582,No
Winter 2023,60801599,045393,FA 2022,SI,552,001,Regular,Lecture,Accessibility Intro,3.00,B+,SI 552,No
Winter 2023,60801599,045687,FA 2021,SI,538,001,Regular,Seminar,Citizen Inter Design,4.00,A,SI 538,No
Winter 2023,60801599,046306,WN 2022,SI,616,001,Regular,Lecture,Adv Graphic Design,3.00,A,SI 616,No
Winter 2023,60801599,047246,FA 2021,SI,506,001,Regular,Lecture,Programming I,3.00,A,SI 506,No
Winter 2023,60801599,047304,WN 2023,ENTR,550,001,Regular,Lecture,Interpersonal Skills,3.00,A,ENTR 550,Yes
Winter 2023,60801599,047901,WN 2023,SI,699,301,Regular,Lecture,MSI Mastery Courses,3.00,A+,SI 699,No
Winter 2023,60801599,048129,WN 2022,SI,505,001,First 7 Wk,Lecture,Career/Intern Studio,1.00,S,SI 505,No
Winter 2023,60801599,048488,FA 2022,SI,559,001,Regular,Lecture,AR/VR Intro,3.00,A,SI 559,No
Winter 2023,60820809,001459,FA 2022,SI,690,410,Regular,Seminar,Intern/Field Exper,1.00,S,SI 690,No
Winter 2023,60820809,009731,FA 2021,SI,580,001,Regular,Lecture,Records & Archives,3.00,A+,SI 580,No
Winter 2023,60820809,014829,FA 2022,LATIN,506,001,Regular,Lecture,Adv Latin Comp,3.00,A,LATIN 506,Yes
Winter 2023,60820809,021045,FA 2021,SI,666,001,Regular,Lecture,Org of Inf Resources,3.00,A,SI 666,No
Winter 2023,60820809,022326,WN 2022,SI,581,001,Regular,Lecture,Pres Info Resources,3.00,A,SI 581,No
Winter 2023,60820809,038948,FA 2022,SI,632,001,Regular,Lecture,Appraisal & Coll Dev,3.00,A,SI 632,No
Winter 2023,60820809,040667,WN 2022,SI,681,001,Regular,Seminar,Intern/Field Seminar,4.00,S,SI 681,No
Winter 2023,60820809,041935,WN 2022,SI,530,001,Regular,Lecture,Prin in Management,3.00,A,SI 530,No
Winter 2023,60820809,042104,FA 2021,SI,501,002,Regular,Lecture,Contextual Inq,3.00,A,SI 501,No
Winter 2023,60820809,045980,WN 2022,LATIN,840,001,Regular,Seminar,Classical Receptions,3.00,A,LATIN 840,Yes
Winter 2023,60820809,047246,FA 2021,SI,506,001,Regular,Lecture,Programming I,3.00,A,SI 506,No
Winter 2023,60820809,047640,WN 2022,SI,507,001,Regular,Lecture,Inter Programming,3.00,A,SI 507,No
Winter 2023,60820809,047901,WN 2023,SI,699,028,Regular,Lecture,MSI Mastery Courses,3.00,A+,SI 699,No
Winter 2023,60820809,048280,WN 2023,SI,667,001,Regular,Lecture,Digital Curation,3.00,A,SI 667,No
Winter 2023,60820809,048933,FA 2021,LATIN,574,001,Regular,Recitation,Later Latin Lit,3.00,A,LATIN 574,Yes
Winter 2023,60820809,049601,FA 2022,SI,564,001,Regular,Lecture,SQL & Databases,1.50,A,SI 564,No
Winter 2023,60820809,050028,FA 2022,SI,583,001,Regular,Lecture,Info Accountability,3.00,A+,SI 583,No
Winter 2023,60820809,050162,WN 2023,SI,510,001,Regular,Lecture,Information Ethics,3.00,A+,SI 510,No
Winter 2023,60820809,050164,FA 2022,SI,504,001,Regular,Lecture,"Servers, Shell,&Git",1.50,A,SI 504,No
Winter 2023,60986506,016607,FA 2022,SI,544,001,Regular,Lecture,Intr Stat&Data Analy,3.00,A+,SI 544,No
Winter 2023,60986506,017281,FA 2022,SI,588,001,Regular,Lecture,Fundamntls Hum Beh,3.00,A,SI 588,No
Winter 2023,60986506,020401,WN 2022,SI,622,003,Regular,Lecture,Usab Eval & Needs,4.00,A+,SI 622,No
Winter 2023,60986506,020803,WN 2022,SI,643,001,Regular,Lecture,Instructional Skills,3.00,A,SI 643,No
Winter 2023,60986506,020997,FA 2022,BCOM,561,002,First 7 Wk,Recitation,Mgt Presentatn,1.50,A-,BCOM 561,Yes
Winter 2023,60986506,021400,WN 2022,SI,520,001,Regular,Lecture,Graphic Design,3.00,A-,SI 520,No
Winter 2023,60986506,039178,WN 2022,SI,539,001,Regular,Lecture,Web Design,3.00,A,SI 539,No
Winter 2023,60986506,039979,WN 2023,SI,623,001,Regular,Seminar,Res Meth Info Prof,3.00,A,SI 623,No
Winter 2023,60986506,040405,FA 2022,SURVMETH,600,001,Regular,Seminar,Fund Surv Data Sci,3.00,A,SURVMETH 600,Yes
Winter 2023,60986506,040667,WN 2022,SI,681,001,Regular,Seminar,Intern/Field Seminar,6.00,S,SI 681,No
Winter 2023,60986506,042104,FA 2021,SI,501,002,Regular,Lecture,Contextual Inq,3.00,A+,SI 501,No
Winter 2023,60986506,044772,FA 2021,SI,582,003,Regular,Lecture,Intro Interac Design,3.00,A+,SI 582,No
Winter 2023,60986506,045393,FA 2021,SI,552,001,Regular,Lecture,Accessibility Intro,3.00,A+,SI 552,No
Winter 2023,60986506,047246,FA 2021,SI,506,001,Regular,Lecture,Programming I,3.00,A-,SI 506,No
Winter 2023,60986506,047901,WN 2023,SI,699,201,Regular,Lecture,MSI Mastery Courses,3.00,A,SI 699,No
Winter 2023,60986506,050162,WN 2023,SI,510,001,Regular,Lecture,Information Ethics,3.00,A,SI 510,No
Winter 2023,61397128,007395,WN 2023,ARCH,509,014,Regular,Seminar,Experimental Course,3.00,A,ARCH 509,Yes
Winter 2023,61397128,007395,WN 2023,ARCH,509,016,Regular,Seminar,Experimental Course,3.00,A,ARCH 509,Yes
Winter 2023,61397128,017281,FA 2022,SI,588,001,Regular,Lecture,Fundamntls Hum Beh,3.00,A,SI 588,No
Winter 2023,61397128,020401,WN 2022,SI,622,001,Regular,Lecture,Usab Eval & Needs,4.00,A+,SI 622,No
Winter 2023,61397128,021400,WN 2022,SI,520,002,Regular,Lecture,Graphic Design,3.00,A,SI 520,No
Winter 2023,61397128,039178,WN 2022,SI,539,001,Regular,Lecture,Web Design,3.00,A,SI 539,No
Winter 2023,61397128,040667,WN 2022,SI,681,001,Regular,Seminar,Intern/Field Seminar,6.00,S,SI 681,No
Winter 2023,61397128,042104,FA 2021,SI,501,001,Regular,Lecture,Contextual Inq,3.00,A,SI 501,No
Winter 2023,61397128,043863,FA 2022,SI,612,001,Regular,Lecture,Pervasv Interact Des,3.00,A,SI 612,No
Winter 2023,61397128,044771,WN 2023,PAT,598,001,Regular,Lecture,Special Topic in PAT,1.00,A,PAT 598,Yes
Winter 2023,61397128,044772,FA 2021,SI,582,001,Regular,Lecture,Intro Interac Design,3.00,A+,SI 582,No
Winter 2023,61397128,046306,FA 2022,SI,616,001,Regular,Lecture,Adv Graphic Design,3.00,A,SI 616,No
Winter 2023,61397128,047246,FA 2021,SI,506,001,Regular,Lecture,Programming I,3.00,A,SI 506,No
Winter 2023,61397128,047901,WN 2023,SI,699,201,Regular,Lecture,MSI Mastery Courses,3.00,A-,SI 699,No
Winter 2023,61397128,048129,WN 2022,SI,505,001,First 7 Wk,Lecture,Career/Intern Studio,1.00,S,SI 505,No
Winter 2023,61397128,048488,FA 2021,SI,559,002,Regular,Lecture,AR/VR Intro,3.00,A+,SI 559,No
Winter 2023,61397128,048531,FA 2022,PAT,543,001,Regular,Lecture,Immersive Media,3.00,A+,PAT 543,Yes
Winter 2023,61397128,049112,WN 2022,PAT,500,004,Regular,Lecture,Intro Elec Mus Prod,3.00,A,PAT 500,Yes
Winter 2023,61771107,001459,FA 2019,SI,690,001,Regular,Seminar,Intern/Field Exper,3.00,S,SI 690,No
Winter 2023,61771107,001459,WN 2020,SI,690,109,Regular,Ind Study,Intern/Field Exper,3.00,S,SI 690,No
Winter 2023,61771107,001459,FA 2021,SI,690,001,Regular,Seminar,Intern/Field Exper,3.00,S,SI 690,No
Winter 2023,61771107,009731,FA 2018,SI,580,001,Regular,Lecture,Records & Archives,3.00,A,SI 580,No
Winter 2023,61771107,009733,WN 2021,SI,702,001,Regular,Seminar,Sem Orgnztl St,1.00,I,SI 702,No
Winter 2023,61771107,012456,FA 2020,SI,549,001,Regular,Seminar,Trfrm Lrng Tchg Tech,3.00,P,SI 549,No
Winter 2023,61771107,016607,FA 2018,SI,544,001,Regular,Lecture,Intr Stat&Data Analy,3.00,B-,SI 544,No
Winter 2023,61771107,020803,WN 2020,SI,643,001,Regular,Lecture,Instructional Skills,3.00,P,SI 643,No
Winter 2023,61771107,021042,FA 2020,SI,647,001,Regular,Lecture,Info Resources&Serv,3.00,P,SI 647,No
Winter 2023,61771107,021270,WN 2019,AMCULT,601,004,Regular,Seminar,Topics Am Stds,3.00,A+,AMCULT 601,Yes
Winter 2023,61771107,039178,WN 2019,SI,539,001,Regular,Lecture,Des of Comp Websites,3.00,W,SI 539,No
Winter 2023,61771107,039178,FA 2019,SI,539,001,Regular,Lecture,Des of Comp Websites,3.00,A-,SI 539,No
Winter 2023,61771107,039979,WN 2021,SI,623,001,Regular,Lecture,Res Meth Info Prof,3.00,P,SI 623,No
Winter 2023,61771107,040572,WN 2021,HBEHED,671,002,Regular,Seminar,Motivatnl Intvw PH,3.00,S,HBEHED 671,Yes
Winter 2023,61771107,042104,FA 2018,SI,501,001,Regular,Lecture,Contextual Inq,3.00,A,SI 501,No
Winter 2023,61771107,042363,FA 2019,SI,634,001,Regular,Lecture,Appl Pltfrm Config,1.50,I,SI 634,No
Winter 2023,61771107,042386,FA 2019,SI,635,001,Regular,Lecture,CMS & Web Frameworks,1.50,I,SI 635,No
Winter 2023,61771107,043052,WN 2020,MUSEUMS,498,002,Regular,Seminar,Spec Museums Topics,3.00,I,MUSEUMS 498,Yes
Winter 2023,61771107,047246,FA 2018,SI,506,001,Regular,Lecture,Programming I,3.00,A,SI 506,No
Winter 2023,61771107,047901,WN 2021,SI,699,008,Regular,Lecture,MSI Mastery Courses,3.00,A-,SI 699,No
Winter 2023,61771107,048280,WN 2019,SI,667,001,Regular,Lecture,Digital Curation,3.00,B,SI 667,No
Winter 2023,61823864,012456,FA 2022,SI,549,001,Regular,Seminar,Trfrm Lrng Tchg Tech,3.00,S,SI 549,No
Winter 2023,61823864,017281,FA 2021,SI,588,001,Regular,Lecture,Fundamntls Hum Beh,3.00,A,SI 588,No
Winter 2023,61823864,020401,WN 2022,SI,622,001,Regular,Lecture,Usab Eval & Needs,4.00,A+,SI 622,No
Winter 2023,61823864,021400,WN 2022,SI,520,001,Regular,Lecture,Graphic Design,3.00,A,SI 520,No
Winter 2023,61823864,022099,WN 2022,SI,658,001,Regular,Lecture,Info Architecture,3.00,A+,SI 658,No
Winter 2023,61823864,039178,WN 2022,SI,539,001,Regular,Lecture,Web Design,3.00,A,SI 539,No
Winter 2023,61823864,040667,WN 2022,SI,681,001,Regular,Seminar,Intern/Field Seminar,6.00,S,SI 681,No
Winter 2023,61823864,041376,FA 2022,BA,612,001,Scnd 7 Wk,Recitation,Bus Strat Base Pyrmd,2.25,A-,BA 612,Yes
Winter 2023,61823864,042104,FA 2021,SI,501,002,Regular,Lecture,Contextual Inq,3.00,A,SI 501,No
Winter 2023,61823864,044772,FA 2021,SI,582,002,Regular,Lecture,Intro Interac Design,3.00,A,SI 582,No
Winter 2023,61823864,045687,WN 2023,SI,538,001,Regular,Seminar,Citizen Inter Design,4.00,A,SI 538,No
Winter 2023,61823864,045771,FA 2022,SI,684,001,Regular,Seminar,Design ConsHlth Tech,3.00,A+,SI 684,No
Winter 2023,61823864,046306,FA 2022,SI,616,001,Regular,Lecture,Adv Graphic Design,3.00,A,SI 616,No
Winter 2023,61823864,047246,FA 2021,SI,506,001,Regular,Lecture,Programming I,3.00,A,SI 506,No
Winter 2023,61823864,047901,WN 2023,SI,699,201,Regular,Lecture,MSI Mastery Courses,3.00,A,SI 699,No
Winter 2023,61823864,050162,WN 2023,SI,510,001,Regular,Lecture,Information Ethics,3.00,A-,SI 510,No
Winter 2023,61841837,001518,WN 2022,ANTHRARC,497,001,Regular,Lecture,Museum Anthropology,3.00,A,ANTHRARC 497,Yes
Winter 2023,61841837,009731,FA 2021,SI,580,001,Regular,Lecture,Records & Archives,3.00,A+,SI 580,No
Winter 2023,61841837,011688,FA 2022,VOICE,500,226,Regular,Ind Study,Performance,2.00,A,VOICE 500,Yes
Winter 2023,61841837,021045,FA 2021,SI,666,001,Regular,Lecture,Org of Inf Resources,3.00,A,SI 666,No
Winter 2023,61841837,022326,WN 2023,SI,581,001,Regular,Lecture,Pres Info Resources,3.00,A+,SI 581,No
Winter 2023,61841837,038659,FA 2022,SI,519,001,Regular,Seminar,Intel Prop&Info Law,3.00,A+,SI 519,No
Winter 2023,61841837,038948,FA 2022,SI,632,001,Regular,Lecture,Appraisal & Coll Dev,3.00,A,SI 632,No
Winter 2023,61841837,039178,WN 2023,SI,539,001,Regular,Lecture,Web Design,3.00,A+,SI 539,No
Winter 2023,61841837,040667,WN 2022,SI,681,001,Regular,Seminar,Intern/Field Seminar,6.00,S,SI 681,No
Winter 2023,61841837,041935,WN 2022,SI,530,001,Regular,Lecture,Prin in Management,3.00,A,SI 530,No
Winter 2023,61841837,042104,FA 2021,SI,501,002,Regular,Lecture,Contextual Inq,3.00,A+,SI 501,No
Winter 2023,61841837,042324,WN 2022,SI,639,001,Scnd 7 Wk,Lecture,Web Archiving,1.50,A+,SI 639,No
Winter 2023,61841837,045393,FA 2022,SI,552,001,Regular,Lecture,Accessibility Intro,3.00,A+,SI 552,No
Winter 2023,61841837,047246,FA 2021,SI,506,001,Regular,Lecture,Programming I,3.00,A,SI 506,No
Winter 2023,61841837,047901,WN 2023,SI,699,006,Regular,Lecture,MSI Mastery Courses,3.00,A+,SI 699,No
Winter 2023,61841837,048280,WN 2022,SI,667,001,Regular,Lecture,Digital Curation,3.00,A,SI 667,No
Winter 2023,61841837,049601,WN 2022,SI,564,001,Regular,Lecture,SQL & Databases,1.50,A,SI 564,No
Winter 2023,61841837,050028,FA 2022,SI,583,001,Regular,Lecture,Info Accountability,3.00,A+,SI 583,No
Winter 2023,61841837,050161,FA 2022,SI,676,001,Regular,Lecture,Network Info Servcs,3.00,A+,SI 676,No
Winter 2023,61841837,050162,WN 2023,SI,510,001,Regular,Lecture,Information Ethics,3.00,A+,SI 510,No
Winter 2023,61841837,050164,WN 2022,SI,504,001,Regular,Lecture,"Servers, Shell,&Git",1.50,A,SI 504,No
Winter 2023,61841837,050165,WN 2022,SI,585,001,Regular,Lecture,Scholarly Comm,3.00,A,SI 585,No
Winter 2023,61904534,001459,FA 2022,SI,690,410,Regular,Seminar,Intern/Field Exper,3.00,S,SI 690,No
Winter 2023,61904534,017281,FA 2021,SI,588,002,Regular,Lecture,Fundamntls Hum Beh,3.00,A,SI 588,No
Winter 2023,61904534,020371,FA 2021,EECS,494,001,Regular,Lecture,Comp Game Design,4.00,A+,EECS 494,Yes
Winter 2023,61904534,020401,WN 2022,SI,622,003,Regular,Lecture,Usab Eval & Needs,4.00,A,SI 622,No
Winter 2023,61904534,040667,WN 2022,SI,681,001,Regular,Seminar,Intern/Field Seminar,6.00,S,SI 681,No
Winter 2023,61904534,041626,WN 2022,SI,664,001,Regular,Lecture,Database App Design,3.00,A,SI 664,No
Winter 2023,61904534,042104,FA 2022,SI,501,002,Regular,Lecture,Contextual Inq,3.00,A-,SI 501,No
Winter 2023,61904534,044772,FA 2021,SI,582,001,Regular,Lecture,Intro Interac Design,3.00,A+,SI 582,No
Winter 2023,61904534,047640,WN 2023,SI,507,001,Regular,Lecture,Inter Programming,3.00,A,SI 507,No
Winter 2023,61904534,047901,WN 2023,SI,699,003,Regular,Lecture,MSI Mastery Courses,3.00,A,SI 699,No
Winter 2023,61904534,048486,WN 2022,SI,659,001,Regular,Lecture,AR/VR Advanced,3.00,A,SI 659,No
Winter 2023,61904534,048487,FA 2021,SI,669,001,Regular,Lecture,Dev Mobile Exp,3.00,A+,SI 669,No
Winter 2023,61904534,050136,WN 2022,UARTS,560,116,Regular,Laboratory,Grad ArtsEng Proj,2.00,W,UARTS 560,Yes
Winter 2023,61904534,050159,FA 2021,SI,579,001,Regular,Lecture,Bldg Interactive App,3.00,A+,SI 579,No
Winter 2023,61904534,050776,FA 2022,EECS,471,001,Regular,Lecture,Applied GPU Prog,4.00,A-,EECS 471,Yes
Winter 2023,62200322,001459,FA 2022,SI,690,410,Regular,Seminar,Intern/Field Exper,4.00,S,SI 690,No
Winter 2023,62200322,001459,WN 2023,SI,690,001,Regular,Seminar,Intern/Field Exper,4.00,S,SI 690,No
Winter 2023,62200322,020803,WN 2023,SI,643,001,Regular,Lecture,Instructional Skills,3.00,A+,SI 643,No
Winter 2023,62200322,042071,FA 2022,SI,563,001,Regular,Lecture,Game Theory,3.00,A+,SI 563,No
Winter 2023,62200322,042104,FA 2022,SI,501,001,Regular,Lecture,Contextual Inq,3.00,A,SI 501,No
Winter 2023,62200322,043863,FA 2022,SI,612,002,Regular,Lecture,Pervasv Interact Des,3.00,A,SI 612,No
Winter 2023,62200322,044798,WN 2023,ENTR,599,021,Regular,Lecture,Spec Topics Entr,3.00,A,ENTR 599,Yes
Winter 2023,62200322,046306,WN 2023,SI,616,001,Regular,Lecture,Adv Graphic Design,3.00,A,SI 616,No
Winter 2023,62200322,047901,WN 2023,SI,699,401,Regular,Lecture,MSI Mastery Courses,3.00,A,SI 699,No
Winter 2023,62200322,048488,FA 2022,SI,559,001,Regular,Lecture,AR/VR Intro,3.00,A+,SI 559,No
Winter 2023,62211635,017281,FA 2022,SI,588,002,Regular,Lecture,Fundamntls Hum Beh,3.00,A+,SI 588,No
Winter 2023,62211635,020401,WN 2022,SI,622,003,Regular,Lecture,Usab Eval & Needs,4.00,A,SI 622,No
Winter 2023,62211635,021050,FA 2021,SI,691,091,Regular,Ind Study,Independent Study,1.00,A,SI 691,No
Winter 2023,62211635,021400,WN 2022,SI,520,002,Regular,Lecture,Graphic Design,3.00,S,SI 520,No
Winter 2023,62211635,022099,WN 2022,SI,658,001,Regular,Lecture,Info Architecture,3.00,A+,SI 658,No
Winter 2023,62211635,039178,FA 2022,SI,539,001,Regular,Lecture,Web Design,3.00,A,SI 539,No
Winter 2023,62211635,040667,WN 2022,SI,681,001,Regular,Seminar,Intern/Field Seminar,6.00,S,SI 681,No
Winter 2023,62211635,041957,WN 2023,ENGR,599,033,Regular,Lecture,Spec Topics Engr,3.00,A+,ENGR 599,Yes
Winter 2023,62211635,043863,FA 2022,SI,612,002,Regular,Lecture,Pervasv Interact Des,3.00,A+,SI 612,No
Winter 2023,62211635,044772,FA 2021,SI,582,004,Regular,Lecture,Intro Interac Design,3.00,A,SI 582,No
Winter 2023,62211635,046306,WN 2023,SI,616,001,Regular,Lecture,Adv Graphic Design,3.00,A,SI 616,No
Winter 2023,62211635,047246,FA 2021,SI,506,001,Regular,Lecture,Programming I,3.00,IA,SI 506,No
Winter 2023,62211635,047901,WN 2023,SI,699,401,Regular,Lecture,MSI Mastery Courses,3.00,A,SI 699,No
Winter 2023,62211635,048488,FA 2021,SI,559,001,Regular,Lecture,AR/VR Intro,3.00,A,SI 559,No
Winter 2023,62211635,050159,WN 2022,SI,579,001,Regular,Lecture,Bldg Interactive App,3.00,A,SI 579,No
Winter 2023,62211635,050164,FA 2021,SI,504,001,Regular,Lecture,"Servers, Shell,&Git",1.50,A,SI 504,No
Winter 2023,62582918,006305,WN 2022,STATS,412,003,Regular,Lecture,Intro Prob Stat,3.00, ,STATS 412,Yes
Winter 2023,62582918,017281,FA 2021,SI,588,001,Regular,Lecture,Fundamntls Hum Beh,3.00,A,SI 588,No
Winter 2023,62582918,020401,WN 2022,SI,622,001,Regular,Lecture,Usab Eval & Needs,4.00,A,SI 622,No
Winter 2023,62582918,020934,FA 2022,SI,649,001,Regular,Lecture,Info Visualization,3.00,A-,SI 649,No
Winter 2023,62582918,021400,FA 2021,SI,520,002,Regular,Lecture,Graphic Design,3.00,A,SI 520,No
Winter 2023,62582918,039081,WN 2023,SI,529,001,Regular,Lecture,Online Communities,3.00,A,SI 529,No
Winter 2023,62582918,039178,WN 2022,SI,539,001,Regular,Lecture,Web Design,3.00,A,SI 539,No
Winter 2023,62582918,040667,WN 2022,SI,681,001,Regular,Seminar,Intern/Field Seminar,6.00,S,SI 681,No
Winter 2023,62582918,042104,FA 2021,SI,501,001,Regular,Lecture,Contextual Inq,3.00,A,SI 501,No
Winter 2023,62582918,043863,FA 2022,SI,612,001,Regular,Lecture,Pervasv Interact Des,3.00,A,SI 612,No
Winter 2023,62582918,044772,FA 2021,SI,582,003,Regular,Lecture,Intro Interac Design,3.00,A+,SI 582,No
Winter 2023,62582918,047246,FA 2021,SI,506,001,Regular,Lecture,Programming I,3.00,A,SI 506,No
Winter 2023,62582918,047640,WN 2022,SI,507,001,Regular,Lecture,Inter Programming,3.00, ,SI 507,No
Winter 2023,62582918,047901,WN 2023,SI,699,001,Regular,Lecture,MSI Mastery Courses,3.00,A,SI 699,No
Winter 2023,62582918,048486,WN 2022,SI,659,001,Regular,Lecture,AR/VR Advanced,3.00,A-,SI 659,No
Winter 2023,62582918,048487,FA 2022,SI,669,001,Regular,Lecture,Dev Mobile Exp,3.00,A,SI 669,No
Winter 2023,62582918,050136,FA 2021,UARTS,560,102,Regular,Laboratory,Grad ArtsEng Proj,2.00,S,UARTS 560,Yes
Winter 2023,62582918,050162,WN 2023,SI,510,001,Regular,Lecture,Information Ethics,3.00,A,SI 510,No
Winter 2023,62720159,017281,FA 2021,SI,588,001,Regular,Lecture,Fundamntls Hum Beh,3.00,A,SI 588,No
Winter 2023,62720159,020401,WN 2023,SI,622,002,Regular,Lecture,Usab Eval & Needs,4.00,A,SI 622,No
Winter 2023,62720159,022099,WN 2023,SI,658,001,Regular,Lecture,Info Architecture,3.00,A,SI 658,No
Winter 2023,62720159,039178,FA 2021,SI,539,001,Regular,Lecture,Web Design,3.00,A,SI 539,No
Winter 2023,62720159,042071,FA 2022,SI,563,001,Regular,Lecture,Game Theory,3.00,W,SI 563,No
Winter 2023,62720159,042104,FA 2021,SI,501,001,Regular,Lecture,Contextual Inq,3.00,A+,SI 501,No
Winter 2023,62720159,044772,WN 2022,SI,582,002,Regular,Lecture,Intro Interac Design,3.00,A,SI 582,No
Winter 2023,62720159,045687,WN 2023,SI,538,001,Regular,Seminar,Citizen Inter Design,4.00,A,SI 538,No
Winter 2023,62720159,047246,FA 2021,SI,506,001,Regular,Lecture,Programming I,3.00,A,SI 506,No
Winter 2023,62720159,047640,WN 2022,SI,507,001,Regular,Lecture,Inter Programming,3.00,A,SI 507,No
Winter 2023,62720159,047892,FA 2022,SI,605,004,Regular,Laboratory,Interdisc Prob Solv,3.00,A,SI 605,No
Winter 2023,62720159,047901,FA 2023,SI,699,001,Regular,Lecture,MSI Mastery Courses,3.00,A-,SI 699,No
Winter 2023,62720159,048129,WN 2022,SI,505,001,First 7 Wk,Lecture,Career/Intern Studio,1.00,S,SI 505,No
Winter 2023,62720159,048421,FA 2022,ENTR,560,001,Regular,Lecture,Proj Mgmt Consulting,3.00,A,ENTR 560,Yes
Winter 2023,62720159,048488,FA 2022,SI,559,001,Regular,Lecture,AR/VR Intro,3.00,A-,SI 559,No
Winter 2023,62720159,049417,WN 2022,BA,670,001,Regular,Recitation,+Impact Studio,3.00,B,BA 670,Yes
Winter 2023,62720159,050159,FA 2023,SI,579,001,Regular,Lecture,Bldg Interactive App,3.00,W,SI 579,No
Winter 2023,62720159,050162,WN 2022,SI,510,001,Regular,Lecture,Information Ethics,3.00,A+,SI 510,No
Winter 2023,62720159,050164,FA 2023,SI,504,001,Regular,Lecture,"Servers, Shell,&Git",1.50,W,SI 504,No
Winter 2023,63365361,014799,WN 2022,ELI,544,001,Regular,Lecture,Acad Presentations,2.00,S,ELI 544,Yes
Winter 2023,63365361,017281,FA 2021,SI,588,001,Regular,Lecture,Fundamntls Hum Beh,3.00,A+,SI 588,No
Winter 2023,63365361,017533,FA 2022,MO,512,005,Scnd 7 Wk,Recitation,Bargain&Infl Skills,2.25,A-,MO 512,Yes
Winter 2023,63365361,020401,FA 2021,SI,622,001,Regular,Lecture,Usab Eval & Needs,4.00,A+,SI 622,No
Winter 2023,63365361,040667,WN 2022,SI,681,001,Regular,Seminar,Intern/Field Seminar,6.00,S,SI 681,No
Winter 2023,63365361,042104,FA 2021,SI,501,001,Regular,Lecture,Contextual Inq,3.00,A,SI 501,No
Winter 2023,63365361,044600,FA 2022,MO,620,002,Scnd 7 Wk,Recitation,Leading a Good Life,1.50,A-,MO 620,Yes
Winter 2023,63365361,044772,FA 2021,SI,582,003,Regular,Lecture,Intro Interac Design,3.00,A+,SI 582,No
Winter 2023,63365361,045771,FA 2022,SI,684,001,Regular,Seminar,Design ConsHlth Tech,3.00,A+,SI 684,No
Winter 2023,63365361,047640,WN 2022,SI,507,001,Regular,Lecture,Inter Programming,3.00,A,SI 507,No
Winter 2023,63365361,047892,WN 2023,SI,605,002,Regular,Laboratory,Interdisc Prob Solv,3.00,A,SI 605,No
Winter 2023,63365361,047901,FA 2022,SI,699,001,Regular,Lecture,MSI Mastery Courses,3.00,A+,SI 699,No
Winter 2023,63365361,048421,WN 2023,ENTR,560,002,Regular,Lecture,Proj Mgmt Consulting,3.00,A+,ENTR 560,Yes
Winter 2023,63365361,048486,WN 2022,SI,659,001,Regular,Lecture,AR/VR Advanced,3.00,A+,SI 659,No
Winter 2023,63365361,048488,FA 2022,SI,559,001,Regular,Lecture,AR/VR Intro,3.00,A,SI 559,No
Winter 2023,63365361,050159,WN 2022,SI,579,001,Regular,Lecture,Bldg Interactive App,3.00,A-,SI 579,No
Winter 2023,63365361,050164,FA 2021,SI,504,001,Regular,Lecture,"Servers, Shell,&Git",1.50,A+,SI 504,No
Winter 2023,63379690,009732,FA 2022,SI,650,001,Regular,Lecture,Informatn Retrieval,3.00,A,SI 650,No
Winter 2023,63379690,017271,WN 2022,TO,572,001,First 7 Wk,Recitation,App B Frcst I,1.50,A,TO 572,Yes
Winter 2023,63379690,020934,WN 2022,SI,649,001,Regular,Lecture,Info Visualization,3.00,A-,SI 649,No
Winter 2023,63379690,039178,WN 2022,SI,539,001,Regular,Lecture,Web Design,3.00,A,SI 539,No
Winter 2023,63379690,040667,WN 2022,SI,681,001,Regular,Seminar,Intern/Field Seminar,6.00,S,SI 681,No
Winter 2023,63379690,041626,FA 2021,SI,664,001,Regular,Lecture,Database App Design,3.00,A+,SI 664,No
Winter 2023,63379690,041855,FA 2022,SI,631,001,Regular,Lecture,Agile Softwar Dev,1.50,A,SI 631,No
Winter 2023,63379690,041957,WN 2023,ENGR,599,110,Regular,Lecture,Spec Topics Engr,2.00,A,ENGR 599,Yes
Winter 2023,63379690,041957,FA 2023,ENGR,599,110,Regular,Lecture,Spec Topics Engr,2.00,A,ENGR 599,Yes
Winter 2023,63379690,042091,WN 2022,SI,618,001,Regular,Lecture,Data Man & Analysis,3.00,A,SI 618,No
Winter 2023,63379690,042104,FA 2021,SI,501,001,Regular,Lecture,Contextual Inq,3.00,A,SI 501,No
Winter 2023,63379690,043330,WN 2023,TO,515,001,Scnd 7 Wk,Recitation,VBA for Excel,2.25,A,TO 515,Yes
Winter 2023,63379690,043396,FA 2022,EECS,402,001,Regular,Lecture,Prog for Sci&Eng,4.00,B+,EECS 402,Yes
Winter 2023,63379690,045930,FA 2022,SI,671,001,Regular,Lecture,Data Mining,3.00,A,SI 671,No
Winter 2023,63379690,047640,FA 2021,SI,507,001,Regular,Lecture,Inter Programming,3.00,A,SI 507,No
Winter 2023,63379690,047901,FA 2023,SI,699,005,Regular,Lecture,MSI Mastery Courses,3.00,A-,SI 699,No
Winter 2023,63379690,048500,FA 2022,SI,670,001,Regular,Lecture,Appld Machine Learng,3.00,A-,SI 670,No
Winter 2023,63379690,048887,WN 2023,EECS,403,001,Regular,Lecture,Fnd Data Str Algo,4.00,W,EECS 403,Yes
Winter 2023,63379690,049601,FA 2021,SI,564,001,Regular,Lecture,SQL & Databases,1.50,A,SI 564,No
Winter 2023,63379690,050159,WN 2022,SI,579,001,Regular,Lecture,Bldg Interactive App,3.00,B,SI 579,No
Winter 2023,63379690,050164,FA 2021,SI,504,001,Regular,Lecture,"Servers, Shell,&Git",1.50,A,SI 504,No
Winter 2023,63379690,050663,WN 2023,SI,568,001,Regular,Lecture,Intro Appld Data Sci,3.00,A+,SI 568,No
Winter 2023,63379690,050983,WN 2023,SI,602,001,Regular,Lecture,Math for ApplDataSci,3.00,B,SI 602,No
Winter 2023,63642988,017281,FA 2022,SI,588,002,Regular,Lecture,Fundamntls Hum Beh,3.00,A,SI 588,No
Winter 2023,63642988,017530,WN 2023,TO,616,001,Scnd 7 Wk,Recitation,Project Mngmt,1.50,A-,TO 616,Yes
Winter 2023,63642988,020401,FA 2021,SI,622,001,Regular,Lecture,Usab Eval & Needs,4.00,A+,SI 622,No
Winter 2023,63642988,020803,WN 2023,SI,643,001,Regular,Lecture,Instructional Skills,3.00,A+,SI 643,No
Winter 2023,63642988,021400,FA 2022,SI,520,002,Regular,Lecture,Graphic Design,3.00,B,SI 520,No
Winter 2023,63642988,039178,WN 2022,SI,539,001,Regular,Lecture,Web Design,3.00,C+,SI 539,No
Winter 2023,63642988,039979,WN 2022,SI,623,001,Regular,Seminar,Res Meth Info Prof,3.00,A,SI 623,No
Winter 2023,63642988,040667,WN 2022,SI,681,001,Regular,Seminar,Intern/Field Seminar,6.00,S,SI 681,No
Winter 2023,63642988,042104,FA 2021,SI,501,001,Regular,Lecture,Contextual Inq,3.00,A,SI 501,No
Winter 2023,63642988,044772,FA 2021,SI,582,004,Regular,Lecture,Intro Interac Design,3.00,A,SI 582,No
Winter 2023,63642988,044798,WN 2022,ENTR,599,417,Regular,Lecture,Spec Topics Entr,1.00,A,ENTR 599,Yes
Winter 2023,63642988,047246,FA 2021,SI,506,001,Regular,Lecture,Programming I,3.00,A,SI 506,No
Winter 2023,63642988,047304,WN 2023,ENTR,550,001,Regular,Lecture,Interpersonal Skills,3.00,A,ENTR 550,Yes
Winter 2023,63642988,047849,WN 2023,ARTSADMN,533,001,Regular,Lecture,Media Tech Careers,1.00,A,ARTSADMN 533,Yes
Winter 2023,63642988,047901,WN 2023,SI,699,001,Regular,Lecture,MSI Mastery Courses,3.00,A,SI 699,No
Winter 2023,63642988,048129,WN 2022,SI,505,001,First 7 Wk,Lecture,Career/Intern Studio,1.00,S,SI 505,No
Winter 2023,63642988,049082,WN 2022,SI,682,001,Regular,Lecture,UX Field Research,3.00,A-,SI 682,No
Winter 2023,63642988,049601,WN 2022,SI,564,001,Regular,Lecture,SQL & Databases,1.50,W,SI 564,No
Winter 2023,63642988,050650,WN 2023,EDUC,618,001,Regular,Seminar,XR for Learning,1.00,A,EDUC 618,Yes
Winter 2023,64348770,017281,FA 2021,SI,588,002,Regular,Lecture,Fundamntls Hum Beh,3.00,A,SI 588,No
Winter 2023,64348770,020401,WN 2022,SI,622,003,Regular,Lecture,Usab Eval & Needs,4.00,A,SI 622,No
Winter 2023,64348770,022099,WN 2023,SI,658,001,Regular,Lecture,Info Architecture,3.00,A,SI 658,No
Winter 2023,64348770,039081,WN 2023,SI,529,001,Regular,Lecture,Online Communities,3.00,A,SI 529,No
Winter 2023,64348770,039178,WN 2022,SI,539,001,Regular,Lecture,Web Design,3.00,A,SI 539,No
Winter 2023,64348770,040667,WN 2022,SI,681,001,Regular,Seminar,Intern/Field Seminar,6.00,S,SI 681,No
Winter 2023,64348770,041855,FA 2022,SI,631,001,Regular,Lecture,Agile Softwar Dev,1.50,A,SI 631,No
Winter 2023,64348770,042104,FA 2021,SI,501,002,Regular,Lecture,Contextual Inq,3.00,A+,SI 501,No
Winter 2023,64348770,043863,WN 2022,SI,612,001,Regular,Lecture,Pervasv Interact Des,3.00,A,SI 612,No
Winter 2023,64348770,044772,FA 2021,SI,582,002,Regular,Lecture,Intro Interac Design,3.00,A-,SI 582,No
Winter 2023,64348770,045687,WN 2023,SI,538,001,Regular,Seminar,Citizen Inter Design,4.00,A,SI 538,No
Winter 2023,64348770,046306,FA 2022,SI,616,001,Regular,Lecture,Adv Graphic Design,3.00,A,SI 616,No
Winter 2023,64348770,047246,FA 2021,SI,506,001,Regular,Lecture,Programming I,3.00,A,SI 506,No
Winter 2023,64348770,047901,FA 2022,SI,699,001,Regular,Lecture,MSI Mastery Courses,3.00,A,SI 699,No
Winter 2023,64348770,050846,FA 2022,SI,512,001,Regular,Lecture,Change The Internet,3.00,A,SI 512,No
Winter 2023,64632066,001459,FA 2022,SI,690,410,Regular,Seminar,Intern/Field Exper,3.00,S,SI 690,No
Winter 2023,64632066,001459,WN 2023,SI,690,001,Regular,Seminar,Intern/Field Exper,3.00,S,SI 690,No
Winter 2023,64632066,016607,FA 2021,SI,544,001,Regular,Lecture,Intr Stat&Data Analy,3.00,A+,SI 544,No
Winter 2023,64632066,020401,WN 2022,SI,622,001,Regular,Lecture,Usab Eval & Needs,4.00,A,SI 622,No
Winter 2023,64632066,039543,FA 2022,PUBPOL,750,001,Regular,Lecture,Special Topics,3.00,A+,PUBPOL 750,Yes
Winter 2023,64632066,039979,WN 2022,SI,623,001,Regular,Seminar,Res Meth Info Prof,3.00,A+,SI 623,No
Winter 2023,64632066,040667,WN 2022,SI,681,001,Regular,Seminar,Intern/Field Seminar,3.00,S,SI 681,No
Winter 2023,64632066,042005,FA 2021,STS,571,001,Regular,Seminar,Interdisc Sem,1.00,S,STS 571,Yes
Winter 2023,64632066,042005,WN 2022,STS,571,001,Regular,Seminar,Interdisc Sem,1.00,S,STS 571,Yes
Winter 2023,64632066,042104,FA 2021,SI,501,001,Regular,Lecture,Contextual Inq,3.00,A+,SI 501,No
Winter 2023,64632066,044772,WN 2023,SI,582,001,Regular,Lecture,Intro Interac Design,3.00,A+,SI 582,No
Winter 2023,64632066,047246,FA 2021,SI,506,001,Regular,Lecture,Programming I,3.00,A,SI 506,No
Winter 2023,64632066,047641,WN 2022,SI,540,001,Regular,Lecture,Privacy in Info Tech,3.00,A+,SI 540,No
Winter 2023,64632066,047892,FA 2022,SI,605,004,Regular,Laboratory,Interdisc Prob Solv,3.00,A,SI 605,No
Winter 2023,64632066,049040,WN 2023,SI,698,102,Regular,Seminar,Master's Thesis 2,3.00,A,SI 698,No
Winter 2023,64632066,049365,FA 2022,SI,697,102,Regular,Ind Study,Master's Thesis 1,3.00,S,SI 697,No
Winter 2023,64632066,049952,FA 2022,LAW,503,001,Regular,Lecture,Data Privacy Law,2.00,B+,LAW 503,Yes
Winter 2023,64632066,050164,FA 2021,SI,504,001,Regular,Lecture,"Servers, Shell,&Git",1.50,A-,SI 504,No
Winter 2023,65560268,017281,FA 2022,SI,588,001,Regular,Lecture,Fundamntls Hum Beh,3.00,A,SI 588,No
Winter 2023,65560268,020401,WN 2022,SI,622,001,Regular,Lecture,Usab Eval & Needs,4.00,A+,SI 622,No
Winter 2023,65560268,021400,WN 2022,SI,520,001,Regular,Lecture,Graphic Design,3.00,A-,SI 520,No
Winter 2023,65560268,039178,FA 2021,SI,539,001,Regular,Lecture,Web Design,3.00,A,SI 539,No
Winter 2023,65560268,040667,WN 2022,SI,681,001,Regular,Seminar,Intern/Field Seminar,6.00,S,SI 681,No
Winter 2023,65560268,041957,WN 2022,ENGR,599,109,Regular,Lecture,Spec Topics Engr,2.00,A+,ENGR 599,Yes
Winter 2023,65560268,041957,FA 2022,ENGR,599,109,Regular,Lecture,Spec Topics Engr,2.00,A+,ENGR 599,Yes
Winter 2023,65560268,042071,FA 2022,SI,563,001,Regular,Lecture,Game Theory,3.00,A,SI 563,No
Winter 2023,65560268,042104,FA 2021,SI,501,001,Regular,Lecture,Contextual Inq,3.00,A,SI 501,No
Winter 2023,65560268,044772,FA 2021,SI,582,004,Regular,Lecture,Intro Interac Design,3.00,A,SI 582,No
Winter 2023,65560268,047246,FA 2021,SI,506,001,Regular,Lecture,Programming I,3.00,A,SI 506,No
Winter 2023,65560268,047901,WN 2023,SI,699,001,Regular,Lecture,MSI Mastery Courses,3.00,A,SI 699,No
Winter 2023,65560268,048486,WN 2022,SI,659,001,Regular,Lecture,AR/VR Advanced,3.00,A,SI 659,No
Winter 2023,65560268,048488,FA 2022,SI,559,001,Regular,Lecture,AR/VR Intro,3.00,A+,SI 559,No
Winter 2023,65560268,048531,FA 2022,PAT,543,001,Regular,Lecture,Immersive Media,3.00,A,PAT 543,Yes
Winter 2023,65560268,050650,WN 2023,EDUC,618,001,Regular,Seminar,XR for Learning,1.00,A,EDUC 618,Yes
Winter 2023,65866752,001459,FA 2022,SI,690,410,Regular,Seminar,Intern/Field Exper,3.00,S,SI 690,No
Winter 2023,65866752,017281,FA 2021,SI,588,002,Regular,Lecture,Fundamntls Hum Beh,3.00,A,SI 588,No
Winter 2023,65866752,020401,WN 2022,SI,622,001,Regular,Lecture,Usab Eval & Needs,4.00,A,SI 622,No
Winter 2023,65866752,021400,WN 2022,SI,520,001,Regular,Lecture,Graphic Design,3.00,B+,SI 520,No
Winter 2023,65866752,022099,WN 2023,SI,658,001,Regular,Lecture,Info Architecture,3.00,A,SI 658,No
Winter 2023,65866752,022205,FA 2022,ENGLISH,569,001,Regular,Seminar,Wksp Creatv Non-Fic,3.00,A,ENGLISH 569,Yes
Winter 2023,65866752,039178,WN 2022,SI,539,001,Regular,Lecture,Web Design,3.00,A,SI 539,No
Winter 2023,65866752,040405,FA 2022,SURVMETH,600,001,Regular,Seminar,Fund Surv Data Sci,3.00,A-,SURVMETH 600,Yes
Winter 2023,65866752,040667,WN 2022,SI,681,001,Regular,Seminar,Intern/Field Seminar,6.00,S,SI 681,No
Winter 2023,65866752,042104,FA 2021,SI,501,001,Regular,Lecture,Contextual Inq,3.00,A,SI 501,No
Winter 2023,65866752,043863,FA 2022,SI,612,002,Regular,Lecture,Pervasv Interact Des,3.00,A,SI 612,No
Winter 2023,65866752,044772,FA 2021,SI,582,004,Regular,Lecture,Intro Interac Design,3.00,B-,SI 582,No
Winter 2023,65866752,046986,WN 2023,THTREMUS,535,001,Regular,Recitation,Thtre&Incarceration,3.00,A,THTREMUS 535,Yes
Winter 2023,65866752,047246,FA 2021,SI,506,001,Regular,Lecture,Programming I,3.00,A,SI 506,No
Winter 2023,65866752,047901,WN 2023,SI,699,001,Regular,Lecture,MSI Mastery Courses,3.00,A,SI 699,No
Winter 2023,65866752,049112,FA 2022,PAT,500,001,Regular,Lecture,Intro Elec Mus Prod,3.00,A,PAT 500,Yes
Winter 2023,66076784,016607,FA 2021,SI,544,001,Regular,Lecture,Intr Stat&Data Analy,3.00,A+,SI 544,No
Winter 2023,66076784,017075,FA 2022,ELI,534,002,Regular,Lecture,Dis&Oral Argumentn,1.00,S,ELI 534,Yes
Winter 2023,66076784,021050,WN 2022,SI,691,070,Regular,Ind Study,Independent Study,2.00,A,SI 691,No
Winter 2023,66076784,038618,FA 2022,ELI,522,001,Regular,Lecture,Res Paper Writing,2.00,S,ELI 522,Yes
Winter 2023,66076784,039979,WN 2022,SI,623,001,Regular,Seminar,Res Meth Info Prof,3.00,A+,SI 623,No
Winter 2023,66076784,040667,WN 2022,SI,681,001,Regular,Seminar,Intern/Field Seminar,6.00,S,SI 681,No
Winter 2023,66076784,041626,WN 2022,SI,664,001,Regular,Lecture,Database App Design,3.00,A,SI 664,No
Winter 2023,66076784,041957,WN 2022,ENGR,599,223,Regular,Lecture,Spec Topics Engr,2.00,A,ENGR 599,Yes
Winter 2023,66076784,041957,FA 2022,ENGR,599,223,Regular,Lecture,Spec Topics Engr,2.00,A,ENGR 599,Yes
Winter 2023,66076784,042091,WN 2022,SI,618,001,Regular,Lecture,Data Man & Analysis,3.00,A,SI 618,No
Winter 2023,66076784,042104,FA 2021,SI,501,001,Regular,Lecture,Contextual Inq,3.00,A,SI 501,No
Winter 2023,66076784,047640,FA 2021,SI,507,001,Regular,Lecture,Inter Programming,3.00,A,SI 507,No
Winter 2023,66076784,048268,WN 2023,SI,630,001,Regular,Lecture,NLP Algorithm People,3.00,A,SI 630,No
Winter 2023,66076784,048500,FA 2022,SI,670,001,Regular,Lecture,Appld Machine Learng,3.00,A+,SI 670,No
Winter 2023,66076784,049040,WN 2023,SI,698,070,Regular,Seminar,Master's Thesis 2,3.00,A+,SI 698,No
Winter 2023,66076784,049365,FA 2022,SI,697,070,Regular,Ind Study,Master's Thesis 1,3.00,S,SI 697,No
Winter 2023,66076784,049601,FA 2021,SI,564,001,Regular,Lecture,SQL & Databases,1.50,A,SI 564,No
Winter 2023,66076784,050164,WN 2022,SI,504,001,Regular,Lecture,"Servers, Shell,&Git",1.50,A,SI 504,No
Winter 2023,66076784,050663,WN 2022,SI,568,001,Regular,Lecture,Intro Appld Data Sci,3.00,A,SI 568,No
Winter 2023,66627531,016607,FA 2021,SI,544,001,Regular,Lecture,Intr Stat&Data Analy,3.00,A,SI 544,No
Winter 2023,66627531,017281,FA 2021,SI,588,002,Regular,Lecture,Fundamntls Hum Beh,3.00,A,SI 588,No
Winter 2023,66627531,020401,WN 2023,SI,622,002,Regular,Lecture,Usab Eval & Needs,4.00,A,SI 622,No
Winter 2023,66627531,021400,FA 2022,SI,520,002,Regular,Lecture,Graphic Design,3.00,A,SI 520,No
Winter 2023,66627531,022099,WN 2023,SI,658,001,Regular,Lecture,Info Architecture,3.00,A,SI 658,No
Winter 2023,66627531,039178,WN 2022,SI,539,001,Regular,Lecture,Web Design,3.00,A,SI 539,No
Winter 2023,66627531,040667,WN 2022,SI,681,001,Regular,Seminar,Intern/Field Seminar,6.00,S,SI 681,No
Winter 2023,66627531,041626,FA 2022,SI,664,001,Regular,Lecture,Database App Design,3.00,A,SI 664,No
Winter 2023,66627531,042091,WN 2022,SI,618,001,Regular,Lecture,Data Man & Analysis,3.00,W,SI 618,No
Winter 2023,66627531,042104,FA 2021,SI,501,002,Regular,Lecture,Contextual Inq,3.00,A,SI 501,No
Winter 2023,66627531,043863,WN 2022,SI,612,001,Regular,Lecture,Pervasv Interact Des,3.00,A+,SI 612,No
Winter 2023,66627531,044772,FA 2021,SI,582,004,Regular,Lecture,Intro Interac Design,3.00,A,SI 582,No
Winter 2023,66627531,046306,WN 2023,SI,616,001,Regular,Lecture,Adv Graphic Design,3.00,A,SI 616,No
Winter 2023,66627531,047246,FA 2021,SI,506,001,Regular,Lecture,Programming I,3.00,A-,SI 506,No
Winter 2023,66627531,047640,WN 2022,SI,507,001,Regular,Lecture,Inter Programming,3.00,A,SI 507,No
Winter 2023,66627531,047901,FA 2023,SI,699,001,Regular,Lecture,MSI Mastery Courses,3.00,A,SI 699,No
Winter 2023,66627531,048487,FA 2022,SI,669,001,Regular,Lecture,Dev Mobile Exp,3.00,W,SI 669,No
Winter 2023,66627531,048488,FA 2022,SI,559,001,Regular,Lecture,AR/VR Intro,3.00,A,SI 559,No
Winter 2023,66627531,050159,WN 2022,SI,579,001,Regular,Lecture,Bldg Interactive App,3.00,B,SI 579,No
Winter 2023,66627531,050164,FA 2021,SI,504,001,Regular,Lecture,"Servers, Shell,&Git",1.50,A,SI 504,No
Winter 2023,66820110,014793,WN 2022,ELI,521,001,Regular,Lecture,Acad Writg I,1.00,W,ELI 521,Yes
Winter 2023,66820110,017005,FA 2021,STRATEGY,503,005,First 7 Wk,Recitation,Compet Glob Bus Env,1.50,B,STRATEGY 503,Yes
Winter 2023,66820110,017075,WN 2022,ELI,534,002,Regular,Lecture,Dis&Oral Argumentn,1.00,S,ELI 534,Yes
Winter 2023,66820110,017533,FA 2021,MO,512,001,First 7 Wk,Recitation,Bargain&Infl Skills,2.25,B,MO 512,Yes
Winter 2023,66820110,017858,WN 2023,ES,569,001,Scnd 7 Wk,Recitation,Leading High Growth,1.50,A,ES 569,Yes
Winter 2023,66820110,019159,WN 2022,BA,591,001,Regular,Recitation,Global MBA MAP,7.50,A-,BA 591,Yes
Winter 2023,66820110,019169,WN 2023,MKT,603,001,Scnd 7 Wk,Recitation,Strategic Brand Mgt,2.25,B-,MKT 603,Yes
Winter 2023,66820110,020996,WN 2023,BCOM,524,001,First 7 Wk,Recitation,Pers Mgt Comm,1.50,A-,BCOM 524,Yes
Winter 2023,66820110,040667,WN 2022,SI,681,001,Regular,Seminar,Intern/Field Seminar,6.00,S,SI 681,No
Winter 2023,66820110,042091,WN 2022,SI,618,001,Regular,Lecture,Data Man & Analysis,3.00,C,SI 618,No
Winter 2023,66820110,044155,FA 2021,TO,582,001,Regular,Recitation,Action Learning Proj,7.50,A-,TO 582,Yes
Winter 2023,66820110,046369,FA 2021,TO,640,001,Scnd 7 Wk,Recitation,Big Data Mgmt Tools,2.25,A-,TO 640,Yes
Winter 2023,66820110,047246,FA 2021,SI,506,001,Regular,Lecture,Programming I,3.00,C+,SI 506,No
Winter 2023,66820110,047640,WN 2022,SI,507,001,Regular,Lecture,Inter Programming,3.00,A,SI 507,No
Winter 2023,66820110,047901,WN 2023,SI,699,005,Regular,Lecture,MSI Mastery Courses,3.00,A+,SI 699,No
Winter 2023,66820110,048129,WN 2023,SI,505,001,First 7 Wk,Lecture,Career/Intern Studio,1.00,S,SI 505,No
Winter 2023,66820110,049265,WN 2023,MO,640,001,First 7 Wk,Recitation,Healthy Business,1.50,A-,MO 640,Yes
Winter 2023,66820110,050149,WN 2023,FIN,625,001,First 7 Wk,Recitation,Finance & Society,2.25,B,FIN 625,Yes
Winter 2023,66820110,050164,FA 2021,SI,504,001,Regular,Lecture,"Servers, Shell,&Git",1.50,C-,SI 504,No
Winter 2023,66820110,050663,WN 2022,SI,568,001,Regular,Lecture,Intro Appld Data Sci,3.00,C-,SI 568,No
Winter 2023,66920174,017281,FA 2021,SI,588,001,Regular,Lecture,Fundamntls Hum Beh,3.00,A,SI 588,No
Winter 2023,66920174,017533,WN 2023,MO,512,003,First 7 Wk,Recitation,Bargain&Infl Skills,2.25,B-,MO 512,Yes
Winter 2023,66920174,020401,WN 2022,SI,622,001,Regular,Lecture,Usab Eval & Needs,4.00,A+,SI 622,No
Winter 2023,66920174,020934,WN 2023,SI,649,002,Regular,Lecture,Info Visualization,3.00,A-,SI 649,No
Winter 2023,66920174,021400,FA 2021,SI,520,002,Regular,Lecture,Graphic Design,3.00,A-,SI 520,No
Winter 2023,66920174,039081,WN 2023,SI,529,001,Regular,Lecture,Online Communities,3.00,A,SI 529,No
Winter 2023,66920174,039178,WN 2022,SI,539,001,Regular,Lecture,Web Design,3.00,A,SI 539,No
Winter 2023,66920174,040667,WN 2022,SI,681,001,Regular,Seminar,Intern/Field Seminar,6.00,S,SI 681,No
Winter 2023,66920174,042104,FA 2021,SI,501,001,Regular,Lecture,Contextual Inq,3.00,A,SI 501,No
Winter 2023,66920174,043863,FA 2022,SI,612,001,Regular,Lecture,Pervasv Interact Des,3.00,A-,SI 612,No
Winter 2023,66920174,044772,FA 2021,SI,582,004,Regular,Lecture,Intro Interac Design,3.00,A-,SI 582,No
Winter 2023,66920174,044798,FA 2022,ENTR,599,410,Regular,Lecture,Spec Topics Entr,2.00,A,ENTR 599,Yes
Winter 2023,66920174,044798,FA 2022,ENTR,599,490,Regular,Lecture,Spec Topics Entr,2.00,A,ENTR 599,Yes
Winter 2023,66920174,045771,FA 2022,SI,684,001,Regular,Seminar,Design ConsHlth Tech,3.00,A,SI 684,No
Winter 2023,66920174,047228,FA 2022,ENTR,500,003,Regular,Lecture,Intro to Innovation,3.00,A,ENTR 500,Yes
Winter 2023,66920174,047302,FA 2022,ENTR,410,001,Regular,Lecture,Finding Your Venture,2.00,W,ENTR 410,Yes
Winter 2023,66920174,047641,WN 2022,SI,540,001,Regular,Lecture,Privacy in Info Tech,3.00,A,SI 540,No
Winter 2023,66920174,047901,WN 2023,SI,699,001,Regular,Lecture,MSI Mastery Courses,3.00,A+,SI 699,No
Winter 2023,66920174,048129,WN 2022,SI,505,001,First 7 Wk,Lecture,Career/Intern Studio,1.00,S,SI 505,No
Winter 2023,66920174,048421,FA 2022,ENTR,560,001,Regular,Lecture,Proj Mgmt Consulting,3.00,A+,ENTR 560,Yes
Winter 2023,67110770,001459,FA 2022,SI,690,410,Regular,Seminar,Intern/Field Exper,3.00,S,SI 690,No
Winter 2023,67110770,006578,WN 2023,GUITAR,111,007,Regular,Recitation,Intro Guitar,2.00,A+,GUITAR 111,Yes
Winter 2023,67110770,009732,FA 2022,SI,650,001,Regular,Lecture,Informatn Retrieval,3.00,W,SI 650,No
Winter 2023,67110770,014796,FA 2021,ELI,531,006,Regular,Lecture,Lang&Comm I,1.00,S,ELI 531,Yes
Winter 2023,67110770,017281,FA 2021,SI,588,001,Regular,Lecture,Fundamntls Hum Beh,3.00,A-,SI 588,No
Winter 2023,67110770,020401,WN 2022,SI,622,003,Regular,Lecture,Usab Eval & Needs,4.00,A,SI 622,No
Winter 2023,67110770,021400,WN 2022,SI,520,002,Regular,Lecture,Graphic Design,3.00,A,SI 520,No
Winter 2023,67110770,022099,WN 2023,SI,658,001,Regular,Lecture,Info Architecture,3.00,A,SI 658,No
Winter 2023,67110770,039178,FA 2021,SI,539,001,Regular,Lecture,Web Design,3.00,A,SI 539,No
Winter 2023,67110770,040667,WN 2023,SI,681,001,Regular,Seminar,Intern/Field Seminar,5.00,S,SI 681,No
Winter 2023,67110770,041626,FA 2022,SI,664,001,Regular,Lecture,Database App Design,3.00,A,SI 664,No
Winter 2023,67110770,042104,FA 2021,SI,501,001,Regular,Lecture,Contextual Inq,3.00,A,SI 501,No
Winter 2023,67110770,043515,WN 2022,DANCE,100,011,Regular,Laboratory,Intro to Dance,1.00,A,DANCE 100,Yes
Winter 2023,67110770,043515,WN 2023,DANCE,100,005,Regular,Laboratory,Intro to Dance,1.00,A,DANCE 100,Yes
Winter 2023,67110770,043863,FA 2022,SI,612,002,Regular,Lecture,Pervasv Interact Des,3.00,A+,SI 612,No
Winter 2023,67110770,044772,FA 2021,SI,582,004,Regular,Lecture,Intro Interac Design,3.00,A,SI 582,No
Winter 2023,67110770,046306,WN 2023,SI,616,001,Regular,Lecture,Adv Graphic Design,3.00,A-,SI 616,No
Winter 2023,67110770,047901,FA 2023,SI,699,001,Regular,Lecture,MSI Mastery Courses,3.00,A,SI 699,No
Winter 2023,67110770,048129,WN 2022,SI,505,001,First 7 Wk,Lecture,Career/Intern Studio,1.00,S,SI 505,No
Winter 2023,67110770,048488,FA 2022,SI,559,001,Regular,Lecture,AR/VR Intro,3.00,A+,SI 559,No
Winter 2023,67110770,049601,FA 2022,SI,564,001,Regular,Lecture,SQL & Databases,1.50,A,SI 564,No
Winter 2023,67110770,050159,WN 2022,SI,579,001,Regular,Lecture,Bldg Interactive App,3.00,A,SI 579,No
Winter 2023,67110770,050164,WN 2022,SI,504,001,Regular,Lecture,"Servers, Shell,&Git",1.50,A,SI 504,No
Winter 2023,67296380,001459,FA 2022,SI,690,390,Regular,Seminar,Intern/Field Exper,6.00,S,SI 690,No
Winter 2023,67296380,001459,WN 2023,SI,690,001,Regular,Seminar,Intern/Field Exper,3.00,S,SI 690,No
Winter 2023,67296380,020401,WN 2023,SI,622,002,Regular,Lecture,Usab Eval & Needs,4.00,A,SI 622,No
Winter 2023,67296380,039178,FA 2022,SI,539,001,Regular,Lecture,Web Design,3.00,A+,SI 539,No
Winter 2023,67296380,042104,FA 2022,SI,501,001,Regular,Lecture,Contextual Inq,3.00,A+,SI 501,No
Winter 2023,67296380,044772,FA 2022,SI,582,005,Regular,Lecture,Intro Interac Design,3.00,A+,SI 582,No
Winter 2023,67296380,044798,WN 2023,ENTR,599,021,Regular,Lecture,Spec Topics Entr,3.00,A,ENTR 599,Yes
Winter 2023,67296380,046306,FA 2022,SI,616,001,Regular,Lecture,Adv Graphic Design,3.00,A,SI 616,No
Winter 2023,67296380,047901,WN 2023,SI,699,401,Regular,Lecture,MSI Mastery Courses,3.00,A,SI 699,No
Winter 2023,67753497,001459,FA 2022,SI,690,410,Regular,Seminar,Intern/Field Exper,2.00,S,SI 690,No
Winter 2023,67753497,001459,WN 2023,SI,690,001,Regular,Seminar,Intern/Field Exper,4.00,S,SI 690,No
Winter 2023,67753497,012112,WN 2023,EECS,280,002,Regular,Lecture,Prog&Data Struct,4.00,B,EECS 280,Yes
Winter 2023,67753497,016607,FA 2021,SI,544,001,Regular,Lecture,Intr Stat&Data Analy,3.00,A+,SI 544,No
Winter 2023,67753497,020377,WN 2022,ENGR,101,001,Regular,Lecture,Intro Comp&Prog,4.00,A+,ENGR 101,Yes
Winter 2023,67753497,039178,WN 2022,SI,539,001,Regular,Lecture,Web Design,3.00,A,SI 539,No
Winter 2023,67753497,040667,WN 2023,SI,681,001,Regular,Seminar,Intern/Field Seminar,3.00,S,SI 681,No
Winter 2023,67753497,041626,FA 2023,SI,664,001,Regular,Lecture,Database App Design,3.00,A+,SI 664,No
Winter 2023,67753497,041934,FA 2022,SI,608,001,Regular,Lecture,Networks,3.00,B+,SI 608,No
Winter 2023,67753497,042091,WN 2022,SI,618,001,Regular,Lecture,Data Man & Analysis,3.00,B+,SI 618,No
Winter 2023,67753497,042104,FA 2021,SI,501,002,Regular,Lecture,Contextual Inq,3.00,A-,SI 501,No
Winter 2023,67753497,043396,FA 2021,EECS,402,001,Regular,Lecture,Prog for Sci&Eng,4.00,W,EECS 402,Yes
Winter 2023,67753497,045930,FA 2022,SI,671,001,Regular,Lecture,Data Mining,3.00,B+,SI 671,No
Winter 2023,67753497,047640,FA 2021,SI,507,001,Regular,Lecture,Inter Programming,3.00,A+,SI 507,No
Winter 2023,67753497,047901,WN 2023,SI,699,005,Regular,Lecture,MSI Mastery Courses,3.00,A+,SI 699,No
Winter 2023,67753497,048500,FA 2022,SI,670,001,Regular,Lecture,Appld Machine Learng,3.00,B,SI 670,No
Winter 2023,67753497,049601,FA 2021,SI,564,001,Regular,Lecture,SQL & Databases,1.50,A-,SI 564,No
Winter 2023,67753497,050159,WN 2022,SI,579,001,Regular,Lecture,Bldg Interactive App,3.00,W,SI 579,No
Winter 2023,67753497,050159,FA 2022,SI,579,001,Regular,Lecture,Bldg Interactive App,3.00,A,SI 579,No
Winter 2023,67753497,050164,FA 2021,SI,504,001,Regular,Lecture,"Servers, Shell,&Git",1.50,B+,SI 504,No
Winter 2023,67753497,050663,WN 2022,SI,568,001,Regular,Lecture,Intro Appld Data Sci,3.00,A-,SI 568,No
Winter 2023,67955671,001459,WN 2022,SI,690,109,Regular,Ind Study,Intern/Field Exper,6.00,S,SI 690,No
Winter 2023,67955671,017281,FA 2021,SI,588,002,Regular,Lecture,Fundamntls Hum Beh,3.00,A,SI 588,No
Winter 2023,67955671,020401,WN 2022,SI,622,003,Regular,Lecture,Usab Eval & Needs,4.00,A+,SI 622,No
Winter 2023,67955671,020934,FA 2023,SI,649,001,Regular,Lecture,Info Visualization,3.00,A,SI 649,No
Winter 2023,67955671,039081,WN 2023,SI,529,001,Regular,Lecture,Online Communities,3.00,A,SI 529,No
Winter 2023,67955671,039178,WN 2021,SI,539,001,Regular,Lecture,Des of Comp Websites,3.00,A+,SI 539,No
Winter 2023,67955671,041626,WN 2021,SI,664,001,Regular,Lecture,Database App Design,3.00,A,SI 664,No
Winter 2023,67955671,042091,FA 2022,SI,618,001,Regular,Lecture,Data Man & Analysis,3.00,A+,SI 618,No
Winter 2023,67955671,044772,FA 2020,SI,582,003,Regular,Lecture,Intro Interac Design,3.00,A+,SI 582,No
Winter 2023,67955671,045393,FA 2022,SI,552,001,Regular,Lecture,Accessibility Intro,3.00,A-,SI 552,No
Winter 2023,67955671,045771,FA 2023,SI,684,001,Regular,Seminar,Design ConsHlth Tech,3.00,A+,SI 684,No
Winter 2023,67955671,047246,FA 2020,SI,506,001,Regular,Lecture,Programming I,3.00,A+,SI 506,No
Winter 2023,67955671,047640,WN 2022,SI,507,001,Regular,Lecture,Inter Programming,3.00,A,SI 507,No
Winter 2023,67955671,047901,WN 2023,SI,699,003,Regular,Lecture,MSI Mastery Courses,3.00,A,SI 699,No
Winter 2023,67955671,050159,FA 2021,SI,579,001,Regular,Lecture,Bldg Interactive App,3.00,A+,SI 579,No
Winter 2023,68748584,001459,FA 2022,SI,690,410,Regular,Seminar,Intern/Field Exper,2.00,S,SI 690,No
Winter 2023,68748584,001459,WN 2023,SI,690,001,Regular,Seminar,Intern/Field Exper,1.00,S,SI 690,No
Winter 2023,68748584,012772,WN 2022,SI,548,001,Regular,Seminar,Prin Soft Design,3.00,A,SI 548,No
Winter 2023,68748584,015902,WN 2022,ELI,601,001,Regular,Lecture,Speak in Res,2.00,S,ELI 601,Yes
Winter 2023,68748584,017281,FA 2021,SI,588,001,Regular,Lecture,Fundamntls Hum Beh,3.00,A+,SI 588,No
Winter 2023,68748584,017533,WN 2022,MO,512,003,First 7 Wk,Recitation,Bargain&Infl Skills,2.25,A-,MO 512,Yes
Winter 2023,68748584,020401,WN 2022,SI,622,001,Regular,Lecture,Usab Eval & Needs,4.00,A,SI 622,No
Winter 2023,68748584,039178,FA 2021,SI,539,001,Regular,Lecture,Web Design,3.00,A-,SI 539,No
Winter 2023,68748584,040667,WN 2022,SI,681,001,Regular,Seminar,Intern/Field Seminar,6.00,S,SI 681,No
Winter 2023,68748584,041855,FA 2022,SI,631,001,Regular,Lecture,Agile Softwar Dev,1.50,A,SI 631,No
Winter 2023,68748584,041935,WN 2022,SI,530,001,Regular,Lecture,Prin in Management,3.00,A-,SI 530,No
Winter 2023,68748584,044772,FA 2021,SI,582,004,Regular,Lecture,Intro Interac Design,3.00,A,SI 582,No
Winter 2023,68748584,045393,FA 2022,SI,552,001,Regular,Lecture,Accessibility Intro,3.00,B+,SI 552,No
Winter 2023,68748584,045771,FA 2022,SI,684,001,Regular,Seminar,Design ConsHlth Tech,3.00,A,SI 684,No
Winter 2023,68748584,047246,FA 2021,SI,506,001,Regular,Lecture,Programming I,3.00,B,SI 506,No
Winter 2023,68748584,047304,FA 2022,ENTR,550,002,Regular,Lecture,Interpersonal Skills,3.00,A-,ENTR 550,Yes
Winter 2023,68748584,047901,WN 2023,SI,699,301,Regular,Lecture,MSI Mastery Courses,3.00,A+,SI 699,No
Winter 2023,68748584,048129,WN 2022,SI,505,001,First 7 Wk,Lecture,Career/Intern Studio,1.00,S,SI 505,No
Winter 2023,68748584,050164,WN 2022,SI,504,001,Regular,Lecture,"Servers, Shell,&Git",1.50,A,SI 504,No
Winter 2023,68978546,001459,FA 2022,SI,690,410,Regular,Seminar,Intern/Field Exper,3.00,S,SI 690,No
Winter 2023,68978546,009731,FA 2021,SI,580,001,Regular,Lecture,Records & Archives,3.00,A+,SI 580,No
Winter 2023,68978546,020803,WN 2023,SI,643,001,Regular,Lecture,Instructional Skills,3.00,A+,SI 643,No
Winter 2023,68978546,021045,FA 2021,SI,666,001,Regular,Lecture,Org of Inf Resources,3.00,A+,SI 666,No
Winter 2023,68978546,038948,FA 2022,SI,632,001,Regular,Lecture,Appraisal & Coll Dev,3.00,A,SI 632,No
Winter 2023,68978546,039979,WN 2022,SI,623,001,Regular,Seminar,Res Meth Info Prof,3.00,A,SI 623,No
Winter 2023,68978546,040667,WN 2022,SI,681,001,Regular,Seminar,Intern/Field Seminar,6.00,S,SI 681,No
Winter 2023,68978546,042104,FA 2021,SI,501,002,Regular,Lecture,Contextual Inq,3.00,A+,SI 501,No
Winter 2023,68978546,047246,FA 2021,SI,506,001,Regular,Lecture,Programming I,3.00,A,SI 506,No
Winter 2023,68978546,047901,WN 2023,SI,699,028,Regular,Lecture,MSI Mastery Courses,3.00,A+,SI 699,No
Winter 2023,68978546,048280,WN 2022,SI,667,001,Regular,Lecture,Digital Curation,3.00,A+,SI 667,No
Winter 2023,68978546,049601,WN 2022,SI,564,001,Regular,Lecture,SQL & Databases,1.50,A,SI 564,No
Winter 2023,68978546,050162,WN 2023,SI,510,001,Regular,Lecture,Information Ethics,3.00,A,SI 510,No
Winter 2023,68978546,050163,FA 2022,SI,633,001,Regular,Lecture,Assesmnt Cultrl Inst,3.00,A,SI 633,No
Winter 2023,68978546,050164,WN 2022,SI,504,001,Regular,Lecture,"Servers, Shell,&Git",1.50,A,SI 504,No
Winter 2023,68978546,050252,WN 2022,DIGITAL,601,001,Regular,Seminar,Topics Dig Stds,3.00,A,DIGITAL 601,Yes
Winter 2023,68986128,001459,FA 2022,SI,690,410,Regular,Seminar,Intern/Field Exper,3.00,S,SI 690,No
Winter 2023,68986128,017281,FA 2021,SI,588,001,Regular,Lecture,Fundamntls Hum Beh,3.00,A,SI 588,No
Winter 2023,68986128,020401,WN 2022,SI,622,003,Regular,Lecture,Usab Eval & Needs,4.00,A,SI 622,No
Winter 2023,68986128,021050,WN 2023,SI,691,104,Regular,Ind Study,Independent Study,2.00,A,SI 691,No
Winter 2023,68986128,021400,FA 2022,SI,520,002,Regular,Lecture,Graphic Design,3.00,A,SI 520,No
Winter 2023,68986128,022099,WN 2022,SI,658,001,Regular,Lecture,Info Architecture,3.00,A+,SI 658,No
Winter 2023,68986128,039081,WN 2023,SI,529,001,Regular,Lecture,Online Communities,3.00,A,SI 529,No
Winter 2023,68986128,039178,WN 2022,SI,539,001,Regular,Lecture,Web Design,3.00,A-,SI 539,No
Winter 2023,68986128,040667,WN 2022,SI,681,001,Regular,Seminar,Intern/Field Seminar,6.00,S,SI 681,No
Winter 2023,68986128,042104,FA 2021,SI,501,001,Regular,Lecture,Contextual Inq,3.00,A+,SI 501,No
Winter 2023,68986128,043863,WN 2022,SI,612,001,Regular,Lecture,Pervasv Interact Des,3.00,A,SI 612,No
Winter 2023,68986128,044772,FA 2021,SI,582,002,Regular,Lecture,Intro Interac Design,3.00,A-,SI 582,No
Winter 2023,68986128,045771,FA 2022,SI,684,001,Regular,Seminar,Design ConsHlth Tech,3.00,A+,SI 684,No
Winter 2023,68986128,047246,FA 2021,SI,506,001,Regular,Lecture,Programming I,3.00,A,SI 506,No
Winter 2023,68986128,047901,WN 2023,SI,699,201,Regular,Lecture,MSI Mastery Courses,3.00,A,SI 699,No
Winter 2023,69272211,016607,FA 2021,SI,544,001,Regular,Lecture,Intr Stat&Data Analy,3.00,A,SI 544,No
Winter 2023,69272211,018093,WN 2023,EDUC,525,001,Regular,Recitation,Lang Lrng Home Schl,3.00,A,EDUC 525,Yes
Winter 2023,69272211,020934,FA 2022,SI,649,001,Regular,Lecture,Info Visualization,3.00,B+,SI 649,No
Winter 2023,69272211,039543,WN 2023,PUBPOL,750,001,Regular,Lecture,Special Topics,3.00,A,PUBPOL 750,Yes
Winter 2023,69272211,040667,WN 2022,SI,681,001,Regular,Seminar,Intern/Field Seminar,6.00,S,SI 681,No
Winter 2023,69272211,042091,WN 2022,SI,618,001,Regular,Lecture,Data Man & Analysis,3.00,A-,SI 618,No
Winter 2023,69272211,042104,FA 2021,SI,501,002,Regular,Lecture,Contextual Inq,3.00,A,SI 501,No
Winter 2023,69272211,045930,FA 2022,SI,671,001,Regular,Lecture,Data Mining,3.00,B,SI 671,No
Winter 2023,69272211,046970,WN 2023,MIDEAST,591,001,Regular,Seminar,Sem in MES: Religion,3.00,A,MIDEAST 591,Yes
Winter 2023,69272211,047246,FA 2021,SI,506,001,Regular,Lecture,Programming I,3.00,A,SI 506,No
Winter 2023,69272211,047640,WN 2022,SI,507,001,Regular,Lecture,Inter Programming,3.00,A,SI 507,No
Winter 2023,69272211,047901,WN 2023,SI,699,305,Regular,Lecture,MSI Mastery Courses,3.00,A+,SI 699,No
Winter 2023,69272211,048500,FA 2022,SI,670,001,Regular,Lecture,Appld Machine Learng,3.00,B+,SI 670,No
Winter 2023,69272211,049601,WN 2022,SI,564,001,Regular,Lecture,SQL & Databases,1.50,A,SI 564,No
Winter 2023,69272211,050164,FA 2021,SI,504,001,Regular,Lecture,"Servers, Shell,&Git",1.50,A,SI 504,No
Winter 2023,69272211,050663,WN 2022,SI,568,001,Regular,Lecture,Intro Appld Data Sci,3.00,A-,SI 568,No
Winter 2023,69987463,001459,WN 2023,SI,690,001,Regular,Seminar,Intern/Field Exper,1.00,S,SI 690,No
Winter 2023,69987463,017281,FA 2021,SI,588,001,Regular,Lecture,Fundamntls Hum Beh,3.00,A-,SI 588,No
Winter 2023,69987463,020401,WN 2022,SI,622,001,Regular,Lecture,Usab Eval & Needs,4.00,A,SI 622,No
Winter 2023,69987463,021400,FA 2021,SI,520,002,Regular,Lecture,Graphic Design,3.00,A-,SI 520,No
Winter 2023,69987463,039368,WN 2022,SI,627,001,Regular,Lecture,Managing the IT Org,3.00,A+,SI 627,No
Winter 2023,69987463,040667,WN 2022,SI,681,001,Regular,Seminar,Intern/Field Seminar,6.00,S,SI 681,No
Winter 2023,69987463,041626,WN 2022,SI,664,001,Regular,Lecture,Database App Design,3.00,A,SI 664,No
Winter 2023,69987463,042104,FA 2021,SI,501,002,Regular,Lecture,Contextual Inq,3.00,A+,SI 501,No
Winter 2023,69987463,043210,FA 2021,SI,534,001,Regular,Lecture,Theories Soc Influen,3.00,A+,SI 534,No
Winter 2023,69987463,043366,WN 2022,SI,617,001,Regular,Lecture,Choice Architecture,3.00,A,SI 617,No
Winter 2023,69987463,043863,FA 2022,SI,612,002,Regular,Lecture,Pervasv Interact Des,3.00,A,SI 612,No
Winter 2023,69987463,044772,FA 2021,SI,582,001,Regular,Lecture,Intro Interac Design,3.00,A+,SI 582,No
Winter 2023,69987463,047228,FA 2022,ENTR,500,001,Regular,Lecture,Intro to Innovation,3.00,A,ENTR 500,Yes
Winter 2023,69987463,047901,WN 2023,SI,699,003,Regular,Lecture,MSI Mastery Courses,3.00,A,SI 699,No
Winter 2023,69987463,048488,FA 2022,SI,559,001,Regular,Lecture,AR/VR Intro,3.00,A,SI 559,No
Winter 2023,69987463,050159,FA 2022,SI,579,001,Regular,Lecture,Bldg Interactive App,3.00,A,SI 579,No
Winter 2023,69987463,050164,WN 2022,SI,504,001,Regular,Lecture,"Servers, Shell,&Git",1.50,A,SI 504,No
Winter 2023,70289357,006306,FA 2022,STATS,500,002,Regular,Lecture,Stat Learn I:Regress,3.00,A-,STATS 500,Yes
Winter 2023,70289357,016607,FA 2021,SI,544,001,Regular,Lecture,Intr Stat&Data Analy,3.00,A+,SI 544,No
Winter 2023,70289357,020934,WN 2023,SI,649,001,Regular,Lecture,Info Visualization,3.00,A-,SI 649,No
Winter 2023,70289357,040667,WN 2022,SI,681,001,Regular,Seminar,Intern/Field Seminar,6.00,S,SI 681,No
Winter 2023,70289357,042071,FA 2021,SI,563,001,Regular,Lecture,Game Theory,3.00,A,SI 563,No
Winter 2023,70289357,042091,WN 2022,SI,618,001,Regular,Lecture,Data Man & Analysis,3.00,A,SI 618,No
Winter 2023,70289357,042104,FA 2021,SI,501,001,Regular,Lecture,Contextual Inq,3.00,A,SI 501,No
Winter 2023,70289357,045930,FA 2022,SI,671,001,Regular,Lecture,Data Mining,3.00,A,SI 671,No
Winter 2023,70289357,047246,FA 2020,SI,506,001,Regular,Lecture,Programming I,3.00,A+,SI 506,No
Winter 2023,70289357,047640,WN 2021,SI,507,001,Regular,Lecture,Inter Programming,3.00,A,SI 507,No
Winter 2023,70289357,047901,WN 2023,SI,699,205,Regular,Lecture,MSI Mastery Courses,3.00,A,SI 699,No
Winter 2023,70289357,048268,WN 2022,SI,630,001,Regular,Lecture,NLP Algorithm People,3.00,A,SI 630,No
Winter 2023,70289357,048500,FA 2022,SI,670,001,Regular,Lecture,Appld Machine Learng,3.00,A,SI 670,No
Winter 2023,70289357,049601,WN 2022,SI,564,001,Regular,Lecture,SQL & Databases,1.50,A,SI 564,No
Winter 2023,70289357,050164,WN 2022,SI,504,001,Regular,Lecture,"Servers, Shell,&Git",1.50,A,SI 504,No
Winter 2023,70289357,050983,WN 2023,SI,602,001,Regular,Lecture,Math for ApplDataSci,3.00,B+,SI 602,No
Winter 2023,70337408,017281,FA 2022,SI,588,002,Regular,Lecture,Fundamntls Hum Beh,3.00,A,SI 588,No
Winter 2023,70337408,020401,WN 2023,SI,622,001,Regular,Lecture,Usab Eval & Needs,4.00,A,SI 622,No
Winter 2023,70337408,022099,WN 2023,SI,658,001,Regular,Lecture,Info Architecture,3.00,A,SI 658,No
Winter 2023,70337408,039178,FA 2022,SI,539,001,Regular,Lecture,Web Design,3.00,A-,SI 539,No
Winter 2023,70337408,039979,WN 2023,SI,623,001,Regular,Seminar,Res Meth Info Prof,3.00,A+,SI 623,No
Winter 2023,70337408,040667,WN 2023,SI,681,001,Regular,Seminar,Intern/Field Seminar,6.00,S,SI 681,No
Winter 2023,70337408,042104,FA 2022,SI,501,001,Regular,Lecture,Contextual Inq,3.00,A,SI 501,No
Winter 2023,70337408,043210,FA 2023,SI,534,001,Regular,Lecture,Theories Soc Influen,3.00,A-,SI 534,No
Winter 2023,70337408,043863,WN 2023,SI,612,001,Regular,Lecture,Pervasv Interact Des,3.00,A-,SI 612,No
Winter 2023,70337408,044772,FA 2022,SI,582,003,Regular,Lecture,Intro Interac Design,3.00,A,SI 582,No
Winter 2023,70337408,045393,FA 2023,SI,552,001,Regular,Lecture,Accessibility Intro,3.00,A+,SI 552,No
Winter 2023,70337408,047246,FA 2022,SI,506,001,Regular,Lecture,Programming I,3.00,A,SI 506,No
Winter 2023,70337408,047901,FA 2023,SI,699,001,Regular,Lecture,MSI Mastery Courses,3.00,A,SI 699,No
Winter 2023,70337408,048129,FA 2022,SI,505,001,Scnd 7 Wk,Lecture,Career/Intern Studio,1.00,S,SI 505,No
Winter 2023,70337408,048488,FA 2023,SI,559,003,Regular,Lecture,AR/VR Intro,3.00,A-,SI 559,No
Winter 2023,70337408,050164,FA 2022,SI,504,001,Regular,Lecture,"Servers, Shell,&Git",1.50,A,SI 504,No
Winter 2023,70408216,005132,WN 2023,ENGLISH,323,003,Regular,Seminar,Creat Writ Fict,3.00,A,ENGLISH 323,Yes
Winter 2023,70408216,017281,FA 2022,SI,588,001,Regular,Lecture,Fundamntls Hum Beh,3.00,A,SI 588,No
Winter 2023,70408216,020401,WN 2022,SI,622,003,Regular,Lecture,Usab Eval & Needs,4.00,A+,SI 622,No
Winter 2023,70408216,021400,FA 2021,SI,520,002,Regular,Lecture,Graphic Design,3.00,A,SI 520,No
Winter 2023,70408216,039178,WN 2022,SI,539,001,Regular,Lecture,Web Design,3.00,A,SI 539,No
Winter 2023,70408216,040667,WN 2022,SI,681,001,Regular,Seminar,Intern/Field Seminar,6.00,S,SI 681,No
Winter 2023,70408216,040779,WN 2023,EDUC,580,001,Regular,Seminar,Disability Studies,3.00,A,EDUC 580,Yes
Winter 2023,70408216,041855,FA 2022,SI,631,001,Regular,Lecture,Agile Softwar Dev,1.50,A+,SI 631,No
Winter 2023,70408216,042104,FA 2021,SI,501,001,Regular,Lecture,Contextual Inq,3.00,A+,SI 501,No
Winter 2023,70408216,043863,FA 2022,SI,612,001,Regular,Lecture,Pervasv Interact Des,3.00,A,SI 612,No
Winter 2023,70408216,044772,FA 2021,SI,582,002,Regular,Lecture,Intro Interac Design,3.00,A,SI 582,No
Winter 2023,70408216,045423,WN 2023,MUSPERF,300,001,Regular,Lecture,Video Game Music,2.00,A+,MUSPERF 300,Yes
Winter 2023,70408216,046306,FA 2022,SI,616,001,Regular,Lecture,Adv Graphic Design,3.00,A,SI 616,No
Winter 2023,70408216,047246,FA 2021,SI,506,001,Regular,Lecture,Programming I,3.00,A,SI 506,No
Winter 2023,70408216,047901,WN 2023,SI,699,201,Regular,Lecture,MSI Mastery Courses,3.00,A+,SI 699,No
Winter 2023,70408216,049112,WN 2023,PAT,500,002,Regular,Lecture,Intro Elec Mus Prod,3.00,A,PAT 500,Yes
Winter 2023,70408216,049417,WN 2022,BA,670,001,Regular,Recitation,+Impact Studio,3.00,A,BA 670,Yes
Winter 2023,70408216,049601,WN 2022,SI,564,001,Regular,Lecture,SQL & Databases,1.50,A,SI 564,No
Winter 2023,70408216,050159,FA 2022,SI,579,001,Regular,Lecture,Bldg Interactive App,3.00,A,SI 579,No
Winter 2023,70408216,050164,WN 2022,SI,504,001,Regular,Lecture,"Servers, Shell,&Git",1.50,A,SI 504,No
Winter 2023,71031598,017281,FA 2022,SI,588,002,Regular,Lecture,Fundamntls Hum Beh,3.00,A-,SI 588,No
Winter 2023,71031598,020401,WN 2022,SI,622,003,Regular,Lecture,Usab Eval & Needs,4.00,A,SI 622,No
Winter 2023,71031598,021400,FA 2022,SI,520,001,Regular,Lecture,Graphic Design,3.00,B-,SI 520,No
Winter 2023,71031598,022099,WN 2022,SI,658,001,Regular,Lecture,Info Architecture,3.00,A+,SI 658,No
Winter 2023,71031598,039178,WN 2022,SI,539,001,Regular,Lecture,Web Design,3.00,B,SI 539,No
Winter 2023,71031598,040667,WN 2022,SI,681,001,Regular,Seminar,Intern/Field Seminar,6.00,S,SI 681,No
Winter 2023,71031598,042104,FA 2021,SI,501,002,Regular,Lecture,Contextual Inq,3.00,A,SI 501,No
Winter 2023,71031598,043210,FA 2022,SI,534,001,Regular,Lecture,Theories Soc Influen,3.00,A-,SI 534,No
Winter 2023,71031598,043863,WN 2022,SI,612,001,Regular,Lecture,Pervasv Interact Des,3.00,A-,SI 612,No
Winter 2023,71031598,044772,FA 2021,SI,582,003,Regular,Lecture,Intro Interac Design,3.00,A,SI 582,No
Winter 2023,71031598,045687,FA 2021,SI,538,001,Regular,Seminar,Citizen Inter Design,4.00,A,SI 538,No
Winter 2023,71031598,047246,FA 2021,SI,506,001,Regular,Lecture,Programming I,3.00,B+,SI 506,No
Winter 2023,71031598,047901,WN 2023,SI,699,001,Regular,Lecture,MSI Mastery Courses,3.00,A,SI 699,No
Winter 2023,71031598,048129,WN 2022,SI,505,001,First 7 Wk,Lecture,Career/Intern Studio,1.00,S,SI 505,No
Winter 2023,71031598,048421,WN 2023,ENTR,560,001,Regular,Lecture,Proj Mgmt Consulting,3.00,A,ENTR 560,Yes
Winter 2023,71181601,001459,FA 2022,SI,690,410,Regular,Seminar,Intern/Field Exper,2.00,S,SI 690,No
Winter 2023,71181601,017281,FA 2021,SI,588,002,Regular,Lecture,Fundamntls Hum Beh,3.00,A+,SI 588,No
Winter 2023,71181601,020401,WN 2022,SI,622,003,Regular,Lecture,Usab Eval & Needs,4.00,A,SI 622,No
Winter 2023,71181601,021050,FA 2021,SI,691,091,Regular,Ind Study,Independent Study,1.00,A,SI 691,No
Winter 2023,71181601,021050,WN 2022,SI,691,091,Regular,Ind Study,Independent Study,2.00,A+,SI 691,No
Winter 2023,71181601,021400,FA 2021,SI,520,002,Regular,Lecture,Graphic Design,3.00,A,SI 520,No
Winter 2023,71181601,039081,WN 2022,SI,529,001,Regular,Lecture,Online Communities,3.00,A,SI 529,No
Winter 2023,71181601,039979,WN 2022,SI,623,001,Regular,Seminar,Res Meth Info Prof,3.00,A,SI 623,No
Winter 2023,71181601,040667,WN 2022,SI,681,001,Regular,Seminar,Intern/Field Seminar,6.00,S,SI 681,No
Winter 2023,71181601,042071,FA 2022,SI,563,001,Regular,Lecture,Game Theory,3.00,A,SI 563,No
Winter 2023,71181601,042104,FA 2021,SI,501,001,Regular,Lecture,Contextual Inq,3.00,A,SI 501,No
Winter 2023,71181601,044772,FA 2021,SI,582,002,Regular,Lecture,Intro Interac Design,3.00,A,SI 582,No
Winter 2023,71181601,047228,FA 2022,ENTR,500,001,Regular,Lecture,Intro to Innovation,3.00,A,ENTR 500,Yes
Winter 2023,71181601,047304,WN 2023,ENTR,550,002,Regular,Lecture,Interpersonal Skills,3.00,A,ENTR 550,Yes
Winter 2023,71181601,047901,WN 2023,SI,699,301,Regular,Lecture,MSI Mastery Courses,3.00,A+,SI 699,No
Winter 2023,71181601,050159,FA 2022,SI,579,001,Regular,Lecture,Bldg Interactive App,3.00,A,SI 579,No
Winter 2023,71554079,001459,FA 2022,SI,690,390,Regular,Seminar,Intern/Field Exper,6.00,S,SI 690,No
Winter 2023,71554079,014093,WN 2023,EAS,639,013,Regular,Seminar,Sem Res Ecol,1.00,A,EAS 639,Yes
Winter 2023,71554079,015660,WN 2023,WRITING,993,001,Regular,Seminar,Teaching Writing,1.00,S,WRITING 993,Yes
Winter 2023,71554079,020934,FA 2022,SI,649,001,Regular,Lecture,Info Visualization,3.00,A-,SI 649,No
Winter 2023,71554079,041377,WN 2023,EARTH,408,001,Regular,Lecture,Intro GIS Earth Sci,3.00,A,EARTH 408,Yes
Winter 2023,71554079,042104,FA 2022,SI,501,001,Regular,Lecture,Contextual Inq,3.00,A+,SI 501,No
Winter 2023,71554079,045930,FA 2022,SI,671,001,Regular,Lecture,Data Mining,3.00,A-,SI 671,No
Winter 2023,71554079,047901,WN 2023,SI,699,005,Regular,Lecture,MSI Mastery Courses,3.00,A+,SI 699,No
Winter 2023,71554079,048500,FA 2022,SI,670,001,Regular,Lecture,Appld Machine Learng,3.00,A,SI 670,No
Winter 2023,71554079,049601,WN 2023,SI,564,001,Regular,Lecture,SQL & Databases,1.50,A-,SI 564,No
Winter 2023,71554079,050663,WN 2023,SI,568,001,Regular,Lecture,Intro Appld Data Sci,3.00,A,SI 568,No
Winter 2023,71789516,001459,WN 2023,SI,690,001,Regular,Seminar,Intern/Field Exper,1.00,S,SI 690,No
Winter 2023,71789516,001459,SS 2023,SI,690,001,Regular,Seminar,Intern/Field Exper,1.00,S,SI 690,No
Winter 2023,71789516,001459,FA 2023,SI,690,460,Regular,Seminar,Intern/Field Exper,1.00,S,SI 690,No
Winter 2023,71789516,012772,WN 2023,SI,548,001,Regular,Seminar,Prin Soft Design,3.00,A,SI 548,No
Winter 2023,71789516,017281,FA 2021,SI,588,001,Regular,Lecture,Fundamntls Hum Beh,3.00,A+,SI 588,No
Winter 2023,71789516,020401,FA 2021,SI,622,001,Regular,Lecture,Usab Eval & Needs,4.00,A+,SI 622,No
Winter 2023,71789516,020934,WN 2023,SI,649,001,Regular,Lecture,Info Visualization,3.00,B+,SI 649,No
Winter 2023,71789516,021400,FA 2021,SI,520,002,Regular,Lecture,Graphic Design,3.00,A,SI 520,No
Winter 2023,71789516,022099,WN 2022,SI,658,001,Regular,Lecture,Info Architecture,3.00,A+,SI 658,No
Winter 2023,71789516,039178,WN 2022,SI,539,001,Regular,Lecture,Web Design,3.00,A,SI 539,No
Winter 2023,71789516,040667,WN 2022,SI,681,001,Regular,Seminar,Intern/Field Seminar,6.00,S,SI 681,No
Winter 2023,71789516,042071,FA 2022,SI,563,001,Regular,Lecture,Game Theory,3.00,A,SI 563,No
Winter 2023,71789516,042104,FA 2021,SI,501,001,Regular,Lecture,Contextual Inq,3.00,A+,SI 501,No
Winter 2023,71789516,043863,WN 2022,SI,612,001,Regular,Lecture,Pervasv Interact Des,3.00,A,SI 612,No
Winter 2023,71789516,044772,FA 2021,SI,582,004,Regular,Lecture,Intro Interac Design,3.00,A,SI 582,No
Winter 2023,71789516,045393,FA 2022,SI,552,001,Regular,Lecture,Accessibility Intro,3.00,A,SI 552,No
Winter 2023,71789516,046306,WN 2022,SI,616,001,Regular,Lecture,Adv Graphic Design,3.00,A,SI 616,No
Winter 2023,71789516,047901,FA 2023,SI,699,001,Regular,Lecture,MSI Mastery Courses,3.00,A,SI 699,No
Winter 2023,71789516,048488,FA 2022,SI,559,001,Regular,Lecture,AR/VR Intro,3.00,A,SI 559,No
Winter 2023,71826446,001459,SS 2023,SI,690,001,Regular,Seminar,Intern/Field Exper,1.00,S,SI 690,No
Winter 2023,71826446,014791,WN 2023,ELI,512,001,Regular,Lecture,Spk&Wrt Gram,1.00,S,ELI 512,Yes
Winter 2023,71826446,014793,WN 2023,ELI,521,003,Regular,Lecture,Acad Writg I,1.00,S,ELI 521,Yes
Winter 2023,71826446,014796,FA 2021,ELI,531,001,Regular,Lecture,Lang&Comm I,1.00,S,ELI 531,Yes
Winter 2023,71826446,016655,FA 2022,ELI,538,001,Regular,Seminar,Pron in Context,1.00,S,ELI 538,Yes
Winter 2023,71826446,017075,WN 2023,ELI,534,002,Regular,Lecture,Dis&Oral Argumentn,1.00,S,ELI 534,Yes
Winter 2023,71826446,017281,FA 2021,SI,588,001,Regular,Lecture,Fundamntls Hum Beh,3.00,A+,SI 588,No
Winter 2023,71826446,020401,WN 2022,SI,622,001,Regular,Lecture,Usab Eval & Needs,4.00,A,SI 622,No
Winter 2023,71826446,021400,FA 2021,SI,520,002,Regular,Lecture,Graphic Design,3.00,A,SI 520,No
Winter 2023,71826446,022099,WN 2023,SI,658,001,Regular,Lecture,Info Architecture,3.00,A,SI 658,No
Winter 2023,71826446,039178,WN 2022,SI,539,001,Regular,Lecture,Web Design,3.00,A,SI 539,No
Winter 2023,71826446,040667,WN 2022,SI,681,001,Regular,Seminar,Intern/Field Seminar,6.00,S,SI 681,No
Winter 2023,71826446,041935,WN 2022,SI,530,001,Regular,Lecture,Prin in Management,3.00,A,SI 530,No
Winter 2023,71826446,042104,FA 2022,SI,501,002,Regular,Lecture,Contextual Inq,3.00,A+,SI 501,No
Winter 2023,71826446,042602,WN 2023,ENGR,520,001,Regular,Lecture,Entre Bus Fund Engr,3.00,A-,ENGR 520,Yes
Winter 2023,71826446,044772,FA 2021,SI,582,001,Regular,Lecture,Intro Interac Design,3.00,A+,SI 582,No
Winter 2023,71826446,046306,FA 2022,SI,616,001,Regular,Lecture,Adv Graphic Design,3.00,A,SI 616,No
Winter 2023,71826446,047246,WN 2022,SI,506,001,Regular,Lecture,Programming I,3.00,A,SI 506,No
Winter 2023,71826446,047304,FA 2022,ENTR,550,001,Regular,Lecture,Interpersonal Skills,3.00,A,ENTR 550,Yes
Winter 2023,71826446,047901,FA 2023,SI,699,001,Regular,Lecture,MSI Mastery Courses,3.00,A,SI 699,No
Winter 2023,71826446,048129,WN 2022,SI,505,001,First 7 Wk,Lecture,Career/Intern Studio,1.00,S,SI 505,No
Winter 2023,71826446,049222,FA 2022,ELI,532,002,Regular,Lecture,Understand Spkn Eng,1.00,S,ELI 532,Yes
Winter 2023,71871928,001459,FA 2022,SI,690,410,Regular,Seminar,Intern/Field Exper,3.00,S,SI 690,No
Winter 2023,71871928,016607,FA 2023,SI,544,001,Regular,Lecture,Intr Stat&Data Analy,3.00,B+,SI 544,No
Winter 2023,71871928,017281,FA 2022,SI,588,002,Regular,Lecture,Fundamntls Hum Beh,3.00,B-,SI 588,No
Winter 2023,71871928,020401,WN 2022,SI,622,001,Regular,Lecture,Usab Eval & Needs,4.00,A,SI 622,No
Winter 2023,71871928,039178,FA 2021,SI,539,001,Regular,Lecture,Web Design,3.00,A,SI 539,No
Winter 2023,71871928,040667,WN 2022,SI,681,001,Regular,Seminar,Intern/Field Seminar,6.00,S,SI 681,No
Winter 2023,71871928,041626,FA 2021,SI,664,001,Regular,Lecture,Database App Design,3.00,A,SI 664,No
Winter 2023,71871928,042104,FA 2022,SI,501,002,Regular,Lecture,Contextual Inq,3.00,A-,SI 501,No
Winter 2023,71871928,044772,WN 2022,SI,582,001,Regular,Lecture,Intro Interac Design,3.00,A+,SI 582,No
Winter 2023,71871928,047246,WN 2022,SI,506,001,Regular,Lecture,Programming I,3.00,A-,SI 506,No
Winter 2023,71871928,047640,WN 2023,SI,507,001,Regular,Lecture,Inter Programming,3.00,A,SI 507,No
Winter 2023,71871928,047901,WN 2023,SI,699,003,Regular,Lecture,MSI Mastery Courses,3.00,A,SI 699,No
Winter 2023,71871928,048487,FA 2022,SI,669,001,Regular,Lecture,Dev Mobile Exp,3.00,B,SI 669,No
Winter 2023,71871928,048488,FA 2023,SI,559,002,Regular,Lecture,AR/VR Intro,3.00,A,SI 559,No
Winter 2023,71871928,049601,WN 2023,SI,564,001,Regular,Lecture,SQL & Databases,1.50,W,SI 564,No
Winter 2023,71871928,050159,FA 2021,SI,579,001,Regular,Lecture,Bldg Interactive App,3.00,A,SI 579,No
Winter 2023,71871928,050164,WN 2023,SI,504,001,Regular,Lecture,"Servers, Shell,&Git",1.50,W,SI 504,No
Winter 2023,72013225,009731,FA 2021,SI,580,001,Regular,Lecture,Records & Archives,3.00,A+,SI 580,No
Winter 2023,72013225,012456,FA 2022,SI,549,001,Regular,Seminar,Trfrm Lrng Tchg Tech,3.00,S,SI 549,No
Winter 2023,72013225,020934,WN 2023,SI,649,001,Regular,Lecture,Info Visualization,3.00,A,SI 649,No
Winter 2023,72013225,021042,FA 2021,SI,647,001,Regular,Lecture,Info Resources&Serv,3.00,A,SI 647,No
Winter 2023,72013225,021045,FA 2021,SI,666,001,Regular,Lecture,Org of Inf Resources,3.00,A,SI 666,No
Winter 2023,72013225,038948,FA 2022,SI,632,001,Regular,Lecture,Appraisal & Coll Dev,3.00,A,SI 632,No
Winter 2023,72013225,039979,WN 2022,SI,623,001,Regular,Seminar,Res Meth Info Prof,3.00,A+,SI 623,No
Winter 2023,72013225,040667,WN 2022,SI,681,001,Regular,Seminar,Intern/Field Seminar,6.00,S,SI 681,No
Winter 2023,72013225,041935,WN 2022,SI,530,001,Regular,Lecture,Prin in Management,3.00,A,SI 530,No
Winter 2023,72013225,042104,FA 2021,SI,501,002,Regular,Lecture,Contextual Inq,3.00,A+,SI 501,No
Winter 2023,72013225,047246,FA 2021,SI,506,001,Regular,Lecture,Programming I,3.00,A,SI 506,No
Winter 2023,72013225,047901,WN 2023,SI,699,006,Regular,Lecture,MSI Mastery Courses,3.00,A,SI 699,No
Winter 2023,72013225,048129,WN 2022,SI,505,001,First 7 Wk,Lecture,Career/Intern Studio,1.00,S,SI 505,No
Winter 2023,72013225,048280,WN 2022,SI,667,001,Regular,Lecture,Digital Curation,3.00,A+,SI 667,No
Winter 2023,72013225,050161,FA 2022,SI,676,001,Regular,Lecture,Network Info Servcs,3.00,A+,SI 676,No
Winter 2023,72013225,050162,WN 2023,SI,510,001,Regular,Lecture,Information Ethics,3.00,A+,SI 510,No
Winter 2023,72013225,050163,FA 2022,SI,633,001,Regular,Lecture,Assesmnt Cultrl Inst,3.00,A,SI 633,No
Winter 2023,72013225,050164,WN 2022,SI,504,001,Regular,Lecture,"Servers, Shell,&Git",1.50,A,SI 504,No
Winter 2023,72013225,050165,WN 2022,SI,585,001,Regular,Lecture,Scholarly Comm,3.00,A,SI 585,No
Winter 2023,72329177,007443,WN 2023,URP,611,001,Regular,Seminar,URP Grad Exper Cse,1.00,S,URP 611,Yes
Winter 2023,72329177,017281,FA 2021,SI,588,001,Regular,Lecture,Fundamntls Hum Beh,3.00,A,SI 588,No
Winter 2023,72329177,020401,WN 2022,SI,622,001,Regular,Lecture,Usab Eval & Needs,4.00,A,SI 622,No
Winter 2023,72329177,021400,WN 2022,SI,520,001,Regular,Lecture,Graphic Design,3.00,A,SI 520,No
Winter 2023,72329177,039178,WN 2022,SI,539,001,Regular,Lecture,Web Design,3.00,A,SI 539,No
Winter 2023,72329177,040667,WN 2022,SI,681,001,Regular,Seminar,Intern/Field Seminar,6.00,S,SI 681,No
Winter 2023,72329177,042104,FA 2021,SI,501,001,Regular,Lecture,Contextual Inq,3.00,A+,SI 501,No
Winter 2023,72329177,043863,FA 2022,SI,612,001,Regular,Lecture,Pervasv Interact Des,3.00,A,SI 612,No
Winter 2023,72329177,044250,WN 2023,URP,580,001,Regular,Lecture,Metropolitan Struct,3.00,A+,URP 580,Yes
Winter 2023,72329177,044772,FA 2021,SI,582,003,Regular,Lecture,Intro Interac Design,3.00,A+,SI 582,No
Winter 2023,72329177,045687,FA 2021,SI,538,001,Regular,Seminar,Citizen Inter Design,4.00,A,SI 538,No
Winter 2023,72329177,045771,FA 2022,SI,684,001,Regular,Seminar,Design ConsHlth Tech,3.00,A+,SI 684,No
Winter 2023,72329177,047246,FA 2021,SI,506,001,Regular,Lecture,Programming I,3.00,A,SI 506,No
Winter 2023,72329177,047880,FA 2022,URP,552,001,Regular,Seminar,Healthy Cities,3.00,A,URP 552,Yes
Winter 2023,72329177,047901,WN 2023,SI,699,401,Regular,Lecture,MSI Mastery Courses,3.00,A,SI 699,No
Winter 2023,72509321,001459,FA 2022,SI,690,410,Regular,Seminar,Intern/Field Exper,3.00,S,SI 690,No
Winter 2023,72509321,016607,FA 2022,SI,544,001,Regular,Lecture,Intr Stat&Data Analy,3.00,A,SI 544,No
Winter 2023,72509321,020401,WN 2022,SI,622,001,Regular,Lecture,Usab Eval & Needs,4.00,A+,SI 622,No
Winter 2023,72509321,020997,WN 2023,BCOM,561,002,Scnd 7 Wk,Recitation,Mgt Presentatn,1.50,A-,BCOM 561,Yes
Winter 2023,72509321,021400,FA 2021,SI,520,001,Regular,Lecture,Graphic Design,3.00,A,SI 520,No
Winter 2023,72509321,039178,WN 2022,SI,539,001,Regular,Lecture,Web Design,3.00,A,SI 539,No
Winter 2023,72509321,040405,FA 2022,SURVMETH,600,001,Regular,Seminar,Fund Surv Data Sci,3.00,A-,SURVMETH 600,Yes
Winter 2023,72509321,040667,WN 2022,SI,681,001,Regular,Seminar,Intern/Field Seminar,6.00,S,SI 681,No
Winter 2023,72509321,042104,FA 2021,SI,501,001,Regular,Lecture,Contextual Inq,3.00,A,SI 501,No
Winter 2023,72509321,042714,WN 2023,BA,685,601,Regular,Recitation,Internatl Bus Immers,3.00,B+,BA 685,Yes
Winter 2023,72509321,043863,FA 2022,SI,612,002,Regular,Lecture,Pervasv Interact Des,3.00,A-,SI 612,No
Winter 2023,72509321,044772,FA 2021,SI,582,002,Regular,Lecture,Intro Interac Design,3.00,A,SI 582,No
Winter 2023,72509321,045687,FA 2021,SI,538,001,Regular,Seminar,Citizen Inter Design,4.00,A,SI 538,No
Winter 2023,72509321,047246,WN 2022,SI,506,001,Regular,Lecture,Programming I,3.00,A,SI 506,No
Winter 2023,72509321,047901,WN 2023,SI,699,201,Regular,Lecture,MSI Mastery Courses,3.00,A,SI 699,No
Winter 2023,72724674,001459,FA 2022,SI,690,390,Regular,Seminar,Intern/Field Exper,6.00,S,SI 690,No
Winter 2023,72724674,001459,FA 2022,SI,690,410,Regular,Seminar,Intern/Field Exper,3.00,S,SI 690,No
Winter 2023,72724674,012456,FA 2022,SI,549,001,Regular,Seminar,Trfrm Lrng Tchg Tech,3.00,S,SI 549,No
Winter 2023,72724674,016607,FA 2022,SI,544,001,Regular,Lecture,Intr Stat&Data Analy,3.00,A,SI 544,No
Winter 2023,72724674,041855,FA 2022,SI,631,001,Regular,Lecture,Agile Softwar Dev,1.50,A,SI 631,No
Winter 2023,72724674,042104,FA 2022,SI,501,001,Regular,Lecture,Contextual Inq,3.00,A,SI 501,No
Winter 2023,72724674,044798,WN 2023,ENTR,599,021,Regular,Lecture,Spec Topics Entr,3.00,A,ENTR 599,Yes
Winter 2023,72724674,047901,WN 2023,SI,699,401,Regular,Lecture,MSI Mastery Courses,3.00,A,SI 699,No
Winter 2023,72724674,048421,WN 2023,ENTR,560,001,Regular,Lecture,Proj Mgmt Consulting,3.00,A,ENTR 560,Yes
Winter 2023,72724674,049601,WN 2023,SI,564,001,Regular,Lecture,SQL & Databases,1.50,A,SI 564,No
Winter 2023,72787577,009731,FA 2021,SI,580,001,Regular,Lecture,Records & Archives,3.00,A+,SI 580,No
Winter 2023,72787577,021045,FA 2021,SI,666,001,Regular,Lecture,Org of Inf Resources,3.00,A,SI 666,No
Winter 2023,72787577,022326,WN 2023,SI,581,001,Regular,Lecture,Pres Info Resources,3.00,A+,SI 581,No
Winter 2023,72787577,038659,FA 2022,SI,519,001,Regular,Seminar,Intel Prop&Info Law,3.00,A,SI 519,No
Winter 2023,72787577,038948,FA 2022,SI,632,001,Regular,Lecture,Appraisal & Coll Dev,3.00,A,SI 632,No
Winter 2023,72787577,040667,WN 2022,SI,681,001,Regular,Seminar,Intern/Field Seminar,6.00,S,SI 681,No
Winter 2023,72787577,042104,FA 2021,SI,501,002,Regular,Lecture,Contextual Inq,3.00,A+,SI 501,No
Winter 2023,72787577,042324,WN 2022,SI,639,001,Scnd 7 Wk,Lecture,Web Archiving,1.50,A+,SI 639,No
Winter 2023,72787577,047246,FA 2021,SI,506,001,Regular,Lecture,Programming I,3.00,A,SI 506,No
Winter 2023,72787577,047640,FA 2022,SI,507,001,Regular,Lecture,Inter Programming,3.00,A,SI 507,No
Winter 2023,72787577,047901,WN 2023,SI,699,006,Regular,Lecture,MSI Mastery Courses,3.00,A+,SI 699,No
Winter 2023,72787577,048129,WN 2022,SI,505,001,First 7 Wk,Lecture,Career/Intern Studio,1.00,W,SI 505,No
Winter 2023,72787577,048280,WN 2022,SI,667,001,Regular,Lecture,Digital Curation,3.00,A,SI 667,No
Winter 2023,72787577,049601,WN 2022,SI,564,001,Regular,Lecture,SQL & Databases,1.50,A,SI 564,No
Winter 2023,72787577,050161,FA 2022,SI,676,001,Regular,Lecture,Network Info Servcs,3.00,A+,SI 676,No
Winter 2023,72787577,050162,WN 2023,SI,510,001,Regular,Lecture,Information Ethics,3.00,A+,SI 510,No
Winter 2023,72787577,050164,WN 2022,SI,504,001,Regular,Lecture,"Servers, Shell,&Git",1.50,A,SI 504,No
Winter 2023,72787577,050165,WN 2022,SI,585,001,Regular,Lecture,Scholarly Comm,3.00,A,SI 585,No
Winter 2023,73526405,003530,WN 2023,URP,603,003,Regular,Seminar,Capstone Studio,6.00,A,URP 603,Yes
Winter 2023,73526405,003531,WN 2023,URP,570,001,Regular,Lecture,Global & Comp Plng,3.00,A,URP 570,Yes
Winter 2023,73526405,007435,FA 2022,URP,510,001,Regular,Lecture,Fiscal Planning&Mgt,2.00,B+,URP 510,Yes
Winter 2023,73526405,017075,FA 2022,ELI,534,003,Regular,Lecture,Dis&Oral Argumentn,1.00,S,ELI 534,Yes
Winter 2023,73526405,019903,FA 2021,TO,548,001,Regular,Recitation,Integ Pro Dev,3.00,B,TO 548,Yes
Winter 2023,73526405,020379,FA 2021,IOE,548,001,Regular,Lecture,Int Prod Dev,3.00,B,IOE 548,Yes
Winter 2023,73526405,020401,FA 2021,SI,622,001,Regular,Lecture,Usab Eval & Needs,4.00,A,SI 622,No
Winter 2023,73526405,039178,FA 2022,SI,539,001,Regular,Lecture,Web Design,3.00,A-,SI 539,No
Winter 2023,73526405,043189,WN 2023,URP,550,001,Regular,Seminar,Plng Represent&Com,4.00,A-,URP 550,Yes
Winter 2023,73526405,043863,FA 2021,SI,612,001,Regular,Lecture,Pervasv Interact Des,3.00,A+,SI 612,No
Winter 2023,73526405,047870,WN 2023,URP,535,001,Regular,Seminar,Intro to Urbn Inform,3.00,A,URP 535,Yes
Winter 2023,73526405,047901,FA 2022,SI,699,001,Regular,Lecture,MSI Mastery Courses,3.00,A-,SI 699,No
Winter 2023,73526405,048488,FA 2021,SI,559,001,Regular,Lecture,AR/VR Intro,3.00,A,SI 559,No
Winter 2023,73526405,049222,FA 2022,ELI,532,001,Regular,Lecture,Understand Spkn Eng,1.00,W,ELI 532,Yes
Winter 2023,75041673,009732,FA 2022,SI,650,001,Regular,Lecture,Informatn Retrieval,3.00,A+,SI 650,No
Winter 2023,75041673,014796,FA 2022,ELI,531,001,Regular,Lecture,Lang&Comm I,1.00,S,ELI 531,Yes
Winter 2023,75041673,020934,WN 2022,SI,649,001,Regular,Lecture,Info Visualization,3.00,A,SI 649,No
Winter 2023,75041673,021391,WN 2022,SI,511,630,Regular,Laboratory,Special Topics,1.00,A+,SI 511,No
Winter 2023,75041673,039178,FA 2021,SI,539,001,Regular,Lecture,Web Design,3.00,A,SI 539,No
Winter 2023,75041673,040667,WN 2022,SI,681,001,Regular,Seminar,Intern/Field Seminar,6.00,S,SI 681,No
Winter 2023,75041673,041626,FA 2021,SI,664,001,Regular,Lecture,Database App Design,3.00,A,SI 664,No
Winter 2023,75041673,042091,FA 2021,SI,618,001,Regular,Lecture,Data Man & Analysis,3.00,A+,SI 618,No
Winter 2023,75041673,042104,FA 2021,SI,501,001,Regular,Lecture,Contextual Inq,3.00,A,SI 501,No
Winter 2023,75041673,045930,FA 2022,SI,671,001,Regular,Lecture,Data Mining,3.00,A,SI 671,No
Winter 2023,75041673,047640,FA 2021,SI,507,001,Regular,Lecture,Inter Programming,3.00,A,SI 507,No
Winter 2023,75041673,047901,WN 2023,SI,699,005,Regular,Lecture,MSI Mastery Courses,3.00,A+,SI 699,No
Winter 2023,75041673,048268,WN 2022,SI,630,001,Regular,Lecture,NLP Algorithm People,3.00,A+,SI 630,No
Winter 2023,75041673,048500,FA 2022,SI,670,001,Regular,Lecture,Appld Machine Learng,3.00,A,SI 670,No
Winter 2023,75041673,048879,FA 2022,EECS,491,002,Regular,Lecture,Intro Distrib Sys,4.00,A-,EECS 491,Yes
Winter 2023,75041673,049601,FA 2021,SI,564,001,Regular,Lecture,SQL & Databases,1.50,A,SI 564,No
Winter 2023,75041673,050159,WN 2022,SI,579,001,Regular,Lecture,Bldg Interactive App,3.00,A+,SI 579,No
Winter 2023,75041673,050164,WN 2022,SI,504,001,Regular,Lecture,"Servers, Shell,&Git",1.50,A,SI 504,No
Winter 2023,75041673,050663,WN 2022,SI,568,001,Regular,Lecture,Intro Appld Data Sci,3.00,A+,SI 568,No
Winter 2023,75923107,002865,WN 2023,VOICE,111,001,Regular,Recitation,Performance,1.00,A,VOICE 111,Yes
Winter 2023,75923107,012085,FA 2022,MKT,613,002,Scnd 7 Wk,Recitation,Consumer Behavior,1.50,A,MKT 613,Yes
Winter 2023,75923107,017281,FA 2021,SI,588,001,Regular,Lecture,Fundamntls Hum Beh,3.00,A,SI 588,No
Winter 2023,75923107,020401,WN 2022,SI,622,001,Regular,Lecture,Usab Eval & Needs,4.00,A,SI 622,No
Winter 2023,75923107,021400,FA 2022,SI,520,001,Regular,Lecture,Graphic Design,3.00,A-,SI 520,No
Winter 2023,75923107,039178,FA 2022,SI,539,001,Regular,Lecture,Web Design,3.00,A,SI 539,No
Winter 2023,75923107,039979,WN 2023,SI,623,001,Regular,Seminar,Res Meth Info Prof,3.00,A,SI 623,No
Winter 2023,75923107,040667,WN 2022,SI,681,001,Regular,Seminar,Intern/Field Seminar,6.00,S,SI 681,No
Winter 2023,75923107,041626,WN 2022,SI,664,001,Regular,Lecture,Database App Design,3.00,A,SI 664,No
Winter 2023,75923107,041855,FA 2022,SI,631,001,Regular,Lecture,Agile Softwar Dev,1.50,A,SI 631,No
Winter 2023,75923107,042104,FA 2021,SI,501,001,Regular,Lecture,Contextual Inq,3.00,A+,SI 501,No
Winter 2023,75923107,043210,FA 2022,SI,534,001,Regular,Lecture,Theories Soc Influen,3.00,A,SI 534,No
Winter 2023,75923107,044772,FA 2021,SI,582,002,Regular,Lecture,Intro Interac Design,3.00,A,SI 582,No
Winter 2023,75923107,047246,FA 2021,SI,506,001,Regular,Lecture,Programming I,3.00,A,SI 506,No
Winter 2023,75923107,047304,WN 2023,ENTR,550,001,Regular,Lecture,Interpersonal Skills,3.00,A,ENTR 550,Yes
Winter 2023,75923107,047640,WN 2022,SI,507,001,Regular,Lecture,Inter Programming,3.00,A,SI 507,No
Winter 2023,75923107,047901,WN 2023,SI,699,401,Regular,Lecture,MSI Mastery Courses,3.00,A,SI 699,No
Winter 2023,75923107,050159,FA 2022,SI,579,001,Regular,Lecture,Bldg Interactive App,3.00,A,SI 579,No
Winter 2023,75923107,050164,WN 2022,SI,504,001,Regular,Lecture,"Servers, Shell,&Git",1.50,A,SI 504,No
Winter 2023,76076598,021400,FA 2022,SI,520,001,Regular,Lecture,Graphic Design,3.00,B,SI 520,No
Winter 2023,76076598,022212,FA 2022,HISTORY,698,001,Regular,Recitation,Topics in History,3.00,A-,HISTORY 698,Yes
Winter 2023,76076598,038659,FA 2022,SI,519,001,Regular,Seminar,Intel Prop&Info Law,3.00,A,SI 519,No
Winter 2023,76076598,039081,WN 2023,SI,529,001,Regular,Lecture,Online Communities,3.00,A,SI 529,No
Winter 2023,76076598,039368,WN 2023,SI,627,001,Regular,Lecture,Managing IT,3.00,A,SI 627,No
Winter 2023,76076598,042104,FA 2022,SI,501,001,Regular,Lecture,Contextual Inq,3.00,A-,SI 501,No
Winter 2023,76076598,047901,WN 2023,SI,699,301,Regular,Lecture,MSI Mastery Courses,3.00,A+,SI 699,No
Winter 2023,76076598,049038,FA 2022,SI,688,001,Regular,Lecture,AppProjS S -GIEP/CID,6.00,S,SI 688,No
Winter 2023,76488339,009732,FA 2021,SI,650,001,Regular,Lecture,Informatn Retrieval,3.00,A+,SI 650,No
Winter 2023,76488339,012198,FA 2022,SI,561,001,Regular,Lecture,Nat Lang Proc,3.00,A,SI 561,No
Winter 2023,76488339,014746,WN 2022,EECS,542,001,Regular,Lecture,Adv Top Comp Vision,3.00,A,EECS 542,Yes
Winter 2023,76488339,016597,FA 2022,EECS,551,001,Regular,Lecture,Matrix Meth Sig Proc,4.00,B+,EECS 551,Yes
Winter 2023,76488339,039178,WN 2022,SI,539,001,Regular,Lecture,Web Design,3.00,A+,SI 539,No
Winter 2023,76488339,040667,WN 2022,SI,681,001,Regular,Seminar,Intern/Field Seminar,6.00,S,SI 681,No
Winter 2023,76488339,041626,WN 2022,SI,664,001,Regular,Lecture,Database App Design,3.00,A,SI 664,No
Winter 2023,76488339,041934,FA 2021,SI,608,001,Regular,Lecture,Networks,3.00,A,SI 608,No
Winter 2023,76488339,042091,FA 2021,SI,618,001,Regular,Lecture,Data Man & Analysis,3.00,A,SI 618,No
Winter 2023,76488339,042104,FA 2022,SI,501,002,Regular,Lecture,Contextual Inq,3.00,A,SI 501,No
Winter 2023,76488339,045930,FA 2022,SI,671,001,Regular,Lecture,Data Mining,3.00,A-,SI 671,No
Winter 2023,76488339,047487,FA 2021,MATH,568,001,Regular,Lecture,Math & Comp Neurosci,3.00,A,MATH 568,Yes
Winter 2023,76488339,047901,WN 2023,SI,699,305,Regular,Lecture,MSI Mastery Courses,3.00,A,SI 699,No
Winter 2023,76488339,050159,WN 2022,SI,579,001,Regular,Lecture,Bldg Interactive App,3.00,A+,SI 579,No
Winter 2023,76488339,050663,WN 2022,SI,568,001,Regular,Lecture,Intro Appld Data Sci,3.00,A,SI 568,No
Winter 2023,77175377,012772,WN 2023,SI,548,001,Regular,Seminar,Prin Soft Design,3.00,VI,SI 548,No
Winter 2023,77175377,017281,FA 2021,SI,588,001,Regular,Lecture,Fundamntls Hum Beh,3.00,A,SI 588,No
Winter 2023,77175377,020401,WN 2022,SI,622,001,Regular,Lecture,Usab Eval & Needs,4.00,A,SI 622,No
Winter 2023,77175377,020803,WN 2023,SI,643,001,Regular,Lecture,Instructional Skills,3.00,A,SI 643,No
Winter 2023,77175377,022099,WN 2022,SI,658,001,Regular,Lecture,Info Architecture,3.00,A+,SI 658,No
Winter 2023,77175377,039081,WN 2022,SI,529,001,Regular,Lecture,Online Communities,3.00,A+,SI 529,No
Winter 2023,77175377,039178,WN 2022,SI,539,001,Regular,Lecture,Web Design,3.00,A,SI 539,No
Winter 2023,77175377,040667,WN 2022,SI,681,001,Regular,Seminar,Intern/Field Seminar,6.00,S,SI 681,No
Winter 2023,77175377,042104,FA 2021,SI,501,002,Regular,Lecture,Contextual Inq,3.00,A,SI 501,No
Winter 2023,77175377,044772,FA 2021,SI,582,002,Regular,Lecture,Intro Interac Design,3.00,A-,SI 582,No
Winter 2023,77175377,045393,FA 2022,SI,552,001,Regular,Lecture,Accessibility Intro,3.00,B+,SI 552,No
Winter 2023,77175377,045771,FA 2022,SI,684,001,Regular,Seminar,Design ConsHlth Tech,3.00,A,SI 684,No
Winter 2023,77175377,047233,FA 2022,ENTR,520,001,Regular,Lecture,Innov Bus Models,3.00,A,ENTR 520,Yes
Winter 2023,77175377,047246,FA 2021,SI,506,001,Regular,Lecture,Programming I,3.00,A,SI 506,No
Winter 2023,77175377,047901,WN 2023,SI,699,201,Regular,Lecture,MSI Mastery Courses,3.00,A-,SI 699,No
Winter 2023,77175377,048488,FA 2022,SI,559,001,Regular,Lecture,AR/VR Intro,3.00,A,SI 559,No
Winter 2023,77175377,050136,FA 2021,UARTS,560,102,Regular,Laboratory,Grad ArtsEng Proj,2.00,Y,UARTS 560,Yes
Winter 2023,77175377,050136,WN 2022,UARTS,560,102,Regular,Laboratory,Grad ArtsEng Proj,1.00,VI,UARTS 560,Yes
Winter 2023,78884598,005753,WN 2022,STATS,526,003,Regular,Lecture,Disc Stoch Proc,3.00,A,STATS 526,Yes
Winter 2023,78884598,009083,WN 2022,STATS,531,001,Regular,Lecture,Analysis Time Series,3.00,A,STATS 531,Yes
Winter 2023,78884598,009732,FA 2021,SI,650,001,Regular,Lecture,Informatn Retrieval,3.00,A+,SI 650,No
Winter 2023,78884598,012844,WN 2022,EECS,586,001,Regular,Lecture,Algorithms,4.00,A,EECS 586,Yes
Winter 2023,78884598,020339,WN 2022,FIN,580,001,First 7 Wk,Recitation,Corp Fin Derivatives,2.25,W,FIN 580,Yes
Winter 2023,78884598,040667,WN 2022,SI,681,001,Regular,Seminar,Intern/Field Seminar,6.00,S,SI 681,No
Winter 2023,78884598,041626,FA 2022,SI,664,001,Regular,Lecture,Database App Design,3.00,A,SI 664,No
Winter 2023,78884598,041934,FA 2022,SI,608,001,Regular,Lecture,Networks,3.00,A+,SI 608,No
Winter 2023,78884598,042091,FA 2021,SI,618,001,Regular,Lecture,Data Man & Analysis,3.00,A+,SI 618,No
Winter 2023,78884598,042104,FA 2021,SI,501,001,Regular,Lecture,Contextual Inq,3.00,A,SI 501,No
Winter 2023,78884598,045930,FA 2022,SI,671,001,Regular,Lecture,Data Mining,3.00,A-,SI 671,No
Winter 2023,78884598,047901,WN 2023,SI,699,205,Regular,Lecture,MSI Mastery Courses,3.00,A,SI 699,No
Winter 2023,78884598,048268,WN 2022,SI,630,001,Regular,Lecture,NLP Algorithm People,3.00,A+,SI 630,No
Winter 2023,78884598,048500,FA 2022,SI,670,001,Regular,Lecture,Appld Machine Learng,3.00,A-,SI 670,No
Winter 2023,78884598,049218,FA 2021,EECS,505,001,Regular,Lecture,Comp DS & ML,4.00,A,EECS 505,Yes
Winter 2023,78884598,049601,FA 2021,SI,564,001,Regular,Lecture,SQL & Databases,1.50,A,SI 564,No
Winter 2023,78884598,050164,FA 2021,SI,504,001,Regular,Lecture,"Servers, Shell,&Git",1.50,A,SI 504,No
Winter 2023,78884598,050663,WN 2022,SI,568,001,Regular,Lecture,Intro Appld Data Sci,3.00,A,SI 568,No
Winter 2023,78953894,009876,WN 2023,SURVMETH,630,001,Regular,Seminar,Quest Design & Eval,3.00,A,SURVMETH 630,Yes
Winter 2023,78953894,016607,FA 2021,SI,544,001,Regular,Lecture,Intr Stat&Data Analy,3.00,A+,SI 544,No
Winter 2023,78953894,017281,FA 2021,SI,588,002,Regular,Lecture,Fundamntls Hum Beh,3.00,A,SI 588,No
Winter 2023,78953894,019921,FA 2022,IOE,536,001,Regular,Lecture,Cognitive Ergonomics,3.00,A,IOE 536,Yes
Winter 2023,78953894,020401,WN 2022,SI,622,001,Regular,Lecture,Usab Eval & Needs,4.00,A+,SI 622,No
Winter 2023,78953894,020934,WN 2023,SI,649,002,Regular,Lecture,Info Visualization,3.00,A+,SI 649,No
Winter 2023,78953894,021400,WN 2022,SI,520,001,Regular,Lecture,Graphic Design,3.00,A,SI 520,No
Winter 2023,78953894,039178,FA 2022,SI,539,001,Regular,Lecture,Web Design,3.00,A,SI 539,No
Winter 2023,78953894,040667,WN 2022,SI,681,001,Regular,Seminar,Intern/Field Seminar,6.00,S,SI 681,No
Winter 2023,78953894,042091,WN 2022,SI,618,001,Regular,Lecture,Data Man & Analysis,3.00,A-,SI 618,No
Winter 2023,78953894,042104,FA 2021,SI,501,002,Regular,Lecture,Contextual Inq,3.00,A+,SI 501,No
Winter 2023,78953894,042809,WN 2023,TO,618,002,Regular,Recitation,Appl Bus Analytics,3.00,A-,TO 618,Yes
Winter 2023,78953894,044772,FA 2021,SI,582,002,Regular,Lecture,Intro Interac Design,3.00,A-,SI 582,No
Winter 2023,78953894,047209,FA 2022,EDUC,591,001,Regular,Seminar,How People Learn,3.00,S,EDUC 591,Yes
Winter 2023,78953894,047246,FA 2021,SI,506,001,Regular,Lecture,Programming I,3.00,A,SI 506,No
Winter 2023,78953894,047640,WN 2022,SI,507,001,Regular,Lecture,Inter Programming,3.00,A,SI 507,No
Winter 2023,78953894,047901,WN 2023,SI,699,201,Regular,Lecture,MSI Mastery Courses,3.00,A,SI 699,No
Winter 2023,78953894,048488,FA 2022,SI,559,001,Regular,Lecture,AR/VR Intro,3.00,A,SI 559,No
Winter 2023,78953894,049432,FA 2022,EDUC,616,001,Regular,Laboratory,Learn Exp Design,4.00,A,EDUC 616,Yes
Winter 2023,78953894,049432,WN 2023,EDUC,616,001,Regular,Laboratory,Learn Exp Design,2.00,A,EDUC 616,Yes
Winter 2023,78953894,050164,WN 2022,SI,504,001,Regular,Lecture,"Servers, Shell,&Git",1.50,A,SI 504,No
Winter 2023,79225160,009732,FA 2022,SI,650,001,Regular,Lecture,Informatn Retrieval,3.00,A+,SI 650,No
Winter 2023,79225160,016607,FA 2021,SI,544,001,Regular,Lecture,Intr Stat&Data Analy,3.00,A,SI 544,No
Winter 2023,79225160,020934,WN 2022,SI,649,001,Regular,Lecture,Info Visualization,3.00,A-,SI 649,No
Winter 2023,79225160,039178,FA 2021,SI,539,001,Regular,Lecture,Web Design,3.00,A,SI 539,No
Winter 2023,79225160,040667,WN 2022,SI,681,001,Regular,Seminar,Intern/Field Seminar,6.00,S,SI 681,No
Winter 2023,79225160,041626,WN 2022,SI,664,001,Regular,Lecture,Database App Design,3.00,A,SI 664,No
Winter 2023,79225160,041934,FA 2022,SI,608,001,Regular,Lecture,Networks,3.00,B+,SI 608,No
Winter 2023,79225160,042091,WN 2022,SI,618,001,Regular,Lecture,Data Man & Analysis,3.00,A,SI 618,No
Winter 2023,79225160,042104,FA 2021,SI,501,002,Regular,Lecture,Contextual Inq,3.00,A,SI 501,No
Winter 2023,79225160,044798,WN 2023,ENTR,599,311,Regular,Lecture,Spec Topics Entr,2.00,A,ENTR 599,Yes
Winter 2023,79225160,045930,FA 2022,SI,671,001,Regular,Lecture,Data Mining,3.00,A-,SI 671,No
Winter 2023,79225160,047228,WN 2023,ENTR,500,001,Regular,Lecture,Intro to Innovation,3.00,A,ENTR 500,Yes
Winter 2023,79225160,047901,WN 2023,SI,699,205,Regular,Lecture,MSI Mastery Courses,3.00,A,SI 699,No
Winter 2023,79225160,048500,FA 2022,SI,670,001,Regular,Lecture,Appld Machine Learng,3.00,A,SI 670,No
Winter 2023,79225160,049601,FA 2021,SI,564,001,Regular,Lecture,SQL & Databases,1.50,A,SI 564,No
Winter 2023,79225160,050663,WN 2022,SI,568,001,Regular,Lecture,Intro Appld Data Sci,3.00,A,SI 568,No
Winter 2023,79929688,007395,WN 2023,ARCH,509,004,Regular,Seminar,Experimental Course,3.00,A,ARCH 509,Yes
Winter 2023,79929688,017281,FA 2021,SI,588,002,Regular,Lecture,Fundamntls Hum Beh,3.00,A+,SI 588,No
Winter 2023,79929688,020401,WN 2022,SI,622,001,Regular,Lecture,Usab Eval & Needs,4.00,A,SI 622,No
Winter 2023,79929688,021400,WN 2022,SI,520,001,Regular,Lecture,Graphic Design,3.00,A-,SI 520,No
Winter 2023,79929688,039178,WN 2022,SI,539,001,Regular,Lecture,Web Design,3.00,A,SI 539,No
Winter 2023,79929688,040667,WN 2022,SI,681,001,Regular,Seminar,Intern/Field Seminar,6.00,S,SI 681,No
Winter 2023,79929688,040779,WN 2022,WGS,590,001,Regular,Seminar,Disability Studies,3.00,A,WGS 590,Yes
Winter 2023,79929688,042104,FA 2021,SI,501,001,Regular,Lecture,Contextual Inq,3.00,A+,SI 501,No
Winter 2023,79929688,043863,FA 2022,SI,612,001,Regular,Lecture,Pervasv Interact Des,3.00,A,SI 612,No
Winter 2023,79929688,044772,FA 2021,SI,582,002,Regular,Lecture,Intro Interac Design,3.00,A,SI 582,No
Winter 2023,79929688,045393,FA 2022,SI,552,001,Regular,Lecture,Accessibility Intro,3.00,A,SI 552,No
Winter 2023,79929688,046306,FA 2022,SI,616,001,Regular,Lecture,Adv Graphic Design,3.00,A-,SI 616,No
Winter 2023,79929688,047246,FA 2021,SI,506,001,Regular,Lecture,Programming I,3.00,A-,SI 506,No
Winter 2023,79929688,047901,WN 2023,SI,699,201,Regular,Lecture,MSI Mastery Courses,3.00,A+,SI 699,No
Winter 2023,79929688,048877,WN 2023,DIGITAL,610,002,Regular,Seminar,Dig Studies Seminar,3.00,A+,DIGITAL 610,Yes
Winter 2023,80736902,001459,FA 2022,SI,690,410,Regular,Seminar,Intern/Field Exper,3.00,S,SI 690,No
Winter 2023,80736902,012456,FA 2022,SI,549,001,Regular,Seminar,Trfrm Lrng Tchg Tech,3.00,S,SI 549,No
Winter 2023,80736902,017281,FA 2021,SI,588,001,Regular,Lecture,Fundamntls Hum Beh,3.00,A-,SI 588,No
Winter 2023,80736902,020401,WN 2022,SI,622,001,Regular,Lecture,Usab Eval & Needs,4.00,A,SI 622,No
Winter 2023,80736902,021400,WN 2022,SI,520,001,Regular,Lecture,Graphic Design,3.00,A-,SI 520,No
Winter 2023,80736902,022099,WN 2023,SI,658,001,Regular,Lecture,Info Architecture,3.00,A,SI 658,No
Winter 2023,80736902,039081,WN 2022,SI,529,001,Regular,Lecture,Online Communities,3.00,B,SI 529,No
Winter 2023,80736902,039178,FA 2022,SI,539,001,Regular,Lecture,Web Design,3.00,A,SI 539,No
Winter 2023,80736902,040667,WN 2022,SI,681,001,Regular,Seminar,Intern/Field Seminar,6.00,S,SI 681,No
Winter 2023,80736902,042104,FA 2021,SI,501,002,Regular,Lecture,Contextual Inq,3.00,A,SI 501,No
Winter 2023,80736902,043210,FA 2021,SI,534,001,Regular,Lecture,Theories Soc Influen,3.00,A,SI 534,No
Winter 2023,80736902,044772,WN 2022,SI,582,001,Regular,Lecture,Intro Interac Design,3.00,A,SI 582,No
Winter 2023,80736902,047246,FA 2021,SI,506,101,Regular,Lecture,Programming I,3.00,B,SI 506,No
Winter 2023,80736902,047901,WN 2023,SI,699,001,Regular,Lecture,MSI Mastery Courses,3.00,A,SI 699,No
Winter 2023,80736902,050162,WN 2023,SI,510,001,Regular,Lecture,Information Ethics,3.00,A-,SI 510,No
Winter 2023,81008454,001459,FA 2022,SI,690,410,Regular,Seminar,Intern/Field Exper,6.00,S,SI 690,No
Winter 2023,81008454,012772,WN 2023,SI,548,001,Regular,Seminar,Prin Soft Design,3.00,A,SI 548,No
Winter 2023,81008454,020401,WN 2022,SI,622,003,Regular,Lecture,Usab Eval & Needs,4.00,A-,SI 622,No
Winter 2023,81008454,021400,FA 2021,SI,520,002,Regular,Lecture,Graphic Design,3.00,A,SI 520,No
Winter 2023,81008454,041626,FA 2022,SI,664,001,Regular,Lecture,Database App Design,3.00,A,SI 664,No
Winter 2023,81008454,042104,FA 2021,SI,501,001,Regular,Lecture,Contextual Inq,3.00,A+,SI 501,No
Winter 2023,81008454,044772,FA 2021,SI,582,002,Regular,Lecture,Intro Interac Design,3.00,A,SI 582,No
Winter 2023,81008454,045732,WN 2022,SI,554,001,Regular,Lecture,Consumer Hlth Inform,3.00,A,SI 554,No
Winter 2023,81008454,045771,FA 2022,SI,684,001,Regular,Seminar,Design ConsHlth Tech,3.00,A+,SI 684,No
Winter 2023,81008454,047246,FA 2021,SI,506,001,Regular,Lecture,Programming I,3.00,A,SI 506,No
Winter 2023,81008454,047640,FA 2022,SI,507,001,Regular,Lecture,Inter Programming,3.00,A,SI 507,No
Winter 2023,81008454,047901,WN 2023,SI,699,301,Regular,Lecture,MSI Mastery Courses,3.00,A+,SI 699,No
Winter 2023,81008454,048129,WN 2022,SI,505,001,First 7 Wk,Lecture,Career/Intern Studio,1.00,S,SI 505,No
Winter 2023,81008454,048488,FA 2022,SI,559,001,Regular,Lecture,AR/VR Intro,3.00,A,SI 559,No
Winter 2023,81008454,050159,WN 2022,SI,579,001,Regular,Lecture,Bldg Interactive App,3.00,B+,SI 579,No
Winter 2023,81008454,050164,WN 2022,SI,504,001,Regular,Lecture,"Servers, Shell,&Git",1.50,A,SI 504,No
Winter 2023,81437433,001459,FA 2022,SI,690,410,Regular,Seminar,Intern/Field Exper,1.00,S,SI 690,No
Winter 2023,81437433,001459,WN 2023,SI,690,001,Regular,Seminar,Intern/Field Exper,2.00,S,SI 690,No
Winter 2023,81437433,017281,FA 2021,SI,588,002,Regular,Lecture,Fundamntls Hum Beh,3.00,A+,SI 588,No
Winter 2023,81437433,020401,WN 2022,SI,622,001,Regular,Lecture,Usab Eval & Needs,4.00,A,SI 622,No
Winter 2023,81437433,020934,WN 2023,SI,649,002,Regular,Lecture,Info Visualization,3.00,A,SI 649,No
Winter 2023,81437433,021400,FA 2021,SI,520,001,Regular,Lecture,Graphic Design,3.00,A,SI 520,No
Winter 2023,81437433,039178,WN 2022,SI,539,001,Regular,Lecture,Web Design,3.00,A,SI 539,No
Winter 2023,81437433,040667,WN 2022,SI,681,001,Regular,Seminar,Intern/Field Seminar,6.00,S,SI 681,No
Winter 2023,81437433,042104,FA 2021,SI,501,001,Regular,Lecture,Contextual Inq,3.00,A+,SI 501,No
Winter 2023,81437433,043863,FA 2022,SI,612,002,Regular,Lecture,Pervasv Interact Des,3.00,A,SI 612,No
Winter 2023,81437433,044772,WN 2022,SI,582,001,Regular,Lecture,Intro Interac Design,3.00,A,SI 582,No
Winter 2023,81437433,045393,FA 2022,SI,552,001,Regular,Lecture,Accessibility Intro,3.00,A,SI 552,No
Winter 2023,81437433,046306,WN 2022,SI,616,001,Regular,Lecture,Adv Graphic Design,3.00,A,SI 616,No
Winter 2023,81437433,047246,FA 2021,SI,506,001,Regular,Lecture,Programming I,3.00,A,SI 506,No
Winter 2023,81437433,047901,FA 2022,SI,699,201,Regular,Lecture,MSI Mastery Courses,3.00,A,SI 699,No
Winter 2023,81437433,048129,WN 2022,SI,505,001,First 7 Wk,Lecture,Career/Intern Studio,1.00,S,SI 505,No
Winter 2023,81437433,048488,FA 2022,SI,559,001,Regular,Lecture,AR/VR Intro,3.00,A,SI 559,No
Winter 2023,81437433,050164,FA 2021,SI,504,001,Regular,Lecture,"Servers, Shell,&Git",1.50,A,SI 504,No
Winter 2023,81835581,009732,FA 2022,SI,650,001,Regular,Lecture,Informatn Retrieval,3.00,A+,SI 650,No
Winter 2023,81835581,020934,WN 2022,SI,649,001,Regular,Lecture,Info Visualization,3.00,A,SI 649,No
Winter 2023,81835581,039178,WN 2022,SI,539,001,Regular,Lecture,Web Design,3.00,A,SI 539,No
Winter 2023,81835581,040667,WN 2022,SI,681,001,Regular,Seminar,Intern/Field Seminar,6.00,S,SI 681,No
Winter 2023,81835581,041626,FA 2021,SI,664,001,Regular,Lecture,Database App Design,3.00,A,SI 664,No
Winter 2023,81835581,041934,FA 2022,SI,608,001,Regular,Lecture,Networks,3.00,A+,SI 608,No
Winter 2023,81835581,042091,FA 2021,SI,618,001,Regular,Lecture,Data Man & Analysis,3.00,A+,SI 618,No
Winter 2023,81835581,042104,FA 2021,SI,501,001,Regular,Lecture,Contextual Inq,3.00,A,SI 501,No
Winter 2023,81835581,045930,FA 2022,SI,671,001,Regular,Lecture,Data Mining,3.00,A,SI 671,No
Winter 2023,81835581,047901,WN 2023,SI,699,205,Regular,Lecture,MSI Mastery Courses,3.00,A,SI 699,No
Winter 2023,81835581,048268,WN 2022,SI,630,001,Regular,Lecture,NLP Algorithm People,3.00,A,SI 630,No
Winter 2023,81835581,048500,FA 2022,SI,670,001,Regular,Lecture,Appld Machine Learng,3.00,A,SI 670,No
Winter 2023,81835581,049601,FA 2021,SI,564,001,Regular,Lecture,SQL & Databases,1.50,A,SI 564,No
Winter 2023,81835581,050159,WN 2022,SI,579,001,Regular,Lecture,Bldg Interactive App,3.00,A,SI 579,No
Winter 2023,81835581,050164,FA 2021,SI,504,001,Regular,Lecture,"Servers, Shell,&Git",1.50,A,SI 504,No
Winter 2023,81835581,050663,WN 2022,SI,568,001,Regular,Lecture,Intro Appld Data Sci,3.00,A,SI 568,No
Winter 2023,82782874,001459,FA 2022,SI,690,410,Regular,Seminar,Intern/Field Exper,2.00,S,SI 690,No
Winter 2023,82782874,001459,WN 2023,SI,690,001,Regular,Seminar,Intern/Field Exper,1.00,S,SI 690,No
Winter 2023,82782874,009086,WN 2022,IOE,570,001,Regular,Lecture,Design of Experiment,3.00,A-,IOE 570,Yes
Winter 2023,82782874,009772,WN 2023,STATS,580,001,Regular,Lecture,Sampling Theory,3.00,W,STATS 580,Yes
Winter 2023,82782874,014793,WN 2022,ELI,521,003,Regular,Lecture,Acad Writg I,1.00,S,ELI 521,Yes
Winter 2023,82782874,017533,FA 2022,MO,512,005,Scnd 7 Wk,Recitation,Bargain&Infl Skills,2.25,B+,MO 512,Yes
Winter 2023,82782874,021391,WN 2022,SI,511,630,Regular,Laboratory,Special Topics,1.00,A-,SI 511,No
Winter 2023,82782874,039178,FA 2021,SI,539,001,Regular,Lecture,Web Design,3.00,B,SI 539,No
Winter 2023,82782874,040667,WN 2022,SI,681,001,Regular,Seminar,Intern/Field Seminar,6.00,S,SI 681,No
Winter 2023,82782874,041855,FA 2022,SI,631,001,Regular,Lecture,Agile Softwar Dev,1.50,A,SI 631,No
Winter 2023,82782874,042091,FA 2021,SI,618,001,Regular,Lecture,Data Man & Analysis,3.00,B+,SI 618,No
Winter 2023,82782874,045930,FA 2022,SI,671,001,Regular,Lecture,Data Mining,3.00,B-,SI 671,No
Winter 2023,82782874,046287,WN 2023,ASIANLAN,426,001,Regular,Recitation,Adv Spoken Jpn,2.00,A,ASIANLAN 426,Yes
Winter 2023,82782874,047640,FA 2021,SI,507,001,Regular,Lecture,Inter Programming,3.00,A,SI 507,No
Winter 2023,82782874,047901,WN 2023,SI,699,305,Regular,Lecture,MSI Mastery Courses,3.00,A,SI 699,No
Winter 2023,82782874,048268,WN 2022,SI,630,101,Regular,Lecture,NLP Algorithm People,3.00,A-,SI 630,No
Winter 2023,82782874,048500,FA 2022,SI,670,001,Regular,Lecture,Appld Machine Learng,3.00,A-,SI 670,No
Winter 2023,82782874,049601,WN 2022,SI,564,001,Regular,Lecture,SQL & Databases,1.50,A,SI 564,No
Winter 2023,82782874,050159,FA 2021,SI,579,001,Regular,Lecture,Bldg Interactive App,3.00,B,SI 579,No
Winter 2023,82782874,050663,WN 2022,SI,568,001,Regular,Lecture,Intro Appld Data Sci,3.00,A,SI 568,No
Winter 2023,83117540,016607,FA 2022,SI,544,001,Regular,Lecture,Intr Stat&Data Analy,3.00,A+,SI 544,No
Winter 2023,83117540,017281,FA 2021,SI,588,002,Regular,Lecture,Fundamntls Hum Beh,3.00,A,SI 588,No
Winter 2023,83117540,020401,WN 2023,SI,622,001,Regular,Lecture,Usab Eval & Needs,4.00,A,SI 622,No
Winter 2023,83117540,020934,WN 2022,SI,649,001,Regular,Lecture,Info Visualization,3.00,A,SI 649,No
Winter 2023,83117540,021400,FA 2021,SI,520,002,Regular,Lecture,Graphic Design,3.00,A,SI 520,No
Winter 2023,83117540,022099,WN 2022,SI,658,001,Regular,Lecture,Info Architecture,3.00,A+,SI 658,No
Winter 2023,83117540,040667,WN 2022,SI,681,001,Regular,Seminar,Intern/Field Seminar,6.00,S,SI 681,No
Winter 2023,83117540,041626,FA 2022,SI,664,001,Regular,Lecture,Database App Design,3.00,A,SI 664,No
Winter 2023,83117540,042104,FA 2021,SI,501,002,Regular,Lecture,Contextual Inq,3.00,A,SI 501,No
Winter 2023,83117540,043863,WN 2022,SI,612,001,Regular,Lecture,Pervasv Interact Des,3.00,A+,SI 612,No
Winter 2023,83117540,044772,FA 2021,SI,582,001,Regular,Lecture,Intro Interac Design,3.00,A+,SI 582,No
Winter 2023,83117540,045393,FA 2022,SI,552,001,Regular,Lecture,Accessibility Intro,3.00,A-,SI 552,No
Winter 2023,83117540,047901,WN 2023,SI,699,003,Regular,Lecture,MSI Mastery Courses,3.00,A,SI 699,No
Winter 2023,83117540,048487,FA 2021,SI,669,001,Regular,Lecture,Dev Mobile Exp,3.00,A+,SI 669,No
Winter 2023,83117540,050159,WN 2022,SI,579,001,Regular,Lecture,Bldg Interactive App,3.00,A+,SI 579,No
Winter 2023,83569147,005997,WN 2023,POLSCI,514,001,Regular,Recitation,Soc Sci Comput,2.00,A-,POLSCI 514,Yes
Winter 2023,83569147,009732,FA 2021,SI,650,001,Regular,Lecture,Informatn Retrieval,3.00,W,SI 650,No
Winter 2023,83569147,014748,WN 2022,EECS,545,002,Regular,Lecture,Machine Learn (CSE),3.00,B+,EECS 545,Yes
Winter 2023,83569147,020180,FA 2022,SI,646,001,First 7 Wk,Lecture,Info Economics,1.50,A-,SI 646,No
Winter 2023,83569147,020934,WN 2022,SI,649,001,Regular,Lecture,Info Visualization,3.00,B+,SI 649,No
Winter 2023,83569147,039178,WN 2022,SI,539,001,Regular,Lecture,Web Design,3.00,A-,SI 539,No
Winter 2023,83569147,040667,WN 2022,SI,681,001,Regular,Seminar,Intern/Field Seminar,6.00,S,SI 681,No
Winter 2023,83569147,041626,FA 2021,SI,664,101,Regular,Lecture,Database App Design,3.00,A+,SI 664,No
Winter 2023,83569147,041934,FA 2022,SI,608,001,Regular,Lecture,Networks,3.00,A,SI 608,No
Winter 2023,83569147,042071,FA 2022,SI,563,001,Regular,Lecture,Game Theory,3.00,A,SI 563,No
Winter 2023,83569147,042091,FA 2021,SI,618,001,Regular,Lecture,Data Man & Analysis,3.00,A,SI 618,No
Winter 2023,83569147,042104,FA 2021,SI,501,001,Regular,Lecture,Contextual Inq,3.00,A,SI 501,No
Winter 2023,83569147,045930,FA 2022,SI,671,001,Regular,Lecture,Data Mining,3.00,A-,SI 671,No
Winter 2023,83569147,047901,WN 2023,SI,699,305,Regular,Lecture,MSI Mastery Courses,3.00,A,SI 699,No
Winter 2023,83569147,049601,FA 2021,SI,564,001,Regular,Lecture,SQL & Databases,1.50,A,SI 564,No
Winter 2023,83569147,050159,FA 2022,SI,579,001,Regular,Lecture,Bldg Interactive App,3.00,A,SI 579,No
Winter 2023,83569147,050164,WN 2022,SI,504,001,Regular,Lecture,"Servers, Shell,&Git",1.50,A,SI 504,No
Winter 2023,83569147,050663,WN 2022,SI,568,001,Regular,Lecture,Intro Appld Data Sci,3.00,A,SI 568,No
Winter 2023,84004231,009732,FA 2022,SI,650,001,Regular,Lecture,Informatn Retrieval,3.00,A+,SI 650,No
Winter 2023,84004231,020803,WN 2023,SI,643,001,Regular,Lecture,Instructional Skills,3.00,A+,SI 643,No
Winter 2023,84004231,020934,WN 2022,SI,649,001,Regular,Lecture,Info Visualization,3.00,A,SI 649,No
Winter 2023,84004231,040667,WN 2022,SI,681,001,Regular,Seminar,Intern/Field Seminar,6.00,S,SI 681,No
Winter 2023,84004231,041626,WN 2022,SI,664,001,Regular,Lecture,Database App Design,3.00,A,SI 664,No
Winter 2023,84004231,041934,FA 2022,SI,608,001,Regular,Lecture,Networks,3.00,B+,SI 608,No
Winter 2023,84004231,042091,FA 2021,SI,618,001,Regular,Lecture,Data Man & Analysis,3.00,A,SI 618,No
Winter 2023,84004231,042104,FA 2021,SI,501,002,Regular,Lecture,Contextual Inq,3.00,A,SI 501,No
Winter 2023,84004231,045930,FA 2022,SI,671,001,Regular,Lecture,Data Mining,3.00,A-,SI 671,No
Winter 2023,84004231,047640,FA 2021,SI,507,001,Regular,Lecture,Inter Programming,3.00,A,SI 507,No
Winter 2023,84004231,047901,WN 2023,SI,699,305,Regular,Lecture,MSI Mastery Courses,3.00,A,SI 699,No
Winter 2023,84004231,048268,WN 2022,SI,630,001,Regular,Lecture,NLP Algorithm People,3.00,A+,SI 630,No
Winter 2023,84004231,048500,FA 2022,SI,670,001,Regular,Lecture,Appld Machine Learng,3.00,A,SI 670,No
Winter 2023,84004231,049601,FA 2021,SI,564,001,Regular,Lecture,SQL & Databases,1.50,A,SI 564,No
Winter 2023,84004231,050164,FA 2021,SI,504,001,Regular,Lecture,"Servers, Shell,&Git",1.50,A,SI 504,No
Winter 2023,84004231,050663,WN 2022,SI,568,001,Regular,Lecture,Intro Appld Data Sci,3.00,A,SI 568,No
Winter 2023,84331099,009731,FA 2021,SI,580,001,Regular,Lecture,Records & Archives,3.00,A+,SI 580,No
Winter 2023,84331099,021045,FA 2021,SI,666,001,Regular,Lecture,Org of Inf Resources,3.00,A,SI 666,No
Winter 2023,84331099,038948,FA 2022,SI,632,001,Regular,Lecture,Appraisal & Coll Dev,3.00,A,SI 632,No
Winter 2023,84331099,039178,WN 2023,SI,539,001,Regular,Lecture,Web Design,3.00,A,SI 539,No
Winter 2023,84331099,039979,WN 2022,SI,623,001,Regular,Seminar,Res Meth Info Prof,3.00,A+,SI 623,No
Winter 2023,84331099,040667,WN 2022,SI,681,001,Regular,Seminar,Intern/Field Seminar,6.00,S,SI 681,No
Winter 2023,84331099,042104,FA 2021,SI,501,001,Regular,Lecture,Contextual Inq,3.00,A,SI 501,No
Winter 2023,84331099,042324,WN 2022,SI,639,001,Scnd 7 Wk,Lecture,Web Archiving,1.50,A+,SI 639,No
Winter 2023,84331099,047246,FA 2021,SI,506,001,Regular,Lecture,Programming I,3.00,A,SI 506,No
Winter 2023,84331099,047901,WN 2023,SI,699,028,Regular,Lecture,MSI Mastery Courses,3.00,A,SI 699,No
Winter 2023,84331099,048280,WN 2022,SI,667,001,Regular,Lecture,Digital Curation,3.00,A+,SI 667,No
Winter 2023,84331099,049601,WN 2022,SI,564,001,Regular,Lecture,SQL & Databases,1.50,A,SI 564,No
Winter 2023,84331099,050028,FA 2022,SI,583,001,Regular,Lecture,Info Accountability,3.00,A,SI 583,No
Winter 2023,84331099,050161,FA 2022,SI,676,001,Regular,Lecture,Network Info Servcs,3.00,A,SI 676,No
Winter 2023,84331099,050162,WN 2023,SI,510,001,Regular,Lecture,Information Ethics,3.00,A,SI 510,No
Winter 2023,84331099,050163,FA 2022,SI,633,001,Regular,Lecture,Assesmnt Cultrl Inst,3.00,A,SI 633,No
Winter 2023,84331099,050164,WN 2022,SI,504,001,Regular,Lecture,"Servers, Shell,&Git",1.50,A,SI 504,No
Winter 2023,84816265,017281,FA 2021,SI,588,002,Regular,Lecture,Fundamntls Hum Beh,3.00,A,SI 588,No
Winter 2023,84816265,020401,WN 2022,SI,622,003,Regular,Lecture,Usab Eval & Needs,4.00,A,SI 622,No
Winter 2023,84816265,021400,FA 2021,SI,520,001,Regular,Lecture,Graphic Design,3.00,B+,SI 520,No
Winter 2023,84816265,022099,WN 2023,SI,658,001,Regular,Lecture,Info Architecture,3.00,A,SI 658,No
Winter 2023,84816265,039178,WN 2022,SI,539,001,Regular,Lecture,Web Design,3.00,A,SI 539,No
Winter 2023,84816265,040667,WN 2022,SI,681,001,Regular,Seminar,Intern/Field Seminar,6.00,S,SI 681,No
Winter 2023,84816265,042071,FA 2022,SI,563,001,Regular,Lecture,Game Theory,3.00,A,SI 563,No
Winter 2023,84816265,042104,FA 2021,SI,501,002,Regular,Lecture,Contextual Inq,3.00,A-,SI 501,No
Winter 2023,84816265,043863,FA 2022,SI,612,001,Regular,Lecture,Pervasv Interact Des,3.00,A,SI 612,No
Winter 2023,84816265,044772,FA 2021,SI,582,001,Regular,Lecture,Intro Interac Design,3.00,IA,SI 582,No
Winter 2023,84816265,047228,WN 2022,ENTR,500,002,Regular,Lecture,Intro to Innovation,3.00,A,ENTR 500,Yes
Winter 2023,84816265,047246,FA 2021,SI,506,001,Regular,Lecture,Programming I,3.00,A,SI 506,No
Winter 2023,84816265,047901,FA 2022,SI,699,201,Regular,Lecture,MSI Mastery Courses,3.00,A-,SI 699,No
Winter 2023,84816265,048129,WN 2022,SI,505,001,First 7 Wk,Lecture,Career/Intern Studio,1.00,S,SI 505,No
Winter 2023,84816265,049112,FA 2022,PAT,500,006,Regular,Lecture,Intro Elec Mus Prod,3.00,A,PAT 500,Yes
Winter 2023,84816265,049601,WN 2023,SI,564,001,Regular,Lecture,SQL & Databases,1.50,A-,SI 564,No
Winter 2023,84816265,050136,WN 2022,UARTS,560,116,Regular,Laboratory,Grad ArtsEng Proj,2.00,A-,UARTS 560,Yes
Winter 2023,84816265,050136,FA 2022,UARTS,560,116,Regular,Laboratory,Grad ArtsEng Proj,2.00,A-,UARTS 560,Yes
Winter 2023,85220967,009876,WN 2023,SURVMETH,630,001,Regular,Seminar,Quest Design & Eval,3.00,A+,SURVMETH 630,Yes
Winter 2023,85220967,017281,FA 2021,SI,588,002,Regular,Lecture,Fundamntls Hum Beh,3.00,A-,SI 588,No
Winter 2023,85220967,020401,WN 2022,SI,622,001,Regular,Lecture,Usab Eval & Needs,4.00,A,SI 622,No
Winter 2023,85220967,021400,FA 2021,SI,520,001,Regular,Lecture,Graphic Design,3.00,A-,SI 520,No
Winter 2023,85220967,039178,WN 2022,SI,539,001,Regular,Lecture,Web Design,3.00,A+,SI 539,No
Winter 2023,85220967,040667,WN 2022,SI,681,001,Regular,Seminar,Intern/Field Seminar,6.00,S,SI 681,No
Winter 2023,85220967,042071,FA 2022,SI,563,001,Regular,Lecture,Game Theory,3.00,A,SI 563,No
Winter 2023,85220967,042104,FA 2021,SI,501,001,Regular,Lecture,Contextual Inq,3.00,A,SI 501,No
Winter 2023,85220967,042852,WN 2023,ARTDES,181,002,Regular,Laboratory,Clay,3.00,A,ARTDES 181,Yes
Winter 2023,85220967,044772,FA 2021,SI,582,004,Regular,Lecture,Intro Interac Design,3.00,A,SI 582,No
Winter 2023,85220967,047641,WN 2022,SI,540,001,Regular,Lecture,Privacy in Info Tech,3.00,A,SI 540,No
Winter 2023,85220967,047892,WN 2023,SI,605,002,Regular,Laboratory,Interdisc Prob Solv,3.00,A,SI 605,No
Winter 2023,85220967,047901,WN 2023,SI,699,001,Regular,Lecture,MSI Mastery Courses,3.00,A,SI 699,No
Winter 2023,85220967,048831,FA 2022,SI,547,001,Regular,Seminar,Engage w/Communities,3.00,A,SI 547,No
Winter 2023,85220967,050162,WN 2022,SI,510,001,Regular,Lecture,Information Ethics,3.00,A+,SI 510,No
Winter 2023,85220967,050846,FA 2022,SI,512,001,Regular,Lecture,Change The Internet,3.00,A,SI 512,No
Winter 2023,85370528,001459,WN 2023,SI,690,001,Regular,Seminar,Intern/Field Exper,1.00,S,SI 690,No
Winter 2023,85370528,009732,FA 2021,SI,650,001,Regular,Lecture,Informatn Retrieval,3.00,A+,SI 650,No
Winter 2023,85370528,017281,FA 2021,SI,588,001,Regular,Lecture,Fundamntls Hum Beh,3.00,A,SI 588,No
Winter 2023,85370528,020401,WN 2022,SI,622,003,Regular,Lecture,Usab Eval & Needs,4.00,A,SI 622,No
Winter 2023,85370528,021400,WN 2022,SI,520,002,Regular,Lecture,Graphic Design,3.00,A,SI 520,No
Winter 2023,85370528,039081,WN 2022,SI,529,001,Regular,Lecture,Online Communities,3.00,A+,SI 529,No
Winter 2023,85370528,039178,FA 2021,SI,539,001,Regular,Lecture,Web Design,3.00,A,SI 539,No
Winter 2023,85370528,041626,FA 2021,SI,664,001,Regular,Lecture,Database App Design,3.00,A,SI 664,No
Winter 2023,85370528,041855,FA 2022,SI,631,001,Regular,Lecture,Agile Softwar Dev,1.50,A,SI 631,No
Winter 2023,85370528,042104,FA 2021,SI,501,002,Regular,Lecture,Contextual Inq,3.00,A,SI 501,No
Winter 2023,85370528,043863,FA 2022,SI,612,001,Regular,Lecture,Pervasv Interact Des,3.00,A,SI 612,No
Winter 2023,85370528,044772,FA 2021,SI,582,002,Regular,Lecture,Intro Interac Design,3.00,A,SI 582,No
Winter 2023,85370528,046306,FA 2022,SI,616,001,Regular,Lecture,Adv Graphic Design,3.00,A,SI 616,No
Winter 2023,85370528,047901,WN 2023,SI,699,001,Regular,Lecture,MSI Mastery Courses,3.00,A,SI 699,No
Winter 2023,85370528,048129,WN 2022,SI,505,001,First 7 Wk,Lecture,Career/Intern Studio,1.00,S,SI 505,No
Winter 2023,85370528,048486,WN 2022,SI,659,001,Regular,Lecture,AR/VR Advanced,3.00,A+,SI 659,No
Winter 2023,85370528,048487,FA 2022,SI,669,001,Regular,Lecture,Dev Mobile Exp,3.00,A+,SI 669,No
Winter 2023,85370528,049038,WN 2022,SI,688,002,Regular,Lecture,AppProjS S -GIEP/CID,6.00,S,SI 688,No
Winter 2023,85370528,049601,FA 2022,SI,564,001,Regular,Lecture,SQL & Databases,1.50,A+,SI 564,No
Winter 2023,85370528,050159,WN 2022,SI,579,001,Regular,Lecture,Bldg Interactive App,3.00,A+,SI 579,No
Winter 2023,85916862,001459,FA 2022,SI,690,390,Regular,Seminar,Intern/Field Exper,6.00,S,SI 690,No
Winter 2023,85916862,001459,WN 2023,SI,690,001,Regular,Seminar,Intern/Field Exper,3.00,S,SI 690,No
Winter 2023,85916862,009731,FA 2022,SI,580,001,Regular,Lecture,Records & Archives,3.00,A,SI 580,No
Winter 2023,85916862,020803,WN 2023,SI,643,001,Regular,Lecture,Instructional Skills,3.00,A+,SI 643,No
Winter 2023,85916862,021400,FA 2022,SI,520,001,Regular,Lecture,Graphic Design,3.00,A,SI 520,No
Winter 2023,85916862,042104,FA 2022,SI,501,001,Regular,Lecture,Contextual Inq,3.00,A+,SI 501,No
Winter 2023,85916862,044798,WN 2023,ENTR,599,021,Regular,Lecture,Spec Topics Entr,3.00,A,ENTR 599,Yes
Winter 2023,85916862,045393,FA 2022,SI,552,001,Regular,Lecture,Accessibility Intro,3.00,A,SI 552,No
Winter 2023,85916862,047901,WN 2023,SI,699,401,Regular,Lecture,MSI Mastery Courses,3.00,A,SI 699,No
Winter 2023,86994032,003735,FA 2022,MKT,618,001,Scnd 7 Wk,Recitation,Marketing Analytics,2.25,A-,MKT 618,Yes
Winter 2023,86994032,003736,FA 2022,MKT,625,002,Scnd 7 Wk,Recitation,New Prod Innov Mngmt,2.25,A-,MKT 625,Yes
Winter 2023,86994032,017281,FA 2022,SI,588,001,Regular,Lecture,Fundamntls Hum Beh,3.00,B+,SI 588,No
Winter 2023,86994032,020401,WN 2023,SI,622,001,Regular,Lecture,Usab Eval & Needs,4.00,A,SI 622,No
Winter 2023,86994032,021400,WN 2022,SI,520,002,Regular,Lecture,Graphic Design,3.00,A-,SI 520,No
Winter 2023,86994032,039178,FA 2021,SI,539,001,Regular,Lecture,Web Design,3.00,A,SI 539,No
Winter 2023,86994032,040667,WN 2022,SI,681,001,Regular,Seminar,Intern/Field Seminar,6.00,S,SI 681,No
Winter 2023,86994032,041957,FA 2022,ENGR,599,033,Regular,Laboratory,Spec Topics Engr,2.00,B-,ENGR 599,Yes
Winter 2023,86994032,042091,WN 2022,SI,618,001,Regular,Lecture,Data Man & Analysis,3.00,A,SI 618,No
Winter 2023,86994032,042104,FA 2021,SI,501,002,Regular,Lecture,Contextual Inq,3.00,A,SI 501,No
Winter 2023,86994032,044772,FA 2021,SI,582,004,Regular,Lecture,Intro Interac Design,3.00,A-,SI 582,No
Winter 2023,86994032,047254,WN 2022,MKT,642,002,First 7 Wk,Recitation,Mkt Strat DigitalAge,2.25,B,MKT 642,Yes
Winter 2023,86994032,047640,FA 2021,SI,507,001,Regular,Lecture,Inter Programming,3.00,A,SI 507,No
Winter 2023,86994032,047901,WN 2023,SI,699,003,Regular,Lecture,MSI Mastery Courses,3.00,A,SI 699,No
Winter 2023,86994032,048147,WN 2023,BA,657,001,Regular,Laboratory,LBLE,3.00,A-,BA 657,Yes
Winter 2023,86994032,048487,FA 2022,SI,669,001,Regular,Lecture,Dev Mobile Exp,3.00,A,SI 669,No
Winter 2023,86994032,049601,FA 2021,SI,564,001,Regular,Lecture,SQL & Databases,1.50,A-,SI 564,No
Winter 2023,86994032,050159,WN 2022,SI,579,001,Regular,Lecture,Bldg Interactive App,3.00,B,SI 579,No
Winter 2023,88642524,017281,FA 2022,SI,588,002,Regular,Lecture,Fundamntls Hum Beh,3.00,A-,SI 588,No
Winter 2023,88642524,020401,FA 2021,SI,622,001,Regular,Lecture,Usab Eval & Needs,4.00,A,SI 622,No
Winter 2023,88642524,021400,FA 2022,SI,520,001,Regular,Lecture,Graphic Design,3.00,B-,SI 520,No
Winter 2023,88642524,022099,WN 2023,SI,658,001,Regular,Lecture,Info Architecture,3.00,A,SI 658,No
Winter 2023,88642524,039178,WN 2022,SI,539,001,Regular,Lecture,Web Design,3.00,A,SI 539,No
Winter 2023,88642524,041935,WN 2022,SI,530,001,Regular,Lecture,Prin in Management,3.00,A-,SI 530,No
Winter 2023,88642524,042104,FA 2022,SI,501,001,Regular,Lecture,Contextual Inq,3.00,A-,SI 501,No
Winter 2023,88642524,044772,FA 2021,SI,582,003,Regular,Lecture,Intro Interac Design,3.00,A,SI 582,No
Winter 2023,88642524,046386,FA 2022,SI,311,150,Regular,Lecture,Spec Topics in Info,3.00,A,SI 311,No
Winter 2023,88642524,047246,FA 2021,SI,506,001,Regular,Lecture,Programming I,3.00,A,SI 506,No
Winter 2023,88642524,047892,WN 2022,SI,605,002,Regular,Laboratory,Interdisc Prob Solv,3.00,B+,SI 605,No
Winter 2023,88642524,047901,WN 2023,SI,699,301,Regular,Lecture,MSI Mastery Courses,3.00,A+,SI 699,No
Winter 2023,88642524,048129,WN 2022,SI,505,001,First 7 Wk,Lecture,Career/Intern Studio,1.00,S,SI 505,No
Winter 2023,88642524,049038,WN 2022,SI,688,002,Regular,Lecture,AppProjS S -GIEP/CID,6.00,S,SI 688,No
Winter 2023,88642524,049601,WN 2023,SI,564,001,Regular,Lecture,SQL & Databases,1.50,A-,SI 564,No
Winter 2023,88642524,050159,WN 2023,SI,579,001,Regular,Lecture,Bldg Interactive App,3.00,A,SI 579,No
Winter 2023,88723028,016607,FA 2022,SI,544,001,Regular,Lecture,Intr Stat&Data Analy,3.00,A,SI 544,No
Winter 2023,88723028,017281,FA 2021,SI,588,002,Regular,Lecture,Fundamntls Hum Beh,3.00,A-,SI 588,No
Winter 2023,88723028,020401,FA 2021,SI,622,001,Regular,Lecture,Usab Eval & Needs,4.00,A,SI 622,No
Winter 2023,88723028,020803,WN 2022,SI,643,001,Regular,Lecture,Instructional Skills,3.00,A,SI 643,No
Winter 2023,88723028,021400,WN 2022,SI,520,001,Regular,Lecture,Graphic Design,3.00,B-,SI 520,No
Winter 2023,88723028,039081,WN 2023,SI,529,001,Regular,Lecture,Online Communities,3.00,A-,SI 529,No
Winter 2023,88723028,039178,WN 2022,SI,539,001,Regular,Lecture,Web Design,3.00,B,SI 539,No
Winter 2023,88723028,040667,WN 2022,SI,681,001,Regular,Seminar,Intern/Field Seminar,6.00,S,SI 681,No
Winter 2023,88723028,041985,FA 2022,SI,542,001,Regular,Lecture,Intro Health Infor,3.00,A,SI 542,No
Winter 2023,88723028,042104,FA 2021,SI,501,001,Regular,Lecture,Contextual Inq,3.00,A,SI 501,No
Winter 2023,88723028,044772,WN 2022,SI,582,002,Regular,Lecture,Intro Interac Design,3.00,A-,SI 582,No
Winter 2023,88723028,045732,WN 2023,SI,554,001,Regular,Lecture,Consumer Hlth Inform,3.00,A,SI 554,No
Winter 2023,88723028,047246,FA 2021,SI,506,001,Regular,Lecture,Programming I,3.00,B,SI 506,No
Winter 2023,88723028,047901,WN 2023,SI,699,401,Regular,Lecture,MSI Mastery Courses,3.00,A,SI 699,No
Winter 2023,88723028,048831,FA 2022,SI,547,001,Regular,Seminar,Engage w/Communities,3.00,A,SI 547,No
Winter 2023,88903605,001459,FA 2022,SI,690,410,Regular,Seminar,Intern/Field Exper,1.00,S,SI 690,No
Winter 2023,88903605,007395,WN 2023,ARCH,509,003,Regular,Seminar,Experimental Course,3.00,A+,ARCH 509,Yes
Winter 2023,88903605,017281,FA 2021,SI,588,002,Regular,Lecture,Fundamntls Hum Beh,3.00,A+,SI 588,No
Winter 2023,88903605,017533,WN 2023,MO,512,003,First 7 Wk,Recitation,Bargain&Infl Skills,2.25,A-,MO 512,Yes
Winter 2023,88903605,020401,WN 2022,SI,622,001,Regular,Lecture,Usab Eval & Needs,4.00,A,SI 622,No
Winter 2023,88903605,021050,WN 2023,SI,691,035,Regular,Ind Study,Independent Study,3.00,A,SI 691,No
Winter 2023,88903605,021400,FA 2022,SI,520,002,Regular,Lecture,Graphic Design,3.00,A-,SI 520,No
Winter 2023,88903605,039178,WN 2022,SI,539,001,Regular,Lecture,Web Design,3.00,A,SI 539,No
Winter 2023,88903605,042104,FA 2021,SI,501,001,Regular,Lecture,Contextual Inq,3.00,A,SI 501,No
Winter 2023,88903605,044772,WN 2022,SI,582,001,Regular,Lecture,Intro Interac Design,3.00,A,SI 582,No
Winter 2023,88903605,044798,WN 2023,ENTR,599,021,Regular,Lecture,Spec Topics Entr,3.00,A,ENTR 599,Yes
Winter 2023,88903605,045687,FA 2021,SI,538,001,Regular,Seminar,Citizen Inter Design,4.00,A,SI 538,No
Winter 2023,88903605,047246,FA 2021,SI,506,001,Regular,Lecture,Programming I,3.00,A,SI 506,No
Winter 2023,88903605,047901,WN 2023,SI,699,401,Regular,Lecture,MSI Mastery Courses,3.00,A,SI 699,No
Winter 2023,88903605,048129,WN 2022,SI,505,001,First 7 Wk,Lecture,Career/Intern Studio,1.00,S,SI 505,No
Winter 2023,88903605,048488,FA 2022,SI,559,001,Regular,Lecture,AR/VR Intro,3.00,A,SI 559,No
Winter 2023,88903605,050159,FA 2022,SI,579,001,Regular,Lecture,Bldg Interactive App,3.00,A-,SI 579,No
Winter 2023,88903605,050164,FA 2022,SI,504,001,Regular,Lecture,"Servers, Shell,&Git",1.50,A,SI 504,No
Winter 2023,88903605,050650,WN 2023,EDUC,618,001,Regular,Seminar,XR for Learning,1.00,A,EDUC 618,Yes
Winter 2023,89168063,017281,FA 2021,SI,588,001,Regular,Lecture,Fundamntls Hum Beh,3.00,A+,SI 588,No
Winter 2023,89168063,019903,FA 2022,TO,548,001,Regular,Recitation,Integ Pro Dev,3.00,B,TO 548,Yes
Winter 2023,89168063,020379,FA 2022,IOE,548,001,Regular,Lecture,Int Prod Dev,3.00,A-,IOE 548,Yes
Winter 2023,89168063,020401,WN 2022,SI,622,003,Regular,Lecture,Usab Eval & Needs,4.00,A+,SI 622,No
Winter 2023,89168063,039081,WN 2023,SI,529,001,Regular,Lecture,Online Communities,3.00,A,SI 529,No
Winter 2023,89168063,039178,FA 2021,SI,539,001,Regular,Lecture,Web Design,3.00,A,SI 539,No
Winter 2023,89168063,040667,WN 2022,SI,681,001,Regular,Seminar,Intern/Field Seminar,6.00,S,SI 681,No
Winter 2023,89168063,041855,FA 2022,SI,631,001,Regular,Lecture,Agile Softwar Dev,1.50,A+,SI 631,No
Winter 2023,89168063,042104,FA 2021,SI,501,002,Regular,Lecture,Contextual Inq,3.00,A+,SI 501,No
Winter 2023,89168063,044772,FA 2021,SI,582,004,Regular,Lecture,Intro Interac Design,3.00,A,SI 582,No
Winter 2023,89168063,047228,WN 2023,ENTR,500,003,Regular,Lecture,Intro to Innovation,3.00,A-,ENTR 500,Yes
Winter 2023,89168063,047640,WN 2022,SI,507,001,Regular,Lecture,Inter Programming,3.00,A,SI 507,No
Winter 2023,89168063,047901,WN 2023,SI,699,003,Regular,Lecture,MSI Mastery Courses,3.00,A,SI 699,No
Winter 2023,89168063,048487,FA 2022,SI,669,001,Regular,Lecture,Dev Mobile Exp,3.00,A-,SI 669,No
Winter 2023,89168063,049601,FA 2022,SI,564,001,Regular,Lecture,SQL & Databases,1.50,A,SI 564,No
Winter 2023,89168063,050159,WN 2022,SI,579,001,Regular,Lecture,Bldg Interactive App,3.00,A+,SI 579,No
Winter 2023,89168063,050164,WN 2022,SI,504,001,Regular,Lecture,"Servers, Shell,&Git",1.50,A,SI 504,No
Winter 2023,89256039,001459,FA 2022,SI,690,410,Regular,Seminar,Intern/Field Exper,1.00,S,SI 690,No
Winter 2023,89256039,001459,WN 2023,SI,690,001,Regular,Seminar,Intern/Field Exper,1.00,S,SI 690,No
Winter 2023,89256039,012772,WN 2023,SI,548,001,Regular,Seminar,Prin Soft Design,3.00,A,SI 548,No
Winter 2023,89256039,014793,FA 2021,ELI,521,003,Regular,Lecture,Acad Writg I,1.00,S,ELI 521,Yes
Winter 2023,89256039,014796,FA 2021,ELI,531,006,Regular,Lecture,Lang&Comm I,1.00,S,ELI 531,Yes
Winter 2023,89256039,017281,FA 2021,SI,588,102,Regular,Lecture,Fundamntls Hum Beh,3.00,A,SI 588,No
Winter 2023,89256039,020401,WN 2022,SI,622,003,Regular,Lecture,Usab Eval & Needs,4.00,A,SI 622,No
Winter 2023,89256039,020934,FA 2022,SI,649,001,Regular,Lecture,Info Visualization,3.00,A-,SI 649,No
Winter 2023,89256039,021400,FA 2021,SI,520,001,Regular,Lecture,Graphic Design,3.00,B+,SI 520,No
Winter 2023,89256039,039081,WN 2022,SI,529,001,Regular,Lecture,Online Communities,3.00,A-,SI 529,No
Winter 2023,89256039,039178,FA 2022,SI,539,001,Regular,Lecture,Web Design,3.00,A+,SI 539,No
Winter 2023,89256039,040667,WN 2022,SI,681,001,Regular,Seminar,Intern/Field Seminar,6.00,S,SI 681,No
Winter 2023,89256039,042104,FA 2021,SI,501,001,Regular,Lecture,Contextual Inq,3.00,A,SI 501,No
Winter 2023,89256039,043863,WN 2022,SI,612,001,Regular,Lecture,Pervasv Interact Des,3.00,A,SI 612,No
Winter 2023,89256039,044772,FA 2021,SI,582,004,Regular,Lecture,Intro Interac Design,3.00,A-,SI 582,No
Winter 2023,89256039,045393,FA 2022,SI,552,001,Regular,Lecture,Accessibility Intro,3.00,A-,SI 552,No
Winter 2023,89256039,046306,WN 2023,SI,616,001,Regular,Lecture,Adv Graphic Design,3.00,S,SI 616,No
Winter 2023,89256039,047228,FA 2022,ENTR,500,002,Regular,Lecture,Intro to Innovation,3.00,A,ENTR 500,Yes
Winter 2023,89256039,047304,WN 2023,ENTR,550,002,Regular,Lecture,Interpersonal Skills,3.00,A,ENTR 550,Yes
Winter 2023,89256039,047901,WN 2023,SI,699,201,Regular,Lecture,MSI Mastery Courses,3.00,A-,SI 699,No
Winter 2023,89256039,048129,WN 2022,SI,505,001,First 7 Wk,Lecture,Career/Intern Studio,1.00,S,SI 505,No
Winter 2023,89256039,048488,FA 2022,SI,559,001,Regular,Lecture,AR/VR Intro,3.00,A,SI 559,No
Winter 2023,89256039,049417,WN 2022,BA,670,001,Regular,Recitation,+Impact Studio,3.00,B,BA 670,Yes
Winter 2023,89256039,050650,WN 2023,EDUC,618,001,Regular,Seminar,XR for Learning,1.00,W,EDUC 618,Yes
Winter 2023,89520025,001459,FA 2022,SI,690,390,Regular,Seminar,Intern/Field Exper,6.00,S,SI 690,No
Winter 2023,89520025,039081,WN 2023,SI,529,001,Regular,Lecture,Online Communities,3.00,A-,SI 529,No
Winter 2023,89520025,039979,WN 2023,SI,623,001,Regular,Seminar,Res Meth Info Prof,3.00,A,SI 623,No
Winter 2023,89520025,042104,FA 2022,SI,501,002,Regular,Lecture,Contextual Inq,3.00,A,SI 501,No
Winter 2023,89520025,043863,FA 2022,SI,612,002,Regular,Lecture,Pervasv Interact Des,3.00,A,SI 612,No
Winter 2023,89520025,045393,FA 2022,SI,552,001,Regular,Lecture,Accessibility Intro,3.00,A-,SI 552,No
Winter 2023,89520025,045687,WN 2023,SI,538,001,Regular,Seminar,Citizen Inter Design,4.00,A,SI 538,No
Winter 2023,89520025,047901,WN 2023,SI,699,301,Regular,Lecture,MSI Mastery Courses,3.00,A+,SI 699,No
Winter 2023,89520025,050846,FA 2022,SI,512,001,Regular,Lecture,Change The Internet,3.00,A,SI 512,No
Winter 2023,89718569,016607,FA 2021,SI,544,001,Regular,Lecture,Intr Stat&Data Analy,3.00,A,SI 544,No
Winter 2023,89718569,020934,WN 2022,SI,649,001,Regular,Lecture,Info Visualization,3.00,A,SI 649,No
Winter 2023,89718569,022099,WN 2023,SI,658,001,Regular,Lecture,Info Architecture,3.00,A,SI 658,No
Winter 2023,89718569,039178,FA 2022,SI,539,001,Regular,Lecture,Web Design,3.00,A,SI 539,No
Winter 2023,89718569,040667,WN 2022,SI,681,001,Regular,Seminar,Intern/Field Seminar,6.00,S,SI 681,No
Winter 2023,89718569,041626,FA 2021,SI,664,001,Regular,Lecture,Database App Design,3.00,A,SI 664,No
Winter 2023,89718569,041934,FA 2022,SI,608,001,Regular,Lecture,Networks,3.00,A-,SI 608,No
Winter 2023,89718569,042091,WN 2022,SI,618,001,Regular,Lecture,Data Man & Analysis,3.00,A,SI 618,No
Winter 2023,89718569,042104,FA 2021,SI,501,002,Regular,Lecture,Contextual Inq,3.00,A,SI 501,No
Winter 2023,89718569,045930,FA 2022,SI,671,001,Regular,Lecture,Data Mining,3.00,B,SI 671,No
Winter 2023,89718569,047640,WN 2022,SI,507,001,Regular,Lecture,Inter Programming,3.00,A,SI 507,No
Winter 2023,89718569,047901,WN 2023,SI,699,205,Regular,Lecture,MSI Mastery Courses,3.00,A,SI 699,No
Winter 2023,89718569,048500,FA 2022,SI,670,001,Regular,Lecture,Appld Machine Learng,3.00,A,SI 670,No
Winter 2023,89718569,049601,FA 2021,SI,564,001,Regular,Lecture,SQL & Databases,1.50,A,SI 564,No
Winter 2023,89718569,050164,FA 2021,SI,504,001,Regular,Lecture,"Servers, Shell,&Git",1.50,A,SI 504,No
Winter 2023,89718569,050663,WN 2022,SI,568,001,Regular,Lecture,Intro Appld Data Sci,3.00,A,SI 568,No
Winter 2023,90080804,017281,FA 2021,SI,588,002,Regular,Lecture,Fundamntls Hum Beh,3.00,A,SI 588,No
Winter 2023,90080804,017530,WN 2023,TO,616,001,Scnd 7 Wk,Recitation,Project Mngmt,1.50,A-,TO 616,Yes
Winter 2023,90080804,017533,FA 2022,MO,512,002,First 7 Wk,Recitation,Bargain&Infl Skills,2.25,B,MO 512,Yes
Winter 2023,90080804,020401,WN 2022,SI,622,003,Regular,Lecture,Usab Eval & Needs,4.00,A,SI 622,No
Winter 2023,90080804,039081,WN 2022,SI,529,001,Regular,Lecture,Online Communities,3.00,A+,SI 529,No
Winter 2023,90080804,039178,WN 2022,SI,539,001,Regular,Lecture,Web Design,3.00,A,SI 539,No
Winter 2023,90080804,040667,WN 2022,SI,681,001,Regular,Seminar,Intern/Field Seminar,6.00,S,SI 681,No
Winter 2023,90080804,041507,FA 2022,SI,686,001,Scnd 7 Wk,Lecture,User-Gen Content,1.50,A,SI 686,No
Winter 2023,90080804,041855,FA 2022,SI,631,001,Regular,Lecture,Agile Softwar Dev,1.50,A-,SI 631,No
Winter 2023,90080804,041957,WN 2022,ENGR,599,102,Regular,Lecture,Spec Topics Engr,2.00,A-,ENGR 599,Yes
Winter 2023,90080804,041957,FA 2022,ENGR,599,102,Regular,Lecture,Spec Topics Engr,2.00,A-,ENGR 599,Yes
Winter 2023,90080804,042104,FA 2021,SI,501,001,Regular,Lecture,Contextual Inq,3.00,A-,SI 501,No
Winter 2023,90080804,044772,FA 2021,SI,582,004,Regular,Lecture,Intro Interac Design,3.00,A-,SI 582,No
Winter 2023,90080804,045393,FA 2022,SI,552,001,Regular,Lecture,Accessibility Intro,3.00,B+,SI 552,No
Winter 2023,90080804,046306,FA 2022,SI,616,001,Regular,Lecture,Adv Graphic Design,3.00,A-,SI 616,No
Winter 2023,90080804,047228,FA 2022,ENTR,500,002,Regular,Lecture,Intro to Innovation,3.00,A,ENTR 500,Yes
Winter 2023,90080804,047901,WN 2023,SI,699,401,Regular,Lecture,MSI Mastery Courses,3.00,A,SI 699,No
Winter 2023,90080804,048129,WN 2022,SI,505,001,First 7 Wk,Lecture,Career/Intern Studio,1.00,S,SI 505,No
Winter 2023,90080804,048488,FA 2021,SI,559,001,Regular,Lecture,AR/VR Intro,3.00,A,SI 559,No
Winter 2023,90960225,017281,FA 2021,SI,588,002,Regular,Lecture,Fundamntls Hum Beh,3.00,A-,SI 588,No
Winter 2023,90960225,019921,FA 2022,IOE,536,001,Regular,Lecture,Cognitive Ergonomics,3.00,A-,IOE 536,Yes
Winter 2023,90960225,020401,WN 2022,SI,622,003,Regular,Lecture,Usab Eval & Needs,4.00,A,SI 622,No
Winter 2023,90960225,020934,WN 2023,SI,649,001,Regular,Lecture,Info Visualization,3.00,B+,SI 649,No
Winter 2023,90960225,021400,FA 2022,SI,520,002,Regular,Lecture,Graphic Design,3.00,B+,SI 520,No
Winter 2023,90960225,039178,WN 2022,SI,539,001,Regular,Lecture,Web Design,3.00,A,SI 539,No
Winter 2023,90960225,039979,WN 2023,SI,623,001,Regular,Seminar,Res Meth Info Prof,3.00,A,SI 623,No
Winter 2023,90960225,040667,WN 2022,SI,681,001,Regular,Seminar,Intern/Field Seminar,6.00,S,SI 681,No
Winter 2023,90960225,042071,FA 2022,SI,563,001,Regular,Lecture,Game Theory,3.00,A-,SI 563,No
Winter 2023,90960225,042104,FA 2021,SI,501,002,Regular,Lecture,Contextual Inq,3.00,A-,SI 501,No
Winter 2023,90960225,044772,FA 2021,SI,582,001,Regular,Lecture,Intro Interac Design,3.00,A,SI 582,No
Winter 2023,90960225,047246,FA 2021,SI,506,001,Regular,Lecture,Programming I,3.00,A,SI 506,No
Winter 2023,90960225,047304,FA 2022,ENTR,550,001,Regular,Lecture,Interpersonal Skills,3.00,A,ENTR 550,Yes
Winter 2023,90960225,047901,WN 2023,SI,699,401,Regular,Lecture,MSI Mastery Courses,3.00,A,SI 699,No
Winter 2023,90960225,050159,WN 2022,SI,579,001,Regular,Lecture,Bldg Interactive App,3.00,W,SI 579,No
Winter 2023,90960225,050162,WN 2023,SI,510,001,Regular,Lecture,Information Ethics,3.00,B+,SI 510,No
Winter 2023,91337209,012085,WN 2022,MKT,613,002,First 7 Wk,Recitation,Consumer Behavior,1.50,A-,MKT 613,Yes
Winter 2023,91337209,017281,FA 2022,SI,588,002,Regular,Lecture,Fundamntls Hum Beh,3.00,A,SI 588,No
Winter 2023,91337209,017533,WN 2022,MO,512,002,First 7 Wk,Recitation,Bargain&Infl Skills,2.25,B+,MO 512,Yes
Winter 2023,91337209,020401,FA 2021,SI,622,001,Regular,Lecture,Usab Eval & Needs,4.00,A,SI 622,No
Winter 2023,91337209,021400,WN 2022,SI,520,002,Regular,Lecture,Graphic Design,3.00,A-,SI 520,No
Winter 2023,91337209,039178,FA 2021,SI,539,001,Regular,Lecture,Web Design,3.00,A,SI 539,No
Winter 2023,91337209,040667,WN 2022,SI,681,001,Regular,Seminar,Intern/Field Seminar,6.00,S,SI 681,No
Winter 2023,91337209,041507,FA 2022,SI,686,001,Scnd 7 Wk,Lecture,User-Gen Content,1.50,A,SI 686,No
Winter 2023,91337209,042104,FA 2021,SI,501,001,Regular,Lecture,Contextual Inq,3.00,A,SI 501,No
Winter 2023,91337209,043863,FA 2022,SI,612,002,Regular,Lecture,Pervasv Interact Des,3.00,A-,SI 612,No
Winter 2023,91337209,044772,FA 2021,SI,582,003,Regular,Lecture,Intro Interac Design,3.00,A+,SI 582,No
Winter 2023,91337209,046306,FA 2022,SI,616,001,Regular,Lecture,Adv Graphic Design,3.00,A-,SI 616,No
Winter 2023,91337209,046386,FA 2022,SI,311,150,Regular,Lecture,Spec Topics in Info,3.00,A,SI 311,No
Winter 2023,91337209,047901,WN 2023,SI,699,301,Regular,Lecture,MSI Mastery Courses,3.00,A+,SI 699,No
Winter 2023,91337209,048129,WN 2022,SI,505,001,First 7 Wk,Lecture,Career/Intern Studio,1.00,S,SI 505,No
Winter 2023,91337209,049082,WN 2022,SI,682,001,Regular,Lecture,UX Field Research,3.00,A-,SI 682,No
Winter 2023,91337209,049112,WN 2022,PAT,500,004,Regular,Lecture,Intro Elec Mus Prod,3.00,A,PAT 500,Yes
Winter 2023,91764943,013083,FA 2022,EAS,787,001,First 7 Wk,Lecture,Metro Dynamic Studio,2.00,A,EAS 787,Yes
Winter 2023,91764943,013083,FA 2022,EAS,787,101,Scnd 7 Wk,Lecture,Metro Dynamic Studio,2.00,B+,EAS 787,Yes
Winter 2023,91764943,040667,WN 2023,SI,681,001,Regular,Seminar,Intern/Field Seminar,3.00,S,SI 681,No
Winter 2023,91764943,042104,FA 2022,SI,501,001,Regular,Lecture,Contextual Inq,3.00,A,SI 501,No
Winter 2023,91764943,045930,FA 2022,SI,671,001,Regular,Lecture,Data Mining,3.00,A-,SI 671,No
Winter 2023,91764943,048500,FA 2022,SI,670,001,Regular,Lecture,Appld Machine Learng,3.00,A,SI 670,No
Winter 2023,93518004,001459,FA 2022,SI,690,410,Regular,Seminar,Intern/Field Exper,3.00,S,SI 690,No
Winter 2023,93518004,017281,FA 2021,SI,588,001,Regular,Lecture,Fundamntls Hum Beh,3.00,A,SI 588,No
Winter 2023,93518004,020401,WN 2022,SI,622,003,Regular,Lecture,Usab Eval & Needs,4.00,A-,SI 622,No
Winter 2023,93518004,021400,FA 2021,SI,520,002,Regular,Lecture,Graphic Design,3.00,A-,SI 520,No
Winter 2023,93518004,022099,WN 2023,SI,658,001,Regular,Lecture,Info Architecture,3.00,A,SI 658,No
Winter 2023,93518004,040667,WN 2022,SI,681,001,Regular,Seminar,Intern/Field Seminar,6.00,S,SI 681,No
Winter 2023,93518004,041626,WN 2022,SI,664,001,Regular,Lecture,Database App Design,3.00,A,SI 664,No
Winter 2023,93518004,042104,FA 2021,SI,501,002,Regular,Lecture,Contextual Inq,3.00,A,SI 501,No
Winter 2023,93518004,042810,FA 2022,EDUC,333,001,Regular,Lecture,Video Games&Learning,3.00,P,EDUC 333,Yes
Winter 2023,93518004,043863,WN 2022,SI,612,001,Regular,Lecture,Pervasv Interact Des,3.00,A,SI 612,No
Winter 2023,93518004,044772,FA 2021,SI,582,001,Regular,Lecture,Intro Interac Design,3.00,A,SI 582,No
Winter 2023,93518004,045393,FA 2022,SI,552,001,Regular,Lecture,Accessibility Intro,3.00,A,SI 552,No
Winter 2023,93518004,046306,FA 2022,SI,616,001,Regular,Lecture,Adv Graphic Design,3.00,A-,SI 616,No
Winter 2023,93518004,047640,WN 2022,SI,507,001,Regular,Lecture,Inter Programming,3.00,A,SI 507,No
Winter 2023,93518004,047901,WN 2023,SI,699,001,Regular,Lecture,MSI Mastery Courses,3.00,A,SI 699,No
Winter 2023,93518004,048488,FA 2021,SI,559,002,Regular,Lecture,AR/VR Intro,3.00,A-,SI 559,No
Winter 2023,94015958,001459,FA 2022,SI,690,390,Regular,Seminar,Intern/Field Exper,6.00,S,SI 690,No
Winter 2023,94015958,020934,FA 2022,SI,649,001,Regular,Lecture,Info Visualization,3.00,B+,SI 649,No
Winter 2023,94015958,039081,WN 2023,SI,529,001,Regular,Lecture,Online Communities,3.00,A,SI 529,No
Winter 2023,94015958,042104,FA 2022,SI,501,001,Regular,Lecture,Contextual Inq,3.00,A,SI 501,No
Winter 2023,94015958,045930,FA 2022,SI,671,001,Regular,Lecture,Data Mining,3.00,B,SI 671,No
Winter 2023,94015958,047901,WN 2023,SI,699,305,Regular,Lecture,MSI Mastery Courses,3.00,A,SI 699,No
Winter 2023,94015958,048500,FA 2022,SI,670,001,Regular,Lecture,Appld Machine Learng,3.00,A-,SI 670,No
Winter 2023,94015958,049601,FA 2022,SI,564,001,Regular,Lecture,SQL & Databases,1.50,A,SI 564,No
Winter 2023,94015958,050159,WN 2023,SI,579,001,Regular,Lecture,Bldg Interactive App,3.00,A-,SI 579,No
Winter 2023,94015958,050663,WN 2023,SI,568,001,Regular,Lecture,Intro Appld Data Sci,3.00,A,SI 568,No
Winter 2023,94371524,001459,FA 2022,SI,690,390,Regular,Seminar,Intern/Field Exper,3.00,S,SI 690,No
Winter 2023,94371524,001459,WN 2023,SI,690,001,Regular,Seminar,Intern/Field Exper,6.00,S,SI 690,No
Winter 2023,94371524,017281,FA 2022,SI,588,001,Regular,Lecture,Fundamntls Hum Beh,3.00,A,SI 588,No
Winter 2023,94371524,020803,WN 2023,SI,643,001,Regular,Lecture,Instructional Skills,3.00,A+,SI 643,No
Winter 2023,94371524,038659,FA 2022,SI,519,001,Regular,Seminar,Intel Prop&Info Law,3.00,A+,SI 519,No
Winter 2023,94371524,048877,WN 2023,SI,610,002,Regular,Seminar,Dig Studies Seminar,3.00,A+,SI 610,No
Winter 2023,94371524,049040,WN 2023,SI,698,133,Regular,Seminar,Master's Thesis 2,3.00,A+,SI 698,No
Winter 2023,94371524,049365,FA 2022,SI,697,133,Regular,Ind Study,Master's Thesis 1,3.00,S,SI 697,No
Winter 2023,94371524,050165,WN 2023,SI,585,001,Regular,Lecture,Scholarly Comm,3.00,A+,SI 585,No
Winter 2023,94405173,009876,WN 2023,SURVMETH,630,001,Regular,Seminar,Quest Design & Eval,3.00,A,SURVMETH 630,Yes
Winter 2023,94405173,017281,FA 2021,SI,588,002,Regular,Lecture,Fundamntls Hum Beh,3.00,A,SI 588,No
Winter 2023,94405173,020401,WN 2022,SI,622,003,Regular,Lecture,Usab Eval & Needs,4.00,A+,SI 622,No
Winter 2023,94405173,021400,FA 2021,SI,520,002,Regular,Lecture,Graphic Design,3.00,A,SI 520,No
Winter 2023,94405173,022099,WN 2022,SI,658,001,Regular,Lecture,Info Architecture,3.00,A+,SI 658,No
Winter 2023,94405173,039178,FA 2021,SI,539,001,Regular,Lecture,Web Design,3.00,A,SI 539,No
Winter 2023,94405173,040667,WN 2022,SI,681,001,Regular,Seminar,Intern/Field Seminar,6.00,S,SI 681,No
Winter 2023,94405173,042104,WN 2021,SI,501,006,Regular,Lecture,Contextual Inq,3.00,A+,SI 501,No
Winter 2023,94405173,044772,FA 2021,SI,582,003,Regular,Lecture,Intro Interac Design,3.00,A+,SI 582,No
Winter 2023,94405173,044798,WN 2023,ENTR,599,021,Regular,Lecture,Spec Topics Entr,3.00,A,ENTR 599,Yes
Winter 2023,94405173,045393,FA 2022,SI,552,001,Regular,Lecture,Accessibility Intro,3.00,A-,SI 552,No
Winter 2023,94405173,047246,WN 2021,SI,506,001,Regular,Lecture,Programming I,3.00,A+,SI 506,No
Winter 2023,94405173,047901,FA 2022,SI,699,001,Regular,Lecture,MSI Mastery Courses,3.00,A+,SI 699,No
Winter 2023,94405173,048129,WN 2022,SI,505,001,First 7 Wk,Lecture,Career/Intern Studio,1.00,S,SI 505,No
Winter 2023,94405173,048488,FA 2022,SI,559,001,Regular,Lecture,AR/VR Intro,3.00,A,SI 559,No
Winter 2023,94405173,049417,WN 2022,BA,670,001,Regular,Recitation,+Impact Studio,3.00,A-,BA 670,Yes
Winter 2023,94420864,017281,FA 2021,SI,588,001,Regular,Lecture,Fundamntls Hum Beh,3.00,A+,SI 588,No
Winter 2023,94420864,020401,FA 2021,SI,622,001,Regular,Lecture,Usab Eval & Needs,4.00,A,SI 622,No
Winter 2023,94420864,021400,WN 2022,SI,520,001,Regular,Lecture,Graphic Design,3.00,A,SI 520,No
Winter 2023,94420864,022099,WN 2023,SI,658,001,Regular,Lecture,Info Architecture,3.00,A,SI 658,No
Winter 2023,94420864,039081,WN 2023,SI,529,001,Regular,Lecture,Online Communities,3.00,A,SI 529,No
Winter 2023,94420864,039178,WN 2022,SI,539,001,Regular,Lecture,Web Design,3.00,A,SI 539,No
Winter 2023,94420864,040667,WN 2022,SI,681,001,Regular,Seminar,Intern/Field Seminar,6.00,S,SI 681,No
Winter 2023,94420864,042104,FA 2021,SI,501,001,Regular,Lecture,Contextual Inq,3.00,A,SI 501,No
Winter 2023,94420864,043210,FA 2022,SI,534,001,Regular,Lecture,Theories Soc Influen,3.00,A,SI 534,No
Winter 2023,94420864,043863,WN 2022,SI,612,001,Regular,Lecture,Pervasv Interact Des,3.00,A+,SI 612,No
Winter 2023,94420864,044772,FA 2021,SI,582,001,Regular,Lecture,Intro Interac Design,3.00,A+,SI 582,No
Winter 2023,94420864,045393,FA 2022,SI,552,001,Regular,Lecture,Accessibility Intro,3.00,A,SI 552,No
Winter 2023,94420864,047901,WN 2023,SI,699,301,Regular,Lecture,MSI Mastery Courses,3.00,A+,SI 699,No
Winter 2023,94420864,048488,FA 2022,SI,559,001,Regular,Lecture,AR/VR Intro,3.00,A+,SI 559,No
Winter 2023,94420864,049082,WN 2022,SI,682,001,Regular,Lecture,UX Field Research,3.00,A-,SI 682,No
Winter 2023,94568949,017281,FA 2021,SI,588,002,Regular,Lecture,Fundamntls Hum Beh,3.00,A,SI 588,No
Winter 2023,94568949,020401,WN 2022,SI,622,003,Regular,Lecture,Usab Eval & Needs,4.00,A,SI 622,No
Winter 2023,94568949,021400,WN 2022,SI,520,002,Regular,Lecture,Graphic Design,3.00,A,SI 520,No
Winter 2023,94568949,022099,WN 2023,SI,658,001,Regular,Lecture,Info Architecture,3.00,A,SI 658,No
Winter 2023,94568949,039081,WN 2022,SI,529,001,Regular,Lecture,Online Communities,3.00,A+,SI 529,No
Winter 2023,94568949,039178,WN 2022,SI,539,001,Regular,Lecture,Web Design,3.00,A,SI 539,No
Winter 2023,94568949,041855,FA 2022,SI,631,001,Regular,Lecture,Agile Softwar Dev,1.50,A,SI 631,No
Winter 2023,94568949,042104,FA 2021,SI,501,002,Regular,Lecture,Contextual Inq,3.00,A+,SI 501,No
Winter 2023,94568949,043863,FA 2022,SI,612,002,Regular,Lecture,Pervasv Interact Des,3.00,A,SI 612,No
Winter 2023,94568949,044772,FA 2021,SI,582,002,Regular,Lecture,Intro Interac Design,3.00,A,SI 582,No
Winter 2023,94568949,046306,WN 2023,SI,616,001,Regular,Lecture,Adv Graphic Design,3.00,A,SI 616,No
Winter 2023,94568949,047246,FA 2021,SI,506,001,Regular,Lecture,Programming I,3.00,A,SI 506,No
Winter 2023,94568949,047901,FA 2022,SI,699,001,Regular,Lecture,MSI Mastery Courses,3.00,A,SI 699,No
Winter 2023,94568949,049038,WN 2022,SI,688,002,Regular,Lecture,AppProjS S -GIEP/CID,6.00,S,SI 688,No
Winter 2023,94568949,050159,WN 2023,SI,579,001,Regular,Lecture,Bldg Interactive App,3.00,A,SI 579,No
Winter 2023,94568949,050164,FA 2022,SI,504,001,Regular,Lecture,"Servers, Shell,&Git",1.50,A+,SI 504,No
Winter 2023,94675156,001393,WN 2022,EECS,598,003,Regular,Lecture,Special Topics,3.00,A,EECS 598,Yes
Winter 2023,94675156,003736,FA 2022,MKT,625,002,Scnd 7 Wk,Recitation,New Prod Innov Mngmt,2.25,B,MKT 625,Yes
Winter 2023,94675156,017281,FA 2021,SI,588,001,Regular,Lecture,Fundamntls Hum Beh,3.00,A,SI 588,No
Winter 2023,94675156,020401,FA 2021,SI,622,001,Regular,Lecture,Usab Eval & Needs,4.00,A+,SI 622,No
Winter 2023,94675156,020934,FA 2022,SI,649,001,Regular,Lecture,Info Visualization,3.00,VI,SI 649,No
Winter 2023,94675156,021400,WN 2023,SI,520,002,Regular,Laboratory,Graphic Design,3.00,B+,SI 520,No
Winter 2023,94675156,039178,WN 2023,SI,539,001,Regular,Lecture,Web Design,3.00,A,SI 539,No
Winter 2023,94675156,040667,WN 2022,SI,681,001,Regular,Seminar,Intern/Field Seminar,6.00,S,SI 681,No
Winter 2023,94675156,041855,FA 2022,SI,631,001,Regular,Lecture,Agile Softwar Dev,1.50,A,SI 631,No
Winter 2023,94675156,042104,FA 2021,SI,501,001,Regular,Lecture,Contextual Inq,3.00,A,SI 501,No
Winter 2023,94675156,043366,WN 2022,SI,617,001,Regular,Lecture,Choice Architecture,3.00,A,SI 617,No
Winter 2023,94675156,043863,WN 2022,SI,612,001,Regular,Lecture,Pervasv Interact Des,3.00,A+,SI 612,No
Winter 2023,94675156,044772,FA 2021,SI,582,003,Regular,Lecture,Intro Interac Design,3.00,A+,SI 582,No
Winter 2023,94675156,047246,FA 2021,SI,506,001,Regular,Lecture,Programming I,3.00,A,SI 506,No
Winter 2023,94675156,047901,WN 2023,SI,699,001,Regular,Lecture,MSI Mastery Courses,3.00,A,SI 699,No
Winter 2023,94675156,048487,FA 2022,SI,669,001,Regular,Lecture,Dev Mobile Exp,3.00,A-,SI 669,No
Winter 2023,94675156,048488,FA 2022,SI,559,001,Regular,Lecture,AR/VR Intro,3.00,A,SI 559,No
Winter 2023,94675156,049082,WN 2022,SI,682,001,Regular,Lecture,UX Field Research,3.00,A-,SI 682,No
Winter 2023,95039887,011466,FA 2022,CELLO,500,180,Regular,Ind Study,Performance,2.00,A,CELLO 500,Yes
Winter 2023,95039887,017281,FA 2021,SI,588,002,Regular,Lecture,Fundamntls Hum Beh,3.00,A,SI 588,No
Winter 2023,95039887,020401,WN 2022,SI,622,001,Regular,Lecture,Usab Eval & Needs,4.00,A,SI 622,No
Winter 2023,95039887,021400,WN 2022,SI,520,002,Regular,Lecture,Graphic Design,3.00,A,SI 520,No
Winter 2023,95039887,022099,WN 2022,SI,658,001,Regular,Lecture,Info Architecture,3.00,A+,SI 658,No
Winter 2023,95039887,039178,FA 2021,SI,539,001,Regular,Lecture,Web Design,3.00,A-,SI 539,No
Winter 2023,95039887,040667,WN 2022,SI,681,001,Regular,Seminar,Intern/Field Seminar,6.00,S,SI 681,No
Winter 2023,95039887,042104,FA 2021,SI,501,002,Regular,Lecture,Contextual Inq,3.00,A,SI 501,No
Winter 2023,95039887,044772,FA 2021,SI,582,002,Regular,Lecture,Intro Interac Design,3.00,A,SI 582,No
Winter 2023,95039887,045771,FA 2022,SI,684,001,Regular,Seminar,Design ConsHlth Tech,3.00,A,SI 684,No
Winter 2023,95039887,047246,FA 2021,SI,506,001,Regular,Lecture,Programming I,3.00,A,SI 506,No
Winter 2023,95039887,047901,WN 2023,SI,699,301,Regular,Lecture,MSI Mastery Courses,3.00,A+,SI 699,No
Winter 2023,95039887,048129,WN 2022,SI,505,001,First 7 Wk,Lecture,Career/Intern Studio,1.00,S,SI 505,No
Winter 2023,95039887,048488,FA 2022,SI,559,001,Regular,Lecture,AR/VR Intro,3.00,A,SI 559,No
Winter 2023,95039887,048831,FA 2022,SI,547,001,Regular,Seminar,Engage w/Communities,3.00,B+,SI 547,No
Winter 2023,95039887,049112,FA 2022,PAT,500,002,Regular,Lecture,Intro Elec Mus Prod,3.00,A,PAT 500,Yes
Winter 2023,95039887,050650,WN 2022,EDUC,618,001,Regular,Seminar,XR for Learning,1.00,A,EDUC 618,Yes
Winter 2023,95230603,001459,SU 2022,SI,690,201,Regular,Seminar,Intern/Field Exper,1.00,S,SI 690,No
Winter 2023,95230603,001459,FA 2022,SI,690,410,Regular,Seminar,Intern/Field Exper,1.00,S,SI 690,No
Winter 2023,95230603,001459,WN 2023,SI,690,001,Regular,Seminar,Intern/Field Exper,1.00,S,SI 690,No
Winter 2023,95230603,007395,WN 2023,ARCH,509,014,Regular,Seminar,Experimental Course,3.00,A,ARCH 509,Yes
Winter 2023,95230603,017281,FA 2021,SI,588,001,Regular,Lecture,Fundamntls Hum Beh,3.00,A-,SI 588,No
Winter 2023,95230603,020401,WN 2022,SI,622,003,Regular,Lecture,Usab Eval & Needs,4.00,A,SI 622,No
Winter 2023,95230603,020934,WN 2023,SI,649,002,Regular,Lecture,Info Visualization,3.00,A,SI 649,No
Winter 2023,95230603,021400,FA 2021,SI,520,001,Regular,Lecture,Graphic Design,3.00,A-,SI 520,No
Winter 2023,95230603,039979,WN 2022,SI,623,001,Regular,Seminar,Res Meth Info Prof,3.00,A,SI 623,No
Winter 2023,95230603,042104,FA 2021,SI,501,001,Regular,Lecture,Contextual Inq,3.00,A,SI 501,No
Winter 2023,95230603,043863,FA 2022,SI,612,001,Regular,Lecture,Pervasv Interact Des,3.00,A,SI 612,No
Winter 2023,95230603,044772,FA 2021,SI,582,004,Regular,Lecture,Intro Interac Design,3.00,A,SI 582,No
Winter 2023,95230603,046306,WN 2022,SI,616,001,Regular,Lecture,Adv Graphic Design,3.00,A-,SI 616,No
Winter 2023,95230603,047640,FA 2022,SI,507,001,Regular,Lecture,Inter Programming,3.00,A,SI 507,No
Winter 2023,95230603,047901,WN 2023,SI,699,301,Regular,Lecture,MSI Mastery Courses,3.00,A+,SI 699,No
Winter 2023,95230603,048488,FA 2022,SI,559,001,Regular,Lecture,AR/VR Intro,3.00,A,SI 559,No
Winter 2023,95230603,049038,WN 2022,SI,688,002,Regular,Lecture,AppProjS S -GIEP/CID,6.00,S,SI 688,No
Winter 2023,95230603,050159,WN 2022,SI,579,001,Regular,Lecture,Bldg Interactive App,3.00,A,SI 579,No
Winter 2023,95492139,001602,WN 2023,ECON,101,500,Regular,Lecture,Principle Econ I,4.00,A+,ECON 101,Yes
Winter 2023,95492139,005040,WN 2023,ECON,102,200,Regular,Lecture,Principle Econ II,4.00,A,ECON 102,Yes
Winter 2023,95492139,017281,FA 2022,SI,588,002,Regular,Lecture,Fundamntls Hum Beh,3.00,A,SI 588,No
Winter 2023,95492139,020371,WN 2022,EECS,494,002,Regular,Lecture,Comp Game Design,4.00,A+,EECS 494,Yes
Winter 2023,95492139,020401,WN 2023,SI,622,001,Regular,Lecture,Usab Eval & Needs,4.00,A,SI 622,No
Winter 2023,95492139,020934,FA 2021,SI,649,001,Regular,Lecture,Info Visualization,3.00,A+,SI 649,No
Winter 2023,95492139,039178,FA 2022,SI,539,001,Regular,Lecture,Web Design,3.00,A+,SI 539,No
Winter 2023,95492139,040667,WN 2022,SI,681,001,Regular,Seminar,Intern/Field Seminar,6.00,S,SI 681,No
Winter 2023,95492139,041626,WN 2022,SI,664,001,Regular,Lecture,Database App Design,3.00,A,SI 664,No
Winter 2023,95492139,042091,FA 2022,SI,618,001,Regular,Lecture,Data Man & Analysis,3.00,A,SI 618,No
Winter 2023,95492139,042104,FA 2021,SI,501,001,Regular,Lecture,Contextual Inq,3.00,A+,SI 501,No
Winter 2023,95492139,044772,FA 2021,SI,582,003,Regular,Lecture,Intro Interac Design,3.00,A+,SI 582,No
Winter 2023,95492139,047901,WN 2023,SI,699,003,Regular,Lecture,MSI Mastery Courses,3.00,A,SI 699,No
Winter 2023,95492139,048486,WN 2022,SI,659,001,Regular,Lecture,AR/VR Advanced,3.00,A,SI 659,No
Winter 2023,95492139,048487,FA 2021,SI,669,001,Regular,Lecture,Dev Mobile Exp,3.00,A+,SI 669,No
Winter 2023,95492139,050136,WN 2022,UARTS,560,116,Regular,Laboratory,Grad ArtsEng Proj,2.00,A,UARTS 560,Yes
Winter 2023,95492139,050136,FA 2022,UARTS,560,116,Regular,Laboratory,Grad ArtsEng Proj,2.00,A,UARTS 560,Yes
Winter 2023,95492139,050159,FA 2021,SI,579,001,Regular,Lecture,Bldg Interactive App,3.00,A+,SI 579,No
Winter 2023,95574475,017075,FA 2021,ELI,534,001,Regular,Lecture,Dis&Oral Argumentn,1.00,S,ELI 534,Yes
Winter 2023,95574475,017281,FA 2021,SI,588,001,Regular,Lecture,Fundamntls Hum Beh,3.00,A,SI 588,No
Winter 2023,95574475,020401,WN 2022,SI,622,003,Regular,Lecture,Usab Eval & Needs,4.00,A-,SI 622,No
Winter 2023,95574475,021400,FA 2021,SI,520,002,Regular,Lecture,Graphic Design,3.00,A,SI 520,No
Winter 2023,95574475,039081,WN 2022,SI,529,001,Regular,Lecture,Online Communities,3.00,B+,SI 529,No
Winter 2023,95574475,039178,WN 2022,SI,539,001,Regular,Lecture,Web Design,3.00,A,SI 539,No
Winter 2023,95574475,040667,WN 2022,SI,681,001,Regular,Seminar,Intern/Field Seminar,6.00,S,SI 681,No
Winter 2023,95574475,041935,WN 2022,SI,530,001,Regular,Lecture,Prin in Management,3.00,B+,SI 530,No
Winter 2023,95574475,042104,FA 2021,SI,501,002,Regular,Lecture,Contextual Inq,3.00,A,SI 501,No
Winter 2023,95574475,044772,FA 2021,SI,582,003,Regular,Lecture,Intro Interac Design,3.00,A,SI 582,No
Winter 2023,95574475,045393,FA 2022,SI,552,001,Regular,Lecture,Accessibility Intro,3.00,A-,SI 552,No
Winter 2023,95574475,045771,FA 2022,SI,684,001,Regular,Seminar,Design ConsHlth Tech,3.00,A+,SI 684,No
Winter 2023,95574475,047842,FA 2022,ARTSADMN,521,001,Regular,Lecture,DIY Marketing,1.00,A,ARTSADMN 521,Yes
Winter 2023,95574475,047901,WN 2023,SI,699,301,Regular,Lecture,MSI Mastery Courses,3.00,A+,SI 699,No
Winter 2023,95574475,048129,WN 2022,SI,505,001,First 7 Wk,Lecture,Career/Intern Studio,1.00,S,SI 505,No
Winter 2023,95574475,048421,FA 2022,ENTR,560,001,Regular,Lecture,Proj Mgmt Consulting,3.00,A,ENTR 560,Yes
Winter 2023,95574475,048488,FA 2022,SI,559,001,Regular,Lecture,AR/VR Intro,3.00,A-,SI 559,No
Winter 2023,95733363,001459,FA 2022,SI,690,410,Regular,Seminar,Intern/Field Exper,2.00,S,SI 690,No
Winter 2023,95733363,001459,WN 2023,SI,690,001,Regular,Seminar,Intern/Field Exper,1.00,S,SI 690,No
Winter 2023,95733363,017281,FA 2022,SI,588,001,Regular,Lecture,Fundamntls Hum Beh,3.00,A,SI 588,No
Winter 2023,95733363,020401,WN 2022,SI,622,003,Regular,Lecture,Usab Eval & Needs,4.00,A,SI 622,No
Winter 2023,95733363,021400,FA 2021,SI,520,001,Regular,Lecture,Graphic Design,3.00,A-,SI 520,No
Winter 2023,95733363,022099,WN 2022,SI,658,001,Regular,Lecture,Info Architecture,3.00,A+,SI 658,No
Winter 2023,95733363,039178,WN 2022,SI,539,001,Regular,Lecture,Web Design,3.00,A,SI 539,No
Winter 2023,95733363,040667,WN 2022,SI,681,001,Regular,Seminar,Intern/Field Seminar,6.00,S,SI 681,No
Winter 2023,95733363,042104,FA 2021,SI,501,001,Regular,Lecture,Contextual Inq,3.00,A,SI 501,No
Winter 2023,95733363,043863,WN 2022,SI,612,001,Regular,Lecture,Pervasv Interact Des,3.00,A,SI 612,No
Winter 2023,95733363,044772,FA 2021,SI,582,002,Regular,Lecture,Intro Interac Design,3.00,A,SI 582,No
Winter 2023,95733363,044798,FA 2022,ENTR,599,410,Regular,Lecture,Spec Topics Entr,2.00,A,ENTR 599,Yes
Winter 2023,95733363,047228,FA 2022,ENTR,500,002,Regular,Lecture,Intro to Innovation,3.00,A,ENTR 500,Yes
Winter 2023,95733363,047246,FA 2021,SI,506,001,Regular,Lecture,Programming I,3.00,A,SI 506,No
Winter 2023,95733363,047304,WN 2023,ENTR,550,002,Regular,Lecture,Interpersonal Skills,3.00,A,ENTR 550,Yes
Winter 2023,95733363,047901,WN 2023,SI,699,301,Regular,Lecture,MSI Mastery Courses,3.00,A+,SI 699,No
Winter 2023,96792552,002865,WN 2023,VOICE,111,001,Regular,Recitation,Performance,2.00,A,VOICE 111,Yes
Winter 2023,96792552,006578,WN 2023,GUITAR,111,001,Regular,Recitation,Intro Guitar,2.00,A+,GUITAR 111,Yes
Winter 2023,96792552,009732,FA 2021,SI,650,001,Regular,Lecture,Informatn Retrieval,3.00,A,SI 650,No
Winter 2023,96792552,012194,FA 2022,EECS,589,001,Regular,Lecture,Adv Comp Net,4.00,W,EECS 589,Yes
Winter 2023,96792552,012840,WN 2023,EECS,557,001,Regular,Lecture,Communication Net,3.00,A-,EECS 557,Yes
Winter 2023,96792552,012844,WN 2022,EECS,586,001,Regular,Lecture,Algorithms,4.00,A,EECS 586,Yes
Winter 2023,96792552,014748,WN 2022,EECS,545,002,Regular,Lecture,Machine Learn (CSE),3.00,A-,EECS 545,Yes
Winter 2023,96792552,021391,WN 2022,SI,511,630,Regular,Laboratory,Special Topics,1.00,A,SI 511,No
Winter 2023,96792552,039178,FA 2022,SI,539,001,Regular,Lecture,Web Design,3.00,A-,SI 539,No
Winter 2023,96792552,040667,WN 2022,SI,681,001,Regular,Seminar,Intern/Field Seminar,6.00,S,SI 681,No
Winter 2023,96792552,041262,WN 2023,EECS,490,001,Regular,Lecture,Prog Lang,4.00,W,EECS 490,Yes
Winter 2023,96792552,041626,FA 2021,SI,664,001,Regular,Lecture,Database App Design,3.00,A,SI 664,No
Winter 2023,96792552,041934,FA 2022,SI,608,001,Regular,Lecture,Networks,3.00,A-,SI 608,No
Winter 2023,96792552,042091,FA 2021,SI,618,001,Regular,Lecture,Data Man & Analysis,3.00,A,SI 618,No
Winter 2023,96792552,042104,FA 2021,SI,501,001,Regular,Lecture,Contextual Inq,3.00,A,SI 501,No
Winter 2023,96792552,045930,FA 2022,SI,671,001,Regular,Lecture,Data Mining,3.00,A,SI 671,No
Winter 2023,96792552,047901,WN 2023,SI,699,005,Regular,Lecture,MSI Mastery Courses,3.00,A+,SI 699,No
Winter 2023,96792552,048268,WN 2022,SI,630,001,Regular,Lecture,NLP Algorithm People,3.00,A,SI 630,No
Winter 2023,96792552,049601,FA 2021,SI,564,001,Regular,Lecture,SQL & Databases,1.50,A,SI 564,No
Winter 2023,96792552,050159,FA 2022,SI,579,001,Regular,Lecture,Bldg Interactive App,3.00,A,SI 579,No
Winter 2023,96792552,050164,FA 2021,SI,504,001,Regular,Lecture,"Servers, Shell,&Git",1.50,A,SI 504,No
Winter 2023,96792552,050663,WN 2022,SI,568,001,Regular,Lecture,Intro Appld Data Sci,3.00,A,SI 568,No
Winter 2023,96872198,006306,FA 2021,DATASCI,500,002,Regular,Lecture,Stat Learn I:Regress,3.00,B+,DATASCI 500,Yes
Winter 2023,96872198,009080,WN 2023,DATASCI,501,001,Regular,Lecture,Applied Stat II,3.00,B+,DATASCI 501,Yes
Winter 2023,96872198,012198,FA 2022,SI,561,001,Regular,Lecture,Nat Lang Proc,3.00,W,SI 561,No
Winter 2023,96872198,016607,FA 2021,SI,544,001,Regular,Lecture,Intr Stat&Data Analy,3.00,A+,SI 544,No
Winter 2023,96872198,020934,WN 2022,SI,649,001,Regular,Lecture,Info Visualization,3.00,A,SI 649,No
Winter 2023,96872198,040667,WN 2022,SI,681,001,Regular,Seminar,Intern/Field Seminar,6.00,S,SI 681,No
Winter 2023,96872198,041957,WN 2022,ENGR,599,222,Regular,Lecture,Spec Topics Engr,2.00,A,ENGR 599,Yes
Winter 2023,96872198,041957,FA 2022,ENGR,599,222,Regular,Lecture,Spec Topics Engr,2.00,A-,ENGR 599,Yes
Winter 2023,96872198,042091,WN 2022,SI,618,001,Regular,Lecture,Data Man & Analysis,3.00,A,SI 618,No
Winter 2023,96872198,045930,FA 2022,SI,671,001,Regular,Lecture,Data Mining,3.00,B+,SI 671,No
Winter 2023,96872198,047246,FA 2021,SI,506,001,Regular,Lecture,Programming I,3.00,A,SI 506,No
Winter 2023,96872198,047640,WN 2022,SI,507,001,Regular,Lecture,Inter Programming,3.00,A,SI 507,No
Winter 2023,96872198,047901,WN 2023,SI,699,205,Regular,Lecture,MSI Mastery Courses,3.00,A,SI 699,No
Winter 2023,96872198,048500,FA 2022,SI,670,001,Regular,Lecture,Appld Machine Learng,3.00,A-,SI 670,No
Winter 2023,96872198,049601,FA 2021,SI,564,001,Regular,Lecture,SQL & Databases,1.50,A,SI 564,No
Winter 2023,96872198,050162,WN 2023,SI,510,001,Regular,Lecture,Information Ethics,3.00,A,SI 510,No
Winter 2023,96872198,050164,FA 2021,SI,504,001,Regular,Lecture,"Servers, Shell,&Git",1.50,A,SI 504,No
Winter 2023,96872198,050663,WN 2022,SI,568,001,Regular,Lecture,Intro Appld Data Sci,3.00,A,SI 568,No
Winter 2023,96962348,001459,WN 2023,SI,690,001,Regular,Seminar,Intern/Field Exper,3.00,S,SI 690,No
Winter 2023,96962348,015902,WN 2023,ELI,601,001,Regular,Lecture,Speak in Res,2.00,S,ELI 601,Yes
Winter 2023,96962348,017281,FA 2021,SI,588,001,Regular,Lecture,Fundamntls Hum Beh,3.00,A+,SI 588,No
Winter 2023,96962348,017533,FA 2022,MO,512,002,First 7 Wk,Recitation,Bargain&Infl Skills,2.25,A-,MO 512,Yes
Winter 2023,96962348,020401,WN 2022,SI,622,001,Regular,Lecture,Usab Eval & Needs,4.00,A+,SI 622,No
Winter 2023,96962348,021400,WN 2022,SI,520,002,Regular,Lecture,Graphic Design,3.00,A,SI 520,No
Winter 2023,96962348,039178,WN 2022,SI,539,001,Regular,Lecture,Web Design,3.00,A,SI 539,No
Winter 2023,96962348,040667,WN 2022,SI,681,001,Regular,Seminar,Intern/Field Seminar,6.00,S,SI 681,No
Winter 2023,96962348,041855,FA 2022,SI,631,001,Regular,Lecture,Agile Softwar Dev,1.50,A,SI 631,No
Winter 2023,96962348,042104,FA 2021,SI,501,001,Regular,Lecture,Contextual Inq,3.00,A,SI 501,No
Winter 2023,96962348,044772,FA 2021,SI,582,003,Regular,Lecture,Intro Interac Design,3.00,A,SI 582,No
Winter 2023,96962348,045393,FA 2022,SI,552,001,Regular,Lecture,Accessibility Intro,3.00,A,SI 552,No
Winter 2023,96962348,045771,FA 2022,SI,684,001,Regular,Seminar,Design ConsHlth Tech,3.00,A,SI 684,No
Winter 2023,96962348,046306,FA 2022,SI,616,001,Regular,Lecture,Adv Graphic Design,3.00,A-,SI 616,No
Winter 2023,96962348,047246,FA 2021,SI,506,001,Regular,Lecture,Programming I,3.00,A,SI 506,No
Winter 2023,96962348,047901,WN 2023,SI,699,201,Regular,Lecture,MSI Mastery Courses,3.00,A-,SI 699,No
Winter 2023,96962348,048129,WN 2022,SI,505,001,First 7 Wk,Lecture,Career/Intern Studio,1.00,S,SI 505,No
Winter 2023,96962348,049601,WN 2023,SI,564,001,Regular,Lecture,SQL & Databases,1.50,W,SI 564,No
Winter 2023,97263073,001602,WN 2023,ECON,101,200,Regular,Lecture,Principle Econ I,4.00,B-,ECON 101,Yes
Winter 2023,97263073,009732,FA 2021,SI,650,001,Regular,Lecture,Informatn Retrieval,3.00,A+,SI 650,No
Winter 2023,97263073,014748,WN 2022,EECS,545,002,Regular,Lecture,Machine Learn (CSE),3.00,B+,EECS 545,Yes
Winter 2023,97263073,016141,FA 2022,EECS,587,001,Regular,Lecture,Parallel Computing,4.00,A,EECS 587,Yes
Winter 2023,97263073,020180,FA 2022,SI,646,001,First 7 Wk,Lecture,Info Economics,1.50,A,SI 646,No
Winter 2023,97263073,020934,FA 2022,SI,649,001,Regular,Lecture,Info Visualization,3.00,A,SI 649,No
Winter 2023,97263073,021033,WN 2023,SI,652,001,Regular,Lecture,Incentive&Strategic,3.00,B-,SI 652,No
Winter 2023,97263073,039178,FA 2021,SI,539,001,Regular,Lecture,Web Design,3.00,B+,SI 539,No
Winter 2023,97263073,040667,WN 2022,SI,681,001,Regular,Seminar,Intern/Field Seminar,6.00,S,SI 681,No
Winter 2023,97263073,041626,WN 2022,SI,664,001,Regular,Lecture,Database App Design,3.00,A,SI 664,No
Winter 2023,97263073,042091,FA 2021,SI,618,001,Regular,Lecture,Data Man & Analysis,3.00,A,SI 618,No
Winter 2023,97263073,042104,FA 2021,SI,501,002,Regular,Lecture,Contextual Inq,3.00,A,SI 501,No
Winter 2023,97263073,045930,FA 2022,SI,671,001,Regular,Lecture,Data Mining,3.00,A-,SI 671,No
Winter 2023,97263073,047901,WN 2023,SI,699,005,Regular,Lecture,MSI Mastery Courses,3.00,A+,SI 699,No
Winter 2023,97263073,048147,WN 2023,BA,657,001,Regular,Laboratory,LBLE,3.00,A,BA 657,Yes
Winter 2023,97263073,048268,WN 2022,SI,630,001,Regular,Lecture,NLP Algorithm People,3.00,A-,SI 630,No
Winter 2023,97263073,049218,FA 2021,EECS,505,001,Regular,Lecture,Comp DS & ML,4.00,A,EECS 505,Yes
Winter 2023,97263073,049601,WN 2022,SI,564,001,Regular,Lecture,SQL & Databases,1.50,A,SI 564,No
Winter 2023,97263073,050083,WN 2022,EECS,559,001,Regular,Lecture,Optim in Sig Pro ML,3.00,A-,EECS 559,Yes
Winter 2023,97263073,050663,WN 2022,SI,568,001,Regular,Lecture,Intro Appld Data Sci,3.00,B,SI 568,No
Winter 2023,97420574,001459,WN 2023,SI,690,001,Regular,Seminar,Intern/Field Exper,6.00,S,SI 690,No
Winter 2023,97420574,004322,WN 2023,EECS,470,001,Regular,Lecture,Computer Architec,4.00,B+,EECS 470,Yes
Winter 2023,97420574,009732,FA 2021,SI,650,001,Regular,Lecture,Informatn Retrieval,3.00,A+,SI 650,No
Winter 2023,97420574,016607,FA 2021,SI,544,001,Regular,Lecture,Intr Stat&Data Analy,3.00,A+,SI 544,No
Winter 2023,97420574,020371,WN 2022,EECS,494,002,Regular,Lecture,Comp Game Design,4.00,A+,EECS 494,Yes
Winter 2023,97420574,020934,FA 2021,SI,649,001,Regular,Lecture,Info Visualization,3.00,A,SI 649,No
Winter 2023,97420574,039178,FA 2022,SI,539,001,Regular,Lecture,Web Design,3.00,A+,SI 539,No
Winter 2023,97420574,041626,FA 2021,SI,664,001,Regular,Lecture,Database App Design,3.00,A,SI 664,No
Winter 2023,97420574,041934,FA 2022,SI,608,001,Regular,Lecture,Networks,3.00,B+,SI 608,No
Winter 2023,97420574,042091,WN 2022,SI,618,001,Regular,Lecture,Data Man & Analysis,3.00,A-,SI 618,No
Winter 2023,97420574,042104,FA 2021,SI,501,001,Regular,Lecture,Contextual Inq,3.00,A,SI 501,No
Winter 2023,97420574,045930,FA 2022,SI,671,001,Regular,Lecture,Data Mining,3.00,A,SI 671,No
Winter 2023,97420574,047901,WN 2023,SI,699,005,Regular,Lecture,MSI Mastery Courses,3.00,A+,SI 699,No
Winter 2023,97420574,048268,WN 2022,SI,630,001,Regular,Lecture,NLP Algorithm People,3.00,A,SI 630,No
Winter 2023,97420574,048500,FA 2022,SI,670,001,Regular,Lecture,Appld Machine Learng,3.00,A,SI 670,No
Winter 2023,97420574,049601,FA 2021,SI,564,001,Regular,Lecture,SQL & Databases,1.50,A,SI 564,No
Winter 2023,97420574,050663,WN 2022,SI,568,001,Regular,Lecture,Intro Appld Data Sci,3.00,A,SI 568,No
Winter 2023,97538663,001459,FA 2022,SI,690,390,Regular,Seminar,Intern/Field Exper,6.00,S,SI 690,No
Winter 2023,97538663,012456,FA 2022,SI,549,001,Regular,Seminar,Trfrm Lrng Tchg Tech,3.00,S,SI 549,No
Winter 2023,97538663,014683,WN 2023,EDUC,737,001,Regular,Seminar,Topics Educ Studies,2.00,P,EDUC 737,Yes
Winter 2023,97538663,022099,WN 2023,SI,658,001,Regular,Lecture,Info Architecture,3.00,A,SI 658,No
Winter 2023,97538663,038659,FA 2022,SI,519,001,Regular,Seminar,Intel Prop&Info Law,3.00,A,SI 519,No
Winter 2023,97538663,041507,FA 2022,SI,686,001,Scnd 7 Wk,Lecture,User-Gen Content,1.50,A,SI 686,No
Winter 2023,97538663,041985,FA 2022,SI,542,001,Regular,Lecture,Intro Health Infor,3.00,A+,SI 542,No
Winter 2023,97538663,045393,FA 2022,SI,552,001,Regular,Lecture,Accessibility Intro,3.00,A+,SI 552,No
Winter 2023,97538663,045732,WN 2023,SI,554,001,Regular,Lecture,Consumer Hlth Inform,3.00,A,SI 554,No
Winter 2023,97538663,047901,WN 2023,SI,699,301,Regular,Lecture,MSI Mastery Courses,3.00,A+,SI 699,No
Winter 2023,97538663,049601,FA 2022,SI,564,001,Regular,Lecture,SQL & Databases,1.50,A,SI 564,No
Winter 2023,97545140,001459,FA 2022,SI,690,410,Regular,Seminar,Intern/Field Exper,6.00,S,SI 690,No
Winter 2023,97545140,020803,WN 2023,SI,643,001,Regular,Lecture,Instructional Skills,3.00,A+,SI 643,No
Winter 2023,97545140,020934,WN 2023,SI,649,002,Regular,Lecture,Info Visualization,3.00,A-,SI 649,No
Winter 2023,97545140,042071,FA 2022,SI,563,001,Regular,Lecture,Game Theory,3.00,A,SI 563,No
Winter 2023,97545140,042091,FA 2022,SI,618,001,Regular,Lecture,Data Man & Analysis,3.00,B+,SI 618,No
Winter 2023,97545140,043863,FA 2022,SI,612,002,Regular,Lecture,Pervasv Interact Des,3.00,A,SI 612,No
Winter 2023,97545140,046306,WN 2023,SI,616,001,Regular,Lecture,Adv Graphic Design,3.00,A-,SI 616,No
Winter 2023,97545140,047901,WN 2023,SI,699,401,Regular,Lecture,MSI Mastery Courses,3.00,A,SI 699,No
Winter 2023,97545140,048488,FA 2022,SI,559,001,Regular,Lecture,AR/VR Intro,3.00,A,SI 559,No
Winter 2023,97763533,001459,WN 2023,SI,690,001,Regular,Seminar,Intern/Field Exper,3.00,S,SI 690,No
Winter 2023,97763533,009732,FA 2022,SI,650,001,Regular,Lecture,Informatn Retrieval,3.00,A+,SI 650,No
Winter 2023,97763533,039178,FA 2021,SI,539,001,Regular,Lecture,Web Design,3.00,A,SI 539,No
Winter 2023,97763533,040667,WN 2022,SI,681,001,Regular,Seminar,Intern/Field Seminar,6.00,S,SI 681,No
Winter 2023,97763533,041626,WN 2022,SI,664,001,Regular,Lecture,Database App Design,3.00,A,SI 664,No
Winter 2023,97763533,042091,FA 2021,SI,618,001,Regular,Lecture,Data Man & Analysis,3.00,A,SI 618,No
Winter 2023,97763533,042104,FA 2021,SI,501,001,Regular,Lecture,Contextual Inq,3.00,A,SI 501,No
Winter 2023,97763533,045930,FA 2022,SI,671,001,Regular,Lecture,Data Mining,3.00,A-,SI 671,No
Winter 2023,97763533,047640,FA 2021,SI,507,001,Regular,Lecture,Inter Programming,3.00,A,SI 507,No
Winter 2023,97763533,047901,WN 2023,SI,699,005,Regular,Lecture,MSI Mastery Courses,3.00,A+,SI 699,No
Winter 2023,97763533,048129,WN 2022,SI,505,001,First 7 Wk,Lecture,Career/Intern Studio,1.00,S,SI 505,No
Winter 2023,97763533,048487,FA 2022,SI,669,001,Regular,Lecture,Dev Mobile Exp,3.00,A+,SI 669,No
Winter 2023,97763533,048500,FA 2022,SI,670,001,Regular,Lecture,Appld Machine Learng,3.00,B+,SI 670,No
Winter 2023,97763533,048539,WN 2023,EECS,409,001,Regular,Seminar,Data Science Sem,1.00,S,EECS 409,Yes
Winter 2023,97763533,049601,FA 2021,SI,564,001,Regular,Lecture,SQL & Databases,1.50,A,SI 564,No
Winter 2023,97763533,050159,WN 2022,SI,579,001,Regular,Lecture,Bldg Interactive App,3.00,A,SI 579,No
Winter 2023,97763533,050663,WN 2022,SI,568,001,Regular,Lecture,Intro Appld Data Sci,3.00,A,SI 568,No
Winter 2023,97920622,001518,WN 2022,ANTHRARC,497,001,Regular,Lecture,Museum Anthropology,3.00,A-,ANTHRARC 497,Yes
Winter 2023,97920622,009731,FA 2021,SI,580,001,Regular,Lecture,Records & Archives,3.00,A+,SI 580,No
Winter 2023,97920622,021045,FA 2021,SI,666,001,Regular,Lecture,Org of Inf Resources,3.00,B,SI 666,No
Winter 2023,97920622,038948,FA 2022,SI,632,001,Regular,Lecture,Appraisal & Coll Dev,3.00,A-,SI 632,No
Winter 2023,97920622,039979,WN 2022,SI,623,001,Regular,Seminar,Res Meth Info Prof,3.00,B,SI 623,No
Winter 2023,97920622,040667,WN 2022,SI,681,001,Regular,Seminar,Intern/Field Seminar,6.00,S,SI 681,No
Winter 2023,97920622,041935,WN 2022,SI,530,001,Regular,Lecture,Prin in Management,3.00,A-,SI 530,No
Winter 2023,97920622,042104,FA 2021,SI,501,001,Regular,Lecture,Contextual Inq,3.00,A,SI 501,No
Winter 2023,97920622,042505,WN 2022,HISTORY,594,002,Regular,Seminar,Topics in History,3.00,A,HISTORY 594,Yes
Winter 2023,97920622,047246,FA 2021,SI,506,001,Regular,Lecture,Programming I,3.00,C,SI 506,No
Winter 2023,97920622,047901,WN 2023,SI,699,028,Regular,Lecture,MSI Mastery Courses,3.00,B,SI 699,No
Winter 2023,97920622,048280,WN 2022,SI,667,001,Regular,Lecture,Digital Curation,3.00,A,SI 667,No
Winter 2023,97920622,050028,FA 2022,SI,583,001,Regular,Lecture,Info Accountability,3.00,A-,SI 583,No
Winter 2023,97920622,050161,FA 2022,SI,676,001,Regular,Lecture,Network Info Servcs,3.00,C,SI 676,No
Winter 2023,97920622,050162,WN 2023,SI,510,001,Regular,Lecture,Information Ethics,3.00,B-,SI 510,No
Winter 2023,97920622,050163,FA 2022,SI,633,001,Regular,Lecture,Assesmnt Cultrl Inst,3.00,A,SI 633,No
Winter 2023,97920622,050164,FA 2022,SI,504,001,Regular,Lecture,"Servers, Shell,&Git",1.50,W,SI 504,No
Winter 2023,97920622,050164,WN 2023,SI,504,001,Regular,Lecture,"Servers, Shell,&Git",1.50,D+,SI 504,No
Winter 2023,97920622,050165,WN 2023,SI,585,001,Regular,Lecture,Scholarly Comm,3.00,C-,SI 585,No
Winter 2023,98260688,001459,FA 2022,SI,690,410,Regular,Seminar,Intern/Field Exper,4.00,S,SI 690,No
Winter 2023,98260688,012200,WN 2023,EECS,599,214,Regular,Ind Study,Directed Study,4.00,S,EECS 599,Yes
Winter 2023,98260688,017281,FA 2022,SI,588,001,Regular,Lecture,Fundamntls Hum Beh,3.00,B+,SI 588,No
Winter 2023,98260688,020401,WN 2022,SI,622,003,Regular,Lecture,Usab Eval & Needs,4.00,A,SI 622,No
Winter 2023,98260688,020803,WN 2023,SI,643,001,Regular,Lecture,Instructional Skills,3.00,A-,SI 643,No
Winter 2023,98260688,021400,WN 2022,SI,520,002,Regular,Lecture,Graphic Design,3.00,A-,SI 520,No
Winter 2023,98260688,039178,WN 2022,SI,539,001,Regular,Lecture,Web Design,3.00,A,SI 539,No
Winter 2023,98260688,040667,WN 2022,SI,681,001,Regular,Seminar,Intern/Field Seminar,4.00,S,SI 681,No
Winter 2023,98260688,041626,WN 2023,SI,664,001,Regular,Lecture,Database App Design,3.00,A,SI 664,No
Winter 2023,98260688,042104,FA 2021,SI,501,002,Regular,Lecture,Contextual Inq,3.00,A-,SI 501,No
Winter 2023,98260688,043863,FA 2022,SI,612,002,Regular,Lecture,Pervasv Interact Des,3.00,A,SI 612,No
Winter 2023,98260688,044772,FA 2021,SI,582,001,Regular,Lecture,Intro Interac Design,3.00,A,SI 582,No
Winter 2023,98260688,047626,WN 2023,BIOINF,524,001,Regular,Lecture,Found BIOINF,3.00,A,BIOINF 524,Yes
Winter 2023,98260688,047640,FA 2021,SI,507,001,Regular,Lecture,Inter Programming,3.00,A,SI 507,No
Winter 2023,98260688,047901,WN 2023,SI,699,301,Regular,Lecture,MSI Mastery Courses,3.00,A+,SI 699,No
Winter 2023,98260688,049601,FA 2022,SI,564,001,Regular,Lecture,SQL & Databases,1.50,A-,SI 564,No
Winter 2023,98260688,050164,FA 2022,SI,504,001,Regular,Lecture,"Servers, Shell,&Git",1.50,A,SI 504,No
Winter 2023,98683585,001459,FA 2022,SI,690,410,Regular,Seminar,Intern/Field Exper,6.00,S,SI 690,No
Winter 2023,98683585,001459,WN 2023,SI,690,001,Regular,Seminar,Intern/Field Exper,3.00,S,SI 690,No
Winter 2023,98683585,016607,FA 2023,SI,544,001,Regular,Lecture,Intr Stat&Data Analy,3.00,A+,SI 544,No
Winter 2023,98683585,017281,FA 2021,SI,588,001,Regular,Lecture,Fundamntls Hum Beh,3.00,A,SI 588,No
Winter 2023,98683585,020401,WN 2022,SI,622,001,Regular,Lecture,Usab Eval & Needs,4.00,A,SI 622,No
Winter 2023,98683585,020934,FA 2023,SI,649,101,Regular,Lecture,Info Visualization,3.00,A,SI 649,No
Winter 2023,98683585,021400,FA 2022,SI,520,002,Regular,Lecture,Graphic Design,3.00,A,SI 520,No
Winter 2023,98683585,039081,FA 2023,SI,529,001,Regular,Lecture,Online Communities,3.00,A,SI 529,No
Winter 2023,98683585,039178,WN 2022,SI,539,001,Regular,Lecture,Web Design,3.00,A,SI 539,No
Winter 2023,98683585,043863,FA 2022,SI,612,002,Regular,Lecture,Pervasv Interact Des,3.00,A,SI 612,No
Winter 2023,98683585,044772,FA 2021,SI,582,003,Regular,Lecture,Intro Interac Design,3.00,A+,SI 582,No
Winter 2023,98683585,044798,FA 2022,ENTR,599,410,Regular,Lecture,Spec Topics Entr,2.00,A,ENTR 599,Yes
Winter 2023,98683585,045687,WN 2023,SI,538,001,Regular,Seminar,Citizen Inter Design,4.00,A,SI 538,No
Winter 2023,98683585,047901,WN 2023,SI,699,001,Regular,Lecture,MSI Mastery Courses,3.00,A,SI 699,No
Winter 2023,98683585,048488,FA 2023,SI,559,002,Regular,Lecture,AR/VR Intro,3.00,A,SI 559,No
Winter 2023,98683585,049601,WN 2023,SI,564,001,Regular,Lecture,SQL & Databases,1.50,A,SI 564,No
Winter 2023,98779944,012085,FA 2022,MKT,613,001,Scnd 7 Wk,Recitation,Consumer Behavior,1.50,S,MKT 613,Yes
Winter 2023,98779944,017281,FA 2022,SI,588,002,Regular,Lecture,Fundamntls Hum Beh,3.00,A,SI 588,No
Winter 2023,98779944,020401,WN 2022,SI,622,003,Regular,Lecture,Usab Eval & Needs,4.00,A,SI 622,No
Winter 2023,98779944,021400,FA 2021,SI,520,002,Regular,Lecture,Graphic Design,3.00,A,SI 520,No
Winter 2023,98779944,039178,FA 2021,SI,539,001,Regular,Lecture,Web Design,3.00,A,SI 539,No
Winter 2023,98779944,040667,WN 2022,SI,681,001,Regular,Seminar,Intern/Field Seminar,6.00,S,SI 681,No
Winter 2023,98779944,041935,WN 2022,SI,530,001,Regular,Lecture,Prin in Management,3.00,A-,SI 530,No
Winter 2023,98779944,042104,FA 2021,SI,501,001,Regular,Lecture,Contextual Inq,3.00,A,SI 501,No
Winter 2023,98779944,043863,WN 2022,SI,612,001,Regular,Lecture,Pervasv Interact Des,3.00,A,SI 612,No
Winter 2023,98779944,044772,FA 2021,SI,582,001,Regular,Lecture,Intro Interac Design,3.00,A+,SI 582,No
Winter 2023,98779944,045393,FA 2022,SI,552,001,Regular,Lecture,Accessibility Intro,3.00,A,SI 552,No
Winter 2023,98779944,046306,WN 2022,SI,616,001,Regular,Lecture,Adv Graphic Design,3.00,A,SI 616,No
Winter 2023,98779944,047228,FA 2022,ENTR,500,002,Regular,Lecture,Intro to Innovation,3.00,A,ENTR 500,Yes
Winter 2023,98779944,047640,FA 2021,SI,507,001,Regular,Lecture,Inter Programming,3.00,W,SI 507,No
Winter 2023,98779944,047901,WN 2023,SI,699,001,Regular,Lecture,MSI Mastery Courses,3.00,A+,SI 699,No
Winter 2023,98779944,048129,WN 2022,SI,505,001,First 7 Wk,Lecture,Career/Intern Studio,1.00,S,SI 505,No
Winter 2023,98779944,048488,FA 2022,SI,559,001,Regular,Lecture,AR/VR Intro,3.00,A,SI 559,No